2026-09-23 17:57:34,864 INFO    start (status is pending)
2026-09-23 17:57:35,225 INFO    running OpenPose (model=BODY_25, hands=True, face=True, gpu=0)

$ /opt/openpose/build/examples/openpose/openpose.bin --video /data/home/raulagent/miscosas/repos/storytel-pipeline/data/input_videos/pipeline_demo_ntsc.mov --model_folder /opt/openpose/models --write_json /data/home/raulagent/miscosas/repos/storytel-pipeline/data/processed/pipeline_demo_ntsc/pose/raw --num_gpu 1 --num_gpu_start 0 --display 0 --render_pose 0 --disable_multi_thread --model_pose BODY_25 --hand --face --logtostderr --alsologtostderr
(cwd=/data/home/raulagent/miscosas/repos/storytel-pipeline/data/processed/pipeline_demo_ntsc)
Starting OpenPose demo...
Configuring OpenPose...
Starting thread(s)...
I0923 17:57:35.504827 2173940 upgrade_proto.cpp:69] Attempting to upgrade input file specified using deprecated input fields: /opt/openpose/models/pose/body_25/pose_deploy.prototxt
I0923 17:57:35.504884 2173940 upgrade_proto.cpp:72] Successfully upgraded file specified using deprecated input fields.
W0923 17:57:35.504886 2173940 upgrade_proto.cpp:74] Note that future Caffe releases will only support input layers and not input fields.
I0923 17:57:35.505095 2173940 net.cpp:53] Initializing net from parameters: 
name: "OpenPose - BODY_25"
state {
  phase: TEST
  level: 0
}
layer {
  name: "input"
  type: "Input"
  top: "image"
  input_param {
    shape {
      dim: 1
      dim: 3
      dim: 16
      dim: 16
    }
  }
}
layer {
  name: "conv1_1"
  type: "Convolution"
  bottom: "image"
  top: "conv1_1"
  convolution_param {
    num_output: 64
    pad: 1
    kernel_size: 3
  }
}
layer {
  name: "relu1_1"
  type: "ReLU"
  bottom: "conv1_1"
  top: "conv1_1"
}
layer {
  name: "conv1_2"
  type: "Convolution"
  bottom: "conv1_1"
  top: "conv1_2"
  convolution_param {
    num_output: 64
    pad: 1
    kernel_size: 3
  }
}
layer {
  name: "relu1_2"
  type: "ReLU"
  bottom: "conv1_2"
  top: "conv1_2"
}
layer {
  name: "pool1_stage1"
  type: "Pooling"
  bottom: "conv1_2"
  top: "pool1_stage1"
  pooling_param {
    pool: MAX
    kernel_size: 2
    stride: 2
  }
}
layer {
  name: "conv2_1"
  type: "Convolution"
  bottom: "pool1_stage1"
  top: "conv2_1"
  convolution_param {
    num_output: 128
    pad: 1
    kernel_size: 3
  }
}
layer {
  name: "relu2_1"
  type: "ReLU"
  bottom: "conv2_1"
  top: "conv2_1"
}
layer {
  name: "conv2_2"
  type: "Convolution"
  bottom: "conv2_1"
  top: "conv2_2"
  convolution_param {
    num_output: 128
    pad: 1
    kernel_size: 3
  }
}
layer {
  name: "relu2_2"
  type: "ReLU"
  bottom: "conv2_2"
  top: "conv2_2"
}
layer {
  name: "pool2_stage1"
  type: "Pooling"
  bottom: "conv2_2"
  top: "pool2_stage1"
  pooling_param {
    pool: MAX
    kernel_size: 2
    stride: 2
  }
}
layer {
  name: "conv3_1"
  type: "Convolution"
  bottom: "pool2_stage1"
  top: "conv3_1"
  convolution_param {
    num_output: 256
    pad: 1
    kernel_size: 3
  }
}
layer {
  name: "relu3_1"
  type: "ReLU"
  bottom: "conv3_1"
  top: "conv3_1"
}
layer {
  name: "conv3_2"
  type: "Convolution"
  bottom: "conv3_1"
  top: "conv3_2"
  convolution_param {
    num_output: 256
    pad: 1
    kernel_size: 3
  }
}
layer {
  name: "relu3_2"
  type: "ReLU"
  bottom: "conv3_2"
  top: "conv3_2"
}
layer {
  name: "conv3_3"
  type: "Convolution"
  bottom: "conv3_2"
  top: "conv3_3"
  convolution_param {
    num_output: 256
    pad: 1
    kernel_size: 3
  }
}
layer {
  name: "relu3_3"
  type: "ReLU"
  bottom: "conv3_3"
  top: "conv3_3"
}
layer {
  name: "conv3_4"
  type: "Convolution"
  bottom: "conv3_3"
  top: "conv3_4"
  convolution_param {
    num_output: 256
    pad: 1
    kernel_size: 3
  }
}
layer {
  name: "relu3_4"
  type: "ReLU"
  bottom: "conv3_4"
  top: "conv3_4"
}
layer {
  name: "pool3_stage1"
  type: "Pooling"
  bottom: "conv3_4"
  top: "pool3_stage1"
  pooling_param {
    pool: MAX
    kernel_size: 2
    stride: 2
  }
}
layer {
  name: "conv4_1"
  type: "Convolution"
  bottom: "pool3_stage1"
  top: "conv4_1"
  convolution_param {
    num_output: 512
    pad: 1
    kernel_size: 3
  }
}
layer {
  name: "relu4_1"
  type: "ReLU"
  bottom: "conv4_1"
  top: "conv4_1"
}
layer {
  name: "conv4_2"
  type: "Convolution"
  bottom: "conv4_1"
  top: "conv4_2"
  convolution_param {
    num_output: 512
    pad: 1
    kernel_size: 3
  }
}
layer {
  name: "prelu4_2"
  type: "PReLU"
  bottom: "conv4_2"
  top: "conv4_2"
}
layer {
  name: "conv4_3_CPM"
  type: "Convolution"
  bottom: "conv4_2"
  top: "conv4_3_CPM"
  convolution_param {
    num_output: 256
    pad: 1
    kernel_size: 3
  }
}
layer {
  name: "prelu4_3_CPM"
  type: "PReLU"
  bottom: "conv4_3_CPM"
  top: "conv4_3_CPM"
}
layer {
  name: "conv4_4_CPM"
  type: "Convolution"
  bottom: "conv4_3_CPM"
  top: "conv4_4_CPM"
  convolution_param {
    num_output: 128
    pad: 1
    kernel_size: 3
  }
}
layer {
  name: "prelu4_4_CPM"
  type: "PReLU"
  bottom: "conv4_4_CPM"
  top: "conv4_4_CPM"
}
layer {
  name: "Mconv1_stage0_L2_0"
  type: "Convolution"
  bottom: "conv4_4_CPM"
  top: "Mconv1_stage0_L2_0"
  convolution_param {
    num_output: 96
    pad: 1
    kernel_size: 3
  }
}
layer {
  name: "Mprelu1_stage0_L2_0"
  type: "PReLU"
  bottom: "Mconv1_stage0_L2_0"
  top: "Mconv1_stage0_L2_0"
}
layer {
  name: "Mconv1_stage0_L2_1"
  type: "Convolution"
  bottom: "Mconv1_stage0_L2_0"
  top: "Mconv1_stage0_L2_1"
  convolution_param {
    num_output: 96
    pad: 1
    kernel_size: 3
  }
}
layer {
  name: "Mprelu1_stage0_L2_1"
  type: "PReLU"
  bottom: "Mconv1_stage0_L2_1"
  top: "Mconv1_stage0_L2_1"
}
layer {
  name: "Mconv1_stage0_L2_2"
  type: "Convolution"
  bottom: "Mconv1_stage0_L2_1"
  top: "Mconv1_stage0_L2_2"
  convolution_param {
    num_output: 96
    pad: 1
    kernel_size: 3
  }
}
layer {
  name: "Mprelu1_stage0_L2_2"
  type: "PReLU"
  bottom: "Mconv1_stage0_L2_2"
  top: "Mconv1_stage0_L2_2"
}
layer {
  name: "Mconv1_stage0_L2_concat"
  type: "Concat"
  bottom: "Mconv1_stage0_L2_0"
  bottom: "Mconv1_stage0_L2_1"
  bottom: "Mconv1_stage0_L2_2"
  top: "Mconv1_stage0_L2_concat"
  concat_param {
    axis: 1
  }
}
layer {
  name: "Mconv2_stage0_L2_0"
  type: "Convolution"
  bottom: "Mconv1_stage0_L2_concat"
  top: "Mconv2_stage0_L2_0"
  convolution_param {
    num_output: 96
    pad: 1
    kernel_size: 3
  }
}
layer {
  name: "Mprelu2_stage0_L2_0"
  type: "PReLU"
  bottom: "Mconv2_stage0_L2_0"
  top: "Mconv2_stage0_L2_0"
}
layer {
  name: "Mconv2_stage0_L2_1"
  type: "Convolution"
  bottom: "Mconv2_stage0_L2_0"
  top: "Mconv2_stage0_L2_1"
  convolution_param {
    num_output: 96
    pad: 1
    kernel_size: 3
  }
}
layer {
  name: "Mprelu2_stage0_L2_1"
  type: "PReLU"
  bottom: "Mconv2_stage0_L2_1"
  top: "Mconv2_stage0_L2_1"
}
layer {
  name: "Mconv2_stage0_L2_2"
  type: "Convolution"
  bottom: "Mconv2_stage0_L2_1"
  top: "Mconv2_stage0_L2_2"
  convolution_param {
    num_output: 96
    pad: 1
    kernel_size: 3
  }
}
layer {
  name: "Mprelu2_stage0_L2_2"
  type: "PReLU"
  bottom: "Mconv2_stage0_L2_2"
  top: "Mconv2_stage0_L2_2"
}
layer {
  name: "Mconv2_stage0_L2_concat"
  type: "Concat"
  bottom: "Mconv2_stage0_L2_0"
  bottom: "Mconv2_stage0_L2_1"
  bottom: "Mconv2_stage0_L2_2"
  top: "Mconv2_stage0_L2_concat"
  concat_param {
    axis: 1
  }
}
layer {
  name: "Mconv3_stage0_L2_0"
  type: "Convolution"
  bottom: "Mconv2_stage0_L2_concat"
  top: "Mconv3_stage0_L2_0"
  convolution_param {
    num_output: 96
    pad: 1
    kernel_size: 3
  }
}
layer {
  name: "Mprelu3_stage0_L2_0"
  type: "PReLU"
  bottom: "Mconv3_stage0_L2_0"
  top: "Mconv3_stage0_L2_0"
}
layer {
  name: "Mconv3_stage0_L2_1"
  type: "Convolution"
  bottom: "Mconv3_stage0_L2_0"
  top: "Mconv3_stage0_L2_1"
  convolution_param {
    num_output: 96
    pad: 1
    kernel_size: 3
  }
}
layer {
  name: "Mprelu3_stage0_L2_1"
  type: "PReLU"
  bottom: "Mconv3_stage0_L2_1"
  top: "Mconv3_stage0_L2_1"
}
layer {
  name: "Mconv3_stage0_L2_2"
  type: "Convolution"
  bottom: "Mconv3_stage0_L2_1"
  top: "Mconv3_stage0_L2_2"
  convolution_param {
    num_output: 96
    pad: 1
    kernel_size: 3
  }
}
layer {
  name: "Mprelu3_stage0_L2_2"
  type: "PReLU"
  bottom: "Mconv3_stage0_L2_2"
  top: "Mconv3_stage0_L2_2"
}
layer {
  name: "Mconv3_stage0_L2_concat"
  type: "Concat"
  bottom: "Mconv3_stage0_L2_0"
  bottom: "Mconv3_stage0_L2_1"
  bottom: "Mconv3_stage0_L2_2"
  top: "Mconv3_stage0_L2_concat"
  concat_param {
    axis: 1
  }
}
layer {
  name: "Mconv4_stage0_L2_0"
  type: "Convolution"
  bottom: "Mconv3_stage0_L2_concat"
  top: "Mconv4_stage0_L2_0"
  convolution_param {
    num_output: 96
    pad: 1
    kernel_size: 3
  }
}
layer {
  name: "Mprelu4_stage0_L2_0"
  type: "PReLU"
  bottom: "Mconv4_stage0_L2_0"
  top: "Mconv4_stage0_L2_0"
}
layer {
  name: "Mconv4_stage0_L2_1"
  type: "Convolution"
  bottom: "Mconv4_stage0_L2_0"
  top: "Mconv4_stage0_L2_1"
  convolution_param {
    num_output: 96
    pad: 1
    kernel_size: 3
  }
}
layer {
  name: "Mprelu4_stage0_L2_1"
  type: "PReLU"
  bottom: "Mconv4_stage0_L2_1"
  top: "Mconv4_stage0_L2_1"
}
layer {
  name: "Mconv4_stage0_L2_2"
  type: "Convolution"
  bottom: "Mconv4_stage0_L2_1"
  top: "Mconv4_stage0_L2_2"
  convolution_param {
    num_output: 96
    pad: 1
    kernel_size: 3
  }
}
layer {
  name: "Mprelu4_stage0_L2_2"
  type: "PReLU"
  bottom: "Mconv4_stage0_L2_2"
  top: "Mconv4_stage0_L2_2"
}
layer {
  name: "Mconv4_stage0_L2_concat"
  type: "Concat"
  bottom: "Mconv4_stage0_L2_0"
  bottom: "Mconv4_stage0_L2_1"
  bottom: "Mconv4_stage0_L2_2"
  top: "Mconv4_stage0_L2_concat"
  concat_param {
    axis: 1
  }
}
layer {
  name: "Mconv5_stage0_L2_0"
  type: "Convolution"
  bottom: "Mconv4_stage0_L2_concat"
  top: "Mconv5_stage0_L2_0"
  convolution_param {
    num_output: 96
    pad: 1
    kernel_size: 3
  }
}
layer {
  name: "Mprelu5_stage0_L2_0"
  type: "PReLU"
  bottom: "Mconv5_stage0_L2_0"
  top: "Mconv5_stage0_L2_0"
}
layer {
  name: "Mconv5_stage0_L2_1"
  type: "Convolution"
  bottom: "Mconv5_stage0_L2_0"
  top: "Mconv5_stage0_L2_1"
  convolution_param {
    num_output: 96
    pad: 1
    kernel_size: 3
  }
}
layer {
  name: "Mprelu5_stage0_L2_1"
  type: "PReLU"
  bottom: "Mconv5_stage0_L2_1"
  top: "Mconv5_stage0_L2_1"
}
layer {
  name: "Mconv5_stage0_L2_2"
  type: "Convolution"
  bottom: "Mconv5_stage0_L2_1"
  top: "Mconv5_stage0_L2_2"
  convolution_param {
    num_output: 96
    pad: 1
    kernel_size: 3
  }
}
layer {
  name: "Mprelu5_stage0_L2_2"
  type: "PReLU"
  bottom: "Mconv5_stage0_L2_2"
  top: "Mconv5_stage0_L2_2"
}
layer {
  name: "Mconv5_stage0_L2_concat"
  type: "Concat"
  bottom: "Mconv5_stage0_L2_0"
  bottom: "Mconv5_stage0_L2_1"
  bottom: "Mconv5_stage0_L2_2"
  top: "Mconv5_stage0_L2_concat"
  concat_param {
    axis: 1
  }
}
layer {
  name: "Mconv6_stage0_L2"
  type: "Convolution"
  bottom: "Mconv5_stage0_L2_concat"
  top: "Mconv6_stage0_L2"
  convolution_param {
    num_output: 256
    pad: 0
    kernel_size: 1
  }
}
layer {
  name: "Mprelu6_stage0_L2"
  type: "PReLU"
  bottom: "Mconv6_stage0_L2"
  top: "Mconv6_stage0_L2"
}
layer {
  name: "Mconv7_stage0_L2"
  type: "Convolution"
  bottom: "Mconv6_stage0_L2"
  top: "Mconv7_stage0_L2"
  convolution_param {
    num_output: 52
    pad: 0
    kernel_size: 1
  }
}
layer {
  name: "concat_stage1_L2"
  type: "Concat"
  bottom: "conv4_4_CPM"
  bottom: "Mconv7_stage0_L2"
  top: "concat_stage1_L2"
  concat_param {
    axis: 1
  }
}
layer {
  name: "Mconv1_stage1_L2_0"
  type: "Convolution"
  bottom: "concat_stage1_L2"
  top: "Mconv1_stage1_L2_0"
  convolution_param {
    num_output: 128
    pad: 1
    kernel_size: 3
  }
}
layer {
  name: "Mprelu1_stage1_L2_0"
  type: "PReLU"
  bottom: "Mconv1_stage1_L2_0"
  top: "Mconv1_stage1_L2_0"
}
layer {
  name: "Mconv1_stage1_L2_1"
  type: "Convolution"
  bottom: "Mconv1_stage1_L2_0"
  top: "Mconv1_stage1_L2_1"
  convolution_param {
    num_output: 128
    pad: 1
    kernel_size: 3
  }
}
layer {
  name: "Mprelu1_stage1_L2_1"
  type: "PReLU"
  bottom: "Mconv1_stage1_L2_1"
  top: "Mconv1_stage1_L2_1"
}
layer {
  name: "Mconv1_stage1_L2_2"
  type: "Convolution"
  bottom: "Mconv1_stage1_L2_1"
  top: "Mconv1_stage1_L2_2"
  convolution_param {
    num_output: 128
    pad: 1
    kernel_size: 3
  }
}
layer {
  name: "Mprelu1_stage1_L2_2"
  type: "PReLU"
  bottom: "Mconv1_stage1_L2_2"
  top: "Mconv1_stage1_L2_2"
}
layer {
  name: "Mconv1_stage1_L2_concat"
  type: "Concat"
  bottom: "Mconv1_stage1_L2_0"
  bottom: "Mconv1_stage1_L2_1"
  bottom: "Mconv1_stage1_L2_2"
  top: "Mconv1_stage1_L2_concat"
  concat_param {
    axis: 1
  }
}
layer {
  name: "Mconv2_stage1_L2_0"
  type: "Convolution"
  bottom: "Mconv1_stage1_L2_concat"
  top: "Mconv2_stage1_L2_0"
  convolution_param {
    num_output: 128
    pad: 1
    kernel_size: 3
  }
}
layer {
  name: "Mprelu2_stage1_L2_0"
  type: "PReLU"
  bottom: "Mconv2_stage1_L2_0"
  top: "Mconv2_stage1_L2_0"
}
layer {
  name: "Mconv2_stage1_L2_1"
  type: "Convolution"
  bottom: "Mconv2_stage1_L2_0"
  top: "Mconv2_stage1_L2_1"
  convolution_param {
    num_output: 128
    pad: 1
    kernel_size: 3
  }
}
layer {
  name: "Mprelu2_stage1_L2_1"
  type: "PReLU"
  bottom: "Mconv2_stage1_L2_1"
  top: "Mconv2_stage1_L2_1"
}
layer {
  name: "Mconv2_stage1_L2_2"
  type: "Convolution"
  bottom: "Mconv2_stage1_L2_1"
  top: "Mconv2_stage1_L2_2"
  convolution_param {
    num_output: 128
    pad: 1
    kernel_size: 3
  }
}
layer {
  name: "Mprelu2_stage1_L2_2"
  type: "PReLU"
  bottom: "Mconv2_stage1_L2_2"
  top: "Mconv2_stage1_L2_2"
}
layer {
  name: "Mconv2_stage1_L2_concat"
  type: "Concat"
  bottom: "Mconv2_stage1_L2_0"
  bottom: "Mconv2_stage1_L2_1"
  bottom: "Mconv2_stage1_L2_2"
  top: "Mconv2_stage1_L2_concat"
  concat_param {
    axis: 1
  }
}
layer {
  name: "Mconv3_stage1_L2_0"
  type: "Convolution"
  bottom: "Mconv2_stage1_L2_concat"
  top: "Mconv3_stage1_L2_0"
  convolution_param {
    num_output: 128
    pad: 1
    kernel_size: 3
  }
}
layer {
  name: "Mprelu3_stage1_L2_0"
  type: "PReLU"
  bottom: "Mconv3_stage1_L2_0"
  top: "Mconv3_stage1_L2_0"
}
layer {
  name: "Mconv3_stage1_L2_1"
  type: "Convolution"
  bottom: "Mconv3_stage1_L2_0"
  top: "Mconv3_stage1_L2_1"
  convolution_param {
    num_output: 128
    pad: 1
    kernel_size: 3
  }
}
layer {
  name: "Mprelu3_stage1_L2_1"
  type: "PReLU"
  bottom: "Mconv3_stage1_L2_1"
  top: "Mconv3_stage1_L2_1"
}
layer {
  name: "Mconv3_stage1_L2_2"
  type: "Convolution"
  bottom: "Mconv3_stage1_L2_1"
  top: "Mconv3_stage1_L2_2"
  convolution_param {
    num_output: 128
    pad: 1
    kernel_size: 3
  }
}
layer {
  name: "Mprelu3_stage1_L2_2"
  type: "PReLU"
  bottom: "Mconv3_stage1_L2_2"
  top: "Mconv3_stage1_L2_2"
}
layer {
  name: "Mconv3_stage1_L2_concat"
  type: "Concat"
  bottom: "Mconv3_stage1_L2_0"
  bottom: "Mconv3_stage1_L2_1"
  bottom: "Mconv3_stage1_L2_2"
  top: "Mconv3_stage1_L2_concat"
  concat_param {
    axis: 1
  }
}
layer {
  name: "Mconv4_stage1_L2_0"
  type: "Convolution"
  bottom: "Mconv3_stage1_L2_concat"
  top: "Mconv4_stage1_L2_0"
  convolution_param {
    num_output: 128
    pad: 1
    kernel_size: 3
  }
}
layer {
  name: "Mprelu4_stage1_L2_0"
  type: "PReLU"
  bottom: "Mconv4_stage1_L2_0"
  top: "Mconv4_stage1_L2_0"
}
layer {
  name: "Mconv4_stage1_L2_1"
  type: "Convolution"
  bottom: "Mconv4_stage1_L2_0"
  top: "Mconv4_stage1_L2_1"
  convolution_param {
    num_output: 128
    pad: 1
    kernel_size: 3
  }
}
layer {
  name: "Mprelu4_stage1_L2_1"
  type: "PReLU"
  bottom: "Mconv4_stage1_L2_1"
  top: "Mconv4_stage1_L2_1"
}
layer {
  name: "Mconv4_stage1_L2_2"
  type: "Convolution"
  bottom: "Mconv4_stage1_L2_1"
  top: "Mconv4_stage1_L2_2"
  convolution_param {
    num_output: 128
    pad: 1
    kernel_size: 3
  }
}
layer {
  name: "Mprelu4_stage1_L2_2"
  type: "PReLU"
  bottom: "Mconv4_stage1_L2_2"
  top: "Mconv4_stage1_L2_2"
}
layer {
  name: "Mconv4_stage1_L2_concat"
  type: "Concat"
  bottom: "Mconv4_stage1_L2_0"
  bottom: "Mconv4_stage1_L2_1"
  bottom: "Mconv4_stage1_L2_2"
  top: "Mconv4_stage1_L2_concat"
  concat_param {
    axis: 1
  }
}
layer {
  name: "Mconv5_stage1_L2_0"
  type: "Convolution"
  bottom: "Mconv4_stage1_L2_concat"
  top: "Mconv5_stage1_L2_0"
  convolution_param {
    num_output: 128
    pad: 1
    kernel_size: 3
  }
}
layer {
  name: "Mprelu5_stage1_L2_0"
  type: "PReLU"
  bottom: "Mconv5_stage1_L2_0"
  top: "Mconv5_stage1_L2_0"
}
layer {
  name: "Mconv5_stage1_L2_1"
  type: "Convolution"
  bottom: "Mconv5_stage1_L2_0"
  top: "Mconv5_stage1_L2_1"
  convolution_param {
    num_output: 128
    pad: 1
    kernel_size: 3
  }
}
layer {
  name: "Mprelu5_stage1_L2_1"
  type: "PReLU"
  bottom: "Mconv5_stage1_L2_1"
  top: "Mconv5_stage1_L2_1"
}
layer {
  name: "Mconv5_stage1_L2_2"
  type: "Convolution"
  bottom: "Mconv5_stage1_L2_1"
  top: "Mconv5_stage1_L2_2"
  convolution_param {
    num_output: 128
    pad: 1
    kernel_size: 3
  }
}
layer {
  name: "Mprelu5_stage1_L2_2"
  type: "PReLU"
  bottom: "Mconv5_stage1_L2_2"
  top: "Mconv5_stage1_L2_2"
}
layer {
  name: "Mconv5_stage1_L2_concat"
  type: "Concat"
  bottom: "Mconv5_stage1_L2_0"
  bottom: "Mconv5_stage1_L2_1"
  bottom: "Mconv5_stage1_L2_2"
  top: "Mconv5_stage1_L2_concat"
  concat_param {
    axis: 1
  }
}
layer {
  name: "Mconv6_stage1_L2"
  type: "Convolution"
  bottom: "Mconv5_stage1_L2_concat"
  top: "Mconv6_stage1_L2"
  convolution_param {
    num_output: 512
    pad: 0
    kernel_size: 1
  }
}
layer {
  name: "Mprelu6_stage1_L2"
  type: "PReLU"
  bottom: "Mconv6_stage1_L2"
  top: "Mconv6_stage1_L2"
}
layer {
  name: "Mconv7_stage1_L2"
  type: "Convolution"
  bottom: "Mconv6_stage1_L2"
  top: "Mconv7_stage1_L2"
  convolution_param {
    num_output: 52
    pad: 0
    kernel_size: 1
  }
}
layer {
  name: "concat_stage2_L2"
  type: "Concat"
  bottom: "conv4_4_CPM"
  bottom: "Mconv7_stage1_L2"
  top: "concat_stage2_L2"
  concat_param {
    axis: 1
  }
}
layer {
  name: "Mconv1_stage2_L2_0"
  type: "Convolution"
  bottom: "concat_stage2_L2"
  top: "Mconv1_stage2_L2_0"
  convolution_param {
    num_output: 128
    pad: 1
    kernel_size: 3
  }
}
layer {
  name: "Mprelu1_stage2_L2_0"
  type: "PReLU"
  bottom: "Mconv1_stage2_L2_0"
  top: "Mconv1_stage2_L2_0"
}
layer {
  name: "Mconv1_stage2_L2_1"
  type: "Convolution"
  bottom: "Mconv1_stage2_L2_0"
  top: "Mconv1_stage2_L2_1"
  convolution_param {
    num_output: 128
    pad: 1
    kernel_size: 3
  }
}
layer {
  name: "Mprelu1_stage2_L2_1"
  type: "PReLU"
  bottom: "Mconv1_stage2_L2_1"
  top: "Mconv1_stage2_L2_1"
}
layer {
  name: "Mconv1_stage2_L2_2"
  type: "Convolution"
  bottom: "Mconv1_stage2_L2_1"
  top: "Mconv1_stage2_L2_2"
  convolution_param {
    num_output: 128
    pad: 1
    kernel_size: 3
  }
}
layer {
  name: "Mprelu1_stage2_L2_2"
  type: "PReLU"
  bottom: "Mconv1_stage2_L2_2"
  top: "Mconv1_stage2_L2_2"
}
layer {
  name: "Mconv1_stage2_L2_concat"
  type: "Concat"
  bottom: "Mconv1_stage2_L2_0"
  bottom: "Mconv1_stage2_L2_1"
  bottom: "Mconv1_stage2_L2_2"
  top: "Mconv1_stage2_L2_concat"
  concat_param {
    axis: 1
  }
}
layer {
  name: "Mconv2_stage2_L2_0"
  type: "Convolution"
  bottom: "Mconv1_stage2_L2_concat"
  top: "Mconv2_stage2_L2_0"
  convolution_param {
    num_output: 128
    pad: 1
    kernel_size: 3
  }
}
layer {
  name: "Mprelu2_stage2_L2_0"
  type: "PReLU"
  bottom: "Mconv2_stage2_L2_0"
  top: "Mconv2_stage2_L2_0"
}
layer {
  name: "Mconv2_stage2_L2_1"
  type: "Convolution"
  bottom: "Mconv2_stage2_L2_0"
  top: "Mconv2_stage2_L2_1"
  convolution_param {
    num_output: 128
    pad: 1
    kernel_size: 3
  }
}
layer {
  name: "Mprelu2_stage2_L2_1"
  type: "PReLU"
  bottom: "Mconv2_stage2_L2_1"
  top: "Mconv2_stage2_L2_1"
}
layer {
  name: "Mconv2_stage2_L2_2"
  type: "Convolution"
  bottom: "Mconv2_stage2_L2_1"
  top: "Mconv2_stage2_L2_2"
  convolution_param {
    num_output: 128
    pad: 1
    kernel_size: 3
  }
}
layer {
  name: "Mprelu2_stage2_L2_2"
  type: "PReLU"
  bottom: "Mconv2_stage2_L2_2"
  top: "Mconv2_stage2_L2_2"
}
layer {
  name: "Mconv2_stage2_L2_concat"
  type: "Concat"
  bottom: "Mconv2_stage2_L2_0"
  bottom: "Mconv2_stage2_L2_1"
  bottom: "Mconv2_stage2_L2_2"
  top: "Mconv2_stage2_L2_concat"
  concat_param {
    axis: 1
  }
}
layer {
  name: "Mconv3_stage2_L2_0"
  type: "Convolution"
  bottom: "Mconv2_stage2_L2_concat"
  top: "Mconv3_stage2_L2_0"
  convolution_param {
    num_output: 128
    pad: 1
    kernel_size: 3
  }
}
layer {
  name: "Mprelu3_stage2_L2_0"
  type: "PReLU"
  bottom: "Mconv3_stage2_L2_0"
  top: "Mconv3_stage2_L2_0"
}
layer {
  name: "Mconv3_stage2_L2_1"
  type: "Convolution"
  bottom: "Mconv3_stage2_L2_0"
  top: "Mconv3_stage2_L2_1"
  convolution_param {
    num_output: 128
    pad: 1
    kernel_size: 3
  }
}
layer {
  name: "Mprelu3_stage2_L2_1"
  type: "PReLU"
  bottom: "Mconv3_stage2_L2_1"
  top: "Mconv3_stage2_L2_1"
}
layer {
  name: "Mconv3_stage2_L2_2"
  type: "Convolution"
  bottom: "Mconv3_stage2_L2_1"
  top: "Mconv3_stage2_L2_2"
  convolution_param {
    num_output: 128
    pad: 1
    kernel_size: 3
  }
}
layer {
  name: "Mprelu3_stage2_L2_2"
  type: "PReLU"
  bottom: "Mconv3_stage2_L2_2"
  top: "Mconv3_stage2_L2_2"
}
layer {
  name: "Mconv3_stage2_L2_concat"
  type: "Concat"
  bottom: "Mconv3_stage2_L2_0"
  bottom: "Mconv3_stage2_L2_1"
  bottom: "Mconv3_stage2_L2_2"
  top: "Mconv3_stage2_L2_concat"
  concat_param {
    axis: 1
  }
}
layer {
  name: "Mconv4_stage2_L2_0"
  type: "Convolution"
  bottom: "Mconv3_stage2_L2_concat"
  top: "Mconv4_stage2_L2_0"
  convolution_param {
    num_output: 128
    pad: 1
    kernel_size: 3
  }
}
layer {
  name: "Mprelu4_stage2_L2_0"
  type: "PReLU"
  bottom: "Mconv4_stage2_L2_0"
  top: "Mconv4_stage2_L2_0"
}
layer {
  name: "Mconv4_stage2_L2_1"
  type: "Convolution"
  bottom: "Mconv4_stage2_L2_0"
  top: "Mconv4_stage2_L2_1"
  convolution_param {
    num_output: 128
    pad: 1
    kernel_size: 3
  }
}
layer {
  name: "Mprelu4_stage2_L2_1"
  type: "PReLU"
  bottom: "Mconv4_stage2_L2_1"
  top: "Mconv4_stage2_L2_1"
}
layer {
  name: "Mconv4_stage2_L2_2"
  type: "Convolution"
  bottom: "Mconv4_stage2_L2_1"
  top: "Mconv4_stage2_L2_2"
  convolution_param {
    num_output: 128
    pad: 1
    kernel_size: 3
  }
}
layer {
  name: "Mprelu4_stage2_L2_2"
  type: "PReLU"
  bottom: "Mconv4_stage2_L2_2"
  top: "Mconv4_stage2_L2_2"
}
layer {
  name: "Mconv4_stage2_L2_concat"
  type: "Concat"
  bottom: "Mconv4_stage2_L2_0"
  bottom: "Mconv4_stage2_L2_1"
  bottom: "Mconv4_stage2_L2_2"
  top: "Mconv4_stage2_L2_concat"
  concat_param {
    axis: 1
  }
}
layer {
  name: "Mconv5_stage2_L2_0"
  type: "Convolution"
  bottom: "Mconv4_stage2_L2_concat"
  top: "Mconv5_stage2_L2_0"
  convolution_param {
    num_output: 128
    pad: 1
    kernel_size: 3
  }
}
layer {
  name: "Mprelu5_stage2_L2_0"
  type: "PReLU"
  bottom: "Mconv5_stage2_L2_0"
  top: "Mconv5_stage2_L2_0"
}
layer {
  name: "Mconv5_stage2_L2_1"
  type: "Convolution"
  bottom: "Mconv5_stage2_L2_0"
  top: "Mconv5_stage2_L2_1"
  convolution_param {
    num_output: 128
    pad: 1
    kernel_size: 3
  }
}
layer {
  name: "Mprelu5_stage2_L2_1"
  type: "PReLU"
  bottom: "Mconv5_stage2_L2_1"
  top: "Mconv5_stage2_L2_1"
}
layer {
  name: "Mconv5_stage2_L2_2"
  type: "Convolution"
  bottom: "Mconv5_stage2_L2_1"
  top: "Mconv5_stage2_L2_2"
  convolution_param {
    num_output: 128
    pad: 1
    kernel_size: 3
  }
}
layer {
  name: "Mprelu5_stage2_L2_2"
  type: "PReLU"
  bottom: "Mconv5_stage2_L2_2"
  top: "Mconv5_stage2_L2_2"
}
layer {
  name: "Mconv5_stage2_L2_concat"
  type: "Concat"
  bottom: "Mconv5_stage2_L2_0"
  bottom: "Mconv5_stage2_L2_1"
  bottom: "Mconv5_stage2_L2_2"
  top: "Mconv5_stage2_L2_concat"
  concat_param {
    axis: 1
  }
}
layer {
  name: "Mconv6_stage2_L2"
  type: "Convolution"
  bottom: "Mconv5_stage2_L2_concat"
  top: "Mconv6_stage2_L2"
  convolution_param {
    num_output: 512
    pad: 0
    kernel_size: 1
  }
}
layer {
  name: "Mprelu6_stage2_L2"
  type: "PReLU"
  bottom: "Mconv6_stage2_L2"
  top: "Mconv6_stage2_L2"
}
layer {
  name: "Mconv7_stage2_L2"
  type: "Convolution"
  bottom: "Mconv6_stage2_L2"
  top: "Mconv7_stage2_L2"
  convolution_param {
    num_output: 52
    pad: 0
    kernel_size: 1
  }
}
layer {
  name: "concat_stage3_L2"
  type: "Concat"
  bottom: "conv4_4_CPM"
  bottom: "Mconv7_stage2_L2"
  top: "concat_stage3_L2"
  concat_param {
    axis: 1
  }
}
layer {
  name: "Mconv1_stage3_L2_0"
  type: "Convolution"
  bottom: "concat_stage3_L2"
  top: "Mconv1_stage3_L2_0"
  convolution_param {
    num_output: 128
    pad: 1
    kernel_size: 3
  }
}
layer {
  name: "Mprelu1_stage3_L2_0"
  type: "PReLU"
  bottom: "Mconv1_stage3_L2_0"
  top: "Mconv1_stage3_L2_0"
}
layer {
  name: "Mconv1_stage3_L2_1"
  type: "Convolution"
  bottom: "Mconv1_stage3_L2_0"
  top: "Mconv1_stage3_L2_1"
  convolution_param {
    num_output: 128
    pad: 1
    kernel_size: 3
  }
}
layer {
  name: "Mprelu1_stage3_L2_1"
  type: "PReLU"
  bottom: "Mconv1_stage3_L2_1"
  top: "Mconv1_stage3_L2_1"
}
layer {
  name: "Mconv1_stage3_L2_2"
  type: "Convolution"
  bottom: "Mconv1_stage3_L2_1"
  top: "Mconv1_stage3_L2_2"
  convolution_param {
    num_output: 128
    pad: 1
    kernel_size: 3
  }
}
layer {
  name: "Mprelu1_stage3_L2_2"
  type: "PReLU"
  bottom: "Mconv1_stage3_L2_2"
  top: "Mconv1_stage3_L2_2"
}
layer {
  name: "Mconv1_stage3_L2_concat"
  type: "Concat"
  bottom: "Mconv1_stage3_L2_0"
  bottom: "Mconv1_stage3_L2_1"
  bottom: "Mconv1_stage3_L2_2"
  top: "Mconv1_stage3_L2_concat"
  concat_param {
    axis: 1
  }
}
layer {
  name: "Mconv2_stage3_L2_0"
  type: "Convolution"
  bottom: "Mconv1_stage3_L2_concat"
  top: "Mconv2_stage3_L2_0"
  convolution_param {
    num_output: 128
    pad: 1
    kernel_size: 3
  }
}
layer {
  name: "Mprelu2_stage3_L2_0"
  type: "PReLU"
  bottom: "Mconv2_stage3_L2_0"
  top: "Mconv2_stage3_L2_0"
}
layer {
  name: "Mconv2_stage3_L2_1"
  type: "Convolution"
  bottom: "Mconv2_stage3_L2_0"
  top: "Mconv2_stage3_L2_1"
  convolution_param {
    num_output: 128
    pad: 1
    kernel_size: 3
  }
}
layer {
  name: "Mprelu2_stage3_L2_1"
  type: "PReLU"
  bottom: "Mconv2_stage3_L2_1"
  top: "Mconv2_stage3_L2_1"
}
layer {
  name: "Mconv2_stage3_L2_2"
  type: "Convolution"
  bottom: "Mconv2_stage3_L2_1"
  top: "Mconv2_stage3_L2_2"
  convolution_param {
    num_output: 128
    pad: 1
    kernel_size: 3
  }
}
layer {
  name: "Mprelu2_stage3_L2_2"
  type: "PReLU"
  bottom: "Mconv2_stage3_L2_2"
  top: "Mconv2_stage3_L2_2"
}
layer {
  name: "Mconv2_stage3_L2_concat"
  type: "Concat"
  bottom: "Mconv2_stage3_L2_0"
  bottom: "Mconv2_stage3_L2_1"
  bottom: "Mconv2_stage3_L2_2"
  top: "Mconv2_stage3_L2_concat"
  concat_param {
    axis: 1
  }
}
layer {
  name: "Mconv3_stage3_L2_0"
  type: "Convolution"
  bottom: "Mconv2_stage3_L2_concat"
  top: "Mconv3_stage3_L2_0"
  convolution_param {
    num_output: 128
    pad: 1
    kernel_size: 3
  }
}
layer {
  name: "Mprelu3_stage3_L2_0"
  type: "PReLU"
  bottom: "Mconv3_stage3_L2_0"
  top: "Mconv3_stage3_L2_0"
}
layer {
  name: "Mconv3_stage3_L2_1"
  type: "Convolution"
  bottom: "Mconv3_stage3_L2_0"
  top: "Mconv3_stage3_L2_1"
  convolution_param {
    num_output: 128
    pad: 1
    kernel_size: 3
  }
}
layer {
  name: "Mprelu3_stage3_L2_1"
  type: "PReLU"
  bottom: "Mconv3_stage3_L2_1"
  top: "Mconv3_stage3_L2_1"
}
layer {
  name: "Mconv3_stage3_L2_2"
  type: "Convolution"
  bottom: "Mconv3_stage3_L2_1"
  top: "Mconv3_stage3_L2_2"
  convolution_param {
    num_output: 128
    pad: 1
    kernel_size: 3
  }
}
layer {
  name: "Mprelu3_stage3_L2_2"
  type: "PReLU"
  bottom: "Mconv3_stage3_L2_2"
  top: "Mconv3_stage3_L2_2"
}
layer {
  name: "Mconv3_stage3_L2_concat"
  type: "Concat"
  bottom: "Mconv3_stage3_L2_0"
  bottom: "Mconv3_stage3_L2_1"
  bottom: "Mconv3_stage3_L2_2"
  top: "Mconv3_stage3_L2_concat"
  concat_param {
    axis: 1
  }
}
layer {
  name: "Mconv4_stage3_L2_0"
  type: "Convolution"
  bottom: "Mconv3_stage3_L2_concat"
  top: "Mconv4_stage3_L2_0"
  convolution_param {
    num_output: 128
    pad: 1
    kernel_size: 3
  }
}
layer {
  name: "Mprelu4_stage3_L2_0"
  type: "PReLU"
  bottom: "Mconv4_stage3_L2_0"
  top: "Mconv4_stage3_L2_0"
}
layer {
  name: "Mconv4_stage3_L2_1"
  type: "Convolution"
  bottom: "Mconv4_stage3_L2_0"
  top: "Mconv4_stage3_L2_1"
  convolution_param {
    num_output: 128
    pad: 1
    kernel_size: 3
  }
}
layer {
  name: "Mprelu4_stage3_L2_1"
  type: "PReLU"
  bottom: "Mconv4_stage3_L2_1"
  top: "Mconv4_stage3_L2_1"
}
layer {
  name: "Mconv4_stage3_L2_2"
  type: "Convolution"
  bottom: "Mconv4_stage3_L2_1"
  top: "Mconv4_stage3_L2_2"
  convolution_param {
    num_output: 128
    pad: 1
    kernel_size: 3
  }
}
layer {
  name: "Mprelu4_stage3_L2_2"
  type: "PReLU"
  bottom: "Mconv4_stage3_L2_2"
  top: "Mconv4_stage3_L2_2"
}
layer {
  name: "Mconv4_stage3_L2_concat"
  type: "Concat"
  bottom: "Mconv4_stage3_L2_0"
  bottom: "Mconv4_stage3_L2_1"
  bottom: "Mconv4_stage3_L2_2"
  top: "Mconv4_stage3_L2_concat"
  concat_param {
    axis: 1
  }
}
layer {
  name: "Mconv5_stage3_L2_0"
  type: "Convolution"
  bottom: "Mconv4_stage3_L2_concat"
  top: "Mconv5_stage3_L2_0"
  convolution_param {
    num_output: 128
    pad: 1
    kernel_size: 3
  }
}
layer {
  name: "Mprelu5_stage3_L2_0"
  type: "PReLU"
  bottom: "Mconv5_stage3_L2_0"
  top: "Mconv5_stage3_L2_0"
}
layer {
  name: "Mconv5_stage3_L2_1"
  type: "Convolution"
  bottom: "Mconv5_stage3_L2_0"
  top: "Mconv5_stage3_L2_1"
  convolution_param {
    num_output: 128
    pad: 1
    kernel_size: 3
  }
}
layer {
  name: "Mprelu5_stage3_L2_1"
  type: "PReLU"
  bottom: "Mconv5_stage3_L2_1"
  top: "Mconv5_stage3_L2_1"
}
layer {
  name: "Mconv5_stage3_L2_2"
  type: "Convolution"
  bottom: "Mconv5_stage3_L2_1"
  top: "Mconv5_stage3_L2_2"
  convolution_param {
    num_output: 128
    pad: 1
    kernel_size: 3
  }
}
layer {
  name: "Mprelu5_stage3_L2_2"
  type: "PReLU"
  bottom: "Mconv5_stage3_L2_2"
  top: "Mconv5_stage3_L2_2"
}
layer {
  name: "Mconv5_stage3_L2_concat"
  type: "Concat"
  bottom: "Mconv5_stage3_L2_0"
  bottom: "Mconv5_stage3_L2_1"
  bottom: "Mconv5_stage3_L2_2"
  top: "Mconv5_stage3_L2_concat"
  concat_param {
    axis: 1
  }
}
layer {
  name: "Mconv6_stage3_L2"
  type: "Convolution"
  bottom: "Mconv5_stage3_L2_concat"
  top: "Mconv6_stage3_L2"
  convolution_param {
    num_output: 512
    pad: 0
    kernel_size: 1
  }
}
layer {
  name: "Mprelu6_stage3_L2"
  type: "PReLU"
  bottom: "Mconv6_stage3_L2"
  top: "Mconv6_stage3_L2"
}
layer {
  name: "Mconv7_stage3_L2"
  type: "Convolution"
  bottom: "Mconv6_stage3_L2"
  top: "Mconv7_stage3_L2"
  convolution_param {
    num_output: 52
    pad: 0
    kernel_size: 1
  }
}
layer {
  name: "concat_stage0_L1"
  type: "Concat"
  bottom: "conv4_4_CPM"
  bottom: "Mconv7_stage3_L2"
  top: "concat_stage0_L1"
  concat_param {
    axis: 1
  }
}
layer {
  name: "Mconv1_stage0_L1_0"
  type: "Convolution"
  bottom: "concat_stage0_L1"
  top: "Mconv1_stage0_L1_0"
  convolution_param {
    num_output: 96
    pad: 1
    kernel_size: 3
  }
}
layer {
  name: "Mprelu1_stage0_L1_0"
  type: "PReLU"
  bottom: "Mconv1_stage0_L1_0"
  top: "Mconv1_stage0_L1_0"
}
layer {
  name: "Mconv1_stage0_L1_1"
  type: "Convolution"
  bottom: "Mconv1_stage0_L1_0"
  top: "Mconv1_stage0_L1_1"
  convolution_param {
    num_output: 96
    pad: 1
    kernel_si
I0923 17:57:35.505852 2173940 layer_factory.hpp:77] Creating layer input
I0923 17:57:35.505864 2173940 net.cpp:86] Creating Layer input
I0923 17:57:35.505868 2173940 net.cpp:382] input -> image
I0923 17:57:35.506906 2173940 net.cpp:124] Setting up input
I0923 17:57:35.506909 2173940 net.cpp:131] Top shape: 1 3 16 16 (768)
I0923 17:57:35.506911 2173940 net.cpp:139] Memory required for data: 3072
I0923 17:57:35.506914 2173940 layer_factory.hpp:77] Creating layer conv1_1
I0923 17:57:35.506927 2173940 net.cpp:86] Creating Layer conv1_1
I0923 17:57:35.506929 2173940 net.cpp:408] conv1_1 <- image
I0923 17:57:35.506932 2173940 net.cpp:382] conv1_1 -> conv1_1
I0923 17:57:35.551004 2173940 net.cpp:124] Setting up conv1_1
I0923 17:57:35.551009 2173940 net.cpp:131] Top shape: 1 64 16 16 (16384)
I0923 17:57:35.551012 2173940 net.cpp:139] Memory required for data: 68608
I0923 17:57:35.551020 2173940 layer_factory.hpp:77] Creating layer relu1_1
I0923 17:57:35.551024 2173940 net.cpp:86] Creating Layer relu1_1
I0923 17:57:35.551025 2173940 net.cpp:408] relu1_1 <- conv1_1
I0923 17:57:35.551028 2173940 net.cpp:369] relu1_1 -> conv1_1 (in-place)
I0923 17:57:35.553822 2173940 net.cpp:124] Setting up relu1_1
I0923 17:57:35.553826 2173940 net.cpp:131] Top shape: 1 64 16 16 (16384)
I0923 17:57:35.553828 2173940 net.cpp:139] Memory required for data: 134144
I0923 17:57:35.553829 2173940 layer_factory.hpp:77] Creating layer conv1_2
I0923 17:57:35.553833 2173940 net.cpp:86] Creating Layer conv1_2
I0923 17:57:35.553833 2173940 net.cpp:408] conv1_2 <- conv1_1
I0923 17:57:35.553835 2173940 net.cpp:382] conv1_2 -> conv1_2
I0923 17:57:35.565642 2173940 net.cpp:124] Setting up conv1_2
I0923 17:57:35.565647 2173940 net.cpp:131] Top shape: 1 64 16 16 (16384)
I0923 17:57:35.565650 2173940 net.cpp:139] Memory required for data: 199680
I0923 17:57:35.565653 2173940 layer_factory.hpp:77] Creating layer relu1_2
I0923 17:57:35.565656 2173940 net.cpp:86] Creating Layer relu1_2
I0923 17:57:35.565657 2173940 net.cpp:408] relu1_2 <- conv1_2
I0923 17:57:35.565659 2173940 net.cpp:369] relu1_2 -> conv1_2 (in-place)
I0923 17:57:35.568359 2173940 net.cpp:124] Setting up relu1_2
I0923 17:57:35.568363 2173940 net.cpp:131] Top shape: 1 64 16 16 (16384)
I0923 17:57:35.568365 2173940 net.cpp:139] Memory required for data: 265216
I0923 17:57:35.568367 2173940 layer_factory.hpp:77] Creating layer pool1_stage1
I0923 17:57:35.568370 2173940 net.cpp:86] Creating Layer pool1_stage1
I0923 17:57:35.568372 2173940 net.cpp:408] pool1_stage1 <- conv1_2
I0923 17:57:35.568373 2173940 net.cpp:382] pool1_stage1 -> pool1_stage1
I0923 17:57:35.568387 2173940 net.cpp:124] Setting up pool1_stage1
I0923 17:57:35.568387 2173940 net.cpp:131] Top shape: 1 64 8 8 (4096)
I0923 17:57:35.568389 2173940 net.cpp:139] Memory required for data: 281600
I0923 17:57:35.568390 2173940 layer_factory.hpp:77] Creating layer conv2_1
I0923 17:57:35.568392 2173940 net.cpp:86] Creating Layer conv2_1
I0923 17:57:35.568393 2173940 net.cpp:408] conv2_1 <- pool1_stage1
I0923 17:57:35.568394 2173940 net.cpp:382] conv2_1 -> conv2_1
I0923 17:57:35.576316 2173940 net.cpp:124] Setting up conv2_1
I0923 17:57:35.576321 2173940 net.cpp:131] Top shape: 1 128 8 8 (8192)
I0923 17:57:35.576323 2173940 net.cpp:139] Memory required for data: 314368
I0923 17:57:35.576326 2173940 layer_factory.hpp:77] Creating layer relu2_1
I0923 17:57:35.576329 2173940 net.cpp:86] Creating Layer relu2_1
I0923 17:57:35.576330 2173940 net.cpp:408] relu2_1 <- conv2_1
I0923 17:57:35.576332 2173940 net.cpp:369] relu2_1 -> conv2_1 (in-place)
I0923 17:57:35.578964 2173940 net.cpp:124] Setting up relu2_1
I0923 17:57:35.578969 2173940 net.cpp:131] Top shape: 1 128 8 8 (8192)
I0923 17:57:35.578970 2173940 net.cpp:139] Memory required for data: 347136
I0923 17:57:35.578971 2173940 layer_factory.hpp:77] Creating layer conv2_2
I0923 17:57:35.578974 2173940 net.cpp:86] Creating Layer conv2_2
I0923 17:57:35.578975 2173940 net.cpp:408] conv2_2 <- conv2_1
I0923 17:57:35.578977 2173940 net.cpp:382] conv2_2 -> conv2_2
I0923 17:57:35.592695 2173940 net.cpp:124] Setting up conv2_2
I0923 17:57:35.592700 2173940 net.cpp:131] Top shape: 1 128 8 8 (8192)
I0923 17:57:35.592703 2173940 net.cpp:139] Memory required for data: 379904
I0923 17:57:35.592705 2173940 layer_factory.hpp:77] Creating layer relu2_2
I0923 17:57:35.592708 2173940 net.cpp:86] Creating Layer relu2_2
I0923 17:57:35.592710 2173940 net.cpp:408] relu2_2 <- conv2_2
I0923 17:57:35.592711 2173940 net.cpp:369] relu2_2 -> conv2_2 (in-place)
I0923 17:57:35.595292 2173940 net.cpp:124] Setting up relu2_2
I0923 17:57:35.595295 2173940 net.cpp:131] Top shape: 1 128 8 8 (8192)
I0923 17:57:35.595297 2173940 net.cpp:139] Memory required for data: 412672
I0923 17:57:35.595299 2173940 layer_factory.hpp:77] Creating layer pool2_stage1
I0923 17:57:35.595301 2173940 net.cpp:86] Creating Layer pool2_stage1
I0923 17:57:35.595302 2173940 net.cpp:408] pool2_stage1 <- conv2_2
I0923 17:57:35.595304 2173940 net.cpp:382] pool2_stage1 -> pool2_stage1
I0923 17:57:35.595314 2173940 net.cpp:124] Setting up pool2_stage1
I0923 17:57:35.595314 2173940 net.cpp:131] Top shape: 1 128 4 4 (2048)
I0923 17:57:35.595316 2173940 net.cpp:139] Memory required for data: 420864
I0923 17:57:35.595317 2173940 layer_factory.hpp:77] Creating layer conv3_1
I0923 17:57:35.595320 2173940 net.cpp:86] Creating Layer conv3_1
I0923 17:57:35.595321 2173940 net.cpp:408] conv3_1 <- pool2_stage1
I0923 17:57:35.595323 2173940 net.cpp:382] conv3_1 -> conv3_1
I0923 17:57:35.604223 2173940 net.cpp:124] Setting up conv3_1
I0923 17:57:35.604228 2173940 net.cpp:131] Top shape: 1 256 4 4 (4096)
I0923 17:57:35.604229 2173940 net.cpp:139] Memory required for data: 437248
I0923 17:57:35.604233 2173940 layer_factory.hpp:77] Creating layer relu3_1
I0923 17:57:35.604235 2173940 net.cpp:86] Creating Layer relu3_1
I0923 17:57:35.604236 2173940 net.cpp:408] relu3_1 <- conv3_1
I0923 17:57:35.604238 2173940 net.cpp:369] relu3_1 -> conv3_1 (in-place)
I0923 17:57:35.607549 2173940 net.cpp:124] Setting up relu3_1
I0923 17:57:35.607553 2173940 net.cpp:131] Top shape: 1 256 4 4 (4096)
I0923 17:57:35.607555 2173940 net.cpp:139] Memory required for data: 453632
I0923 17:57:35.607556 2173940 layer_factory.hpp:77] Creating layer conv3_2
I0923 17:57:35.607558 2173940 net.cpp:86] Creating Layer conv3_2
I0923 17:57:35.607560 2173940 net.cpp:408] conv3_2 <- conv3_1
I0923 17:57:35.607563 2173940 net.cpp:382] conv3_2 -> conv3_2
I0923 17:57:35.616719 2173940 net.cpp:124] Setting up conv3_2
I0923 17:57:35.616724 2173940 net.cpp:131] Top shape: 1 256 4 4 (4096)
I0923 17:57:35.616726 2173940 net.cpp:139] Memory required for data: 470016
I0923 17:57:35.616729 2173940 layer_factory.hpp:77] Creating layer relu3_2
I0923 17:57:35.616730 2173940 net.cpp:86] Creating Layer relu3_2
I0923 17:57:35.616731 2173940 net.cpp:408] relu3_2 <- conv3_2
I0923 17:57:35.616734 2173940 net.cpp:369] relu3_2 -> conv3_2 (in-place)
I0923 17:57:35.619324 2173940 net.cpp:124] Setting up relu3_2
I0923 17:57:35.619328 2173940 net.cpp:131] Top shape: 1 256 4 4 (4096)
I0923 17:57:35.619329 2173940 net.cpp:139] Memory required for data: 486400
I0923 17:57:35.619331 2173940 layer_factory.hpp:77] Creating layer conv3_3
I0923 17:57:35.619333 2173940 net.cpp:86] Creating Layer conv3_3
I0923 17:57:35.619335 2173940 net.cpp:408] conv3_3 <- conv3_2
I0923 17:57:35.619338 2173940 net.cpp:382] conv3_3 -> conv3_3
I0923 17:57:35.629839 2173940 net.cpp:124] Setting up conv3_3
I0923 17:57:35.629844 2173940 net.cpp:131] Top shape: 1 256 4 4 (4096)
I0923 17:57:35.629848 2173940 net.cpp:139] Memory required for data: 502784
I0923 17:57:35.629849 2173940 layer_factory.hpp:77] Creating layer relu3_3
I0923 17:57:35.629853 2173940 net.cpp:86] Creating Layer relu3_3
I0923 17:57:35.629853 2173940 net.cpp:408] relu3_3 <- conv3_3
I0923 17:57:35.629855 2173940 net.cpp:369] relu3_3 -> conv3_3 (in-place)
I0923 17:57:35.632391 2173940 net.cpp:124] Setting up relu3_3
I0923 17:57:35.632395 2173940 net.cpp:131] Top shape: 1 256 4 4 (4096)
I0923 17:57:35.632397 2173940 net.cpp:139] Memory required for data: 519168
I0923 17:57:35.632398 2173940 layer_factory.hpp:77] Creating layer conv3_4
I0923 17:57:35.632402 2173940 net.cpp:86] Creating Layer conv3_4
I0923 17:57:35.632403 2173940 net.cpp:408] conv3_4 <- conv3_3
I0923 17:57:35.632405 2173940 net.cpp:382] conv3_4 -> conv3_4
I0923 17:57:35.641330 2173940 net.cpp:124] Setting up conv3_4
I0923 17:57:35.641335 2173940 net.cpp:131] Top shape: 1 256 4 4 (4096)
I0923 17:57:35.641337 2173940 net.cpp:139] Memory required for data: 535552
I0923 17:57:35.641340 2173940 layer_factory.hpp:77] Creating layer relu3_4
I0923 17:57:35.641342 2173940 net.cpp:86] Creating Layer relu3_4
I0923 17:57:35.641343 2173940 net.cpp:408] relu3_4 <- conv3_4
I0923 17:57:35.641345 2173940 net.cpp:369] relu3_4 -> conv3_4 (in-place)
I0923 17:57:35.643989 2173940 net.cpp:124] Setting up relu3_4
I0923 17:57:35.643993 2173940 net.cpp:131] Top shape: 1 256 4 4 (4096)
I0923 17:57:35.643996 2173940 net.cpp:139] Memory required for data: 551936
I0923 17:57:35.643996 2173940 layer_factory.hpp:77] Creating layer pool3_stage1
I0923 17:57:35.643998 2173940 net.cpp:86] Creating Layer pool3_stage1
I0923 17:57:35.643999 2173940 net.cpp:408] pool3_stage1 <- conv3_4
I0923 17:57:35.644001 2173940 net.cpp:382] pool3_stage1 -> pool3_stage1
I0923 17:57:35.644011 2173940 net.cpp:124] Setting up pool3_stage1
I0923 17:57:35.644012 2173940 net.cpp:131] Top shape: 1 256 2 2 (1024)
I0923 17:57:35.644013 2173940 net.cpp:139] Memory required for data: 556032
I0923 17:57:35.644014 2173940 layer_factory.hpp:77] Creating layer conv4_1
I0923 17:57:35.644016 2173940 net.cpp:86] Creating Layer conv4_1
I0923 17:57:35.644017 2173940 net.cpp:408] conv4_1 <- pool3_stage1
I0923 17:57:35.644018 2173940 net.cpp:382] conv4_1 -> conv4_1
I0923 17:57:35.655078 2173940 net.cpp:124] Setting up conv4_1
I0923 17:57:35.655083 2173940 net.cpp:131] Top shape: 1 512 2 2 (2048)
I0923 17:57:35.655085 2173940 net.cpp:139] Memory required for data: 564224
I0923 17:57:35.655088 2173940 layer_factory.hpp:77] Creating layer relu4_1
I0923 17:57:35.655090 2173940 net.cpp:86] Creating Layer relu4_1
I0923 17:57:35.655092 2173940 net.cpp:408] relu4_1 <- conv4_1
I0923 17:57:35.655094 2173940 net.cpp:369] relu4_1 -> conv4_1 (in-place)
I0923 17:57:35.657611 2173940 net.cpp:124] Setting up relu4_1
I0923 17:57:35.657614 2173940 net.cpp:131] Top shape: 1 512 2 2 (2048)
I0923 17:57:35.657616 2173940 net.cpp:139] Memory required for data: 572416
I0923 17:57:35.657617 2173940 layer_factory.hpp:77] Creating layer conv4_2
I0923 17:57:35.657620 2173940 net.cpp:86] Creating Layer conv4_2
I0923 17:57:35.657621 2173940 net.cpp:408] conv4_2 <- conv4_1
I0923 17:57:35.657624 2173940 net.cpp:382] conv4_2 -> conv4_2
I0923 17:57:35.670060 2173940 net.cpp:124] Setting up conv4_2
I0923 17:57:35.670065 2173940 net.cpp:131] Top shape: 1 512 2 2 (2048)
I0923 17:57:35.670068 2173940 net.cpp:139] Memory required for data: 580608
I0923 17:57:35.670070 2173940 layer_factory.hpp:77] Creating layer prelu4_2
I0923 17:57:35.670073 2173940 net.cpp:86] Creating Layer prelu4_2
I0923 17:57:35.670074 2173940 net.cpp:408] prelu4_2 <- conv4_2
I0923 17:57:35.670076 2173940 net.cpp:369] prelu4_2 -> conv4_2 (in-place)
I0923 17:57:35.670099 2173940 net.cpp:124] Setting up prelu4_2
I0923 17:57:35.670099 2173940 net.cpp:131] Top shape: 1 512 2 2 (2048)
I0923 17:57:35.670101 2173940 net.cpp:139] Memory required for data: 588800
I0923 17:57:35.670102 2173940 layer_factory.hpp:77] Creating layer conv4_3_CPM
I0923 17:57:35.670104 2173940 net.cpp:86] Creating Layer conv4_3_CPM
I0923 17:57:35.670105 2173940 net.cpp:408] conv4_3_CPM <- conv4_2
I0923 17:57:35.670107 2173940 net.cpp:382] conv4_3_CPM -> conv4_3_CPM
I0923 17:57:35.680464 2173940 net.cpp:124] Setting up conv4_3_CPM
I0923 17:57:35.680469 2173940 net.cpp:131] Top shape: 1 256 2 2 (1024)
I0923 17:57:35.680471 2173940 net.cpp:139] Memory required for data: 592896
I0923 17:57:35.680474 2173940 layer_factory.hpp:77] Creating layer prelu4_3_CPM
I0923 17:57:35.680476 2173940 net.cpp:86] Creating Layer prelu4_3_CPM
I0923 17:57:35.680477 2173940 net.cpp:408] prelu4_3_CPM <- conv4_3_CPM
I0923 17:57:35.680480 2173940 net.cpp:369] prelu4_3_CPM -> conv4_3_CPM (in-place)
I0923 17:57:35.680498 2173940 net.cpp:124] Setting up prelu4_3_CPM
I0923 17:57:35.680500 2173940 net.cpp:131] Top shape: 1 256 2 2 (1024)
I0923 17:57:35.680500 2173940 net.cpp:139] Memory required for data: 596992
I0923 17:57:35.680502 2173940 layer_factory.hpp:77] Creating layer conv4_4_CPM
I0923 17:57:35.680505 2173940 net.cpp:86] Creating Layer conv4_4_CPM
I0923 17:57:35.680505 2173940 net.cpp:408] conv4_4_CPM <- conv4_3_CPM
I0923 17:57:35.680507 2173940 net.cpp:382] conv4_4_CPM -> conv4_4_CPM
I0923 17:57:35.689966 2173940 net.cpp:124] Setting up conv4_4_CPM
I0923 17:57:35.689971 2173940 net.cpp:131] Top shape: 1 128 2 2 (512)
I0923 17:57:35.689973 2173940 net.cpp:139] Memory required for data: 599040
I0923 17:57:35.689975 2173940 layer_factory.hpp:77] Creating layer prelu4_4_CPM
I0923 17:57:35.689978 2173940 net.cpp:86] Creating Layer prelu4_4_CPM
I0923 17:57:35.689980 2173940 net.cpp:408] prelu4_4_CPM <- conv4_4_CPM
I0923 17:57:35.689981 2173940 net.cpp:369] prelu4_4_CPM -> conv4_4_CPM (in-place)
I0923 17:57:35.689999 2173940 net.cpp:124] Setting up prelu4_4_CPM
I0923 17:57:35.690001 2173940 net.cpp:131] Top shape: 1 128 2 2 (512)
I0923 17:57:35.690002 2173940 net.cpp:139] Memory required for data: 601088
I0923 17:57:35.690003 2173940 layer_factory.hpp:77] Creating layer conv4_4_CPM_prelu4_4_CPM_0_split
I0923 17:57:35.690011 2173940 net.cpp:86] Creating Layer conv4_4_CPM_prelu4_4_CPM_0_split
I0923 17:57:35.690011 2173940 net.cpp:408] conv4_4_CPM_prelu4_4_CPM_0_split <- conv4_4_CPM
I0923 17:57:35.690013 2173940 net.cpp:382] conv4_4_CPM_prelu4_4_CPM_0_split -> conv4_4_CPM_prelu4_4_CPM_0_split_0
I0923 17:57:35.690016 2173940 net.cpp:382] conv4_4_CPM_prelu4_4_CPM_0_split -> conv4_4_CPM_prelu4_4_CPM_0_split_1
I0923 17:57:35.690018 2173940 net.cpp:382] conv4_4_CPM_prelu4_4_CPM_0_split -> conv4_4_CPM_prelu4_4_CPM_0_split_2
I0923 17:57:35.690021 2173940 net.cpp:382] conv4_4_CPM_prelu4_4_CPM_0_split -> conv4_4_CPM_prelu4_4_CPM_0_split_3
I0923 17:57:35.690022 2173940 net.cpp:382] conv4_4_CPM_prelu4_4_CPM_0_split -> conv4_4_CPM_prelu4_4_CPM_0_split_4
I0923 17:57:35.690024 2173940 net.cpp:382] conv4_4_CPM_prelu4_4_CPM_0_split -> conv4_4_CPM_prelu4_4_CPM_0_split_5
I0923 17:57:35.690038 2173940 net.cpp:124] Setting up conv4_4_CPM_prelu4_4_CPM_0_split
I0923 17:57:35.690039 2173940 net.cpp:131] Top shape: 1 128 2 2 (512)
I0923 17:57:35.690042 2173940 net.cpp:131] Top shape: 1 128 2 2 (512)
I0923 17:57:35.690042 2173940 net.cpp:131] Top shape: 1 128 2 2 (512)
I0923 17:57:35.690043 2173940 net.cpp:131] Top shape: 1 128 2 2 (512)
I0923 17:57:35.690044 2173940 net.cpp:131] Top shape: 1 128 2 2 (512)
I0923 17:57:35.690047 2173940 net.cpp:131] Top shape: 1 128 2 2 (512)
I0923 17:57:35.690047 2173940 net.cpp:139] Memory required for data: 613376
I0923 17:57:35.690048 2173940 layer_factory.hpp:77] Creating layer Mconv1_stage0_L2_0
I0923 17:57:35.690050 2173940 net.cpp:86] Creating Layer Mconv1_stage0_L2_0
I0923 17:57:35.690052 2173940 net.cpp:408] Mconv1_stage0_L2_0 <- conv4_4_CPM_prelu4_4_CPM_0_split_0
I0923 17:57:35.690056 2173940 net.cpp:382] Mconv1_stage0_L2_0 -> Mconv1_stage0_L2_0
I0923 17:57:35.698334 2173940 net.cpp:124] Setting up Mconv1_stage0_L2_0
I0923 17:57:35.698339 2173940 net.cpp:131] Top shape: 1 96 2 2 (384)
I0923 17:57:35.698341 2173940 net.cpp:139] Memory required for data: 614912
I0923 17:57:35.698343 2173940 layer_factory.hpp:77] Creating layer Mprelu1_stage0_L2_0
I0923 17:57:35.698346 2173940 net.cpp:86] Creating Layer Mprelu1_stage0_L2_0
I0923 17:57:35.698347 2173940 net.cpp:408] Mprelu1_stage0_L2_0 <- Mconv1_stage0_L2_0
I0923 17:57:35.698349 2173940 net.cpp:369] Mprelu1_stage0_L2_0 -> Mconv1_stage0_L2_0 (in-place)
I0923 17:57:35.698369 2173940 net.cpp:124] Setting up Mprelu1_stage0_L2_0
I0923 17:57:35.698370 2173940 net.cpp:131] Top shape: 1 96 2 2 (384)
I0923 17:57:35.698372 2173940 net.cpp:139] Memory required for data: 616448
I0923 17:57:35.698374 2173940 layer_factory.hpp:77] Creating layer Mconv1_stage0_L2_0_Mprelu1_stage0_L2_0_0_split
I0923 17:57:35.698375 2173940 net.cpp:86] Creating Layer Mconv1_stage0_L2_0_Mprelu1_stage0_L2_0_0_split
I0923 17:57:35.698376 2173940 net.cpp:408] Mconv1_stage0_L2_0_Mprelu1_stage0_L2_0_0_split <- Mconv1_stage0_L2_0
I0923 17:57:35.698377 2173940 net.cpp:382] Mconv1_stage0_L2_0_Mprelu1_stage0_L2_0_0_split -> Mconv1_stage0_L2_0_Mprelu1_stage0_L2_0_0_split_0
I0923 17:57:35.698380 2173940 net.cpp:382] Mconv1_stage0_L2_0_Mprelu1_stage0_L2_0_0_split -> Mconv1_stage0_L2_0_Mprelu1_stage0_L2_0_0_split_1
I0923 17:57:35.698385 2173940 net.cpp:124] Setting up Mconv1_stage0_L2_0_Mprelu1_stage0_L2_0_0_split
I0923 17:57:35.698387 2173940 net.cpp:131] Top shape: 1 96 2 2 (384)
I0923 17:57:35.698388 2173940 net.cpp:131] Top shape: 1 96 2 2 (384)
I0923 17:57:35.698390 2173940 net.cpp:139] Memory required for data: 619520
I0923 17:57:35.698390 2173940 layer_factory.hpp:77] Creating layer Mconv1_stage0_L2_1
I0923 17:57:35.698393 2173940 net.cpp:86] Creating Layer Mconv1_stage0_L2_1
I0923 17:57:35.698395 2173940 net.cpp:408] Mconv1_stage0_L2_1 <- Mconv1_stage0_L2_0_Mprelu1_stage0_L2_0_0_split_0
I0923 17:57:35.698396 2173940 net.cpp:382] Mconv1_stage0_L2_1 -> Mconv1_stage0_L2_1
I0923 17:57:35.707404 2173940 net.cpp:124] Setting up Mconv1_stage0_L2_1
I0923 17:57:35.707409 2173940 net.cpp:131] Top shape: 1 96 2 2 (384)
I0923 17:57:35.707412 2173940 net.cpp:139] Memory required for data: 621056
I0923 17:57:35.707413 2173940 layer_factory.hpp:77] Creating layer Mprelu1_stage0_L2_1
I0923 17:57:35.707415 2173940 net.cpp:86] Creating Layer Mprelu1_stage0_L2_1
I0923 17:57:35.707417 2173940 net.cpp:408] Mprelu1_stage0_L2_1 <- Mconv1_stage0_L2_1
I0923 17:57:35.707419 2173940 net.cpp:369] Mprelu1_stage0_L2_1 -> Mconv1_stage0_L2_1 (in-place)
I0923 17:57:35.707438 2173940 net.cpp:124] Setting up Mprelu1_stage0_L2_1
I0923 17:57:35.707439 2173940 net.cpp:131] Top shape: 1 96 2 2 (384)
I0923 17:57:35.707440 2173940 net.cpp:139] Memory required for data: 622592
I0923 17:57:35.707443 2173940 layer_factory.hpp:77] Creating layer Mconv1_stage0_L2_1_Mprelu1_stage0_L2_1_0_split
I0923 17:57:35.707444 2173940 net.cpp:86] Creating Layer Mconv1_stage0_L2_1_Mprelu1_stage0_L2_1_0_split
I0923 17:57:35.707446 2173940 net.cpp:408] Mconv1_stage0_L2_1_Mprelu1_stage0_L2_1_0_split <- Mconv1_stage0_L2_1
I0923 17:57:35.707448 2173940 net.cpp:382] Mconv1_stage0_L2_1_Mprelu1_stage0_L2_1_0_split -> Mconv1_stage0_L2_1_Mprelu1_stage0_L2_1_0_split_0
I0923 17:57:35.707450 2173940 net.cpp:382] Mconv1_stage0_L2_1_Mprelu1_stage0_L2_1_0_split -> Mconv1_stage0_L2_1_Mprelu1_stage0_L2_1_0_split_1
I0923 17:57:35.707458 2173940 net.cpp:124] Setting up Mconv1_stage0_L2_1_Mprelu1_stage0_L2_1_0_split
I0923 17:57:35.707458 2173940 net.cpp:131] Top shape: 1 96 2 2 (384)
I0923 17:57:35.707459 2173940 net.cpp:131] Top shape: 1 96 2 2 (384)
I0923 17:57:35.707461 2173940 net.cpp:139] Memory required for data: 625664
I0923 17:57:35.707463 2173940 layer_factory.hpp:77] Creating layer Mconv1_stage0_L2_2
I0923 17:57:35.707464 2173940 net.cpp:86] Creating Layer Mconv1_stage0_L2_2
I0923 17:57:35.707465 2173940 net.cpp:408] Mconv1_stage0_L2_2 <- Mconv1_stage0_L2_1_Mprelu1_stage0_L2_1_0_split_0
I0923 17:57:35.707468 2173940 net.cpp:382] Mconv1_stage0_L2_2 -> Mconv1_stage0_L2_2
I0923 17:57:35.715756 2173940 net.cpp:124] Setting up Mconv1_stage0_L2_2
I0923 17:57:35.715761 2173940 net.cpp:131] Top shape: 1 96 2 2 (384)
I0923 17:57:35.715763 2173940 net.cpp:139] Memory required for data: 627200
I0923 17:57:35.715765 2173940 layer_factory.hpp:77] Creating layer Mprelu1_stage0_L2_2
I0923 17:57:35.715768 2173940 net.cpp:86] Creating Layer Mprelu1_stage0_L2_2
I0923 17:57:35.715770 2173940 net.cpp:408] Mprelu1_stage0_L2_2 <- Mconv1_stage0_L2_2
I0923 17:57:35.715772 2173940 net.cpp:369] Mprelu1_stage0_L2_2 -> Mconv1_stage0_L2_2 (in-place)
I0923 17:57:35.715791 2173940 net.cpp:124] Setting up Mprelu1_stage0_L2_2
I0923 17:57:35.715792 2173940 net.cpp:131] Top shape: 1 96 2 2 (384)
I0923 17:57:35.715794 2173940 net.cpp:139] Memory required for data: 628736
I0923 17:57:35.715795 2173940 layer_factory.hpp:77] Creating layer Mconv1_stage0_L2_concat
I0923 17:57:35.715798 2173940 net.cpp:86] Creating Layer Mconv1_stage0_L2_concat
I0923 17:57:35.715799 2173940 net.cpp:408] Mconv1_stage0_L2_concat <- Mconv1_stage0_L2_0_Mprelu1_stage0_L2_0_0_split_1
I0923 17:57:35.715801 2173940 net.cpp:408] Mconv1_stage0_L2_concat <- Mconv1_stage0_L2_1_Mprelu1_stage0_L2_1_0_split_1
I0923 17:57:35.715802 2173940 net.cpp:408] Mconv1_stage0_L2_concat <- Mconv1_stage0_L2_2
I0923 17:57:35.715804 2173940 net.cpp:382] Mconv1_stage0_L2_concat -> Mconv1_stage0_L2_concat
I0923 17:57:35.715816 2173940 net.cpp:124] Setting up Mconv1_stage0_L2_concat
I0923 17:57:35.715816 2173940 net.cpp:131] Top shape: 1 288 2 2 (1152)
I0923 17:57:35.715818 2173940 net.cpp:139] Memory required for data: 633344
I0923 17:57:35.715819 2173940 layer_factory.hpp:77] Creating layer Mconv2_stage0_L2_0
I0923 17:57:35.715822 2173940 net.cpp:86] Creating Layer Mconv2_stage0_L2_0
I0923 17:57:35.715823 2173940 net.cpp:408] Mconv2_stage0_L2_0 <- Mconv1_stage0_L2_concat
I0923 17:57:35.715826 2173940 net.cpp:382] Mconv2_stage0_L2_0 -> Mconv2_stage0_L2_0
I0923 17:57:35.723981 2173940 net.cpp:124] Setting up Mconv2_stage0_L2_0
I0923 17:57:35.723986 2173940 net.cpp:131] Top shape: 1 96 2 2 (384)
I0923 17:57:35.723989 2173940 net.cpp:139] Memory required for data: 634880
I0923 17:57:35.723990 2173940 layer_factory.hpp:77] Creating layer Mprelu2_stage0_L2_0
I0923 17:57:35.723994 2173940 net.cpp:86] Creating Layer Mprelu2_stage0_L2_0
I0923 17:57:35.723995 2173940 net.cpp:408] Mprelu2_stage0_L2_0 <- Mconv2_stage0_L2_0
I0923 17:57:35.723997 2173940 net.cpp:369] Mprelu2_stage0_L2_0 -> Mconv2_stage0_L2_0 (in-place)
I0923 17:57:35.724016 2173940 net.cpp:124] Setting up Mprelu2_stage0_L2_0
I0923 17:57:35.724017 2173940 net.cpp:131] Top shape: 1 96 2 2 (384)
I0923 17:57:35.724020 2173940 net.cpp:139] Memory required for data: 636416
I0923 17:57:35.724020 2173940 layer_factory.hpp:77] Creating layer Mconv2_stage0_L2_0_Mprelu2_stage0_L2_0_0_split
I0923 17:57:35.724022 2173940 net.cpp:86] Creating Layer Mconv2_stage0_L2_0_Mprelu2_stage0_L2_0_0_split
I0923 17:57:35.724023 2173940 net.cpp:408] Mconv2_stage0_L2_0_Mprelu2_stage0_L2_0_0_split <- Mconv2_stage0_L2_0
I0923 17:57:35.724025 2173940 net.cpp:382] Mconv2_stage0_L2_0_Mprelu2_stage0_L2_0_0_split -> Mconv2_stage0_L2_0_Mprelu2_stage0_L2_0_0_split_0
I0923 17:57:35.724027 2173940 net.cpp:382] Mconv2_stage0_L2_0_Mprelu2_stage0_L2_0_0_split -> Mconv2_stage0_L2_0_Mprelu2_stage0_L2_0_0_split_1
I0923 17:57:35.724035 2173940 net.cpp:124] Setting up Mconv2_stage0_L2_0_Mprelu2_stage0_L2_0_0_split
I0923 17:57:35.724035 2173940 net.cpp:131] Top shape: 1 96 2 2 (384)
I0923 17:57:35.724036 2173940 net.cpp:131] Top shape: 1 96 2 2 (384)
I0923 17:57:35.724037 2173940 net.cpp:139] Memory required for data: 639488
I0923 17:57:35.724038 2173940 layer_factory.hpp:77] Creating layer Mconv2_stage0_L2_1
I0923 17:57:35.724041 2173940 net.cpp:86] Creating Layer Mconv2_stage0_L2_1
I0923 17:57:35.724042 2173940 net.cpp:408] Mconv2_stage0_L2_1 <- Mconv2_stage0_L2_0_Mprelu2_stage0_L2_0_0_split_0
I0923 17:57:35.724044 2173940 net.cpp:382] Mconv2_stage0_L2_1 -> Mconv2_stage0_L2_1
I0923 17:57:35.733214 2173940 net.cpp:124] Setting up Mconv2_stage0_L2_1
I0923 17:57:35.733219 2173940 net.cpp:131] Top shape: 1 96 2 2 (384)
I0923 17:57:35.733222 2173940 net.cpp:139] Memory required for data: 641024
I0923 17:57:35.733223 2173940 layer_factory.hpp:77] Creating layer Mprelu2_stage0_L2_1
I0923 17:57:35.733227 2173940 net.cpp:86] Creating Layer Mprelu2_stage0_L2_1
I0923 17:57:35.733227 2173940 net.cpp:408] Mprelu2_stage0_L2_1 <- Mconv2_stage0_L2_1
I0923 17:57:35.733229 2173940 net.cpp:369] Mprelu2_stage0_L2_1 -> Mconv2_stage0_L2_1 (in-place)
I0923 17:57:35.733248 2173940 net.cpp:124] Setting up Mprelu2_stage0_L2_1
I0923 17:57:35.733249 2173940 net.cpp:131] Top shape: 1 96 2 2 (384)
I0923 17:57:35.733251 2173940 net.cpp:139] Memory required for data: 642560
I0923 17:57:35.733253 2173940 layer_factory.hpp:77] Creating layer Mconv2_stage0_L2_1_Mprelu2_stage0_L2_1_0_split
I0923 17:57:35.733254 2173940 net.cpp:86] Creating Layer Mconv2_stage0_L2_1_Mprelu2_stage0_L2_1_0_split
I0923 17:57:35.733255 2173940 net.cpp:408] Mconv2_stage0_L2_1_Mprelu2_stage0_L2_1_0_split <- Mconv2_stage0_L2_1
I0923 17:57:35.733258 2173940 net.cpp:382] Mconv2_stage0_L2_1_Mprelu2_stage0_L2_1_0_split -> Mconv2_stage0_L2_1_Mprelu2_stage0_L2_1_0_split_0
I0923 17:57:35.733259 2173940 net.cpp:382] Mconv2_stage0_L2_1_Mprelu2_stage0_L2_1_0_split -> Mconv2_stage0_L2_1_Mprelu2_stage0_L2_1_0_split_1
I0923 17:57:35.733266 2173940 net.cpp:124] Setting up Mconv2_stage0_L2_1_Mprelu2_stage0_L2_1_0_split
I0923 17:57:35.733268 2173940 net.cpp:131] Top shape: 1 96 2 2 (384)
I0923 17:57:35.733268 2173940 net.cpp:131] Top shape: 1 96 2 2 (384)
I0923 17:57:35.733269 2173940 net.cpp:139] Memory required for data: 645632
I0923 17:57:35.733270 2173940 layer_factory.hpp:77] Creating layer Mconv2_stage0_L2_2
I0923 17:57:35.733273 2173940 net.cpp:86] Creating Layer Mconv2_stage0_L2_2
I0923 17:57:35.733274 2173940 net.cpp:408] Mconv2_stage0_L2_2 <- Mconv2_stage0_L2_1_Mprelu2_stage0_L2_1_0_split_0
I0923 17:57:35.733276 2173940 net.cpp:382] Mconv2_stage0_L2_2 -> Mconv2_stage0_L2_2
I0923 17:57:35.742314 2173940 net.cpp:124] Setting up Mconv2_stage0_L2_2
I0923 17:57:35.742321 2173940 net.cpp:131] Top shape: 1 96 2 2 (384)
I0923 17:57:35.742322 2173940 net.cpp:139] Memory required for data: 647168
I0923 17:57:35.742324 2173940 layer_factory.hpp:77] Creating layer Mprelu2_stage0_L2_2
I0923 17:57:35.742326 2173940 net.cpp:86] Creating Layer Mprelu2_stage0_L2_2
I0923 17:57:35.742328 2173940 net.cpp:408] Mprelu2_stage0_L2_2 <- Mconv2_stage0_L2_2
I0923 17:57:35.742331 2173940 net.cpp:369] Mprelu2_stage0_L2_2 -> Mconv2_stage0_L2_2 (in-place)
I0923 17:57:35.742349 2173940 net.cpp:124] Setting up Mprelu2_stage0_L2_2
I0923 17:57:35.742350 2173940 net.cpp:131] Top shape: 1 96 2 2 (384)
I0923 17:57:35.742352 2173940 net.cpp:139] Memory required for data: 648704
I0923 17:57:35.742353 2173940 layer_factory.hpp:77] Creating layer Mconv2_stage0_L2_concat
I0923 17:57:35.742355 2173940 net.cpp:86] Creating Layer Mconv2_stage0_L2_concat
I0923 17:57:35.742357 2173940 net.cpp:408] Mconv2_stage0_L2_concat <- Mconv2_stage0_L2_0_Mprelu2_stage0_L2_0_0_split_1
I0923 17:57:35.742358 2173940 net.cpp:408] Mconv2_stage0_L2_concat <- Mconv2_stage0_L2_1_Mprelu2_stage0_L2_1_0_split_1
I0923 17:57:35.742359 2173940 net.cpp:408] Mconv2_stage0_L2_concat <- Mconv2_stage0_L2_2
I0923 17:57:35.742362 2173940 net.cpp:382] Mconv2_stage0_L2_concat -> Mconv2_stage0_L2_concat
I0923 17:57:35.742367 2173940 net.cpp:124] Setting up Mconv2_stage0_L2_concat
I0923 17:57:35.742367 2173940 net.cpp:131] Top shape: 1 288 2 2 (1152)
I0923 17:57:35.742368 2173940 net.cpp:139] Memory required for data: 653312
I0923 17:57:35.742369 2173940 layer_factory.hpp:77] Creating layer Mconv3_stage0_L2_0
I0923 17:57:35.742372 2173940 net.cpp:86] Creating Layer Mconv3_stage0_L2_0
I0923 17:57:35.742373 2173940 net.cpp:408] Mconv3_stage0_L2_0 <- Mconv2_stage0_L2_concat
I0923 17:57:35.742375 2173940 net.cpp:382] Mconv3_stage0_L2_0 -> Mconv3_stage0_L2_0
I0923 17:57:35.750613 2173940 net.cpp:124] Setting up Mconv3_stage0_L2_0
I0923 17:57:35.750618 2173940 net.cpp:131] Top shape: 1 96 2 2 (384)
I0923 17:57:35.750620 2173940 net.cpp:139] Memory required for data: 654848
I0923 17:57:35.750622 2173940 layer_factory.hpp:77] Creating layer Mprelu3_stage0_L2_0
I0923 17:57:35.750625 2173940 net.cpp:86] Creating Layer Mprelu3_stage0_L2_0
I0923 17:57:35.750626 2173940 net.cpp:408] Mprelu3_stage0_L2_0 <- Mconv3_stage0_L2_0
I0923 17:57:35.750628 2173940 net.cpp:369] Mprelu3_stage0_L2_0 -> Mconv3_stage0_L2_0 (in-place)
I0923 17:57:35.750649 2173940 net.cpp:124] Setting up Mprelu3_stage0_L2_0
I0923 17:57:35.750650 2173940 net.cpp:131] Top shape: 1 96 2 2 (384)
I0923 17:57:35.750651 2173940 net.cpp:139] Memory required for data: 656384
I0923 17:57:35.750653 2173940 layer_factory.hpp:77] Creating layer Mconv3_stage0_L2_0_Mprelu3_stage0_L2_0_0_split
I0923 17:57:35.750655 2173940 net.cpp:86] Creating Layer Mconv3_stage0_L2_0_Mprelu3_stage0_L2_0_0_split
I0923 17:57:35.750656 2173940 net.cpp:408] Mconv3_stage0_L2_0_Mprelu3_stage0_L2_0_0_split <- Mconv3_stage0_L2_0
I0923 17:57:35.750658 2173940 net.cpp:382] Mconv3_stage0_L2_0_Mprelu3_stage0_L2_0_0_split -> Mconv3_stage0_L2_0_Mprelu3_stage0_L2_0_0_split_0
I0923 17:57:35.750660 2173940 net.cpp:382] Mconv3_stage0_L2_0_Mprelu3_stage0_L2_0_0_split -> Mconv3_stage0_L2_0_Mprelu3_stage0_L2_0_0_split_1
I0923 17:57:35.750666 2173940 net.cpp:124] Setting up Mconv3_stage0_L2_0_Mprelu3_stage0_L2_0_0_split
I0923 17:57:35.750667 2173940 net.cpp:131] Top shape: 1 96 2 2 (384)
I0923 17:57:35.750669 2173940 net.cpp:131] Top shape: 1 96 2 2 (384)
I0923 17:57:35.750669 2173940 net.cpp:139] Memory required for data: 659456
I0923 17:57:35.750670 2173940 layer_factory.hpp:77] Creating layer Mconv3_stage0_L2_1
I0923 17:57:35.750674 2173940 net.cpp:86] Creating Layer Mconv3_stage0_L2_1
I0923 17:57:35.750674 2173940 net.cpp:408] Mconv3_stage0_L2_1 <- Mconv3_stage0_L2_0_Mprelu3_stage0_L2_0_0_split_0
I0923 17:57:35.750676 2173940 net.cpp:382] Mconv3_stage0_L2_1 -> Mconv3_stage0_L2_1
I0923 17:57:35.758863 2173940 net.cpp:124] Setting up Mconv3_stage0_L2_1
I0923 17:57:35.758868 2173940 net.cpp:131] Top shape: 1 96 2 2 (384)
I0923 17:57:35.758870 2173940 net.cpp:139] Memory required for data: 660992
I0923 17:57:35.758872 2173940 layer_factory.hpp:77] Creating layer Mprelu3_stage0_L2_1
I0923 17:57:35.758874 2173940 net.cpp:86] Creating Layer Mprelu3_stage0_L2_1
I0923 17:57:35.758876 2173940 net.cpp:408] Mprelu3_stage0_L2_1 <- Mconv3_stage0_L2_1
I0923 17:57:35.758878 2173940 net.cpp:369] Mprelu3_stage0_L2_1 -> Mconv3_stage0_L2_1 (in-place)
I0923 17:57:35.758898 2173940 net.cpp:124] Setting up Mprelu3_stage0_L2_1
I0923 17:57:35.758899 2173940 net.cpp:131] Top shape: 1 96 2 2 (384)
I0923 17:57:35.758900 2173940 net.cpp:139] Memory required for data: 662528
I0923 17:57:35.758901 2173940 layer_factory.hpp:77] Creating layer Mconv3_stage0_L2_1_Mprelu3_stage0_L2_1_0_split
I0923 17:57:35.758903 2173940 net.cpp:86] Creating Layer Mconv3_stage0_L2_1_Mprelu3_stage0_L2_1_0_split
I0923 17:57:35.758905 2173940 net.cpp:408] Mconv3_stage0_L2_1_Mprelu3_stage0_L2_1_0_split <- Mconv3_stage0_L2_1
I0923 17:57:35.758906 2173940 net.cpp:382] Mconv3_stage0_L2_1_Mprelu3_stage0_L2_1_0_split -> Mconv3_stage0_L2_1_Mprelu3_stage0_L2_1_0_split_0
I0923 17:57:35.758909 2173940 net.cpp:382] Mconv3_stage0_L2_1_Mprelu3_stage0_L2_1_0_split -> Mconv3_stage0_L2_1_Mprelu3_stage0_L2_1_0_split_1
I0923 17:57:35.758915 2173940 net.cpp:124] Setting up Mconv3_stage0_L2_1_Mprelu3_stage0_L2_1_0_split
I0923 17:57:35.758916 2173940 net.cpp:131] Top shape: 1 96 2 2 (384)
I0923 17:57:35.758917 2173940 net.cpp:131] Top shape: 1 96 2 2 (384)
I0923 17:57:35.758919 2173940 net.cpp:139] Memory required for data: 665600
I0923 17:57:35.758919 2173940 layer_factory.hpp:77] Creating layer Mconv3_stage0_L2_2
I0923 17:57:35.758922 2173940 net.cpp:86] Creating Layer Mconv3_stage0_L2_2
I0923 17:57:35.758924 2173940 net.cpp:408] Mconv3_stage0_L2_2 <- Mconv3_stage0_L2_1_Mprelu3_stage0_L2_1_0_split_0
I0923 17:57:35.758925 2173940 net.cpp:382] Mconv3_stage0_L2_2 -> Mconv3_stage0_L2_2
I0923 17:57:35.767146 2173940 net.cpp:124] Setting up Mconv3_stage0_L2_2
I0923 17:57:35.767151 2173940 net.cpp:131] Top shape: 1 96 2 2 (384)
I0923 17:57:35.767153 2173940 net.cpp:139] Memory required for data: 667136
I0923 17:57:35.767155 2173940 layer_factory.hpp:77] Creating layer Mprelu3_stage0_L2_2
I0923 17:57:35.767158 2173940 net.cpp:86] Creating Layer Mprelu3_stage0_L2_2
I0923 17:57:35.767160 2173940 net.cpp:408] Mprelu3_stage0_L2_2 <- Mconv3_stage0_L2_2
I0923 17:57:35.767162 2173940 net.cpp:369] Mprelu3_stage0_L2_2 -> Mconv3_stage0_L2_2 (in-place)
I0923 17:57:35.767182 2173940 net.cpp:124] Setting up Mprelu3_stage0_L2_2
I0923 17:57:35.767184 2173940 net.cpp:131] Top shape: 1 96 2 2 (384)
I0923 17:57:35.767185 2173940 net.cpp:139] Memory required for data: 668672
I0923 17:57:35.767186 2173940 layer_factory.hpp:77] Creating layer Mconv3_stage0_L2_concat
I0923 17:57:35.767189 2173940 net.cpp:86] Creating Layer Mconv3_stage0_L2_concat
I0923 17:57:35.767189 2173940 net.cpp:408] Mconv3_stage0_L2_concat <- Mconv3_stage0_L2_0_Mprelu3_stage0_L2_0_0_split_1
I0923 17:57:35.767191 2173940 net.cpp:408] Mconv3_stage0_L2_concat <- Mconv3_stage0_L2_1_Mprelu3_stage0_L2_1_0_split_1
I0923 17:57:35.767192 2173940 net.cpp:408] Mconv3_stage0_L2_concat <- Mconv3_stage0_L2_2
I0923 17:57:35.767194 2173940 net.cpp:382] Mconv3_stage0_L2_concat -> Mconv3_stage0_L2_concat
I0923 17:57:35.767198 2173940 net.cpp:124] Setting up Mconv3_stage0_L2_concat
I0923 17:57:35.767200 2173940 net.cpp:131] Top shape: 1 288 2 2 (1152)
I0923 17:57:35.767201 2173940 net.cpp:139] Memory required for data: 673280
I0923 17:57:35.767202 2173940 layer_factory.hpp:77] Creating layer Mconv4_stage0_L2_0
I0923 17:57:35.767205 2173940 net.cpp:86] Creating Layer Mconv4_stage0_L2_0
I0923 17:57:35.767206 2173940 net.cpp:408] Mconv4_stage0_L2_0 <- Mconv3_stage0_L2_concat
I0923 17:57:35.767208 2173940 net.cpp:382] Mconv4_stage0_L2_0 -> Mconv4_stage0_L2_0
I0923 17:57:35.775964 2173940 net.cpp:124] Setting up Mconv4_stage0_L2_0
I0923 17:57:35.775970 2173940 net.cpp:131] Top shape: 1 96 2 2 (384)
I0923 17:57:35.775972 2173940 net.cpp:139] Memory required for data: 674816
I0923 17:57:35.775974 2173940 layer_factory.hpp:77] Creating layer Mprelu4_stage0_L2_0
I0923 17:57:35.775976 2173940 net.cpp:86] Creating Layer Mprelu4_stage0_L2_0
I0923 17:57:35.775978 2173940 net.cpp:408] Mprelu4_stage0_L2_0 <- Mconv4_stage0_L2_0
I0923 17:57:35.775980 2173940 net.cpp:369] Mprelu4_stage0_L2_0 -> Mconv4_stage0_L2_0 (in-place)
I0923 17:57:35.776000 2173940 net.cpp:124] Setting up Mprelu4_stage0_L2_0
I0923 17:57:35.776001 2173940 net.cpp:131] Top shape: 1 96 2 2 (384)
I0923 17:57:35.776003 2173940 net.cpp:139] Memory required for data: 676352
I0923 17:57:35.776005 2173940 layer_factory.hpp:77] Creating layer Mconv4_stage0_L2_0_Mprelu4_stage0_L2_0_0_split
I0923 17:57:35.776006 2173940 net.cpp:86] Creating Layer Mconv4_stage0_L2_0_Mprelu4_stage0_L2_0_0_split
I0923 17:57:35.776007 2173940 net.cpp:408] Mconv4_stage0_L2_0_Mprelu4_stage0_L2_0_0_split <- Mconv4_stage0_L2_0
I0923 17:57:35.776010 2173940 net.cpp:382] Mconv4_stage0_L2_0_Mprelu4_stage0_L2_0_0_split -> Mconv4_stage0_L2_0_Mprelu4_stage0_L2_0_0_split_0
I0923 17:57:35.776011 2173940 net.cpp:382] Mconv4_stage0_L2_0_Mprelu4_stage0_L2_0_0_split -> Mconv4_stage0_L2_0_Mprelu4_stage0_L2_0_0_split_1
I0923 17:57:35.776017 2173940 net.cpp:124] Setting up Mconv4_stage0_L2_0_Mprelu4_stage0_L2_0_0_split
I0923 17:57:35.776019 2173940 net.cpp:131] Top shape: 1 96 2 2 (384)
I0923 17:57:35.776021 2173940 net.cpp:131] Top shape: 1 96 2 2 (384)
I0923 17:57:35.776021 2173940 net.cpp:139] Memory required for data: 679424
I0923 17:57:35.776022 2173940 layer_factory.hpp:77] Creating layer Mconv4_stage0_L2_1
I0923 17:57:35.776026 2173940 net.cpp:86] Creating Layer Mconv4_stage0_L2_1
I0923 17:57:35.776026 2173940 net.cpp:408] Mconv4_stage0_L2_1 <- Mconv4_stage0_L2_0_Mprelu4_stage0_L2_0_0_split_0
I0923 17:57:35.776028 2173940 net.cpp:382] Mconv4_stage0_L2_1 -> Mconv4_stage0_L2_1
I0923 17:57:35.784119 2173940 net.cpp:124] Setting up Mconv4_stage0_L2_1
I0923 17:57:35.784124 2173940 net.cpp:131] Top shape: 1 96 2 2 (384)
I0923 17:57:35.784126 2173940 net.cpp:139] Memory required for data: 680960
I0923 17:57:35.784128 2173940 layer_factory.hpp:77] Creating layer Mprelu4_stage0_L2_1
I0923 17:57:35.784132 2173940 net.cpp:86] Creating Layer Mprelu4_stage0_L2_1
I0923 17:57:35.784132 2173940 net.cpp:408] Mprelu4_stage0_L2_1 <- Mconv4_stage0_L2_1
I0923 17:57:35.784134 2173940 net.cpp:369] Mprelu4_stage0_L2_1 -> Mconv4_stage0_L2_1 (in-place)
I0923 17:57:35.784155 2173940 net.cpp:124] Setting up Mprelu4_stage0_L2_1
I0923 17:57:35.784157 2173940 net.cpp:131] Top shape: 1 96 2 2 (384)
I0923 17:57:35.784157 2173940 net.cpp:139] Memory required for data: 682496
I0923 17:57:35.784158 2173940 layer_factory.hpp:77] Creating layer Mconv4_stage0_L2_1_Mprelu4_stage0_L2_1_0_split
I0923 17:57:35.784160 2173940 net.cpp:86] Creating Layer Mconv4_stage0_L2_1_Mprelu4_stage0_L2_1_0_split
I0923 17:57:35.784161 2173940 net.cpp:408] Mconv4_stage0_L2_1_Mprelu4_stage0_L2_1_0_split <- Mconv4_stage0_L2_1
I0923 17:57:35.784163 2173940 net.cpp:382] Mconv4_stage0_L2_1_Mprelu4_stage0_L2_1_0_split -> Mconv4_stage0_L2_1_Mprelu4_stage0_L2_1_0_split_0
I0923 17:57:35.784165 2173940 net.cpp:382] Mconv4_stage0_L2_1_Mprelu4_stage0_L2_1_0_split -> Mconv4_stage0_L2_1_Mprelu4_stage0_L2_1_0_split_1
I0923 17:57:35.784171 2173940 net.cpp:124] Setting up Mconv4_stage0_L2_1_Mprelu4_stage0_L2_1_0_split
I0923 17:57:35.784173 2173940 net.cpp:131] Top shape: 1 96 2 2 (384)
I0923 17:57:35.784174 2173940 net.cpp:131] Top shape: 1 96 2 2 (384)
I0923 17:57:35.784175 2173940 net.cpp:139] Memory required for data: 685568
I0923 17:57:35.784176 2173940 layer_factory.hpp:77] Creating layer Mconv4_stage0_L2_2
I0923 17:57:35.784178 2173940 net.cpp:86] Creating Layer Mconv4_stage0_L2_2
I0923 17:57:35.784180 2173940 net.cpp:408] Mconv4_stage0_L2_2 <- Mconv4_stage0_L2_1_Mprelu4_stage0_L2_1_0_split_0
I0923 17:57:35.784181 2173940 net.cpp:382] Mconv4_stage0_L2_2 -> Mconv4_stage0_L2_2
I0923 17:57:35.792944 2173940 net.cpp:124] Setting up Mconv4_stage0_L2_2
I0923 17:57:35.792949 2173940 net.cpp:131] Top shape: 1 96 2 2 (384)
I0923 17:57:35.792951 2173940 net.cpp:139] Memory required for data: 687104
I0923 17:57:35.792953 2173940 layer_factory.hpp:77] Creating layer Mprelu4_stage0_L2_2
I0923 17:57:35.792956 2173940 net.cpp:86] Creating Layer Mprelu4_stage0_L2_2
I0923 17:57:35.792958 2173940 net.cpp:408] Mprelu4_stage0_L2_2 <- Mconv4_stage0_L2_2
I0923 17:57:35.792959 2173940 net.cpp:369] Mprelu4_stage0_L2_2 -> Mconv4_stage0_L2_2 (in-place)
I0923 17:57:35.792980 2173940 net.cpp:124] Setting up Mprelu4_stage0_L2_2
I0923 17:57:35.792981 2173940 net.cpp:131] Top shape: 1 96 2 2 (384)
I0923 17:57:35.792982 2173940 net.cpp:139] Memory required for data: 688640
I0923 17:57:35.792984 2173940 layer_factory.hpp:77] Creating layer Mconv4_stage0_L2_concat
I0923 17:57:35.792986 2173940 net.cpp:86] Creating Layer Mconv4_stage0_L2_concat
I0923 17:57:35.792987 2173940 net.cpp:408] Mconv4_stage0_L2_concat <- Mconv4_stage0_L2_0_Mprelu4_stage0_L2_0_0_split_1
I0923 17:57:35.792989 2173940 net.cpp:408] Mconv4_stage0_L2_concat <- Mconv4_stage0_L2_1_Mprelu4_stage0_L2_1_0_split_1
I0923 17:57:35.792990 2173940 net.cpp:408] Mconv4_stage0_L2_concat <- Mconv4_stage0_L2_2
I0923 17:57:35.792992 2173940 net.cpp:382] Mconv4_stage0_L2_concat -> Mconv4_stage0_L2_concat
I0923 17:57:35.792997 2173940 net.cpp:124] Setting up Mconv4_stage0_L2_concat
I0923 17:57:35.792999 2173940 net.cpp:131] Top shape: 1 288 2 2 (1152)
I0923 17:57:35.793000 2173940 net.cpp:139] Memory required for data: 693248
I0923 17:57:35.793001 2173940 layer_factory.hpp:77] Creating layer Mconv5_stage0_L2_0
I0923 17:57:35.793004 2173940 net.cpp:86] Creating Layer Mconv5_stage0_L2_0
I0923 17:57:35.793005 2173940 net.cpp:408] Mconv5_stage0_L2_0 <- Mconv4_stage0_L2_concat
I0923 17:57:35.793006 2173940 net.cpp:382] Mconv5_stage0_L2_0 -> Mconv5_stage0_L2_0
I0923 17:57:35.802011 2173940 net.cpp:124] Setting up Mconv5_stage0_L2_0
I0923 17:57:35.802016 2173940 net.cpp:131] Top shape: 1 96 2 2 (384)
I0923 17:57:35.802017 2173940 net.cpp:139] Memory required for data: 694784
I0923 17:57:35.802021 2173940 layer_factory.hpp:77] Creating layer Mprelu5_stage0_L2_0
I0923 17:57:35.802023 2173940 net.cpp:86] Creating Layer Mprelu5_stage0_L2_0
I0923 17:57:35.802026 2173940 net.cpp:408] Mprelu5_stage0_L2_0 <- Mconv5_stage0_L2_0
I0923 17:57:35.802027 2173940 net.cpp:369] Mprelu5_stage0_L2_0 -> Mconv5_stage0_L2_0 (in-place)
I0923 17:57:35.802047 2173940 net.cpp:124] Setting up Mprelu5_stage0_L2_0
I0923 17:57:35.802048 2173940 net.cpp:131] Top shape: 1 96 2 2 (384)
I0923 17:57:35.802049 2173940 net.cpp:139] Memory required for data: 696320
I0923 17:57:35.802050 2173940 layer_factory.hpp:77] Creating layer Mconv5_stage0_L2_0_Mprelu5_stage0_L2_0_0_split
I0923 17:57:35.802052 2173940 net.cpp:86] Creating Layer Mconv5_stage0_L2_0_Mprelu5_stage0_L2_0_0_split
I0923 17:57:35.802053 2173940 net.cpp:408] Mconv5_stage0_L2_0_Mprelu5_stage0_L2_0_0_split <- Mconv5_stage0_L2_0
I0923 17:57:35.802055 2173940 net.cpp:382] Mconv5_stage0_L2_0_Mprelu5_stage0_L2_0_0_split -> Mconv5_stage0_L2_0_Mprelu5_stage0_L2_0_0_split_0
I0923 17:57:35.802057 2173940 net.cpp:382] Mconv5_stage0_L2_0_Mprelu5_stage0_L2_0_0_split -> Mconv5_stage0_L2_0_Mprelu5_stage0_L2_0_0_split_1
I0923 17:57:35.802064 2173940 net.cpp:124] Setting up Mconv5_stage0_L2_0_Mprelu5_stage0_L2_0_0_split
I0923 17:57:35.802065 2173940 net.cpp:131] Top shape: 1 96 2 2 (384)
I0923 17:57:35.802066 2173940 net.cpp:131] Top shape: 1 96 2 2 (384)
I0923 17:57:35.802067 2173940 net.cpp:139] Memory required for data: 699392
I0923 17:57:35.802068 2173940 layer_factory.hpp:77] Creating layer Mconv5_stage0_L2_1
I0923 17:57:35.802071 2173940 net.cpp:86] Creating Layer Mconv5_stage0_L2_1
I0923 17:57:35.802073 2173940 net.cpp:408] Mconv5_stage0_L2_1 <- Mconv5_stage0_L2_0_Mprelu5_stage0_L2_0_0_split_0
I0923 17:57:35.802074 2173940 net.cpp:382] Mconv5_stage0_L2_1 -> Mconv5_stage0_L2_1
I0923 17:57:35.810741 2173940 net.cpp:124] Setting up Mconv5_stage0_L2_1
I0923 17:57:35.810746 2173940 net.cpp:131] Top shape: 1 96 2 2 (384)
I0923 17:57:35.810748 2173940 net.cpp:139] Memory required for data: 700928
I0923 17:57:35.810750 2173940 layer_factory.hpp:77] Creating layer Mprelu5_stage0_L2_1
I0923 17:57:35.810753 2173940 net.cpp:86] Creating Layer Mprelu5_stage0_L2_1
I0923 17:57:35.810755 2173940 net.cpp:408] Mprelu5_stage0_L2_1 <- Mconv5_stage0_L2_1
I0923 17:57:35.810757 2173940 net.cpp:369] Mprelu5_stage0_L2_1 -> Mconv5_stage0_L2_1 (in-place)
I0923 17:57:35.810779 2173940 net.cpp:124] Setting up Mprelu5_stage0_L2_1
I0923 17:57:35.810781 2173940 net.cpp:131] Top shape: 1 96 2 2 (384)
I0923 17:57:35.810782 2173940 net.cpp:139] Memory required for data: 702464
I0923 17:57:35.810783 2173940 layer_factory.hpp:77] Creating layer Mconv5_stage0_L2_1_Mprelu5_stage0_L2_1_0_split
I0923 17:57:35.810786 2173940 net.cpp:86] Creating Layer Mconv5_stage0_L2_1_Mprelu5_stage0_L2_1_0_split
I0923 17:57:35.810786 2173940 net.cpp:408] Mconv5_stage0_L2_1_Mprelu5_stage0_L2_1_0_split <- Mconv5_stage0_L2_1
I0923 17:57:35.810788 2173940 net.cpp:382] Mconv5_stage0_L2_1_Mprelu5_stage0_L2_1_0_split -> Mconv5_stage0_L2_1_Mprelu5_stage0_L2_1_0_split_0
I0923 17:57:35.810791 2173940 net.cpp:382] Mconv5_stage0_L2_1_Mprelu5_stage0_L2_1_0_split -> Mconv5_stage0_L2_1_Mprelu5_stage0_L2_1_0_split_1
I0923 17:57:35.810796 2173940 net.cpp:124] Setting up Mconv5_stage0_L2_1_Mprelu5_stage0_L2_1_0_split
I0923 17:57:35.810797 2173940 net.cpp:131] Top shape: 1 96 2 2 (384)
I0923 17:57:35.810798 2173940 net.cpp:131] Top shape: 1 96 2 2 (384)
I0923 17:57:35.810801 2173940 net.cpp:139] Memory required for data: 705536
I0923 17:57:35.810801 2173940 layer_factory.hpp:77] Creating layer Mconv5_stage0_L2_2
I0923 17:57:35.810803 2173940 net.cpp:86] Creating Layer Mconv5_stage0_L2_2
I0923 17:57:35.810804 2173940 net.cpp:408] Mconv5_stage0_L2_2 <- Mconv5_stage0_L2_1_Mprelu5_stage0_L2_1_0_split_0
I0923 17:57:35.810806 2173940 net.cpp:382] Mconv5_stage0_L2_2 -> Mconv5_stage0_L2_2
I0923 17:57:35.818559 2173940 net.cpp:124] Setting up Mconv5_stage0_L2_2
I0923 17:57:35.818563 2173940 net.cpp:131] Top shape: 1 96 2 2 (384)
I0923 17:57:35.818565 2173940 net.cpp:139] Memory required for data: 707072
I0923 17:57:35.818568 2173940 layer_factory.hpp:77] Creating layer Mprelu5_stage0_L2_2
I0923 17:57:35.818570 2173940 net.cpp:86] Creating Layer Mprelu5_stage0_L2_2
I0923 17:57:35.818572 2173940 net.cpp:408] Mprelu5_stage0_L2_2 <- Mconv5_stage0_L2_2
I0923 17:57:35.818574 2173940 net.cpp:369] Mprelu5_stage0_L2_2 -> Mconv5_stage0_L2_2 (in-place)
I0923 17:57:35.818595 2173940 net.cpp:124] Setting up Mprelu5_stage0_L2_2
I0923 17:57:35.818596 2173940 net.cpp:131] Top shape: 1 96 2 2 (384)
I0923 17:57:35.818598 2173940 net.cpp:139] Memory required for data: 708608
I0923 17:57:35.818598 2173940 layer_factory.hpp:77] Creating layer Mconv5_stage0_L2_concat
I0923 17:57:35.818600 2173940 net.cpp:86] Creating Layer Mconv5_stage0_L2_concat
I0923 17:57:35.818602 2173940 net.cpp:408] Mconv5_stage0_L2_concat <- Mconv5_stage0_L2_0_Mprelu5_stage0_L2_0_0_split_1
I0923 17:57:35.818603 2173940 net.cpp:408] Mconv5_stage0_L2_concat <- Mconv5_stage0_L2_1_Mprelu5_stage0_L2_1_0_split_1
I0923 17:57:35.818605 2173940 net.cpp:408] Mconv5_stage0_L2_concat <- Mconv5_stage0_L2_2
I0923 17:57:35.818606 2173940 net.cpp:382] Mconv5_stage0_L2_concat -> Mconv5_stage0_L2_concat
I0923 17:57:35.818611 2173940 net.cpp:124] Setting up Mconv5_stage0_L2_concat
I0923 17:57:35.818612 2173940 net.cpp:131] Top shape: 1 288 2 2 (1152)
I0923 17:57:35.818614 2173940 net.cpp:139] Memory required for data: 713216
I0923 17:57:35.818615 2173940 layer_factory.hpp:77] Creating layer Mconv6_stage0_L2
I0923 17:57:35.818619 2173940 net.cpp:86] Creating Layer Mconv6_stage0_L2
I0923 17:57:35.818619 2173940 net.cpp:408] Mconv6_stage0_L2 <- Mconv5_stage0_L2_concat
I0923 17:57:35.818621 2173940 net.cpp:382] Mconv6_stage0_L2 -> Mconv6_stage0_L2
I0923 17:57:35.836911 2173940 net.cpp:124] Setting up Mconv6_stage0_L2
I0923 17:57:35.836916 2173940 net.cpp:131] Top shape: 1 256 2 2 (1024)
I0923 17:57:35.836918 2173940 net.cpp:139] Memory required for data: 717312
I0923 17:57:35.836921 2173940 layer_factory.hpp:77] Creating layer Mprelu6_stage0_L2
I0923 17:57:35.836923 2173940 net.cpp:86] Creating Layer Mprelu6_stage0_L2
I0923 17:57:35.836925 2173940 net.cpp:408] Mprelu6_stage0_L2 <- Mconv6_stage0_L2
I0923 17:57:35.836927 2173940 net.cpp:369] Mprelu6_stage0_L2 -> Mconv6_stage0_L2 (in-place)
I0923 17:57:35.836949 2173940 net.cpp:124] Setting up Mprelu6_stage0_L2
I0923 17:57:35.836951 2173940 net.cpp:131] Top shape: 1 256 2 2 (1024)
I0923 17:57:35.836952 2173940 net.cpp:139] Memory required for data: 721408
I0923 17:57:35.836953 2173940 layer_factory.hpp:77] Creating layer Mconv7_stage0_L2
I0923 17:57:35.836956 2173940 net.cpp:86] Creating Layer Mconv7_stage0_L2
I0923 17:57:35.836957 2173940 net.cpp:408] Mconv7_stage0_L2 <- Mconv6_stage0_L2
I0923 17:57:35.836959 2173940 net.cpp:382] Mconv7_stage0_L2 -> Mconv7_stage0_L2
I0923 17:57:35.844851 2173940 net.cpp:124] Setting up Mconv7_stage0_L2
I0923 17:57:35.844856 2173940 net.cpp:131] Top shape: 1 52 2 2 (208)
I0923 17:57:35.844858 2173940 net.cpp:139] Memory required for data: 722240
I0923 17:57:35.844861 2173940 layer_factory.hpp:77] Creating layer concat_stage1_L2
I0923 17:57:35.844863 2173940 net.cpp:86] Creating Layer concat_stage1_L2
I0923 17:57:35.844866 2173940 net.cpp:408] concat_stage1_L2 <- conv4_4_CPM_prelu4_4_CPM_0_split_1
I0923 17:57:35.844867 2173940 net.cpp:408] concat_stage1_L2 <- Mconv7_stage0_L2
I0923 17:57:35.844869 2173940 net.cpp:382] concat_stage1_L2 -> concat_stage1_L2
I0923 17:57:35.844878 2173940 net.cpp:124] Setting up concat_stage1_L2
I0923 17:57:35.844879 2173940 net.cpp:131] Top shape: 1 180 2 2 (720)
I0923 17:57:35.844882 2173940 net.cpp:139] Memory required for data: 725120
I0923 17:57:35.844882 2173940 layer_factory.hpp:77] Creating layer Mconv1_stage1_L2_0
I0923 17:57:35.844884 2173940 net.cpp:86] Creating Layer Mconv1_stage1_L2_0
I0923 17:57:35.844885 2173940 net.cpp:408] Mconv1_stage1_L2_0 <- concat_stage1_L2
I0923 17:57:35.844889 2173940 net.cpp:382] Mconv1_stage1_L2_0 -> Mconv1_stage1_L2_0
I0923 17:57:35.854426 2173940 net.cpp:124] Setting up Mconv1_stage1_L2_0
I0923 17:57:35.854431 2173940 net.cpp:131] Top shape: 1 128 2 2 (512)
I0923 17:57:35.854434 2173940 net.cpp:139] Memory required for data: 727168
I0923 17:57:35.854436 2173940 layer_factory.hpp:77] Creating layer Mprelu1_stage1_L2_0
I0923 17:57:35.854439 2173940 net.cpp:86] Creating Layer Mprelu1_stage1_L2_0
I0923 17:57:35.854440 2173940 net.cpp:408] Mprelu1_stage1_L2_0 <- Mconv1_stage1_L2_0
I0923 17:57:35.854442 2173940 net.cpp:369] Mprelu1_stage1_L2_0 -> Mconv1_stage1_L2_0 (in-place)
I0923 17:57:35.854462 2173940 net.cpp:124] Setting up Mprelu1_stage1_L2_0
I0923 17:57:35.854463 2173940 net.cpp:131] Top shape: 1 128 2 2 (512)
I0923 17:57:35.854465 2173940 net.cpp:139] Memory required for data: 729216
I0923 17:57:35.854466 2173940 layer_factory.hpp:77] Creating layer Mconv1_stage1_L2_0_Mprelu1_stage1_L2_0_0_split
I0923 17:57:35.854468 2173940 net.cpp:86] Creating Layer Mconv1_stage1_L2_0_Mprelu1_stage1_L2_0_0_split
I0923 17:57:35.854470 2173940 net.cpp:408] Mconv1_stage1_L2_0_Mprelu1_stage1_L2_0_0_split <- Mconv1_stage1_L2_0
I0923 17:57:35.854471 2173940 net.cpp:382] Mconv1_stage1_L2_0_Mprelu1_stage1_L2_0_0_split -> Mconv1_stage1_L2_0_Mprelu1_stage1_L2_0_0_split_0
I0923 17:57:35.854473 2173940 net.cpp:382] Mconv1_stage1_L2_0_Mprelu1_stage1_L2_0_0_split -> Mconv1_stage1_L2_0_Mprelu1_stage1_L2_0_0_split_1
I0923 17:57:35.854480 2173940 net.cpp:124] Setting up Mconv1_stage1_L2_0_Mprelu1_stage1_L2_0_0_split
I0923 17:57:35.854481 2173940 net.cpp:131] Top shape: 1 128 2 2 (512)
I0923 17:57:35.854482 2173940 net.cpp:131] Top shape: 1 128 2 2 (512)
I0923 17:57:35.854483 2173940 net.cpp:139] Memory required for data: 733312
I0923 17:57:35.854485 2173940 layer_factory.hpp:77] Creating layer Mconv1_stage1_L2_1
I0923 17:57:35.854487 2173940 net.cpp:86] Creating Layer Mconv1_stage1_L2_1
I0923 17:57:35.854488 2173940 net.cpp:408] Mconv1_stage1_L2_1 <- Mconv1_stage1_L2_0_Mprelu1_stage1_L2_0_0_split_0
I0923 17:57:35.854490 2173940 net.cpp:382] Mconv1_stage1_L2_1 -> Mconv1_stage1_L2_1
I0923 17:57:35.862629 2173940 net.cpp:124] Setting up Mconv1_stage1_L2_1
I0923 17:57:35.862634 2173940 net.cpp:131] Top shape: 1 128 2 2 (512)
I0923 17:57:35.862636 2173940 net.cpp:139] Memory required for data: 735360
I0923 17:57:35.862638 2173940 layer_factory.hpp:77] Creating layer Mprelu1_stage1_L2_1
I0923 17:57:35.862641 2173940 net.cpp:86] Creating Layer Mprelu1_stage1_L2_1
I0923 17:57:35.862643 2173940 net.cpp:408] Mprelu1_stage1_L2_1 <- Mconv1_stage1_L2_1
I0923 17:57:35.862644 2173940 net.cpp:369] Mprelu1_stage1_L2_1 -> Mconv1_stage1_L2_1 (in-place)
I0923 17:57:35.862668 2173940 net.cpp:124] Setting up Mprelu1_stage1_L2_1
I0923 17:57:35.862668 2173940 net.cpp:131] Top shape: 1 128 2 2 (512)
I0923 17:57:35.862670 2173940 net.cpp:139] Memory required for data: 737408
I0923 17:57:35.862671 2173940 layer_factory.hpp:77] Creating layer Mconv1_stage1_L2_1_Mprelu1_stage1_L2_1_0_split
I0923 17:57:35.862672 2173940 net.cpp:86] Creating Layer Mconv1_stage1_L2_1_Mprelu1_stage1_L2_1_0_split
I0923 17:57:35.862674 2173940 net.cpp:408] Mconv1_stage1_L2_1_Mprelu1_stage1_L2_1_0_split <- Mconv1_stage1_L2_1
I0923 17:57:35.862675 2173940 net.cpp:382] Mconv1_stage1_L2_1_Mprelu1_stage1_L2_1_0_split -> Mconv1_stage1_L2_1_Mprelu1_stage1_L2_1_0_split_0
I0923 17:57:35.862679 2173940 net.cpp:382] Mconv1_stage1_L2_1_Mprelu1_stage1_L2_1_0_split -> Mconv1_stage1_L2_1_Mprelu1_stage1_L2_1_0_split_1
I0923 17:57:35.862684 2173940 net.cpp:124] Setting up Mconv1_stage1_L2_1_Mprelu1_stage1_L2_1_0_split
I0923 17:57:35.862686 2173940 net.cpp:131] Top shape: 1 128 2 2 (512)
I0923 17:57:35.862687 2173940 net.cpp:131] Top shape: 1 128 2 2 (512)
I0923 17:57:35.862689 2173940 net.cpp:139] Memory required for data: 741504
I0923 17:57:35.862689 2173940 layer_factory.hpp:77] Creating layer Mconv1_stage1_L2_2
I0923 17:57:35.862692 2173940 net.cpp:86] Creating Layer Mconv1_stage1_L2_2
I0923 17:57:35.862694 2173940 net.cpp:408] Mconv1_stage1_L2_2 <- Mconv1_stage1_L2_1_Mprelu1_stage1_L2_1_0_split_0
I0923 17:57:35.862695 2173940 net.cpp:382] Mconv1_stage1_L2_2 -> Mconv1_stage1_L2_2
I0923 17:57:35.870541 2173940 net.cpp:124] Setting up Mconv1_stage1_L2_2
I0923 17:57:35.870548 2173940 net.cpp:131] Top shape: 1 128 2 2 (512)
I0923 17:57:35.870549 2173940 net.cpp:139] Memory required for data: 743552
I0923 17:57:35.870551 2173940 layer_factory.hpp:77] Creating layer Mprelu1_stage1_L2_2
I0923 17:57:35.870553 2173940 net.cpp:86] Creating Layer Mprelu1_stage1_L2_2
I0923 17:57:35.870555 2173940 net.cpp:408] Mprelu1_stage1_L2_2 <- Mconv1_stage1_L2_2
I0923 17:57:35.870558 2173940 net.cpp:369] Mprelu1_stage1_L2_2 -> Mconv1_stage1_L2_2 (in-place)
I0923 17:57:35.870577 2173940 net.cpp:124] Setting up Mprelu1_stage1_L2_2
I0923 17:57:35.870579 2173940 net.cpp:131] Top shape: 1 128 2 2 (512)
I0923 17:57:35.870579 2173940 net.cpp:139] Memory required for data: 745600
I0923 17:57:35.870581 2173940 layer_factory.hpp:77] Creating layer Mconv1_stage1_L2_concat
I0923 17:57:35.870584 2173940 net.cpp:86] Creating Layer Mconv1_stage1_L2_concat
I0923 17:57:35.870584 2173940 net.cpp:408] Mconv1_stage1_L2_concat <- Mconv1_stage1_L2_0_Mprelu1_stage1_L2_0_0_split_1
I0923 17:57:35.870585 2173940 net.cpp:408] Mconv1_stage1_L2_concat <- Mconv1_stage1_L2_1_Mprelu1_stage1_L2_1_0_split_1
I0923 17:57:35.870587 2173940 net.cpp:408] Mconv1_stage1_L2_concat <- Mconv1_stage1_L2_2
I0923 17:57:35.870589 2173940 net.cpp:382] Mconv1_stage1_L2_concat -> Mconv1_stage1_L2_concat
I0923 17:57:35.870594 2173940 net.cpp:124] Setting up Mconv1_stage1_L2_concat
I0923 17:57:35.870594 2173940 net.cpp:131] Top shape: 1 384 2 2 (1536)
I0923 17:57:35.870596 2173940 net.cpp:139] Memory required for data: 751744
I0923 17:57:35.870597 2173940 layer_factory.hpp:77] Creating layer Mconv2_stage1_L2_0
I0923 17:57:35.870599 2173940 net.cpp:86] Creating Layer Mconv2_stage1_L2_0
I0923 17:57:35.870601 2173940 net.cpp:408] Mconv2_stage1_L2_0 <- Mconv1_stage1_L2_concat
I0923 17:57:35.870602 2173940 net.cpp:382] Mconv2_stage1_L2_0 -> Mconv2_stage1_L2_0
I0923 17:57:35.880110 2173940 net.cpp:124] Setting up Mconv2_stage1_L2_0
I0923 17:57:35.880115 2173940 net.cpp:131] Top shape: 1 128 2 2 (512)
I0923 17:57:35.880117 2173940 net.cpp:139] Memory required for data: 753792
I0923 17:57:35.880119 2173940 layer_factory.hpp:77] Creating layer Mprelu2_stage1_L2_0
I0923 17:57:35.880122 2173940 net.cpp:86] Creating Layer Mprelu2_stage1_L2_0
I0923 17:57:35.880123 2173940 net.cpp:408] Mprelu2_stage1_L2_0 <- Mconv2_stage1_L2_0
I0923 17:57:35.880125 2173940 net.cpp:369] Mprelu2_stage1_L2_0 -> Mconv2_stage1_L2_0 (in-place)
I0923 17:57:35.880146 2173940 net.cpp:124] Setting up Mprelu2_stage1_L2_0
I0923 17:57:35.880147 2173940 net.cpp:131] Top shape: 1 128 2 2 (512)
I0923 17:57:35.880149 2173940 net.cpp:139] Memory required for data: 755840
I0923 17:57:35.880151 2173940 layer_factory.hpp:77] Creating layer Mconv2_stage1_L2_0_Mprelu2_stage1_L2_0_0_split
I0923 17:57:35.880152 2173940 net.cpp:86] Creating Layer Mconv2_stage1_L2_0_Mprelu2_stage1_L2_0_0_split
I0923 17:57:35.880153 2173940 net.cpp:408] Mconv2_stage1_L2_0_Mprelu2_stage1_L2_0_0_split <- Mconv2_stage1_L2_0
I0923 17:57:35.880155 2173940 net.cpp:382] Mconv2_stage1_L2_0_Mprelu2_stage1_L2_0_0_split -> Mconv2_stage1_L2_0_Mprelu2_stage1_L2_0_0_split_0
I0923 17:57:35.880157 2173940 net.cpp:382] Mconv2_stage1_L2_0_Mprelu2_stage1_L2_0_0_split -> Mconv2_stage1_L2_0_Mprelu2_stage1_L2_0_0_split_1
I0923 17:57:35.880164 2173940 net.cpp:124] Setting up Mconv2_stage1_L2_0_Mprelu2_stage1_L2_0_0_split
I0923 17:57:35.880165 2173940 net.cpp:131] Top shape: 1 128 2 2 (512)
I0923 17:57:35.880167 2173940 net.cpp:131] Top shape: 1 128 2 2 (512)
I0923 17:57:35.880167 2173940 net.cpp:139] Memory required for data: 759936
I0923 17:57:35.880168 2173940 layer_factory.hpp:77] Creating layer Mconv2_stage1_L2_1
I0923 17:57:35.880170 2173940 net.cpp:86] Creating Layer Mconv2_stage1_L2_1
I0923 17:57:35.880172 2173940 net.cpp:408] Mconv2_stage1_L2_1 <- Mconv2_stage1_L2_0_Mprelu2_stage1_L2_0_0_split_0
I0923 17:57:35.880173 2173940 net.cpp:382] Mconv2_stage1_L2_1 -> Mconv2_stage1_L2_1
I0923 17:57:35.889737 2173940 net.cpp:124] Setting up Mconv2_stage1_L2_1
I0923 17:57:35.889742 2173940 net.cpp:131] Top shape: 1 128 2 2 (512)
I0923 17:57:35.889744 2173940 net.cpp:139] Memory required for data: 761984
I0923 17:57:35.889747 2173940 layer_factory.hpp:77] Creating layer Mprelu2_stage1_L2_1
I0923 17:57:35.889750 2173940 net.cpp:86] Creating Layer Mprelu2_stage1_L2_1
I0923 17:57:35.889751 2173940 net.cpp:408] Mprelu2_stage1_L2_1 <- Mconv2_stage1_L2_1
I0923 17:57:35.889753 2173940 net.cpp:369] Mprelu2_stage1_L2_1 -> Mconv2_stage1_L2_1 (in-place)
I0923 17:57:35.889773 2173940 net.cpp:124] Setting up Mprelu2_stage1_L2_1
I0923 17:57:35.889775 2173940 net.cpp:131] Top shape: 1 128 2 2 (512)
I0923 17:57:35.889775 2173940 net.cpp:139] Memory required for data: 764032
I0923 17:57:35.889776 2173940 layer_factory.hpp:77] Creating layer Mconv2_stage1_L2_1_Mprelu2_stage1_L2_1_0_split
I0923 17:57:35.889778 2173940 net.cpp:86] Creating Layer Mconv2_stage1_L2_1_Mprelu2_stage1_L2_1_0_split
I0923 17:57:35.889779 2173940 net.cpp:408] Mconv2_stage1_L2_1_Mprelu2_stage1_L2_1_0_split <- Mconv2_stage1_L2_1
I0923 17:57:35.889781 2173940 net.cpp:382] Mconv2_stage1_L2_1_Mprelu2_stage1_L2_1_0_split -> Mconv2_stage1_L2_1_Mprelu2_stage1_L2_1_0_split_0
I0923 17:57:35.889783 2173940 net.cpp:382] Mconv2_stage1_L2_1_Mprelu2_stage1_L2_1_0_split -> Mconv2_stage1_L2_1_Mprelu2_stage1_L2_1_0_split_1
I0923 17:57:35.889791 2173940 net.cpp:124] Setting up Mconv2_stage1_L2_1_Mprelu2_stage1_L2_1_0_split
I0923 17:57:35.889791 2173940 net.cpp:131] Top shape: 1 128 2 2 (512)
I0923 17:57:35.889792 2173940 net.cpp:131] Top shape: 1 128 2 2 (512)
I0923 17:57:35.889794 2173940 net.cpp:139] Memory required for data: 768128
I0923 17:57:35.889796 2173940 layer_factory.hpp:77] Creating layer Mconv2_stage1_L2_2
I0923 17:57:35.889797 2173940 net.cpp:86] Creating Layer Mconv2_stage1_L2_2
I0923 17:57:35.889798 2173940 net.cpp:408] Mconv2_stage1_L2_2 <- Mconv2_stage1_L2_1_Mprelu2_stage1_L2_1_0_split_0
I0923 17:57:35.889801 2173940 net.cpp:382] Mconv2_stage1_L2_2 -> Mconv2_stage1_L2_2
I0923 17:57:35.897977 2173940 net.cpp:124] Setting up Mconv2_stage1_L2_2
I0923 17:57:35.897982 2173940 net.cpp:131] Top shape: 1 128 2 2 (512)
I0923 17:57:35.897984 2173940 net.cpp:139] Memory required for data: 770176
I0923 17:57:35.897987 2173940 layer_factory.hpp:77] Creating layer Mprelu2_stage1_L2_2
I0923 17:57:35.897990 2173940 net.cpp:86] Creating Layer Mprelu2_stage1_L2_2
I0923 17:57:35.897991 2173940 net.cpp:408] Mprelu2_stage1_L2_2 <- Mconv2_stage1_L2_2
I0923 17:57:35.897993 2173940 net.cpp:369] Mprelu2_stage1_L2_2 -> Mconv2_stage1_L2_2 (in-place)
I0923 17:57:35.898013 2173940 net.cpp:124] Setting up Mprelu2_stage1_L2_2
I0923 17:57:35.898015 2173940 net.cpp:131] Top shape: 1 128 2 2 (512)
I0923 17:57:35.898016 2173940 net.cpp:139] Memory required for data: 772224
I0923 17:57:35.898017 2173940 layer_factory.hpp:77] Creating layer Mconv2_stage1_L2_concat
I0923 17:57:35.898020 2173940 net.cpp:86] Creating Layer Mconv2_stage1_L2_concat
I0923 17:57:35.898020 2173940 net.cpp:408] Mconv2_stage1_L2_concat <- Mconv2_stage1_L2_0_Mprelu2_stage1_L2_0_0_split_1
I0923 17:57:35.898022 2173940 net.cpp:408] Mconv2_stage1_L2_concat <- Mconv2_stage1_L2_1_Mprelu2_stage1_L2_1_0_split_1
I0923 17:57:35.898023 2173940 net.cpp:408] Mconv2_stage1_L2_concat <- Mconv2_stage1_L2_2
I0923 17:57:35.898025 2173940 net.cpp:382] Mconv2_stage1_L2_concat -> Mconv2_stage1_L2_concat
I0923 17:57:35.898030 2173940 net.cpp:124] Setting up Mconv2_stage1_L2_concat
I0923 17:57:35.898031 2173940 net.cpp:131] Top shape: 1 384 2 2 (1536)
I0923 17:57:35.898033 2173940 net.cpp:139] Memory required for data: 778368
I0923 17:57:35.898034 2173940 layer_factory.hpp:77] Creating layer Mconv3_stage1_L2_0
I0923 17:57:35.898036 2173940 net.cpp:86] Creating Layer Mconv3_stage1_L2_0
I0923 17:57:35.898037 2173940 net.cpp:408] Mconv3_stage1_L2_0 <- Mconv2_stage1_L2_concat
I0923 17:57:35.898039 2173940 net.cpp:382] Mconv3_stage1_L2_0 -> Mconv3_stage1_L2_0
I0923 17:57:35.907881 2173940 net.cpp:124] Setting up Mconv3_stage1_L2_0
I0923 17:57:35.907886 2173940 net.cpp:131] Top shape: 1 128 2 2 (512)
I0923 17:57:35.907887 2173940 net.cpp:139] Memory required for data: 780416
I0923 17:57:35.907891 2173940 layer_factory.hpp:77] Creating layer Mprelu3_stage1_L2_0
I0923 17:57:35.907892 2173940 net.cpp:86] Creating Layer Mprelu3_stage1_L2_0
I0923 17:57:35.907894 2173940 net.cpp:408] Mprelu3_stage1_L2_0 <- Mconv3_stage1_L2_0
I0923 17:57:35.907896 2173940 net.cpp:369] Mprelu3_stage1_L2_0 -> Mconv3_stage1_L2_0 (in-place)
I0923 17:57:35.907917 2173940 net.cpp:124] Setting up Mprelu3_stage1_L2_0
I0923 17:57:35.907918 2173940 net.cpp:131] Top shape: 1 128 2 2 (512)
I0923 17:57:35.907919 2173940 net.cpp:139] Memory required for data: 782464
I0923 17:57:35.907920 2173940 layer_factory.hpp:77] Creating layer Mconv3_stage1_L2_0_Mprelu3_stage1_L2_0_0_split
I0923 17:57:35.907922 2173940 net.cpp:86] Creating Layer Mconv3_stage1_L2_0_Mprelu3_stage1_L2_0_0_split
I0923 17:57:35.907923 2173940 net.cpp:408] Mconv3_stage1_L2_0_Mprelu3_stage1_L2_0_0_split <- Mconv3_stage1_L2_0
I0923 17:57:35.907925 2173940 net.cpp:382] Mconv3_stage1_L2_0_Mprelu3_stage1_L2_0_0_split -> Mconv3_stage1_L2_0_Mprelu3_stage1_L2_0_0_split_0
I0923 17:57:35.907927 2173940 net.cpp:382] Mconv3_stage1_L2_0_Mprelu3_stage1_L2_0_0_split -> Mconv3_stage1_L2_0_Mprelu3_stage1_L2_0_0_split_1
I0923 17:57:35.907934 2173940 net.cpp:124] Setting up Mconv3_stage1_L2_0_Mprelu3_stage1_L2_0_0_split
I0923 17:57:35.907935 2173940 net.cpp:131] Top shape: 1 128 2 2 (512)
I0923 17:57:35.907936 2173940 net.cpp:131] Top shape: 1 128 2 2 (512)
I0923 17:57:35.907938 2173940 net.cpp:139] Memory required for data: 786560
I0923 17:57:35.907938 2173940 layer_factory.hpp:77] Creating layer Mconv3_stage1_L2_1
I0923 17:57:35.907941 2173940 net.cpp:86] Creating Layer Mconv3_stage1_L2_1
I0923 17:57:35.907943 2173940 net.cpp:408] Mconv3_stage1_L2_1 <- Mconv3_stage1_L2_0_Mprelu3_stage1_L2_0_0_split_0
I0923 17:57:35.907944 2173940 net.cpp:382] Mconv3_stage1_L2_1 -> Mconv3_stage1_L2_1
I0923 17:57:35.915886 2173940 net.cpp:124] Setting up Mconv3_stage1_L2_1
I0923 17:57:35.915891 2173940 net.cpp:131] Top shape: 1 128 2 2 (512)
I0923 17:57:35.915894 2173940 net.cpp:139] Memory required for data: 788608
I0923 17:57:35.915895 2173940 layer_factory.hpp:77] Creating layer Mprelu3_stage1_L2_1
I0923 17:57:35.915898 2173940 net.cpp:86] Creating Layer Mprelu3_stage1_L2_1
I0923 17:57:35.915899 2173940 net.cpp:408] Mprelu3_stage1_L2_1 <- Mconv3_stage1_L2_1
I0923 17:57:35.915901 2173940 net.cpp:369] Mprelu3_stage1_L2_1 -> Mconv3_stage1_L2_1 (in-place)
I0923 17:57:35.915923 2173940 net.cpp:124] Setting up Mprelu3_stage1_L2_1
I0923 17:57:35.915925 2173940 net.cpp:131] Top shape: 1 128 2 2 (512)
I0923 17:57:35.915926 2173940 net.cpp:139] Memory required for data: 790656
I0923 17:57:35.915927 2173940 layer_factory.hpp:77] Creating layer Mconv3_stage1_L2_1_Mprelu3_stage1_L2_1_0_split
I0923 17:57:35.915930 2173940 net.cpp:86] Creating Layer Mconv3_stage1_L2_1_Mprelu3_stage1_L2_1_0_split
I0923 17:57:35.915930 2173940 net.cpp:408] Mconv3_stage1_L2_1_Mprelu3_stage1_L2_1_0_split <- Mconv3_stage1_L2_1
I0923 17:57:35.915932 2173940 net.cpp:382] Mconv3_stage1_L2_1_Mprelu3_stage1_L2_1_0_split -> Mconv3_stage1_L2_1_Mprelu3_stage1_L2_1_0_split_0
I0923 17:57:35.915934 2173940 net.cpp:382] Mconv3_stage1_L2_1_Mprelu3_stage1_L2_1_0_split -> Mconv3_stage1_L2_1_Mprelu3_stage1_L2_1_0_split_1
I0923 17:57:35.915941 2173940 net.cpp:124] Setting up Mconv3_stage1_L2_1_Mprelu3_stage1_L2_1_0_split
I0923 17:57:35.915942 2173940 net.cpp:131] Top shape: 1 128 2 2 (512)
I0923 17:57:35.915943 2173940 net.cpp:131] Top shape: 1 128 2 2 (512)
I0923 17:57:35.915946 2173940 net.cpp:139] Memory required for data: 794752
I0923 17:57:35.915946 2173940 layer_factory.hpp:77] Creating layer Mconv3_stage1_L2_2
I0923 17:57:35.915948 2173940 net.cpp:86] Creating Layer Mconv3_stage1_L2_2
I0923 17:57:35.915949 2173940 net.cpp:408] Mconv3_stage1_L2_2 <- Mconv3_stage1_L2_1_Mprelu3_stage1_L2_1_0_split_0
I0923 17:57:35.915951 2173940 net.cpp:382] Mconv3_stage1_L2_2 -> Mconv3_stage1_L2_2
I0923 17:57:35.925488 2173940 net.cpp:124] Setting up Mconv3_stage1_L2_2
I0923 17:57:35.925493 2173940 net.cpp:131] Top shape: 1 128 2 2 (512)
I0923 17:57:35.925495 2173940 net.cpp:139] Memory required for data: 796800
I0923 17:57:35.925498 2173940 layer_factory.hpp:77] Creating layer Mprelu3_stage1_L2_2
I0923 17:57:35.925500 2173940 net.cpp:86] Creating Layer Mprelu3_stage1_L2_2
I0923 17:57:35.925501 2173940 net.cpp:408] Mprelu3_stage1_L2_2 <- Mconv3_stage1_L2_2
I0923 17:57:35.925504 2173940 net.cpp:369] Mprelu3_stage1_L2_2 -> Mconv3_stage1_L2_2 (in-place)
I0923 17:57:35.925523 2173940 net.cpp:124] Setting up Mprelu3_stage1_L2_2
I0923 17:57:35.925525 2173940 net.cpp:131] Top shape: 1 128 2 2 (512)
I0923 17:57:35.925526 2173940 net.cpp:139] Memory required for data: 798848
I0923 17:57:35.925527 2173940 layer_factory.hpp:77] Creating layer Mconv3_stage1_L2_concat
I0923 17:57:35.925529 2173940 net.cpp:86] Creating Layer Mconv3_stage1_L2_concat
I0923 17:57:35.925531 2173940 net.cpp:408] Mconv3_stage1_L2_concat <- Mconv3_stage1_L2_0_Mprelu3_stage1_L2_0_0_split_1
I0923 17:57:35.925532 2173940 net.cpp:408] Mconv3_stage1_L2_concat <- Mconv3_stage1_L2_1_Mprelu3_stage1_L2_1_0_split_1
I0923 17:57:35.925534 2173940 net.cpp:408] Mconv3_stage1_L2_concat <- Mconv3_stage1_L2_2
I0923 17:57:35.925535 2173940 net.cpp:382] Mconv3_stage1_L2_concat -> Mconv3_stage1_L2_concat
I0923 17:57:35.925540 2173940 net.cpp:124] Setting up Mconv3_stage1_L2_concat
I0923 17:57:35.925541 2173940 net.cpp:131] Top shape: 1 384 2 2 (1536)
I0923 17:57:35.925544 2173940 net.cpp:139] Memory required for data: 804992
I0923 17:57:35.925544 2173940 layer_factory.hpp:77] Creating layer Mconv4_stage1_L2_0
I0923 17:57:35.925546 2173940 net.cpp:86] Creating Layer Mconv4_stage1_L2_0
I0923 17:57:35.925549 2173940 net.cpp:408] Mconv4_stage1_L2_0 <- Mconv3_stage1_L2_concat
I0923 17:57:35.925549 2173940 net.cpp:382] Mconv4_stage1_L2_0 -> Mconv4_stage1_L2_0
I0923 17:57:35.935822 2173940 net.cpp:124] Setting up Mconv4_stage1_L2_0
I0923 17:57:35.935827 2173940 net.cpp:131] Top shape: 1 128 2 2 (512)
I0923 17:57:35.935829 2173940 net.cpp:139] Memory required for data: 807040
I0923 17:57:35.935832 2173940 layer_factory.hpp:77] Creating layer Mprelu4_stage1_L2_0
I0923 17:57:35.935834 2173940 net.cpp:86] Creating Layer Mprelu4_stage1_L2_0
I0923 17:57:35.935837 2173940 net.cpp:408] Mprelu4_stage1_L2_0 <- Mconv4_stage1_L2_0
I0923 17:57:35.935838 2173940 net.cpp:369] Mprelu4_stage1_L2_0 -> Mconv4_stage1_L2_0 (in-place)
I0923 17:57:35.935858 2173940 net.cpp:124] Setting up Mprelu4_stage1_L2_0
I0923 17:57:35.935859 2173940 net.cpp:131] Top shape: 1 128 2 2 (512)
I0923 17:57:35.935860 2173940 net.cpp:139] Memory required for data: 809088
I0923 17:57:35.935863 2173940 layer_factory.hpp:77] Creating layer Mconv4_stage1_L2_0_Mprelu4_stage1_L2_0_0_split
I0923 17:57:35.935864 2173940 net.cpp:86] Creating Layer Mconv4_stage1_L2_0_Mprelu4_stage1_L2_0_0_split
I0923 17:57:35.935865 2173940 net.cpp:408] Mconv4_stage1_L2_0_Mprelu4_stage1_L2_0_0_split <- Mconv4_stage1_L2_0
I0923 17:57:35.935868 2173940 net.cpp:382] Mconv4_stage1_L2_0_Mprelu4_stage1_L2_0_0_split -> Mconv4_stage1_L2_0_Mprelu4_stage1_L2_0_0_split_0
I0923 17:57:35.935869 2173940 net.cpp:382] Mconv4_stage1_L2_0_Mprelu4_stage1_L2_0_0_split -> Mconv4_stage1_L2_0_Mprelu4_stage1_L2_0_0_split_1
I0923 17:57:35.935875 2173940 net.cpp:124] Setting up Mconv4_stage1_L2_0_Mprelu4_stage1_L2_0_0_split
I0923 17:57:35.935876 2173940 net.cpp:131] Top shape: 1 128 2 2 (512)
I0923 17:57:35.935878 2173940 net.cpp:131] Top shape: 1 128 2 2 (512)
I0923 17:57:35.935879 2173940 net.cpp:139] Memory required for data: 813184
I0923 17:57:35.935880 2173940 layer_factory.hpp:77] Creating layer Mconv4_stage1_L2_1
I0923 17:57:35.935883 2173940 net.cpp:86] Creating Layer Mconv4_stage1_L2_1
I0923 17:57:35.935884 2173940 net.cpp:408] Mconv4_stage1_L2_1 <- Mconv4_stage1_L2_0_Mprelu4_stage1_L2_0_0_split_0
I0923 17:57:35.935886 2173940 net.cpp:382] Mconv4_stage1_L2_1 -> Mconv4_stage1_L2_1
I0923 17:57:35.943854 2173940 net.cpp:124] Setting up Mconv4_stage1_L2_1
I0923 17:57:35.943859 2173940 net.cpp:131] Top shape: 1 128 2 2 (512)
I0923 17:57:35.943861 2173940 net.cpp:139] Memory required for data: 815232
I0923 17:57:35.943863 2173940 layer_factory.hpp:77] Creating layer Mprelu4_stage1_L2_1
I0923 17:57:35.943866 2173940 net.cpp:86] Creating Layer Mprelu4_stage1_L2_1
I0923 17:57:35.943867 2173940 net.cpp:408] Mprelu4_stage1_L2_1 <- Mconv4_stage1_L2_1
I0923 17:57:35.943869 2173940 net.cpp:369] Mprelu4_stage1_L2_1 -> Mconv4_stage1_L2_1 (in-place)
I0923 17:57:35.943889 2173940 net.cpp:124] Setting up Mprelu4_stage1_L2_1
I0923 17:57:35.943892 2173940 net.cpp:131] Top shape: 1 128 2 2 (512)
I0923 17:57:35.943892 2173940 net.cpp:139] Memory required for data: 817280
I0923 17:57:35.943893 2173940 layer_factory.hpp:77] Creating layer Mconv4_stage1_L2_1_Mprelu4_stage1_L2_1_0_split
I0923 17:57:35.943895 2173940 net.cpp:86] Creating Layer Mconv4_stage1_L2_1_Mprelu4_stage1_L2_1_0_split
I0923 17:57:35.943897 2173940 net.cpp:408] Mconv4_stage1_L2_1_Mprelu4_stage1_L2_1_0_split <- Mconv4_stage1_L2_1
I0923 17:57:35.943898 2173940 net.cpp:382] Mconv4_stage1_L2_1_Mprelu4_stage1_L2_1_0_split -> Mconv4_stage1_L2_1_Mprelu4_stage1_L2_1_0_split_0
I0923 17:57:35.943900 2173940 net.cpp:382] Mconv4_stage1_L2_1_Mprelu4_stage1_L2_1_0_split -> Mconv4_stage1_L2_1_Mprelu4_stage1_L2_1_0_split_1
I0923 17:57:35.943907 2173940 net.cpp:124] Setting up Mconv4_stage1_L2_1_Mprelu4_stage1_L2_1_0_split
I0923 17:57:35.943908 2173940 net.cpp:131] Top shape: 1 128 2 2 (512)
I0923 17:57:35.943909 2173940 net.cpp:131] Top shape: 1 128 2 2 (512)
I0923 17:57:35.943910 2173940 net.cpp:139] Memory required for data: 821376
I0923 17:57:35.943912 2173940 layer_factory.hpp:77] Creating layer Mconv4_stage1_L2_2
I0923 17:57:35.943914 2173940 net.cpp:86] Creating Layer Mconv4_stage1_L2_2
I0923 17:57:35.943915 2173940 net.cpp:408] Mconv4_stage1_L2_2 <- Mconv4_stage1_L2_1_Mprelu4_stage1_L2_1_0_split_0
I0923 17:57:35.943917 2173940 net.cpp:382] Mconv4_stage1_L2_2 -> Mconv4_stage1_L2_2
I0923 17:57:35.952031 2173940 net.cpp:124] Setting up Mconv4_stage1_L2_2
I0923 17:57:35.952036 2173940 net.cpp:131] Top shape: 1 128 2 2 (512)
I0923 17:57:35.952039 2173940 net.cpp:139] Memory required for data: 823424
I0923 17:57:35.952041 2173940 layer_factory.hpp:77] Creating layer Mprelu4_stage1_L2_2
I0923 17:57:35.952044 2173940 net.cpp:86] Creating Layer Mprelu4_stage1_L2_2
I0923 17:57:35.952045 2173940 net.cpp:408] Mprelu4_stage1_L2_2 <- Mconv4_stage1_L2_2
I0923 17:57:35.952047 2173940 net.cpp:369] Mprelu4_stage1_L2_2 -> Mconv4_stage1_L2_2 (in-place)
I0923 17:57:35.952068 2173940 net.cpp:124] Setting up Mprelu4_stage1_L2_2
I0923 17:57:35.952069 2173940 net.cpp:131] Top shape: 1 128 2 2 (512)
I0923 17:57:35.952070 2173940 net.cpp:139] Memory required for data: 825472
I0923 17:57:35.952072 2173940 layer_factory.hpp:77] Creating layer Mconv4_stage1_L2_concat
I0923 17:57:35.952075 2173940 net.cpp:86] Creating Layer Mconv4_stage1_L2_concat
I0923 17:57:35.952075 2173940 net.cpp:408] Mconv4_stage1_L2_concat <- Mconv4_stage1_L2_0_Mprelu4_stage1_L2_0_0_split_1
I0923 17:57:35.952076 2173940 net.cpp:408] Mconv4_stage1_L2_concat <- Mconv4_stage1_L2_1_Mprelu4_stage1_L2_1_0_split_1
I0923 17:57:35.952078 2173940 net.cpp:408] Mconv4_stage1_L2_concat <- Mconv4_stage1_L2_2
I0923 17:57:35.952080 2173940 net.cpp:382] Mconv4_stage1_L2_concat -> Mconv4_stage1_L2_concat
I0923 17:57:35.952085 2173940 net.cpp:124] Setting up Mconv4_stage1_L2_concat
I0923 17:57:35.952085 2173940 net.cpp:131] Top shape: 1 384 2 2 (1536)
I0923 17:57:35.952087 2173940 net.cpp:139] Memory required for data: 831616
I0923 17:57:35.952088 2173940 layer_factory.hpp:77] Creating layer Mconv5_stage1_L2_0
I0923 17:57:35.952090 2173940 net.cpp:86] Creating Layer Mconv5_stage1_L2_0
I0923 17:57:35.952092 2173940 net.cpp:408] Mconv5_stage1_L2_0 <- Mconv4_stage1_L2_concat
I0923 17:57:35.952095 2173940 net.cpp:382] Mconv5_stage1_L2_0 -> Mconv5_stage1_L2_0
I0923 17:57:35.960717 2173940 net.cpp:124] Setting up Mconv5_stage1_L2_0
I0923 17:57:35.960722 2173940 net.cpp:131] Top shape: 1 128 2 2 (512)
I0923 17:57:35.960724 2173940 net.cpp:139] Memory required for data: 833664
I0923 17:57:35.960726 2173940 layer_factory.hpp:77] Creating layer Mprelu5_stage1_L2_0
I0923 17:57:35.960729 2173940 net.cpp:86] Creating Layer Mprelu5_stage1_L2_0
I0923 17:57:35.960731 2173940 net.cpp:408] Mprelu5_stage1_L2_0 <- Mconv5_stage1_L2_0
I0923 17:57:35.960733 2173940 net.cpp:369] Mprelu5_stage1_L2_0 -> Mconv5_stage1_L2_0 (in-place)
I0923 17:57:35.960753 2173940 net.cpp:124] Setting up Mprelu5_stage1_L2_0
I0923 17:57:35.960755 2173940 net.cpp:131] Top shape: 1 128 2 2 (512)
I0923 17:57:35.960757 2173940 net.cpp:139] Memory required for data: 835712
I0923 17:57:35.960757 2173940 layer_factory.hpp:77] Creating layer Mconv5_stage1_L2_0_Mprelu5_stage1_L2_0_0_split
I0923 17:57:35.960759 2173940 net.cpp:86] Creating Layer Mconv5_stage1_L2_0_Mprelu5_stage1_L2_0_0_split
I0923 17:57:35.960760 2173940 net.cpp:408] Mconv5_stage1_L2_0_Mprelu5_stage1_L2_0_0_split <- Mconv5_stage1_L2_0
I0923 17:57:35.960762 2173940 net.cpp:382] Mconv5_stage1_L2_0_Mprelu5_stage1_L2_0_0_split -> Mconv5_stage1_L2_0_Mprelu5_stage1_L2_0_0_split_0
I0923 17:57:35.960764 2173940 net.cpp:382] Mconv5_stage1_L2_0_Mprelu5_stage1_L2_0_0_split -> Mconv5_stage1_L2_0_Mprelu5_stage1_L2_0_0_split_1
I0923 17:57:35.960772 2173940 net.cpp:124] Setting up Mconv5_stage1_L2_0_Mprelu5_stage1_L2_0_0_split
I0923 17:57:35.960772 2173940 net.cpp:131] Top shape: 1 128 2 2 (512)
I0923 17:57:35.960773 2173940 net.cpp:131] Top shape: 1 128 2 2 (512)
I0923 17:57:35.960774 2173940 net.cpp:139] Memory required for data: 839808
I0923 17:57:35.960775 2173940 layer_factory.hpp:77] Creating layer Mconv5_stage1_L2_1
I0923 17:57:35.960777 2173940 net.cpp:86] Creating Layer Mconv5_stage1_L2_1
I0923 17:57:35.960779 2173940 net.cpp:408] Mconv5_stage1_L2_1 <- Mconv5_stage1_L2_0_Mprelu5_stage1_L2_0_0_split_0
I0923 17:57:35.960780 2173940 net.cpp:382] Mconv5_stage1_L2_1 -> Mconv5_stage1_L2_1
I0923 17:57:35.969844 2173940 net.cpp:124] Setting up Mconv5_stage1_L2_1
I0923 17:57:35.969849 2173940 net.cpp:131] Top shape: 1 128 2 2 (512)
I0923 17:57:35.969851 2173940 net.cpp:139] Memory required for data: 841856
I0923 17:57:35.969853 2173940 layer_factory.hpp:77] Creating layer Mprelu5_stage1_L2_1
I0923 17:57:35.969856 2173940 net.cpp:86] Creating Layer Mprelu5_stage1_L2_1
I0923 17:57:35.969857 2173940 net.cpp:408] Mprelu5_stage1_L2_1 <- Mconv5_stage1_L2_1
I0923 17:57:35.969859 2173940 net.cpp:369] Mprelu5_stage1_L2_1 -> Mconv5_stage1_L2_1 (in-place)
I0923 17:57:35.969882 2173940 net.cpp:124] Setting up Mprelu5_stage1_L2_1
I0923 17:57:35.969882 2173940 net.cpp:131] Top shape: 1 128 2 2 (512)
I0923 17:57:35.969883 2173940 net.cpp:139] Memory required for data: 843904
I0923 17:57:35.969884 2173940 layer_factory.hpp:77] Creating layer Mconv5_stage1_L2_1_Mprelu5_stage1_L2_1_0_split
I0923 17:57:35.969887 2173940 net.cpp:86] Creating Layer Mconv5_stage1_L2_1_Mprelu5_stage1_L2_1_0_split
I0923 17:57:35.969888 2173940 net.cpp:408] Mconv5_stage1_L2_1_Mprelu5_stage1_L2_1_0_split <- Mconv5_stage1_L2_1
I0923 17:57:35.969889 2173940 net.cpp:382] Mconv5_stage1_L2_1_Mprelu5_stage1_L2_1_0_split -> Mconv5_stage1_L2_1_Mprelu5_stage1_L2_1_0_split_0
I0923 17:57:35.969892 2173940 net.cpp:382] Mconv5_stage1_L2_1_Mprelu5_stage1_L2_1_0_split -> Mconv5_stage1_L2_1_Mprelu5_stage1_L2_1_0_split_1
I0923 17:57:35.969899 2173940 net.cpp:124] Setting up Mconv5_stage1_L2_1_Mprelu5_stage1_L2_1_0_split
I0923 17:57:35.969900 2173940 net.cpp:131] Top shape: 1 128 2 2 (512)
I0923 17:57:35.969901 2173940 net.cpp:131] Top shape: 1 128 2 2 (512)
I0923 17:57:35.969902 2173940 net.cpp:139] Memory required for data: 848000
I0923 17:57:35.969903 2173940 layer_factory.hpp:77] Creating layer Mconv5_stage1_L2_2
I0923 17:57:35.969906 2173940 net.cpp:86] Creating Layer Mconv5_stage1_L2_2
I0923 17:57:35.969907 2173940 net.cpp:408] Mconv5_stage1_L2_2 <- Mconv5_stage1_L2_1_Mprelu5_stage1_L2_1_0_split_0
I0923 17:57:35.969909 2173940 net.cpp:382] Mconv5_stage1_L2_2 -> Mconv5_stage1_L2_2
I0923 17:57:35.977779 2173940 net.cpp:124] Setting up Mconv5_stage1_L2_2
I0923 17:57:35.977784 2173940 net.cpp:131] Top shape: 1 128 2 2 (512)
I0923 17:57:35.977787 2173940 net.cpp:139] Memory required for data: 850048
I0923 17:57:35.977788 2173940 layer_factory.hpp:77] Creating layer Mprelu5_stage1_L2_2
I0923 17:57:35.977792 2173940 net.cpp:86] Creating Layer Mprelu5_stage1_L2_2
I0923 17:57:35.977793 2173940 net.cpp:408] Mprelu5_stage1_L2_2 <- Mconv5_stage1_L2_2
I0923 17:57:35.977795 2173940 net.cpp:369] Mprelu5_stage1_L2_2 -> Mconv5_stage1_L2_2 (in-place)
I0923 17:57:35.977816 2173940 net.cpp:124] Setting up Mprelu5_stage1_L2_2
I0923 17:57:35.977818 2173940 net.cpp:131] Top shape: 1 128 2 2 (512)
I0923 17:57:35.977818 2173940 net.cpp:139] Memory required for data: 852096
I0923 17:57:35.977819 2173940 layer_factory.hpp:77] Creating layer Mconv5_stage1_L2_concat
I0923 17:57:35.977823 2173940 net.cpp:86] Creating Layer Mconv5_stage1_L2_concat
I0923 17:57:35.977823 2173940 net.cpp:408] Mconv5_stage1_L2_concat <- Mconv5_stage1_L2_0_Mprelu5_stage1_L2_0_0_split_1
I0923 17:57:35.977824 2173940 net.cpp:408] Mconv5_stage1_L2_concat <- Mconv5_stage1_L2_1_Mprelu5_stage1_L2_1_0_split_1
I0923 17:57:35.977826 2173940 net.cpp:408] Mconv5_stage1_L2_concat <- Mconv5_stage1_L2_2
I0923 17:57:35.977828 2173940 net.cpp:382] Mconv5_stage1_L2_concat -> Mconv5_stage1_L2_concat
I0923 17:57:35.977833 2173940 net.cpp:124] Setting up Mconv5_stage1_L2_concat
I0923 17:57:35.977833 2173940 net.cpp:131] Top shape: 1 384 2 2 (1536)
I0923 17:57:35.977835 2173940 net.cpp:139] Memory required for data: 858240
I0923 17:57:35.977836 2173940 layer_factory.hpp:77] Creating layer Mconv6_stage1_L2
I0923 17:57:35.977838 2173940 net.cpp:86] Creating Layer Mconv6_stage1_L2
I0923 17:57:35.977840 2173940 net.cpp:408] Mconv6_stage1_L2 <- Mconv5_stage1_L2_concat
I0923 17:57:35.977841 2173940 net.cpp:382] Mconv6_stage1_L2 -> Mconv6_stage1_L2
I0923 17:57:35.985877 2173940 net.cpp:124] Setting up Mconv6_stage1_L2
I0923 17:57:35.985881 2173940 net.cpp:131] Top shape: 1 512 2 2 (2048)
I0923 17:57:35.985884 2173940 net.cpp:139] Memory required for data: 866432
I0923 17:57:35.985886 2173940 layer_factory.hpp:77] Creating layer Mprelu6_stage1_L2
I0923 17:57:35.985889 2173940 net.cpp:86] Creating Layer Mprelu6_stage1_L2
I0923 17:57:35.985890 2173940 net.cpp:408] Mprelu6_stage1_L2 <- Mconv6_stage1_L2
I0923 17:57:35.985893 2173940 net.cpp:369] Mprelu6_stage1_L2 -> Mconv6_stage1_L2 (in-place)
I0923 17:57:35.985914 2173940 net.cpp:124] Setting up Mprelu6_stage1_L2
I0923 17:57:35.985915 2173940 net.cpp:131] Top shape: 1 512 2 2 (2048)
I0923 17:57:35.985916 2173940 net.cpp:139] Memory required for data: 874624
I0923 17:57:35.985918 2173940 layer_factory.hpp:77] Creating layer Mconv7_stage1_L2
I0923 17:57:35.985920 2173940 net.cpp:86] Creating Layer Mconv7_stage1_L2
I0923 17:57:35.985922 2173940 net.cpp:408] Mconv7_stage1_L2 <- Mconv6_stage1_L2
I0923 17:57:35.985924 2173940 net.cpp:382] Mconv7_stage1_L2 -> Mconv7_stage1_L2
I0923 17:57:35.994372 2173940 net.cpp:124] Setting up Mconv7_stage1_L2
I0923 17:57:35.994377 2173940 net.cpp:131] Top shape: 1 52 2 2 (208)
I0923 17:57:35.994379 2173940 net.cpp:139] Memory required for data: 875456
I0923 17:57:35.994382 2173940 layer_factory.hpp:77] Creating layer concat_stage2_L2
I0923 17:57:35.994385 2173940 net.cpp:86] Creating Layer concat_stage2_L2
I0923 17:57:35.994386 2173940 net.cpp:408] concat_stage2_L2 <- conv4_4_CPM_prelu4_4_CPM_0_split_2
I0923 17:57:35.994388 2173940 net.cpp:408] concat_stage2_L2 <- Mconv7_stage1_L2
I0923 17:57:35.994390 2173940 net.cpp:382] concat_stage2_L2 -> concat_stage2_L2
I0923 17:57:35.994398 2173940 net.cpp:124] Setting up concat_stage2_L2
I0923 17:57:35.994400 2173940 net.cpp:131] Top shape: 1 180 2 2 (720)
I0923 17:57:35.994401 2173940 net.cpp:139] Memory required for data: 878336
I0923 17:57:35.994402 2173940 layer_factory.hpp:77] Creating layer Mconv1_stage2_L2_0
I0923 17:57:35.994405 2173940 net.cpp:86] Creating Layer Mconv1_stage2_L2_0
I0923 17:57:35.994406 2173940 net.cpp:408] Mconv1_stage2_L2_0 <- concat_stage2_L2
I0923 17:57:35.994408 2173940 net.cpp:382] Mconv1_stage2_L2_0 -> Mconv1_stage2_L2_0
I0923 17:57:36.003000 2173940 net.cpp:124] Setting up Mconv1_stage2_L2_0
I0923 17:57:36.003005 2173940 net.cpp:131] Top shape: 1 128 2 2 (512)
I0923 17:57:36.003006 2173940 net.cpp:139] Memory required for data: 880384
I0923 17:57:36.003010 2173940 layer_factory.hpp:77] Creating layer Mprelu1_stage2_L2_0
I0923 17:57:36.003013 2173940 net.cpp:86] Creating Layer Mprelu1_stage2_L2_0
I0923 17:57:36.003015 2173940 net.cpp:408] Mprelu1_stage2_L2_0 <- Mconv1_stage2_L2_0
I0923 17:57:36.003017 2173940 net.cpp:369] Mprelu1_stage2_L2_0 -> Mconv1_stage2_L2_0 (in-place)
I0923 17:57:36.003041 2173940 net.cpp:124] Setting up Mprelu1_stage2_L2_0
I0923 17:57:36.003041 2173940 net.cpp:131] Top shape: 1 128 2 2 (512)
I0923 17:57:36.003042 2173940 net.cpp:139] Memory required for data: 882432
I0923 17:57:36.003043 2173940 layer_factory.hpp:77] Creating layer Mconv1_stage2_L2_0_Mprelu1_stage2_L2_0_0_split
I0923 17:57:36.003046 2173940 net.cpp:86] Creating Layer Mconv1_stage2_L2_0_Mprelu1_stage2_L2_0_0_split
I0923 17:57:36.003046 2173940 net.cpp:408] Mconv1_stage2_L2_0_Mprelu1_stage2_L2_0_0_split <- Mconv1_stage2_L2_0
I0923 17:57:36.003048 2173940 net.cpp:382] Mconv1_stage2_L2_0_Mprelu1_stage2_L2_0_0_split -> Mconv1_stage2_L2_0_Mprelu1_stage2_L2_0_0_split_0
I0923 17:57:36.003050 2173940 net.cpp:382] Mconv1_stage2_L2_0_Mprelu1_stage2_L2_0_0_split -> Mconv1_stage2_L2_0_Mprelu1_stage2_L2_0_0_split_1
I0923 17:57:36.003058 2173940 net.cpp:124] Setting up Mconv1_stage2_L2_0_Mprelu1_stage2_L2_0_0_split
I0923 17:57:36.003059 2173940 net.cpp:131] Top shape: 1 128 2 2 (512)
I0923 17:57:36.003060 2173940 net.cpp:131] Top shape: 1 128 2 2 (512)
I0923 17:57:36.003062 2173940 net.cpp:139] Memory required for data: 886528
I0923 17:57:36.003062 2173940 layer_factory.hpp:77] Creating layer Mconv1_stage2_L2_1
I0923 17:57:36.003065 2173940 net.cpp:86] Creating Layer Mconv1_stage2_L2_1
I0923 17:57:36.003067 2173940 net.cpp:408] Mconv1_stage2_L2_1 <- Mconv1_stage2_L2_0_Mprelu1_stage2_L2_0_0_split_0
I0923 17:57:36.003068 2173940 net.cpp:382] Mconv1_stage2_L2_1 -> Mconv1_stage2_L2_1
I0923 17:57:36.011793 2173940 net.cpp:124] Setting up Mconv1_stage2_L2_1
I0923 17:57:36.011798 2173940 net.cpp:131] Top shape: 1 128 2 2 (512)
I0923 17:57:36.011801 2173940 net.cpp:139] Memory required for data: 888576
I0923 17:57:36.011802 2173940 layer_factory.hpp:77] Creating layer Mprelu1_stage2_L2_1
I0923 17:57:36.011806 2173940 net.cpp:86] Creating Layer Mprelu1_stage2_L2_1
I0923 17:57:36.011807 2173940 net.cpp:408] Mprelu1_stage2_L2_1 <- Mconv1_stage2_L2_1
I0923 17:57:36.011809 2173940 net.cpp:369] Mprelu1_stage2_L2_1 -> Mconv1_stage2_L2_1 (in-place)
I0923 17:57:36.011830 2173940 net.cpp:124] Setting up Mprelu1_stage2_L2_1
I0923 17:57:36.011831 2173940 net.cpp:131] Top shape: 1 128 2 2 (512)
I0923 17:57:36.011832 2173940 net.cpp:139] Memory required for data: 890624
I0923 17:57:36.011834 2173940 layer_factory.hpp:77] Creating layer Mconv1_stage2_L2_1_Mprelu1_stage2_L2_1_0_split
I0923 17:57:36.011837 2173940 net.cpp:86] Creating Layer Mconv1_stage2_L2_1_Mprelu1_stage2_L2_1_0_split
I0923 17:57:36.011837 2173940 net.cpp:408] Mconv1_stage2_L2_1_Mprelu1_stage2_L2_1_0_split <- Mconv1_stage2_L2_1
I0923 17:57:36.011838 2173940 net.cpp:382] Mconv1_stage2_L2_1_Mprelu1_stage2_L2_1_0_split -> Mconv1_stage2_L2_1_Mprelu1_stage2_L2_1_0_split_0
I0923 17:57:36.011842 2173940 net.cpp:382] Mconv1_stage2_L2_1_Mprelu1_stage2_L2_1_0_split -> Mconv1_stage2_L2_1_Mprelu1_stage2_L2_1_0_split_1
I0923 17:57:36.011848 2173940 net.cpp:124] Setting up Mconv1_stage2_L2_1_Mprelu1_stage2_L2_1_0_split
I0923 17:57:36.011849 2173940 net.cpp:131] Top shape: 1 128 2 2 (512)
I0923 17:57:36.011850 2173940 net.cpp:131] Top shape: 1 128 2 2 (512)
I0923 17:57:36.011852 2173940 net.cpp:139] Memory required for data: 894720
I0923 17:57:36.011852 2173940 layer_factory.hpp:77] Creating layer Mconv1_stage2_L2_2
I0923 17:57:36.011855 2173940 net.cpp:86] Creating Layer Mconv1_stage2_L2_2
I0923 17:57:36.011857 2173940 net.cpp:408] Mconv1_stage2_L2_2 <- Mconv1_stage2_L2_1_Mprelu1_stage2_L2_1_0_split_0
I0923 17:57:36.011858 2173940 net.cpp:382] Mconv1_stage2_L2_2 -> Mconv1_stage2_L2_2
I0923 17:57:36.020071 2173940 net.cpp:124] Setting up Mconv1_stage2_L2_2
I0923 17:57:36.020076 2173940 net.cpp:131] Top shape: 1 128 2 2 (512)
I0923 17:57:36.020077 2173940 net.cpp:139] Memory required for data: 896768
I0923 17:57:36.020079 2173940 layer_factory.hpp:77] Creating layer Mprelu1_stage2_L2_2
I0923 17:57:36.020082 2173940 net.cpp:86] Creating Layer Mprelu1_stage2_L2_2
I0923 17:57:36.020084 2173940 net.cpp:408] Mprelu1_stage2_L2_2 <- Mconv1_stage2_L2_2
I0923 17:57:36.020087 2173940 net.cpp:369] Mprelu1_stage2_L2_2 -> Mconv1_stage2_L2_2 (in-place)
I0923 17:57:36.020108 2173940 net.cpp:124] Setting up Mprelu1_stage2_L2_2
I0923 17:57:36.020109 2173940 net.cpp:131] Top shape: 1 128 2 2 (512)
I0923 17:57:36.020110 2173940 net.cpp:139] Memory required for data: 898816
I0923 17:57:36.020112 2173940 layer_factory.hpp:77] Creating layer Mconv1_stage2_L2_concat
I0923 17:57:36.020114 2173940 net.cpp:86] Creating Layer Mconv1_stage2_L2_concat
I0923 17:57:36.020115 2173940 net.cpp:408] Mconv1_stage2_L2_concat <- Mconv1_stage2_L2_0_Mprelu1_stage2_L2_0_0_split_1
I0923 17:57:36.020117 2173940 net.cpp:408] Mconv1_stage2_L2_concat <- Mconv1_stage2_L2_1_Mprelu1_stage2_L2_1_0_split_1
I0923 17:57:36.020118 2173940 net.cpp:408] Mconv1_stage2_L2_concat <- Mconv1_stage2_L2_2
I0923 17:57:36.020120 2173940 net.cpp:382] Mconv1_stage2_L2_concat -> Mconv1_stage2_L2_concat
I0923 17:57:36.020125 2173940 net.cpp:124] Setting up Mconv1_stage2_L2_concat
I0923 17:57:36.020126 2173940 net.cpp:131] Top shape: 1 384 2 2 (1536)
I0923 17:57:36.020128 2173940 net.cpp:139] Memory required for data: 904960
I0923 17:57:36.020129 2173940 layer_factory.hpp:77] Creating layer Mconv2_stage2_L2_0
I0923 17:57:36.020133 2173940 net.cpp:86] Creating Layer Mconv2_stage2_L2_0
I0923 17:57:36.020133 2173940 net.cpp:408] Mconv2_stage2_L2_0 <- Mconv1_stage2_L2_concat
I0923 17:57:36.020135 2173940 net.cpp:382] Mconv2_stage2_L2_0 -> Mconv2_stage2_L2_0
I0923 17:57:36.030256 2173940 net.cpp:124] Setting up Mconv2_stage2_L2_0
I0923 17:57:36.030260 2173940 net.cpp:131] Top shape: 1 128 2 2 (512)
I0923 17:57:36.030262 2173940 net.cpp:139] Memory required for data: 907008
I0923 17:57:36.030264 2173940 layer_factory.hpp:77] Creating layer Mprelu2_stage2_L2_0
I0923 17:57:36.030267 2173940 net.cpp:86] Creating Layer Mprelu2_stage2_L2_0
I0923 17:57:36.030269 2173940 net.cpp:408] Mprelu2_stage2_L2_0 <- Mconv2_stage2_L2_0
I0923 17:57:36.030272 2173940 net.cpp:369] Mprelu2_stage2_L2_0 -> Mconv2_stage2_L2_0 (in-place)
I0923 17:57:36.030292 2173940 net.cpp:124] Setting up Mprelu2_stage2_L2_0
I0923 17:57:36.030293 2173940 net.cpp:131] Top shape: 1 128 2 2 (512)
I0923 17:57:36.030294 2173940 net.cpp:139] Memory required for data: 909056
I0923 17:57:36.030295 2173940 layer_factory.hpp:77] Creating layer Mconv2_stage2_L2_0_Mprelu2_stage2_L2_0_0_split
I0923 17:57:36.030297 2173940 net.cpp:86] Creating Layer Mconv2_stage2_L2_0_Mprelu2_stage2_L2_0_0_split
I0923 17:57:36.030298 2173940 net.cpp:408] Mconv2_stage2_L2_0_Mprelu2_stage2_L2_0_0_split <- Mconv2_stage2_L2_0
I0923 17:57:36.030300 2173940 net.cpp:382] Mconv2_stage2_L2_0_Mprelu2_stage2_L2_0_0_split -> Mconv2_stage2_L2_0_Mprelu2_stage2_L2_0_0_split_0
I0923 17:57:36.030303 2173940 net.cpp:382] Mconv2_stage2_L2_0_Mprelu2_stage2_L2_0_0_split -> Mconv2_stage2_L2_0_Mprelu2_stage2_L2_0_0_split_1
I0923 17:57:36.030309 2173940 net.cpp:124] Setting up Mconv2_stage2_L2_0_Mprelu2_stage2_L2_0_0_split
I0923 17:57:36.030310 2173940 net.cpp:131] Top shape: 1 128 2 2 (512)
I0923 17:57:36.030311 2173940 net.cpp:131] Top shape: 1 128 2 2 (512)
I0923 17:57:36.030313 2173940 net.cpp:139] Memory required for data: 913152
I0923 17:57:36.030313 2173940 layer_factory.hpp:77] Creating layer Mconv2_stage2_L2_1
I0923 17:57:36.030316 2173940 net.cpp:86] Creating Layer Mconv2_stage2_L2_1
I0923 17:57:36.030318 2173940 net.cpp:408] Mconv2_stage2_L2_1 <- Mconv2_stage2_L2_0_Mprelu2_stage2_L2_0_0_split_0
I0923 17:57:36.030319 2173940 net.cpp:382] Mconv2_stage2_L2_1 -> Mconv2_stage2_L2_1
I0923 17:57:36.039047 2173940 net.cpp:124] Setting up Mconv2_stage2_L2_1
I0923 17:57:36.039052 2173940 net.cpp:131] Top shape: 1 128 2 2 (512)
I0923 17:57:36.039054 2173940 net.cpp:139] Memory required for data: 915200
I0923 17:57:36.039057 2173940 layer_factory.hpp:77] Creating layer Mprelu2_stage2_L2_1
I0923 17:57:36.039059 2173940 net.cpp:86] Creating Layer Mprelu2_stage2_L2_1
I0923 17:57:36.039062 2173940 net.cpp:408] Mprelu2_stage2_L2_1 <- Mconv2_stage2_L2_1
I0923 17:57:36.039063 2173940 net.cpp:369] Mprelu2_stage2_L2_1 -> Mconv2_stage2_L2_1 (in-place)
I0923 17:57:36.039083 2173940 net.cpp:124] Setting up Mprelu2_stage2_L2_1
I0923 17:57:36.039085 2173940 net.cpp:131] Top shape: 1 128 2 2 (512)
I0923 17:57:36.039086 2173940 net.cpp:139] Memory required for data: 917248
I0923 17:57:36.039088 2173940 layer_factory.hpp:77] Creating layer Mconv2_stage2_L2_1_Mprelu2_stage2_L2_1_0_split
I0923 17:57:36.039089 2173940 net.cpp:86] Creating Layer Mconv2_stage2_L2_1_Mprelu2_stage2_L2_1_0_split
I0923 17:57:36.039090 2173940 net.cpp:408] Mconv2_stage2_L2_1_Mprelu2_stage2_L2_1_0_split <- Mconv2_stage2_L2_1
I0923 17:57:36.039091 2173940 net.cpp:382] Mconv2_stage2_L2_1_Mprelu2_stage2_L2_1_0_split -> Mconv2_stage2_L2_1_Mprelu2_stage2_L2_1_0_split_0
I0923 17:57:36.039094 2173940 net.cpp:382] Mconv2_stage2_L2_1_Mprelu2_stage2_L2_1_0_split -> Mconv2_stage2_L2_1_Mprelu2_stage2_L2_1_0_split_1
I0923 17:57:36.039101 2173940 net.cpp:124] Setting up Mconv2_stage2_L2_1_Mprelu2_stage2_L2_1_0_split
I0923 17:57:36.039103 2173940 net.cpp:131] Top shape: 1 128 2 2 (512)
I0923 17:57:36.039103 2173940 net.cpp:131] Top shape: 1 128 2 2 (512)
I0923 17:57:36.039104 2173940 net.cpp:139] Memory required for data: 921344
I0923 17:57:36.039105 2173940 layer_factory.hpp:77] Creating layer Mconv2_stage2_L2_2
I0923 17:57:36.039108 2173940 net.cpp:86] Creating Layer Mconv2_stage2_L2_2
I0923 17:57:36.039109 2173940 net.cpp:408] Mconv2_stage2_L2_2 <- Mconv2_stage2_L2_1_Mprelu2_stage2_L2_1_0_split_0
I0923 17:57:36.039111 2173940 net.cpp:382] Mconv2_stage2_L2_2 -> Mconv2_stage2_L2_2
I0923 17:57:36.047881 2173940 net.cpp:124] Setting up Mconv2_stage2_L2_2
I0923 17:57:36.047887 2173940 net.cpp:131] Top shape: 1 128 2 2 (512)
I0923 17:57:36.047889 2173940 net.cpp:139] Memory required for data: 923392
I0923 17:57:36.047891 2173940 layer_factory.hpp:77] Creating layer Mprelu2_stage2_L2_2
I0923 17:57:36.047894 2173940 net.cpp:86] Creating Layer Mprelu2_stage2_L2_2
I0923 17:57:36.047895 2173940 net.cpp:408] Mprelu2_stage2_L2_2 <- Mconv2_stage2_L2_2
I0923 17:57:36.047897 2173940 net.cpp:369] Mprelu2_stage2_L2_2 -> Mconv2_stage2_L2_2 (in-place)
I0923 17:57:36.047919 2173940 net.cpp:124] Setting up Mprelu2_stage2_L2_2
I0923 17:57:36.047920 2173940 net.cpp:131] Top shape: 1 128 2 2 (512)
I0923 17:57:36.047921 2173940 net.cpp:139] Memory required for data: 925440
I0923 17:57:36.047922 2173940 layer_factory.hpp:77] Creating layer Mconv2_stage2_L2_concat
I0923 17:57:36.047925 2173940 net.cpp:86] Creating Layer Mconv2_stage2_L2_concat
I0923 17:57:36.047926 2173940 net.cpp:408] Mconv2_stage2_L2_concat <- Mconv2_stage2_L2_0_Mprelu2_stage2_L2_0_0_split_1
I0923 17:57:36.047927 2173940 net.cpp:408] Mconv2_stage2_L2_concat <- Mconv2_stage2_L2_1_Mprelu2_stage2_L2_1_0_split_1
I0923 17:57:36.047930 2173940 net.cpp:408] Mconv2_stage2_L2_concat <- Mconv2_stage2_L2_2
I0923 17:57:36.047930 2173940 net.cpp:382] Mconv2_stage2_L2_concat -> Mconv2_stage2_L2_concat
I0923 17:57:36.047935 2173940 net.cpp:124] Setting up Mconv2_stage2_L2_concat
I0923 17:57:36.047937 2173940 net.cpp:131] Top shape: 1 384 2 2 (1536)
I0923 17:57:36.047938 2173940 net.cpp:139] Memory required for data: 931584
I0923 17:57:36.047940 2173940 layer_factory.hpp:77] Creating layer Mconv3_stage2_L2_0
I0923 17:57:36.047941 2173940 net.cpp:86] Creating Layer Mconv3_stage2_L2_0
I0923 17:57:36.047943 2173940 net.cpp:408] Mconv3_stage2_L2_0 <- Mconv2_stage2_L2_concat
I0923 17:57:36.047945 2173940 net.cpp:382] Mconv3_stage2_L2_0 -> Mconv3_stage2_L2_0
I0923 17:57:36.056806 2173940 net.cpp:124] Setting up Mconv3_stage2_L2_0
I0923 17:57:36.056811 2173940 net.cpp:131] Top shape: 1 128 2 2 (512)
I0923 17:57:36.056813 2173940 net.cpp:139] Memory required for data: 933632
I0923 17:57:36.056815 2173940 layer_factory.hpp:77] Creating layer Mprelu3_stage2_L2_0
I0923 17:57:36.056818 2173940 net.cpp:86] Creating Layer Mprelu3_stage2_L2_0
I0923 17:57:36.056819 2173940 net.cpp:408] Mprelu3_stage2_L2_0 <- Mconv3_stage2_L2_0
I0923 17:57:36.056821 2173940 net.cpp:369] Mprelu3_stage2_L2_0 -> Mconv3_stage2_L2_0 (in-place)
I0923 17:57:36.056843 2173940 net.cpp:124] Setting up Mprelu3_stage2_L2_0
I0923 17:57:36.056844 2173940 net.cpp:131] Top shape: 1 128 2 2 (512)
I0923 17:57:36.056845 2173940 net.cpp:139] Memory required for data: 935680
I0923 17:57:36.056847 2173940 layer_factory.hpp:77] Creating layer Mconv3_stage2_L2_0_Mprelu3_stage2_L2_0_0_split
I0923 17:57:36.056849 2173940 net.cpp:86] Creating Layer Mconv3_stage2_L2_0_Mprelu3_stage2_L2_0_0_split
I0923 17:57:36.056850 2173940 net.cpp:408] Mconv3_stage2_L2_0_Mprelu3_stage2_L2_0_0_split <- Mconv3_stage2_L2_0
I0923 17:57:36.056851 2173940 net.cpp:382] Mconv3_stage2_L2_0_Mprelu3_stage2_L2_0_0_split -> Mconv3_stage2_L2_0_Mprelu3_stage2_L2_0_0_split_0
I0923 17:57:36.056854 2173940 net.cpp:382] Mconv3_stage2_L2_0_Mprelu3_stage2_L2_0_0_split -> Mconv3_stage2_L2_0_Mprelu3_stage2_L2_0_0_split_1
I0923 17:57:36.056860 2173940 net.cpp:124] Setting up Mconv3_stage2_L2_0_Mprelu3_stage2_L2_0_0_split
I0923 17:57:36.056861 2173940 net.cpp:131] Top shape: 1 128 2 2 (512)
I0923 17:57:36.056862 2173940 net.cpp:131] Top shape: 1 128 2 2 (512)
I0923 17:57:36.056864 2173940 net.cpp:139] Memory required for data: 939776
I0923 17:57:36.056865 2173940 layer_factory.hpp:77] Creating layer Mconv3_stage2_L2_1
I0923 17:57:36.056867 2173940 net.cpp:86] Creating Layer Mconv3_stage2_L2_1
I0923 17:57:36.056869 2173940 net.cpp:408] Mconv3_stage2_L2_1 <- Mconv3_stage2_L2_0_Mprelu3_stage2_L2_0_0_split_0
I0923 17:57:36.056870 2173940 net.cpp:382] Mconv3_stage2_L2_1 -> Mconv3_stage2_L2_1
I0923 17:57:36.064924 2173940 net.cpp:124] Setting up Mconv3_stage2_L2_1
I0923 17:57:36.064930 2173940 net.cpp:131] Top shape: 1 128 2 2 (512)
I0923 17:57:36.064932 2173940 net.cpp:139] Memory required for data: 941824
I0923 17:57:36.064934 2173940 layer_factory.hpp:77] Creating layer Mprelu3_stage2_L2_1
I0923 17:57:36.064936 2173940 net.cpp:86] Creating Layer Mprelu3_stage2_L2_1
I0923 17:57:36.064939 2173940 net.cpp:408] Mprelu3_stage2_L2_1 <- Mconv3_stage2_L2_1
I0923 17:57:36.064940 2173940 net.cpp:369] Mprelu3_stage2_L2_1 -> Mconv3_stage2_L2_1 (in-place)
I0923 17:57:36.064961 2173940 net.cpp:124] Setting up Mprelu3_stage2_L2_1
I0923 17:57:36.064962 2173940 net.cpp:131] Top shape: 1 128 2 2 (512)
I0923 17:57:36.064965 2173940 net.cpp:139] Memory required for data: 943872
I0923 17:57:36.064965 2173940 layer_factory.hpp:77] Creating layer Mconv3_stage2_L2_1_Mprelu3_stage2_L2_1_0_split
I0923 17:57:36.064967 2173940 net.cpp:86] Creating Layer Mconv3_stage2_L2_1_Mprelu3_stage2_L2_1_0_split
I0923 17:57:36.064968 2173940 net.cpp:408] Mconv3_stage2_L2_1_Mprelu3_stage2_L2_1_0_split <- Mconv3_stage2_L2_1
I0923 17:57:36.064970 2173940 net.cpp:382] Mconv3_stage2_L2_1_Mprelu3_stage2_L2_1_0_split -> Mconv3_stage2_L2_1_Mprelu3_stage2_L2_1_0_split_0
I0923 17:57:36.064973 2173940 net.cpp:382] Mconv3_stage2_L2_1_Mprelu3_stage2_L2_1_0_split -> Mconv3_stage2_L2_1_Mprelu3_stage2_L2_1_0_split_1
I0923 17:57:36.064981 2173940 net.cpp:124] Setting up Mconv3_stage2_L2_1_Mprelu3_stage2_L2_1_0_split
I0923 17:57:36.064982 2173940 net.cpp:131] Top shape: 1 128 2 2 (512)
I0923 17:57:36.064983 2173940 net.cpp:131] Top shape: 1 128 2 2 (512)
I0923 17:57:36.064985 2173940 net.cpp:139] Memory required for data: 947968
I0923 17:57:36.064986 2173940 layer_factory.hpp:77] Creating layer Mconv3_stage2_L2_2
I0923 17:57:36.064988 2173940 net.cpp:86] Creating Layer Mconv3_stage2_L2_2
I0923 17:57:36.064989 2173940 net.cpp:408] Mconv3_stage2_L2_2 <- Mconv3_stage2_L2_1_Mprelu3_stage2_L2_1_0_split_0
I0923 17:57:36.064991 2173940 net.cpp:382] Mconv3_stage2_L2_2 -> Mconv3_stage2_L2_2
I0923 17:57:36.074026 2173940 net.cpp:124] Setting up Mconv3_stage2_L2_2
I0923 17:57:36.074031 2173940 net.cpp:131] Top shape: 1 128 2 2 (512)
I0923 17:57:36.074033 2173940 net.cpp:139] Memory required for data: 950016
I0923 17:57:36.074035 2173940 layer_factory.hpp:77] Creating layer Mprelu3_stage2_L2_2
I0923 17:57:36.074038 2173940 net.cpp:86] Creating Layer Mprelu3_stage2_L2_2
I0923 17:57:36.074040 2173940 net.cpp:408] Mprelu3_stage2_L2_2 <- Mconv3_stage2_L2_2
I0923 17:57:36.074043 2173940 net.cpp:369] Mprelu3_stage2_L2_2 -> Mconv3_stage2_L2_2 (in-place)
I0923 17:57:36.074064 2173940 net.cpp:124] Setting up Mprelu3_stage2_L2_2
I0923 17:57:36.074065 2173940 net.cpp:131] Top shape: 1 128 2 2 (512)
I0923 17:57:36.074066 2173940 net.cpp:139] Memory required for data: 952064
I0923 17:57:36.074067 2173940 layer_factory.hpp:77] Creating layer Mconv3_stage2_L2_concat
I0923 17:57:36.074069 2173940 net.cpp:86] Creating Layer Mconv3_stage2_L2_concat
I0923 17:57:36.074071 2173940 net.cpp:408] Mconv3_stage2_L2_concat <- Mconv3_stage2_L2_0_Mprelu3_stage2_L2_0_0_split_1
I0923 17:57:36.074072 2173940 net.cpp:408] Mconv3_stage2_L2_concat <- Mconv3_stage2_L2_1_Mprelu3_stage2_L2_1_0_split_1
I0923 17:57:36.074074 2173940 net.cpp:408] Mconv3_stage2_L2_concat <- Mconv3_stage2_L2_2
I0923 17:57:36.074075 2173940 net.cpp:382] Mconv3_stage2_L2_concat -> Mconv3_stage2_L2_concat
I0923 17:57:36.074080 2173940 net.cpp:124] Setting up Mconv3_stage2_L2_concat
I0923 17:57:36.074081 2173940 net.cpp:131] Top shape: 1 384 2 2 (1536)
I0923 17:57:36.074083 2173940 net.cpp:139] Memory required for data: 958208
I0923 17:57:36.074084 2173940 layer_factory.hpp:77] Creating layer Mconv4_stage2_L2_0
I0923 17:57:36.074086 2173940 net.cpp:86] Creating Layer Mconv4_stage2_L2_0
I0923 17:57:36.074088 2173940 net.cpp:408] Mconv4_stage2_L2_0 <- Mconv3_stage2_L2_concat
I0923 17:57:36.074090 2173940 net.cpp:382] Mconv4_stage2_L2_0 -> Mconv4_stage2_L2_0
I0923 17:57:36.082887 2173940 net.cpp:124] Setting up Mconv4_stage2_L2_0
I0923 17:57:36.082892 2173940 net.cpp:131] Top shape: 1 128 2 2 (512)
I0923 17:57:36.082894 2173940 net.cpp:139] Memory required for data: 960256
I0923 17:57:36.082896 2173940 layer_factory.hpp:77] Creating layer Mprelu4_stage2_L2_0
I0923 17:57:36.082899 2173940 net.cpp:86] Creating Layer Mprelu4_stage2_L2_0
I0923 17:57:36.082901 2173940 net.cpp:408] Mprelu4_stage2_L2_0 <- Mconv4_stage2_L2_0
I0923 17:57:36.082903 2173940 net.cpp:369] Mprelu4_stage2_L2_0 -> Mconv4_stage2_L2_0 (in-place)
I0923 17:57:36.082924 2173940 net.cpp:124] Setting up Mprelu4_stage2_L2_0
I0923 17:57:36.082926 2173940 net.cpp:131] Top shape: 1 128 2 2 (512)
I0923 17:57:36.082926 2173940 net.cpp:139] Memory required for data: 962304
I0923 17:57:36.082927 2173940 layer_factory.hpp:77] Creating layer Mconv4_stage2_L2_0_Mprelu4_stage2_L2_0_0_split
I0923 17:57:36.082929 2173940 net.cpp:86] Creating Layer Mconv4_stage2_L2_0_Mprelu4_stage2_L2_0_0_split
I0923 17:57:36.082931 2173940 net.cpp:408] Mconv4_stage2_L2_0_Mprelu4_stage2_L2_0_0_split <- Mconv4_stage2_L2_0
I0923 17:57:36.082932 2173940 net.cpp:382] Mconv4_stage2_L2_0_Mprelu4_stage2_L2_0_0_split -> Mconv4_stage2_L2_0_Mprelu4_stage2_L2_0_0_split_0
I0923 17:57:36.082935 2173940 net.cpp:382] Mconv4_stage2_L2_0_Mprelu4_stage2_L2_0_0_split -> Mconv4_stage2_L2_0_Mprelu4_stage2_L2_0_0_split_1
I0923 17:57:36.082942 2173940 net.cpp:124] Setting up Mconv4_stage2_L2_0_Mprelu4_stage2_L2_0_0_split
I0923 17:57:36.082942 2173940 net.cpp:131] Top shape: 1 128 2 2 (512)
I0923 17:57:36.082944 2173940 net.cpp:131] Top shape: 1 128 2 2 (512)
I0923 17:57:36.082945 2173940 net.cpp:139] Memory required for data: 966400
I0923 17:57:36.082947 2173940 layer_factory.hpp:77] Creating layer Mconv4_stage2_L2_1
I0923 17:57:36.082948 2173940 net.cpp:86] Creating Layer Mconv4_stage2_L2_1
I0923 17:57:36.082950 2173940 net.cpp:408] Mconv4_stage2_L2_1 <- Mconv4_stage2_L2_0_Mprelu4_stage2_L2_0_0_split_0
I0923 17:57:36.082952 2173940 net.cpp:382] Mconv4_stage2_L2_1 -> Mconv4_stage2_L2_1
I0923 17:57:36.091593 2173940 net.cpp:124] Setting up Mconv4_stage2_L2_1
I0923 17:57:36.091598 2173940 net.cpp:131] Top shape: 1 128 2 2 (512)
I0923 17:57:36.091600 2173940 net.cpp:139] Memory required for data: 968448
I0923 17:57:36.091602 2173940 layer_factory.hpp:77] Creating layer Mprelu4_stage2_L2_1
I0923 17:57:36.091605 2173940 net.cpp:86] Creating Layer Mprelu4_stage2_L2_1
I0923 17:57:36.091607 2173940 net.cpp:408] Mprelu4_stage2_L2_1 <- Mconv4_stage2_L2_1
I0923 17:57:36.091609 2173940 net.cpp:369] Mprelu4_stage2_L2_1 -> Mconv4_stage2_L2_1 (in-place)
I0923 17:57:36.091630 2173940 net.cpp:124] Setting up Mprelu4_stage2_L2_1
I0923 17:57:36.091631 2173940 net.cpp:131] Top shape: 1 128 2 2 (512)
I0923 17:57:36.091632 2173940 net.cpp:139] Memory required for data: 970496
I0923 17:57:36.091634 2173940 layer_factory.hpp:77] Creating layer Mconv4_stage2_L2_1_Mprelu4_stage2_L2_1_0_split
I0923 17:57:36.091635 2173940 net.cpp:86] Creating Layer Mconv4_stage2_L2_1_Mprelu4_stage2_L2_1_0_split
I0923 17:57:36.091637 2173940 net.cpp:408] Mconv4_stage2_L2_1_Mprelu4_stage2_L2_1_0_split <- Mconv4_stage2_L2_1
I0923 17:57:36.091638 2173940 net.cpp:382] Mconv4_stage2_L2_1_Mprelu4_stage2_L2_1_0_split -> Mconv4_stage2_L2_1_Mprelu4_stage2_L2_1_0_split_0
I0923 17:57:36.091640 2173940 net.cpp:382] Mconv4_stage2_L2_1_Mprelu4_stage2_L2_1_0_split -> Mconv4_stage2_L2_1_Mprelu4_stage2_L2_1_0_split_1
I0923 17:57:36.091647 2173940 net.cpp:124] Setting up Mconv4_stage2_L2_1_Mprelu4_stage2_L2_1_0_split
I0923 17:57:36.091650 2173940 net.cpp:131] Top shape: 1 128 2 2 (512)
I0923 17:57:36.091650 2173940 net.cpp:131] Top shape: 1 128 2 2 (512)
I0923 17:57:36.091651 2173940 net.cpp:139] Memory required for data: 974592
I0923 17:57:36.091652 2173940 layer_factory.hpp:77] Creating layer Mconv4_stage2_L2_2
I0923 17:57:36.091655 2173940 net.cpp:86] Creating Layer Mconv4_stage2_L2_2
I0923 17:57:36.091656 2173940 net.cpp:408] Mconv4_stage2_L2_2 <- Mconv4_stage2_L2_1_Mprelu4_stage2_L2_1_0_split_0
I0923 17:57:36.091658 2173940 net.cpp:382] Mconv4_stage2_L2_2 -> Mconv4_stage2_L2_2
I0923 17:57:36.100010 2173940 net.cpp:124] Setting up Mconv4_stage2_L2_2
I0923 17:57:36.100015 2173940 net.cpp:131] Top shape: 1 128 2 2 (512)
I0923 17:57:36.100018 2173940 net.cpp:139] Memory required for data: 976640
I0923 17:57:36.100019 2173940 layer_factory.hpp:77] Creating layer Mprelu4_stage2_L2_2
I0923 17:57:36.100023 2173940 net.cpp:86] Creating Layer Mprelu4_stage2_L2_2
I0923 17:57:36.100024 2173940 net.cpp:408] Mprelu4_stage2_L2_2 <- Mconv4_stage2_L2_2
I0923 17:57:36.100026 2173940 net.cpp:369] Mprelu4_stage2_L2_2 -> Mconv4_stage2_L2_2 (in-place)
I0923 17:57:36.100047 2173940 net.cpp:124] Setting up Mprelu4_stage2_L2_2
I0923 17:57:36.100049 2173940 net.cpp:131] Top shape: 1 128 2 2 (512)
I0923 17:57:36.100049 2173940 net.cpp:139] Memory required for data: 978688
I0923 17:57:36.100051 2173940 layer_factory.hpp:77] Creating layer Mconv4_stage2_L2_concat
I0923 17:57:36.100054 2173940 net.cpp:86] Creating Layer Mconv4_stage2_L2_concat
I0923 17:57:36.100054 2173940 net.cpp:408] Mconv4_stage2_L2_concat <- Mconv4_stage2_L2_0_Mprelu4_stage2_L2_0_0_split_1
I0923 17:57:36.100056 2173940 net.cpp:408] Mconv4_stage2_L2_concat <- Mconv4_stage2_L2_1_Mprelu4_stage2_L2_1_0_split_1
I0923 17:57:36.100057 2173940 net.cpp:408] Mconv4_stage2_L2_concat <- Mconv4_stage2_L2_2
I0923 17:57:36.100059 2173940 net.cpp:382] Mconv4_stage2_L2_concat -> Mconv4_stage2_L2_concat
I0923 17:57:36.100064 2173940 net.cpp:124] Setting up Mconv4_stage2_L2_concat
I0923 17:57:36.100065 2173940 net.cpp:131] Top shape: 1 384 2 2 (1536)
I0923 17:57:36.100067 2173940 net.cpp:139] Memory required for data: 984832
I0923 17:57:36.100068 2173940 layer_factory.hpp:77] Creating layer Mconv5_stage2_L2_0
I0923 17:57:36.100070 2173940 net.cpp:86] Creating Layer Mconv5_stage2_L2_0
I0923 17:57:36.100071 2173940 net.cpp:408] Mconv5_stage2_L2_0 <- Mconv4_stage2_L2_concat
I0923 17:57:36.100073 2173940 net.cpp:382] Mconv5_stage2_L2_0 -> Mconv5_stage2_L2_0
I0923 17:57:36.109673 2173940 net.cpp:124] Setting up Mconv5_stage2_L2_0
I0923 17:57:36.109679 2173940 net.cpp:131] Top shape: 1 128 2 2 (512)
I0923 17:57:36.109681 2173940 net.cpp:139] Memory required for data: 986880
I0923 17:57:36.109683 2173940 layer_factory.hpp:77] Creating layer Mprelu5_stage2_L2_0
I0923 17:57:36.109685 2173940 net.cpp:86] Creating Layer Mprelu5_stage2_L2_0
I0923 17:57:36.109687 2173940 net.cpp:408] Mprelu5_stage2_L2_0 <- Mconv5_stage2_L2_0
I0923 17:57:36.109689 2173940 net.cpp:369] Mprelu5_stage2_L2_0 -> Mconv5_stage2_L2_0 (in-place)
I0923 17:57:36.109710 2173940 net.cpp:124] Setting up Mprelu5_stage2_L2_0
I0923 17:57:36.109711 2173940 net.cpp:131] Top shape: 1 128 2 2 (512)
I0923 17:57:36.109712 2173940 net.cpp:139] Memory required for data: 988928
I0923 17:57:36.109714 2173940 layer_factory.hpp:77] Creating layer Mconv5_stage2_L2_0_Mprelu5_stage2_L2_0_0_split
I0923 17:57:36.109715 2173940 net.cpp:86] Creating Layer Mconv5_stage2_L2_0_Mprelu5_stage2_L2_0_0_split
I0923 17:57:36.109717 2173940 net.cpp:408] Mconv5_stage2_L2_0_Mprelu5_stage2_L2_0_0_split <- Mconv5_stage2_L2_0
I0923 17:57:36.109719 2173940 net.cpp:382] Mconv5_stage2_L2_0_Mprelu5_stage2_L2_0_0_split -> Mconv5_stage2_L2_0_Mprelu5_stage2_L2_0_0_split_0
I0923 17:57:36.109721 2173940 net.cpp:382] Mconv5_stage2_L2_0_Mprelu5_stage2_L2_0_0_split -> Mconv5_stage2_L2_0_Mprelu5_stage2_L2_0_0_split_1
I0923 17:57:36.109727 2173940 net.cpp:124] Setting up Mconv5_stage2_L2_0_Mprelu5_stage2_L2_0_0_split
I0923 17:57:36.109728 2173940 net.cpp:131] Top shape: 1 128 2 2 (512)
I0923 17:57:36.109730 2173940 net.cpp:131] Top shape: 1 128 2 2 (512)
I0923 17:57:36.109731 2173940 net.cpp:139] Memory required for data: 993024
I0923 17:57:36.109732 2173940 layer_factory.hpp:77] Creating layer Mconv5_stage2_L2_1
I0923 17:57:36.109735 2173940 net.cpp:86] Creating Layer Mconv5_stage2_L2_1
I0923 17:57:36.109736 2173940 net.cpp:408] Mconv5_stage2_L2_1 <- Mconv5_stage2_L2_0_Mprelu5_stage2_L2_0_0_split_0
I0923 17:57:36.109737 2173940 net.cpp:382] Mconv5_stage2_L2_1 -> Mconv5_stage2_L2_1
I0923 17:57:36.118702 2173940 net.cpp:124] Setting up Mconv5_stage2_L2_1
I0923 17:57:36.118707 2173940 net.cpp:131] Top shape: 1 128 2 2 (512)
I0923 17:57:36.118709 2173940 net.cpp:139] Memory required for data: 995072
I0923 17:57:36.118711 2173940 layer_factory.hpp:77] Creating layer Mprelu5_stage2_L2_1
I0923 17:57:36.118714 2173940 net.cpp:86] Creating Layer Mprelu5_stage2_L2_1
I0923 17:57:36.118716 2173940 net.cpp:408] Mprelu5_stage2_L2_1 <- Mconv5_stage2_L2_1
I0923 17:57:36.118717 2173940 net.cpp:369] Mprelu5_stage2_L2_1 -> Mconv5_stage2_L2_1 (in-place)
I0923 17:57:36.118738 2173940 net.cpp:124] Setting up Mprelu5_stage2_L2_1
I0923 17:57:36.118741 2173940 net.cpp:131] Top shape: 1 128 2 2 (512)
I0923 17:57:36.118741 2173940 net.cpp:139] Memory required for data: 997120
I0923 17:57:36.118742 2173940 layer_factory.hpp:77] Creating layer Mconv5_stage2_L2_1_Mprelu5_stage2_L2_1_0_split
I0923 17:57:36.118744 2173940 net.cpp:86] Creating Layer Mconv5_stage2_L2_1_Mprelu5_stage2_L2_1_0_split
I0923 17:57:36.118745 2173940 net.cpp:408] Mconv5_stage2_L2_1_Mprelu5_stage2_L2_1_0_split <- Mconv5_stage2_L2_1
I0923 17:57:36.118747 2173940 net.cpp:382] Mconv5_stage2_L2_1_Mprelu5_stage2_L2_1_0_split -> Mconv5_stage2_L2_1_Mprelu5_stage2_L2_1_0_split_0
I0923 17:57:36.118749 2173940 net.cpp:382] Mconv5_stage2_L2_1_Mprelu5_stage2_L2_1_0_split -> Mconv5_stage2_L2_1_Mprelu5_stage2_L2_1_0_split_1
I0923 17:57:36.118757 2173940 net.cpp:124] Setting up Mconv5_stage2_L2_1_Mprelu5_stage2_L2_1_0_split
I0923 17:57:36.118757 2173940 net.cpp:131] Top shape: 1 128 2 2 (512)
I0923 17:57:36.118759 2173940 net.cpp:131] Top shape: 1 128 2 2 (512)
I0923 17:57:36.118760 2173940 net.cpp:139] Memory required for data: 1001216
I0923 17:57:36.118762 2173940 layer_factory.hpp:77] Creating layer Mconv5_stage2_L2_2
I0923 17:57:36.118763 2173940 net.cpp:86] Creating Layer Mconv5_stage2_L2_2
I0923 17:57:36.118764 2173940 net.cpp:408] Mconv5_stage2_L2_2 <- Mconv5_stage2_L2_1_Mprelu5_stage2_L2_1_0_split_0
I0923 17:57:36.118767 2173940 net.cpp:382] Mconv5_stage2_L2_2 -> Mconv5_stage2_L2_2
I0923 17:57:36.126551 2173940 net.cpp:124] Setting up Mconv5_stage2_L2_2
I0923 17:57:36.126556 2173940 net.cpp:131] Top shape: 1 128 2 2 (512)
I0923 17:57:36.126559 2173940 net.cpp:139] Memory required for data: 1003264
I0923 17:57:36.126560 2173940 layer_factory.hpp:77] Creating layer Mprelu5_stage2_L2_2
I0923 17:57:36.126562 2173940 net.cpp:86] Creating Layer Mprelu5_stage2_L2_2
I0923 17:57:36.126564 2173940 net.cpp:408] Mprelu5_stage2_L2_2 <- Mconv5_stage2_L2_2
I0923 17:57:36.126566 2173940 net.cpp:369] Mprelu5_stage2_L2_2 -> Mconv5_stage2_L2_2 (in-place)
I0923 17:57:36.126587 2173940 net.cpp:124] Setting up Mprelu5_stage2_L2_2
I0923 17:57:36.126590 2173940 net.cpp:131] Top shape: 1 128 2 2 (512)
I0923 17:57:36.126590 2173940 net.cpp:139] Memory required for data: 1005312
I0923 17:57:36.126591 2173940 layer_factory.hpp:77] Creating layer Mconv5_stage2_L2_concat
I0923 17:57:36.126593 2173940 net.cpp:86] Creating Layer Mconv5_stage2_L2_concat
I0923 17:57:36.126595 2173940 net.cpp:408] Mconv5_stage2_L2_concat <- Mconv5_stage2_L2_0_Mprelu5_stage2_L2_0_0_split_1
I0923 17:57:36.126596 2173940 net.cpp:408] Mconv5_stage2_L2_concat <- Mconv5_stage2_L2_1_Mprelu5_stage2_L2_1_0_split_1
I0923 17:57:36.126597 2173940 net.cpp:408] Mconv5_stage2_L2_concat <- Mconv5_stage2_L2_2
I0923 17:57:36.126600 2173940 net.cpp:382] Mconv5_stage2_L2_concat -> Mconv5_stage2_L2_concat
I0923 17:57:36.126605 2173940 net.cpp:124] Setting up Mconv5_stage2_L2_concat
I0923 17:57:36.126605 2173940 net.cpp:131] Top shape: 1 384 2 2 (1536)
I0923 17:57:36.126607 2173940 net.cpp:139] Memory required for data: 1011456
I0923 17:57:36.126608 2173940 layer_factory.hpp:77] Creating layer Mconv6_stage2_L2
I0923 17:57:36.126611 2173940 net.cpp:86] Creating Layer Mconv6_stage2_L2
I0923 17:57:36.126612 2173940 net.cpp:408] Mconv6_stage2_L2 <- Mconv5_stage2_L2_concat
I0923 17:57:36.126614 2173940 net.cpp:382] Mconv6_stage2_L2 -> Mconv6_stage2_L2
I0923 17:57:36.135519 2173940 net.cpp:124] Setting up Mconv6_stage2_L2
I0923 17:57:36.135524 2173940 net.cpp:131] Top shape: 1 512 2 2 (2048)
I0923 17:57:36.135526 2173940 net.cpp:139] Memory required for data: 1019648
I0923 17:57:36.135528 2173940 layer_factory.hpp:77] Creating layer Mprelu6_stage2_L2
I0923 17:57:36.135531 2173940 net.cpp:86] Creating Layer Mprelu6_stage2_L2
I0923 17:57:36.135533 2173940 net.cpp:408] Mprelu6_stage2_L2 <- Mconv6_stage2_L2
I0923 17:57:36.135535 2173940 net.cpp:369] Mprelu6_stage2_L2 -> Mconv6_stage2_L2 (in-place)
I0923 17:57:36.135557 2173940 net.cpp:124] Setting up Mprelu6_stage2_L2
I0923 17:57:36.135558 2173940 net.cpp:131] Top shape: 1 512 2 2 (2048)
I0923 17:57:36.135560 2173940 net.cpp:139] Memory required for data: 1027840
I0923 17:57:36.135560 2173940 layer_factory.hpp:77] Creating layer Mconv7_stage2_L2
I0923 17:57:36.135563 2173940 net.cpp:86] Creating Layer Mconv7_stage2_L2
I0923 17:57:36.135565 2173940 net.cpp:408] Mconv7_stage2_L2 <- Mconv6_stage2_L2
I0923 17:57:36.135566 2173940 net.cpp:382] Mconv7_stage2_L2 -> Mconv7_stage2_L2
I0923 17:57:36.143605 2173940 net.cpp:124] Setting up Mconv7_stage2_L2
I0923 17:57:36.143610 2173940 net.cpp:131] Top shape: 1 52 2 2 (208)
I0923 17:57:36.143612 2173940 net.cpp:139] Memory required for data: 1028672
I0923 17:57:36.143615 2173940 layer_factory.hpp:77] Creating layer concat_stage3_L2
I0923 17:57:36.143617 2173940 net.cpp:86] Creating Layer concat_stage3_L2
I0923 17:57:36.143620 2173940 net.cpp:408] concat_stage3_L2 <- conv4_4_CPM_prelu4_4_CPM_0_split_3
I0923 17:57:36.143621 2173940 net.cpp:408] concat_stage3_L2 <- Mconv7_stage2_L2
I0923 17:57:36.143623 2173940 net.cpp:382] concat_stage3_L2 -> concat_stage3_L2
I0923 17:57:36.143632 2173940 net.cpp:124] Setting up concat_stage3_L2
I0923 17:57:36.143633 2173940 net.cpp:131] Top shape: 1 180 2 2 (720)
I0923 17:57:36.143635 2173940 net.cpp:139] Memory required for data: 1031552
I0923 17:57:36.143635 2173940 layer_factory.hpp:77] Creating layer Mconv1_stage3_L2_0
I0923 17:57:36.143638 2173940 net.cpp:86] Creating Layer Mconv1_stage3_L2_0
I0923 17:57:36.143639 2173940 net.cpp:408] Mconv1_stage3_L2_0 <- concat_stage3_L2
I0923 17:57:36.143641 2173940 net.cpp:382] Mconv1_stage3_L2_0 -> Mconv1_stage3_L2_0
I0923 17:57:36.152637 2173940 net.cpp:124] Setting up Mconv1_stage3_L2_0
I0923 17:57:36.152642 2173940 net.cpp:131] Top shape: 1 128 2 2 (512)
I0923 17:57:36.152645 2173940 net.cpp:139] Memory required for data: 1033600
I0923 17:57:36.152647 2173940 layer_factory.hpp:77] Creating layer Mprelu1_stage3_L2_0
I0923 17:57:36.152649 2173940 net.cpp:86] Creating Layer Mprelu1_stage3_L2_0
I0923 17:57:36.152652 2173940 net.cpp:408] Mprelu1_stage3_L2_0 <- Mconv1_stage3_L2_0
I0923 17:57:36.152653 2173940 net.cpp:369] Mprelu1_stage3_L2_0 -> Mconv1_stage3_L2_0 (in-place)
I0923 17:57:36.152675 2173940 net.cpp:124] Setting up Mprelu1_stage3_L2_0
I0923 17:57:36.152676 2173940 net.cpp:131] Top shape: 1 128 2 2 (512)
I0923 17:57:36.152678 2173940 net.cpp:139] Memory required for data: 1035648
I0923 17:57:36.152679 2173940 layer_factory.hpp:77] Creating layer Mconv1_stage3_L2_0_Mprelu1_stage3_L2_0_0_split
I0923 17:57:36.152681 2173940 net.cpp:86] Creating Layer Mconv1_stage3_L2_0_Mprelu1_stage3_L2_0_0_split
I0923 17:57:36.152683 2173940 net.cpp:408] Mconv1_stage3_L2_0_Mprelu1_stage3_L2_0_0_split <- Mconv1_stage3_L2_0
I0923 17:57:36.152684 2173940 net.cpp:382] Mconv1_stage3_L2_0_Mprelu1_stage3_L2_0_0_split -> Mconv1_stage3_L2_0_Mprelu1_stage3_L2_0_0_split_0
I0923 17:57:36.152686 2173940 net.cpp:382] Mconv1_stage3_L2_0_Mprelu1_stage3_L2_0_0_split -> Mconv1_stage3_L2_0_Mprelu1_stage3_L2_0_0_split_1
I0923 17:57:36.152693 2173940 net.cpp:124] Setting up Mconv1_stage3_L2_0_Mprelu1_stage3_L2_0_0_split
I0923 17:57:36.152694 2173940 net.cpp:131] Top shape: 1 128 2 2 (512)
I0923 17:57:36.152695 2173940 net.cpp:131] Top shape: 1 128 2 2 (512)
I0923 17:57:36.152697 2173940 net.cpp:139] Memory required for data: 1039744
I0923 17:57:36.152698 2173940 layer_factory.hpp:77] Creating layer Mconv1_stage3_L2_1
I0923 17:57:36.152700 2173940 net.cpp:86] Creating Layer Mconv1_stage3_L2_1
I0923 17:57:36.152701 2173940 net.cpp:408] Mconv1_stage3_L2_1 <- Mconv1_stage3_L2_0_Mprelu1_stage3_L2_0_0_split_0
I0923 17:57:36.152704 2173940 net.cpp:382] Mconv1_stage3_L2_1 -> Mconv1_stage3_L2_1
I0923 17:57:36.160727 2173940 net.cpp:124] Setting up Mconv1_stage3_L2_1
I0923 17:57:36.160732 2173940 net.cpp:131] Top shape: 1 128 2 2 (512)
I0923 17:57:36.160734 2173940 net.cpp:139] Memory required for data: 1041792
I0923 17:57:36.160737 2173940 layer_factory.hpp:77] Creating layer Mprelu1_stage3_L2_1
I0923 17:57:36.160739 2173940 net.cpp:86] Creating Layer Mprelu1_stage3_L2_1
I0923 17:57:36.160741 2173940 net.cpp:408] Mprelu1_stage3_L2_1 <- Mconv1_stage3_L2_1
I0923 17:57:36.160743 2173940 net.cpp:369] Mprelu1_stage3_L2_1 -> Mconv1_stage3_L2_1 (in-place)
I0923 17:57:36.160765 2173940 net.cpp:124] Setting up Mprelu1_stage3_L2_1
I0923 17:57:36.160766 2173940 net.cpp:131] Top shape: 1 128 2 2 (512)
I0923 17:57:36.160768 2173940 net.cpp:139] Memory required for data: 1043840
I0923 17:57:36.160769 2173940 layer_factory.hpp:77] Creating layer Mconv1_stage3_L2_1_Mprelu1_stage3_L2_1_0_split
I0923 17:57:36.160771 2173940 net.cpp:86] Creating Layer Mconv1_stage3_L2_1_Mprelu1_stage3_L2_1_0_split
I0923 17:57:36.160772 2173940 net.cpp:408] Mconv1_stage3_L2_1_Mprelu1_stage3_L2_1_0_split <- Mconv1_stage3_L2_1
I0923 17:57:36.160773 2173940 net.cpp:382] Mconv1_stage3_L2_1_Mprelu1_stage3_L2_1_0_split -> Mconv1_stage3_L2_1_Mprelu1_stage3_L2_1_0_split_0
I0923 17:57:36.160776 2173940 net.cpp:382] Mconv1_stage3_L2_1_Mprelu1_stage3_L2_1_0_split -> Mconv1_stage3_L2_1_Mprelu1_stage3_L2_1_0_split_1
I0923 17:57:36.160784 2173940 net.cpp:124] Setting up Mconv1_stage3_L2_1_Mprelu1_stage3_L2_1_0_split
I0923 17:57:36.160784 2173940 net.cpp:131] Top shape: 1 128 2 2 (512)
I0923 17:57:36.160785 2173940 net.cpp:131] Top shape: 1 128 2 2 (512)
I0923 17:57:36.160787 2173940 net.cpp:139] Memory required for data: 1047936
I0923 17:57:36.160789 2173940 layer_factory.hpp:77] Creating layer Mconv1_stage3_L2_2
I0923 17:57:36.160790 2173940 net.cpp:86] Creating Layer Mconv1_stage3_L2_2
I0923 17:57:36.160792 2173940 net.cpp:408] Mconv1_stage3_L2_2 <- Mconv1_stage3_L2_1_Mprelu1_stage3_L2_1_0_split_0
I0923 17:57:36.160794 2173940 net.cpp:382] Mconv1_stage3_L2_2 -> Mconv1_stage3_L2_2
I0923 17:57:36.168648 2173940 net.cpp:124] Setting up Mconv1_stage3_L2_2
I0923 17:57:36.168653 2173940 net.cpp:131] Top shape: 1 128 2 2 (512)
I0923 17:57:36.168655 2173940 net.cpp:139] Memory required for data: 1049984
I0923 17:57:36.168658 2173940 layer_factory.hpp:77] Creating layer Mprelu1_stage3_L2_2
I0923 17:57:36.168660 2173940 net.cpp:86] Creating Layer Mprelu1_stage3_L2_2
I0923 17:57:36.168661 2173940 net.cpp:408] Mprelu1_stage3_L2_2 <- Mconv1_stage3_L2_2
I0923 17:57:36.168663 2173940 net.cpp:369] Mprelu1_stage3_L2_2 -> Mconv1_stage3_L2_2 (in-place)
I0923 17:57:36.168684 2173940 net.cpp:124] Setting up Mprelu1_stage3_L2_2
I0923 17:57:36.168686 2173940 net.cpp:131] Top shape: 1 128 2 2 (512)
I0923 17:57:36.168687 2173940 net.cpp:139] Memory required for data: 1052032
I0923 17:57:36.168689 2173940 layer_factory.hpp:77] Creating layer Mconv1_stage3_L2_concat
I0923 17:57:36.168691 2173940 net.cpp:86] Creating Layer Mconv1_stage3_L2_concat
I0923 17:57:36.168692 2173940 net.cpp:408] Mconv1_stage3_L2_concat <- Mconv1_stage3_L2_0_Mprelu1_stage3_L2_0_0_split_1
I0923 17:57:36.168694 2173940 net.cpp:408] Mconv1_stage3_L2_concat <- Mconv1_stage3_L2_1_Mprelu1_stage3_L2_1_0_split_1
I0923 17:57:36.168695 2173940 net.cpp:408] Mconv1_stage3_L2_concat <- Mconv1_stage3_L2_2
I0923 17:57:36.168697 2173940 net.cpp:382] Mconv1_stage3_L2_concat -> Mconv1_stage3_L2_concat
I0923 17:57:36.168702 2173940 net.cpp:124] Setting up Mconv1_stage3_L2_concat
I0923 17:57:36.168704 2173940 net.cpp:131] Top shape: 1 384 2 2 (1536)
I0923 17:57:36.168705 2173940 net.cpp:139] Memory required for data: 1058176
I0923 17:57:36.168706 2173940 layer_factory.hpp:77] Creating layer Mconv2_stage3_L2_0
I0923 17:57:36.168708 2173940 net.cpp:86] Creating Layer Mconv2_stage3_L2_0
I0923 17:57:36.168709 2173940 net.cpp:408] Mconv2_stage3_L2_0 <- Mconv1_stage3_L2_concat
I0923 17:57:36.168711 2173940 net.cpp:382] Mconv2_stage3_L2_0 -> Mconv2_stage3_L2_0
I0923 17:57:36.177762 2173940 net.cpp:124] Setting up Mconv2_stage3_L2_0
I0923 17:57:36.177768 2173940 net.cpp:131] Top shape: 1 128 2 2 (512)
I0923 17:57:36.177770 2173940 net.cpp:139] Memory required for data: 1060224
I0923 17:57:36.177772 2173940 layer_factory.hpp:77] Creating layer Mprelu2_stage3_L2_0
I0923 17:57:36.177774 2173940 net.cpp:86] Creating Layer Mprelu2_stage3_L2_0
I0923 17:57:36.177776 2173940 net.cpp:408] Mprelu2_stage3_L2_0 <- Mconv2_stage3_L2_0
I0923 17:57:36.177778 2173940 net.cpp:369] Mprelu2_stage3_L2_0 -> Mconv2_stage3_L2_0 (in-place)
I0923 17:57:36.177800 2173940 net.cpp:124] Setting up Mprelu2_stage3_L2_0
I0923 17:57:36.177801 2173940 net.cpp:131] Top shape: 1 128 2 2 (512)
I0923 17:57:36.177802 2173940 net.cpp:139] Memory required for data: 1062272
I0923 17:57:36.177804 2173940 layer_factory.hpp:77] Creating layer Mconv2_stage3_L2_0_Mprelu2_stage3_L2_0_0_split
I0923 17:57:36.177806 2173940 net.cpp:86] Creating Layer Mconv2_stage3_L2_0_Mprelu2_stage3_L2_0_0_split
I0923 17:57:36.177807 2173940 net.cpp:408] Mconv2_stage3_L2_0_Mprelu2_stage3_L2_0_0_split <- Mconv2_stage3_L2_0
I0923 17:57:36.177809 2173940 net.cpp:382] Mconv2_stage3_L2_0_Mprelu2_stage3_L2_0_0_split -> Mconv2_stage3_L2_0_Mprelu2_stage3_L2_0_0_split_0
I0923 17:57:36.177811 2173940 net.cpp:382] Mconv2_stage3_L2_0_Mprelu2_stage3_L2_0_0_split -> Mconv2_stage3_L2_0_Mprelu2_stage3_L2_0_0_split_1
I0923 17:57:36.177819 2173940 net.cpp:124] Setting up Mconv2_stage3_L2_0_Mprelu2_stage3_L2_0_0_split
I0923 17:57:36.177819 2173940 net.cpp:131] Top shape: 1 128 2 2 (512)
I0923 17:57:36.177820 2173940 net.cpp:131] Top shape: 1 128 2 2 (512)
I0923 17:57:36.177821 2173940 net.cpp:139] Memory required for data: 1066368
I0923 17:57:36.177824 2173940 layer_factory.hpp:77] Creating layer Mconv2_stage3_L2_1
I0923 17:57:36.177825 2173940 net.cpp:86] Creating Layer Mconv2_stage3_L2_1
I0923 17:57:36.177827 2173940 net.cpp:408] Mconv2_stage3_L2_1 <- Mconv2_stage3_L2_0_Mprelu2_stage3_L2_0_0_split_0
I0923 17:57:36.177829 2173940 net.cpp:382] Mconv2_stage3_L2_1 -> Mconv2_stage3_L2_1
I0923 17:57:36.186759 2173940 net.cpp:124] Setting up Mconv2_stage3_L2_1
I0923 17:57:36.186765 2173940 net.cpp:131] Top shape: 1 128 2 2 (512)
I0923 17:57:36.186767 2173940 net.cpp:139] Memory required for data: 1068416
I0923 17:57:36.186769 2173940 layer_factory.hpp:77] Creating layer Mprelu2_stage3_L2_1
I0923 17:57:36.186771 2173940 net.cpp:86] Creating Layer Mprelu2_stage3_L2_1
I0923 17:57:36.186774 2173940 net.cpp:408] Mprelu2_stage3_L2_1 <- Mconv2_stage3_L2_1
I0923 17:57:36.186775 2173940 net.cpp:369] Mprelu2_stage3_L2_1 -> Mconv2_stage3_L2_1 (in-place)
I0923 17:57:36.186797 2173940 net.cpp:124] Setting up Mprelu2_stage3_L2_1
I0923 17:57:36.186798 2173940 net.cpp:131] Top shape: 1 128 2 2 (512)
I0923 17:57:36.186800 2173940 net.cpp:139] Memory required for data: 1070464
I0923 17:57:36.186801 2173940 layer_factory.hpp:77] Creating layer Mconv2_stage3_L2_1_Mprelu2_stage3_L2_1_0_split
I0923 17:57:36.186803 2173940 net.cpp:86] Creating Layer Mconv2_stage3_L2_1_Mprelu2_stage3_L2_1_0_split
I0923 17:57:36.186805 2173940 net.cpp:408] Mconv2_stage3_L2_1_Mprelu2_stage3_L2_1_0_split <- Mconv2_stage3_L2_1
I0923 17:57:36.186806 2173940 net.cpp:382] Mconv2_stage3_L2_1_Mprelu2_stage3_L2_1_0_split -> Mconv2_stage3_L2_1_Mprelu2_stage3_L2_1_0_split_0
I0923 17:57:36.186808 2173940 net.cpp:382] Mconv2_stage3_L2_1_Mprelu2_stage3_L2_1_0_split -> Mconv2_stage3_L2_1_Mprelu2_stage3_L2_1_0_split_1
I0923 17:57:36.186815 2173940 net.cpp:124] Setting up Mconv2_stage3_L2_1_Mprelu2_stage3_L2_1_0_split
I0923 17:57:36.186816 2173940 net.cpp:131] Top shape: 1 128 2 2 (512)
I0923 17:57:36.186817 2173940 net.cpp:131] Top shape: 1 128 2 2 (512)
I0923 17:57:36.186818 2173940 net.cpp:139] Memory required for data: 1074560
I0923 17:57:36.186820 2173940 layer_factory.hpp:77] Creating layer Mconv2_stage3_L2_2
I0923 17:57:36.186822 2173940 net.cpp:86] Creating Layer Mconv2_stage3_L2_2
I0923 17:57:36.186823 2173940 net.cpp:408] Mconv2_stage3_L2_2 <- Mconv2_stage3_L2_1_Mprelu2_stage3_L2_1_0_split_0
I0923 17:57:36.186825 2173940 net.cpp:382] Mconv2_stage3_L2_2 -> Mconv2_stage3_L2_2
I0923 17:57:36.194939 2173940 net.cpp:124] Setting up Mconv2_stage3_L2_2
I0923 17:57:36.194944 2173940 net.cpp:131] Top shape: 1 128 2 2 (512)
I0923 17:57:36.194947 2173940 net.cpp:139] Memory required for data: 1076608
I0923 17:57:36.194948 2173940 layer_factory.hpp:77] Creating layer Mprelu2_stage3_L2_2
I0923 17:57:36.194952 2173940 net.cpp:86] Creating Layer Mprelu2_stage3_L2_2
I0923 17:57:36.194953 2173940 net.cpp:408] Mprelu2_stage3_L2_2 <- Mconv2_stage3_L2_2
I0923 17:57:36.194954 2173940 net.cpp:369] Mprelu2_stage3_L2_2 -> Mconv2_stage3_L2_2 (in-place)
I0923 17:57:36.194975 2173940 net.cpp:124] Setting up Mprelu2_stage3_L2_2
I0923 17:57:36.194977 2173940 net.cpp:131] Top shape: 1 128 2 2 (512)
I0923 17:57:36.194978 2173940 net.cpp:139] Memory required for data: 1078656
I0923 17:57:36.194979 2173940 layer_factory.hpp:77] Creating layer Mconv2_stage3_L2_concat
I0923 17:57:36.194981 2173940 net.cpp:86] Creating Layer Mconv2_stage3_L2_concat
I0923 17:57:36.194983 2173940 net.cpp:408] Mconv2_stage3_L2_concat <- Mconv2_stage3_L2_0_Mprelu2_stage3_L2_0_0_split_1
I0923 17:57:36.194983 2173940 net.cpp:408] Mconv2_stage3_L2_concat <- Mconv2_stage3_L2_1_Mprelu2_stage3_L2_1_0_split_1
I0923 17:57:36.194985 2173940 net.cpp:408] Mconv2_stage3_L2_concat <- Mconv2_stage3_L2_2
I0923 17:57:36.194986 2173940 net.cpp:382] Mconv2_stage3_L2_concat -> Mconv2_stage3_L2_concat
I0923 17:57:36.194991 2173940 net.cpp:124] Setting up Mconv2_stage3_L2_concat
I0923 17:57:36.194993 2173940 net.cpp:131] Top shape: 1 384 2 2 (1536)
I0923 17:57:36.194994 2173940 net.cpp:139] Memory required for data: 1084800
I0923 17:57:36.194995 2173940 layer_factory.hpp:77] Creating layer Mconv3_stage3_L2_0
I0923 17:57:36.194998 2173940 net.cpp:86] Creating Layer Mconv3_stage3_L2_0
I0923 17:57:36.194999 2173940 net.cpp:408] Mconv3_stage3_L2_0 <- Mconv2_stage3_L2_concat
I0923 17:57:36.195001 2173940 net.cpp:382] Mconv3_stage3_L2_0 -> Mconv3_stage3_L2_0
I0923 17:57:36.203830 2173940 net.cpp:124] Setting up Mconv3_stage3_L2_0
I0923 17:57:36.203835 2173940 net.cpp:131] Top shape: 1 128 2 2 (512)
I0923 17:57:36.203836 2173940 net.cpp:139] Memory required for data: 1086848
I0923 17:57:36.203840 2173940 layer_factory.hpp:77] Creating layer Mprelu3_stage3_L2_0
I0923 17:57:36.203841 2173940 net.cpp:86] Creating Layer Mprelu3_stage3_L2_0
I0923 17:57:36.203843 2173940 net.cpp:408] Mprelu3_stage3_L2_0 <- Mconv3_stage3_L2_0
I0923 17:57:36.203845 2173940 net.cpp:369] Mprelu3_stage3_L2_0 -> Mconv3_stage3_L2_0 (in-place)
I0923 17:57:36.203867 2173940 net.cpp:124] Setting up Mprelu3_stage3_L2_0
I0923 17:57:36.203868 2173940 net.cpp:131] Top shape: 1 128 2 2 (512)
I0923 17:57:36.203869 2173940 net.cpp:139] Memory required for data: 1088896
I0923 17:57:36.203871 2173940 layer_factory.hpp:77] Creating layer Mconv3_stage3_L2_0_Mprelu3_stage3_L2_0_0_split
I0923 17:57:36.203872 2173940 net.cpp:86] Creating Layer Mconv3_stage3_L2_0_Mprelu3_stage3_L2_0_0_split
I0923 17:57:36.203873 2173940 net.cpp:408] Mconv3_stage3_L2_0_Mprelu3_stage3_L2_0_0_split <- Mconv3_stage3_L2_0
I0923 17:57:36.203876 2173940 net.cpp:382] Mconv3_stage3_L2_0_Mprelu3_stage3_L2_0_0_split -> Mconv3_stage3_L2_0_Mprelu3_stage3_L2_0_0_split_0
I0923 17:57:36.203877 2173940 net.cpp:382] Mconv3_stage3_L2_0_Mprelu3_stage3_L2_0_0_split -> Mconv3_stage3_L2_0_Mprelu3_stage3_L2_0_0_split_1
I0923 17:57:36.203884 2173940 net.cpp:124] Setting up Mconv3_stage3_L2_0_Mprelu3_stage3_L2_0_0_split
I0923 17:57:36.203886 2173940 net.cpp:131] Top shape: 1 128 2 2 (512)
I0923 17:57:36.203886 2173940 net.cpp:131] Top shape: 1 128 2 2 (512)
I0923 17:57:36.203888 2173940 net.cpp:139] Memory required for data: 1092992
I0923 17:57:36.203889 2173940 layer_factory.hpp:77] Creating layer Mconv3_stage3_L2_1
I0923 17:57:36.203891 2173940 net.cpp:86] Creating Layer Mconv3_stage3_L2_1
I0923 17:57:36.203892 2173940 net.cpp:408] Mconv3_stage3_L2_1 <- Mconv3_stage3_L2_0_Mprelu3_stage3_L2_0_0_split_0
I0923 17:57:36.203894 2173940 net.cpp:382] Mconv3_stage3_L2_1 -> Mconv3_stage3_L2_1
I0923 17:57:36.212270 2173940 net.cpp:124] Setting up Mconv3_stage3_L2_1
I0923 17:57:36.212275 2173940 net.cpp:131] Top shape: 1 128 2 2 (512)
I0923 17:57:36.212276 2173940 net.cpp:139] Memory required for data: 1095040
I0923 17:57:36.212278 2173940 layer_factory.hpp:77] Creating layer Mprelu3_stage3_L2_1
I0923 17:57:36.212281 2173940 net.cpp:86] Creating Layer Mprelu3_stage3_L2_1
I0923 17:57:36.212283 2173940 net.cpp:408] Mprelu3_stage3_L2_1 <- Mconv3_stage3_L2_1
I0923 17:57:36.212285 2173940 net.cpp:369] Mprelu3_stage3_L2_1 -> Mconv3_stage3_L2_1 (in-place)
I0923 17:57:36.212308 2173940 net.cpp:124] Setting up Mprelu3_stage3_L2_1
I0923 17:57:36.212309 2173940 net.cpp:131] Top shape: 1 128 2 2 (512)
I0923 17:57:36.212311 2173940 net.cpp:139] Memory required for data: 1097088
I0923 17:57:36.212312 2173940 layer_factory.hpp:77] Creating layer Mconv3_stage3_L2_1_Mprelu3_stage3_L2_1_0_split
I0923 17:57:36.212314 2173940 net.cpp:86] Creating Layer Mconv3_stage3_L2_1_Mprelu3_stage3_L2_1_0_split
I0923 17:57:36.212316 2173940 net.cpp:408] Mconv3_stage3_L2_1_Mprelu3_stage3_L2_1_0_split <- Mconv3_stage3_L2_1
I0923 17:57:36.212317 2173940 net.cpp:382] Mconv3_stage3_L2_1_Mprelu3_stage3_L2_1_0_split -> Mconv3_stage3_L2_1_Mprelu3_stage3_L2_1_0_split_0
I0923 17:57:36.212319 2173940 net.cpp:382] Mconv3_stage3_L2_1_Mprelu3_stage3_L2_1_0_split -> Mconv3_stage3_L2_1_Mprelu3_stage3_L2_1_0_split_1
I0923 17:57:36.212327 2173940 net.cpp:124] Setting up Mconv3_stage3_L2_1_Mprelu3_stage3_L2_1_0_split
I0923 17:57:36.212328 2173940 net.cpp:131] Top shape: 1 128 2 2 (512)
I0923 17:57:36.212329 2173940 net.cpp:131] Top shape: 1 128 2 2 (512)
I0923 17:57:36.212330 2173940 net.cpp:139] Memory required for data: 1101184
I0923 17:57:36.212332 2173940 layer_factory.hpp:77] Creating layer Mconv3_stage3_L2_2
I0923 17:57:36.212333 2173940 net.cpp:86] Creating Layer Mconv3_stage3_L2_2
I0923 17:57:36.212335 2173940 net.cpp:408] Mconv3_stage3_L2_2 <- Mconv3_stage3_L2_1_Mprelu3_stage3_L2_1_0_split_0
I0923 17:57:36.212337 2173940 net.cpp:382] Mconv3_stage3_L2_2 -> Mconv3_stage3_L2_2
I0923 17:57:36.221315 2173940 net.cpp:124] Setting up Mconv3_stage3_L2_2
I0923 17:57:36.221321 2173940 net.cpp:131] Top shape: 1 128 2 2 (512)
I0923 17:57:36.221323 2173940 net.cpp:139] Memory required for data: 1103232
I0923 17:57:36.221325 2173940 layer_factory.hpp:77] Creating layer Mprelu3_stage3_L2_2
I0923 17:57:36.221328 2173940 net.cpp:86] Creating Layer Mprelu3_stage3_L2_2
I0923 17:57:36.221329 2173940 net.cpp:408] Mprelu3_stage3_L2_2 <- Mconv3_stage3_L2_2
I0923 17:57:36.221331 2173940 net.cpp:369] Mprelu3_stage3_L2_2 -> Mconv3_stage3_L2_2 (in-place)
I0923 17:57:36.221354 2173940 net.cpp:124] Setting up Mprelu3_stage3_L2_2
I0923 17:57:36.221354 2173940 net.cpp:131] Top shape: 1 128 2 2 (512)
I0923 17:57:36.221356 2173940 net.cpp:139] Memory required for data: 1105280
I0923 17:57:36.221357 2173940 layer_factory.hpp:77] Creating layer Mconv3_stage3_L2_concat
I0923 17:57:36.221359 2173940 net.cpp:86] Creating Layer Mconv3_stage3_L2_concat
I0923 17:57:36.221360 2173940 net.cpp:408] Mconv3_stage3_L2_concat <- Mconv3_stage3_L2_0_Mprelu3_stage3_L2_0_0_split_1
I0923 17:57:36.221362 2173940 net.cpp:408] Mconv3_stage3_L2_concat <- Mconv3_stage3_L2_1_Mprelu3_stage3_L2_1_0_split_1
I0923 17:57:36.221364 2173940 net.cpp:408] Mconv3_stage3_L2_concat <- Mconv3_stage3_L2_2
I0923 17:57:36.221365 2173940 net.cpp:382] Mconv3_stage3_L2_concat -> Mconv3_stage3_L2_concat
I0923 17:57:36.221370 2173940 net.cpp:124] Setting up Mconv3_stage3_L2_concat
I0923 17:57:36.221371 2173940 net.cpp:131] Top shape: 1 384 2 2 (1536)
I0923 17:57:36.221374 2173940 net.cpp:139] Memory required for data: 1111424
I0923 17:57:36.221374 2173940 layer_factory.hpp:77] Creating layer Mconv4_stage3_L2_0
I0923 17:57:36.221376 2173940 net.cpp:86] Creating Layer Mconv4_stage3_L2_0
I0923 17:57:36.221377 2173940 net.cpp:408] Mconv4_stage3_L2_0 <- Mconv3_stage3_L2_concat
I0923 17:57:36.221379 2173940 net.cpp:382] Mconv4_stage3_L2_0 -> Mconv4_stage3_L2_0
I0923 17:57:36.232128 2173940 net.cpp:124] Setting up Mconv4_stage3_L2_0
I0923 17:57:36.232133 2173940 net.cpp:131] Top shape: 1 128 2 2 (512)
I0923 17:57:36.232136 2173940 net.cpp:139] Memory required for data: 1113472
I0923 17:57:36.232137 2173940 layer_factory.hpp:77] Creating layer Mprelu4_stage3_L2_0
I0923 17:57:36.232141 2173940 net.cpp:86] Creating Layer Mprelu4_stage3_L2_0
I0923 17:57:36.232142 2173940 net.cpp:408] Mprelu4_stage3_L2_0 <- Mconv4_stage3_L2_0
I0923 17:57:36.232144 2173940 net.cpp:369] Mprelu4_stage3_L2_0 -> Mconv4_stage3_L2_0 (in-place)
I0923 17:57:36.232167 2173940 net.cpp:124] Setting up Mprelu4_stage3_L2_0
I0923 17:57:36.232167 2173940 net.cpp:131] Top shape: 1 128 2 2 (512)
I0923 17:57:36.232168 2173940 net.cpp:139] Memory required for data: 1115520
I0923 17:57:36.232169 2173940 layer_factory.hpp:77] Creating layer Mconv4_stage3_L2_0_Mprelu4_stage3_L2_0_0_split
I0923 17:57:36.232172 2173940 net.cpp:86] Creating Layer Mconv4_stage3_L2_0_Mprelu4_stage3_L2_0_0_split
I0923 17:57:36.232173 2173940 net.cpp:408] Mconv4_stage3_L2_0_Mprelu4_stage3_L2_0_0_split <- Mconv4_stage3_L2_0
I0923 17:57:36.232174 2173940 net.cpp:382] Mconv4_stage3_L2_0_Mprelu4_stage3_L2_0_0_split -> Mconv4_stage3_L2_0_Mprelu4_stage3_L2_0_0_split_0
I0923 17:57:36.232177 2173940 net.cpp:382] Mconv4_stage3_L2_0_Mprelu4_stage3_L2_0_0_split -> Mconv4_stage3_L2_0_Mprelu4_stage3_L2_0_0_split_1
I0923 17:57:36.232184 2173940 net.cpp:124] Setting up Mconv4_stage3_L2_0_Mprelu4_stage3_L2_0_0_split
I0923 17:57:36.232185 2173940 net.cpp:131] Top shape: 1 128 2 2 (512)
I0923 17:57:36.232187 2173940 net.cpp:131] Top shape: 1 128 2 2 (512)
I0923 17:57:36.232187 2173940 net.cpp:139] Memory required for data: 1119616
I0923 17:57:36.232188 2173940 layer_factory.hpp:77] Creating layer Mconv4_stage3_L2_1
I0923 17:57:36.232191 2173940 net.cpp:86] Creating Layer Mconv4_stage3_L2_1
I0923 17:57:36.232192 2173940 net.cpp:408] Mconv4_stage3_L2_1 <- Mconv4_stage3_L2_0_Mprelu4_stage3_L2_0_0_split_0
I0923 17:57:36.232194 2173940 net.cpp:382] Mconv4_stage3_L2_1 -> Mconv4_stage3_L2_1
I0923 17:57:36.240453 2173940 net.cpp:124] Setting up Mconv4_stage3_L2_1
I0923 17:57:36.240458 2173940 net.cpp:131] Top shape: 1 128 2 2 (512)
I0923 17:57:36.240460 2173940 net.cpp:139] Memory required for data: 1121664
I0923 17:57:36.240463 2173940 layer_factory.hpp:77] Creating layer Mprelu4_stage3_L2_1
I0923 17:57:36.240464 2173940 net.cpp:86] Creating Layer Mprelu4_stage3_L2_1
I0923 17:57:36.240466 2173940 net.cpp:408] Mprelu4_stage3_L2_1 <- Mconv4_stage3_L2_1
I0923 17:57:36.240468 2173940 net.cpp:369] Mprelu4_stage3_L2_1 -> Mconv4_stage3_L2_1 (in-place)
I0923 17:57:36.240489 2173940 net.cpp:124] Setting up Mprelu4_stage3_L2_1
I0923 17:57:36.240490 2173940 net.cpp:131] Top shape: 1 128 2 2 (512)
I0923 17:57:36.240492 2173940 net.cpp:139] Memory required for data: 1123712
I0923 17:57:36.240494 2173940 layer_factory.hpp:77] Creating layer Mconv4_stage3_L2_1_Mprelu4_stage3_L2_1_0_split
I0923 17:57:36.240495 2173940 net.cpp:86] Creating Layer Mconv4_stage3_L2_1_Mprelu4_stage3_L2_1_0_split
I0923 17:57:36.240496 2173940 net.cpp:408] Mconv4_stage3_L2_1_Mprelu4_stage3_L2_1_0_split <- Mconv4_stage3_L2_1
I0923 17:57:36.240499 2173940 net.cpp:382] Mconv4_stage3_L2_1_Mprelu4_stage3_L2_1_0_split -> Mconv4_stage3_L2_1_Mprelu4_stage3_L2_1_0_split_0
I0923 17:57:36.240500 2173940 net.cpp:382] Mconv4_stage3_L2_1_Mprelu4_stage3_L2_1_0_split -> Mconv4_stage3_L2_1_Mprelu4_stage3_L2_1_0_split_1
I0923 17:57:36.240507 2173940 net.cpp:124] Setting up Mconv4_stage3_L2_1_Mprelu4_stage3_L2_1_0_split
I0923 17:57:36.240509 2173940 net.cpp:131] Top shape: 1 128 2 2 (512)
I0923 17:57:36.240510 2173940 net.cpp:131] Top shape: 1 128 2 2 (512)
I0923 17:57:36.240511 2173940 net.cpp:139] Memory required for data: 1127808
I0923 17:57:36.240512 2173940 layer_factory.hpp:77] Creating layer Mconv4_stage3_L2_2
I0923 17:57:36.240514 2173940 net.cpp:86] Creating Layer Mconv4_stage3_L2_2
I0923 17:57:36.240515 2173940 net.cpp:408] Mconv4_stage3_L2_2 <- Mconv4_stage3_L2_1_Mprelu4_stage3_L2_1_0_split_0
I0923 17:57:36.240517 2173940 net.cpp:382] Mconv4_stage3_L2_2 -> Mconv4_stage3_L2_2
I0923 17:57:36.249171 2173940 net.cpp:124] Setting up Mconv4_stage3_L2_2
I0923 17:57:36.249176 2173940 net.cpp:131] Top shape: 1 128 2 2 (512)
I0923 17:57:36.249178 2173940 net.cpp:139] Memory required for data: 1129856
I0923 17:57:36.249181 2173940 layer_factory.hpp:77] Creating layer Mprelu4_stage3_L2_2
I0923 17:57:36.249183 2173940 net.cpp:86] Creating Layer Mprelu4_stage3_L2_2
I0923 17:57:36.249185 2173940 net.cpp:408] Mprelu4_stage3_L2_2 <- Mconv4_stage3_L2_2
I0923 17:57:36.249187 2173940 net.cpp:369] Mprelu4_stage3_L2_2 -> Mconv4_stage3_L2_2 (in-place)
I0923 17:57:36.249209 2173940 net.cpp:124] Setting up Mprelu4_stage3_L2_2
I0923 17:57:36.249210 2173940 net.cpp:131] Top shape: 1 128 2 2 (512)
I0923 17:57:36.249212 2173940 net.cpp:139] Memory required for data: 1131904
I0923 17:57:36.249213 2173940 layer_factory.hpp:77] Creating layer Mconv4_stage3_L2_concat
I0923 17:57:36.249215 2173940 net.cpp:86] Creating Layer Mconv4_stage3_L2_concat
I0923 17:57:36.249217 2173940 net.cpp:408] Mconv4_stage3_L2_concat <- Mconv4_stage3_L2_0_Mprelu4_stage3_L2_0_0_split_1
I0923 17:57:36.249217 2173940 net.cpp:408] Mconv4_stage3_L2_concat <- Mconv4_stage3_L2_1_Mprelu4_stage3_L2_1_0_split_1
I0923 17:57:36.249219 2173940 net.cpp:408] Mconv4_stage3_L2_concat <- Mconv4_stage3_L2_2
I0923 17:57:36.249220 2173940 net.cpp:382] Mconv4_stage3_L2_concat -> Mconv4_stage3_L2_concat
I0923 17:57:36.249226 2173940 net.cpp:124] Setting up Mconv4_stage3_L2_concat
I0923 17:57:36.249228 2173940 net.cpp:131] Top shape: 1 384 2 2 (1536)
I0923 17:57:36.249228 2173940 net.cpp:139] Memory required for data: 1138048
I0923 17:57:36.249229 2173940 layer_factory.hpp:77] Creating layer Mconv5_stage3_L2_0
I0923 17:57:36.249233 2173940 net.cpp:86] Creating Layer Mconv5_stage3_L2_0
I0923 17:57:36.249233 2173940 net.cpp:408] Mconv5_stage3_L2_0 <- Mconv4_stage3_L2_concat
I0923 17:57:36.249235 2173940 net.cpp:382] Mconv5_stage3_L2_0 -> Mconv5_stage3_L2_0
I0923 17:57:36.258062 2173940 net.cpp:124] Setting up Mconv5_stage3_L2_0
I0923 17:57:36.258067 2173940 net.cpp:131] Top shape: 1 128 2 2 (512)
I0923 17:57:36.258069 2173940 net.cpp:139] Memory required for data: 1140096
I0923 17:57:36.258071 2173940 layer_factory.hpp:77] Creating layer Mprelu5_stage3_L2_0
I0923 17:57:36.258074 2173940 net.cpp:86] Creating Layer Mprelu5_stage3_L2_0
I0923 17:57:36.258076 2173940 net.cpp:408] Mprelu5_stage3_L2_0 <- Mconv5_stage3_L2_0
I0923 17:57:36.258078 2173940 net.cpp:369] Mprelu5_stage3_L2_0 -> Mconv5_stage3_L2_0 (in-place)
I0923 17:57:36.258100 2173940 net.cpp:124] Setting up Mprelu5_stage3_L2_0
I0923 17:57:36.258101 2173940 net.cpp:131] Top shape: 1 128 2 2 (512)
I0923 17:57:36.258102 2173940 net.cpp:139] Memory required for data: 1142144
I0923 17:57:36.258103 2173940 layer_factory.hpp:77] Creating layer Mconv5_stage3_L2_0_Mprelu5_stage3_L2_0_0_split
I0923 17:57:36.258105 2173940 net.cpp:86] Creating Layer Mconv5_stage3_L2_0_Mprelu5_stage3_L2_0_0_split
I0923 17:57:36.258106 2173940 net.cpp:408] Mconv5_stage3_L2_0_Mprelu5_stage3_L2_0_0_split <- Mconv5_stage3_L2_0
I0923 17:57:36.258108 2173940 net.cpp:382] Mconv5_stage3_L2_0_Mprelu5_stage3_L2_0_0_split -> Mconv5_stage3_L2_0_Mprelu5_stage3_L2_0_0_split_0
I0923 17:57:36.258111 2173940 net.cpp:382] Mconv5_stage3_L2_0_Mprelu5_stage3_L2_0_0_split -> Mconv5_stage3_L2_0_Mprelu5_stage3_L2_0_0_split_1
I0923 17:57:36.258117 2173940 net.cpp:124] Setting up Mconv5_stage3_L2_0_Mprelu5_stage3_L2_0_0_split
I0923 17:57:36.258118 2173940 net.cpp:131] Top shape: 1 128 2 2 (512)
I0923 17:57:36.258119 2173940 net.cpp:131] Top shape: 1 128 2 2 (512)
I0923 17:57:36.258121 2173940 net.cpp:139] Memory required for data: 1146240
I0923 17:57:36.258122 2173940 layer_factory.hpp:77] Creating layer Mconv5_stage3_L2_1
I0923 17:57:36.258126 2173940 net.cpp:86] Creating Layer Mconv5_stage3_L2_1
I0923 17:57:36.258126 2173940 net.cpp:408] Mconv5_stage3_L2_1 <- Mconv5_stage3_L2_0_Mprelu5_stage3_L2_0_0_split_0
I0923 17:57:36.258128 2173940 net.cpp:382] Mconv5_stage3_L2_1 -> Mconv5_stage3_L2_1
I0923 17:57:36.267083 2173940 net.cpp:124] Setting up Mconv5_stage3_L2_1
I0923 17:57:36.267088 2173940 net.cpp:131] Top shape: 1 128 2 2 (512)
I0923 17:57:36.267091 2173940 net.cpp:139] Memory required for data: 1148288
I0923 17:57:36.267092 2173940 layer_factory.hpp:77] Creating layer Mprelu5_stage3_L2_1
I0923 17:57:36.267095 2173940 net.cpp:86] Creating Layer Mprelu5_stage3_L2_1
I0923 17:57:36.267097 2173940 net.cpp:408] Mprelu5_stage3_L2_1 <- Mconv5_stage3_L2_1
I0923 17:57:36.267099 2173940 net.cpp:369] Mprelu5_stage3_L2_1 -> Mconv5_stage3_L2_1 (in-place)
I0923 17:57:36.267120 2173940 net.cpp:124] Setting up Mprelu5_stage3_L2_1
I0923 17:57:36.267122 2173940 net.cpp:131] Top shape: 1 128 2 2 (512)
I0923 17:57:36.267123 2173940 net.cpp:139] Memory required for data: 1150336
I0923 17:57:36.267124 2173940 layer_factory.hpp:77] Creating layer Mconv5_stage3_L2_1_Mprelu5_stage3_L2_1_0_split
I0923 17:57:36.267127 2173940 net.cpp:86] Creating Layer Mconv5_stage3_L2_1_Mprelu5_stage3_L2_1_0_split
I0923 17:57:36.267127 2173940 net.cpp:408] Mconv5_stage3_L2_1_Mprelu5_stage3_L2_1_0_split <- Mconv5_stage3_L2_1
I0923 17:57:36.267129 2173940 net.cpp:382] Mconv5_stage3_L2_1_Mprelu5_stage3_L2_1_0_split -> Mconv5_stage3_L2_1_Mprelu5_stage3_L2_1_0_split_0
I0923 17:57:36.267131 2173940 net.cpp:382] Mconv5_stage3_L2_1_Mprelu5_stage3_L2_1_0_split -> Mconv5_stage3_L2_1_Mprelu5_stage3_L2_1_0_split_1
I0923 17:57:36.267138 2173940 net.cpp:124] Setting up Mconv5_stage3_L2_1_Mprelu5_stage3_L2_1_0_split
I0923 17:57:36.267139 2173940 net.cpp:131] Top shape: 1 128 2 2 (512)
I0923 17:57:36.267141 2173940 net.cpp:131] Top shape: 1 128 2 2 (512)
I0923 17:57:36.267143 2173940 net.cpp:139] Memory required for data: 1154432
I0923 17:57:36.267143 2173940 layer_factory.hpp:77] Creating layer Mconv5_stage3_L2_2
I0923 17:57:36.267145 2173940 net.cpp:86] Creating Layer Mconv5_stage3_L2_2
I0923 17:57:36.267148 2173940 net.cpp:408] Mconv5_stage3_L2_2 <- Mconv5_stage3_L2_1_Mprelu5_stage3_L2_1_0_split_0
I0923 17:57:36.267148 2173940 net.cpp:382] Mconv5_stage3_L2_2 -> Mconv5_stage3_L2_2
I0923 17:57:36.275378 2173940 net.cpp:124] Setting up Mconv5_stage3_L2_2
I0923 17:57:36.275383 2173940 net.cpp:131] Top shape: 1 128 2 2 (512)
I0923 17:57:36.275385 2173940 net.cpp:139] Memory required for data: 1156480
I0923 17:57:36.275388 2173940 layer_factory.hpp:77] Creating layer Mprelu5_stage3_L2_2
I0923 17:57:36.275391 2173940 net.cpp:86] Creating Layer Mprelu5_stage3_L2_2
I0923 17:57:36.275393 2173940 net.cpp:408] Mprelu5_stage3_L2_2 <- Mconv5_stage3_L2_2
I0923 17:57:36.275395 2173940 net.cpp:369] Mprelu5_stage3_L2_2 -> Mconv5_stage3_L2_2 (in-place)
I0923 17:57:36.275417 2173940 net.cpp:124] Setting up Mprelu5_stage3_L2_2
I0923 17:57:36.275418 2173940 net.cpp:131] Top shape: 1 128 2 2 (512)
I0923 17:57:36.275419 2173940 net.cpp:139] Memory required for data: 1158528
I0923 17:57:36.275420 2173940 layer_factory.hpp:77] Creating layer Mconv5_stage3_L2_concat
I0923 17:57:36.275422 2173940 net.cpp:86] Creating Layer Mconv5_stage3_L2_concat
I0923 17:57:36.275424 2173940 net.cpp:408] Mconv5_stage3_L2_concat <- Mconv5_stage3_L2_0_Mprelu5_stage3_L2_0_0_split_1
I0923 17:57:36.275425 2173940 net.cpp:408] Mconv5_stage3_L2_concat <- Mconv5_stage3_L2_1_Mprelu5_stage3_L2_1_0_split_1
I0923 17:57:36.275427 2173940 net.cpp:408] Mconv5_stage3_L2_concat <- Mconv5_stage3_L2_2
I0923 17:57:36.275429 2173940 net.cpp:382] Mconv5_stage3_L2_concat -> Mconv5_stage3_L2_concat
I0923 17:57:36.275434 2173940 net.cpp:124] Setting up Mconv5_stage3_L2_concat
I0923 17:57:36.275434 2173940 net.cpp:131] Top shape: 1 384 2 2 (1536)
I0923 17:57:36.275436 2173940 net.cpp:139] Memory required for data: 1164672
I0923 17:57:36.275437 2173940 layer_factory.hpp:77] Creating layer Mconv6_stage3_L2
I0923 17:57:36.275439 2173940 net.cpp:86] Creating Layer Mconv6_stage3_L2
I0923 17:57:36.275440 2173940 net.cpp:408] Mconv6_stage3_L2 <- Mconv5_stage3_L2_concat
I0923 17:57:36.275442 2173940 net.cpp:382] Mconv6_stage3_L2 -> Mconv6_stage3_L2
I0923 17:57:36.283389 2173940 net.cpp:124] Setting up Mconv6_stage3_L2
I0923 17:57:36.283396 2173940 net.cpp:131] Top shape: 1 512 2 2 (2048)
I0923 17:57:36.283397 2173940 net.cpp:139] Memory required for data: 1172864
I0923 17:57:36.283399 2173940 layer_factory.hpp:77] Creating layer Mprelu6_stage3_L2
I0923 17:57:36.283402 2173940 net.cpp:86] Creating Layer Mprelu6_stage3_L2
I0923 17:57:36.283404 2173940 net.cpp:408] Mprelu6_stage3_L2 <- Mconv6_stage3_L2
I0923 17:57:36.283406 2173940 net.cpp:369] Mprelu6_stage3_L2 -> Mconv6_stage3_L2 (in-place)
I0923 17:57:36.283428 2173940 net.cpp:124] Setting up Mprelu6_stage3_L2
I0923 17:57:36.283430 2173940 net.cpp:131] Top shape: 1 512 2 2 (2048)
I0923 17:57:36.283432 2173940 net.cpp:139] Memory required for data: 1181056
I0923 17:57:36.283432 2173940 layer_factory.hpp:77] Creating layer Mconv7_stage3_L2
I0923 17:57:36.283435 2173940 net.cpp:86] Creating Layer Mconv7_stage3_L2
I0923 17:57:36.283437 2173940 net.cpp:408] Mconv7_stage3_L2 <- Mconv6_stage3_L2
I0923 17:57:36.283438 2173940 net.cpp:382] Mconv7_stage3_L2 -> Mconv7_stage3_L2
I0923 17:57:36.292011 2173940 net.cpp:124] Setting up Mconv7_stage3_L2
I0923 17:57:36.292016 2173940 net.cpp:131] Top shape: 1 52 2 2 (208)
I0923 17:57:36.292018 2173940 net.cpp:139] Memory required for data: 1181888
I0923 17:57:36.292021 2173940 layer_factory.hpp:77] Creating layer Mconv7_stage3_L2_Mconv7_stage3_L2_0_split
I0923 17:57:36.292023 2173940 net.cpp:86] Creating Layer Mconv7_stage3_L2_Mconv7_stage3_L2_0_split
I0923 17:57:36.292025 2173940 net.cpp:408] Mconv7_stage3_L2_Mconv7_stage3_L2_0_split <- Mconv7_stage3_L2
I0923 17:57:36.292027 2173940 net.cpp:382] Mconv7_stage3_L2_Mconv7_stage3_L2_0_split -> Mconv7_stage3_L2_Mconv7_stage3_L2_0_split_0
I0923 17:57:36.292030 2173940 net.cpp:382] Mconv7_stage3_L2_Mconv7_stage3_L2_0_split -> Mconv7_stage3_L2_Mconv7_stage3_L2_0_split_1
I0923 17:57:36.292033 2173940 net.cpp:382] Mconv7_stage3_L2_Mconv7_stage3_L2_0_split -> Mconv7_stage3_L2_Mconv7_stage3_L2_0_split_2
I0923 17:57:36.292045 2173940 net.cpp:124] Setting up Mconv7_stage3_L2_Mconv7_stage3_L2_0_split
I0923 17:57:36.292047 2173940 net.cpp:131] Top shape: 1 52 2 2 (208)
I0923 17:57:36.292047 2173940 net.cpp:131] Top shape: 1 52 2 2 (208)
I0923 17:57:36.292048 2173940 net.cpp:131] Top shape: 1 52 2 2 (208)
I0923 17:57:36.292050 2173940 net.cpp:139] Memory required for data: 1184384
I0923 17:57:36.292052 2173940 layer_factory.hpp:77] Creating layer concat_stage0_L1
I0923 17:57:36.292053 2173940 net.cpp:86] Creating Layer concat_stage0_L1
I0923 17:57:36.292054 2173940 net.cpp:408] concat_stage0_L1 <- conv4_4_CPM_prelu4_4_CPM_0_split_4
I0923 17:57:36.292055 2173940 net.cpp:408] concat_stage0_L1 <- Mconv7_stage3_L2_Mconv7_stage3_L2_0_split_0
I0923 17:57:36.292057 2173940 net.cpp:382] concat_stage0_L1 -> concat_stage0_L1
I0923 17:57:36.292062 2173940 net.cpp:124] Setting up concat_stage0_L1
I0923 17:57:36.292063 2173940 net.cpp:131] Top shape: 1 180 2 2 (720)
I0923 17:57:36.292064 2173940 net.cpp:139] Memory required for data: 1187264
I0923 17:57:36.292065 2173940 layer_factory.hpp:77] Creating layer Mconv1_stage0_L1_0
I0923 17:57:36.292068 2173940 net.cpp:86] Creating Layer Mconv1_stage0_L1_0
I0923 17:57:36.292069 2173940 net.cpp:408] Mconv1_stage0_L1_0 <- concat_stage0_L1
I0923 17:57:36.292071 2173940 net.cpp:382] Mconv1_stage0_L1_0 -> Mconv1_stage0_L1_0
I0923 17:57:36.300606 2173940 net.cpp:124] Setting up Mconv1_stage0_L1_0
I0923 17:57:36.300611 2173940 net.cpp:131] Top shape: 1 96 2 2 (384)
I0923 17:57:36.300612 2173940 net.cpp:139] Memory required for data: 1188800
I0923 17:57:36.300614 2173940 layer_factory.hpp:77] Creating layer Mprelu1_stage0_L1_0
I0923 17:57:36.300617 2173940 net.cpp:86] Creating Layer Mprelu1_stage0_L1_0
I0923 17:57:36.300618 2173940 net.cpp:408] Mprelu1_stage0_L1_0 <- Mconv1_stage0_L1_0
I0923 17:57:36.300621 2173940 net.cpp:369] Mprelu1_stage0_L1_0 -> Mconv1_stage0_L1_0 (in-place)
I0923 17:57:36.300643 2173940 net.cpp:124] Setting up Mprelu1_stage0_L1_0
I0923 17:57:36.300645 2173940 net.cpp:131] Top shape: 1 96 2 2 (384)
I0923 17:57:36.300647 2173940 net.cpp:139] Memory required for data: 1190336
I0923 17:57:36.300647 2173940 layer_factory.hpp:77] Creating layer Mconv1_stage0_L1_0_Mprelu1_stage0_L1_0_0_split
I0923 17:57:36.300650 2173940 net.cpp:86] Creating Layer Mconv1_stage0_L1_0_Mprelu1_stage0_L1_0_0_split
I0923 17:57:36.300652 2173940 net.cpp:408] Mconv1_stage0_L1_0_Mprelu1_stage0_L1_0_0_split <- Mconv1_stage0_L1_0
I0923 17:57:36.300653 2173940 net.cpp:382] Mconv1_stage0_L1_0_Mprelu1_stage0_L1_0_0_split -> Mconv1_stage0_L1_0_Mprelu1_stage0_L1_0_0_split_0
I0923 17:57:36.300655 2173940 net.cpp:382] Mconv1_stage0_L1_0_Mprelu1_stage0_L1_0_0_split -> Mconv1_stage0_L1_0_Mprelu1_stage0_L1_0_0_split_1
I0923 17:57:36.300662 2173940 net.cpp:124] Setting up Mconv1_stage0_L1_0_Mprelu1_stage0_L1_0_0_split
I0923 17:57:36.300663 2173940 net.cpp:131] Top shape: 1 96 2 2 (384)
I0923 17:57:36.300664 2173940 net.cpp:131] Top shape: 1 96 2 2 (384)
I0923 17:57:36.300666 2173940 net.cpp:139] Memory required for data: 1193408
I0923 17:57:36.300668 2173940 layer_factory.hpp:77] Creating layer Mconv1_stage0_L1_1
I0923 17:57:36.300669 2173940 net.cpp:86] Creating Layer Mconv1_stage0_L1_1
I0923 17:57:36.300671 2173940 net.cpp:408] Mconv1_stage0_L1_1 <- Mconv1_stage0_L1_0_Mprelu1_stage0_L1_0_0_split_0
I0923 17:57:36.300673 2173940 net.cpp:382] Mconv1_stage0_L1_1 -> Mconv1_stage0_L1_1
I0923 17:57:36.309547 2173940 net.cpp:124] Setting up Mconv1_stage0_L1_1
I0923 17:57:36.309552 2173940 net.cpp:131] Top shape: 1 96 2 2 (384)
I0923 17:57:36.309554 2173940 net.cpp:139] Memory required for data: 1194944
I0923 17:57:36.309556 2173940 layer_factory.hpp:77] Creating layer Mprelu1_stage0_L1_1
I0923 17:57:36.309559 2173940 net.cpp:86] Creating Layer Mprelu1_stage0_L1_1
I0923 17:57:36.309561 2173940 net.cpp:408] Mprelu1_stage0_L1_1 <- Mconv1_stage0_L1_1
I0923 17:57:36.309563 2173940 net.cpp:369] Mprelu1_stage0_L1_1 -> Mconv1_stage0_L1_1 (in-place)
I0923 17:57:36.309587 2173940 net.cpp:124] Setting up Mprelu1_stage0_L1_1
I0923 17:57:36.309587 2173940 net.cpp:131] Top shape: 1 96 2 2 (384)
I0923 17:57:36.309588 2173940 net.cpp:139] Memory required for data: 1196480
I0923 17:57:36.309589 2173940 layer_factory.hpp:77] Creating layer Mconv1_stage0_L1_1_Mprelu1_stage0_L1_1_0_split
I0923 17:57:36.309592 2173940 net.cpp:86] Creating Layer Mconv1_stage0_L1_1_Mprelu1_stage0_L1_1_0_split
I0923 17:57:36.309592 2173940 net.cpp:408] Mconv1_stage0_L1_1_Mprelu1_stage0_L1_1_0_split <- Mconv1_stage0_L1_1
I0923 17:57:36.309594 2173940 net.cpp:382] Mconv1_stage0_L1_1_Mprelu1_stage0_L1_1_0_split -> Mconv1_stage0_L1_1_Mprelu1_stage0_L1_1_0_split_0
I0923 17:57:36.309597 2173940 net.cpp:382] Mconv1_stage0_L1_1_Mprelu1_stage0_L1_1_0_split -> Mconv1_stage0_L1_1_Mprelu1_stage0_L1_1_0_split_1
I0923 17:57:36.309603 2173940 net.cpp:124] Setting up Mconv1_stage0_L1_1_Mprelu1_stage0_L1_1_0_split
I0923 17:57:36.309604 2173940 net.cpp:131] Top shape: 1 96 2 2 (384)
I0923 17:57:36.309607 2173940 net.cpp:131] Top shape: 1 96 2 2 (384)
I0923 17:57:36.309607 2173940 net.cpp:139] Memory required for data: 1199552
I0923 17:57:36.309608 2173940 layer_factory.hpp:77] Creating layer Mconv1_stage0_L1_2
I0923 17:57:36.309610 2173940 net.cpp:86] Creating Layer Mconv1_stage0_L1_2
I0923 17:57:36.309612 2173940 net.cpp:408] Mconv1_stage0_L1_2 <- Mconv1_stage0_L1_1_Mprelu1_stage0_L1_1_0_split_0
I0923 17:57:36.309613 2173940 net.cpp:382] Mconv1_stage0_L1_2 -> Mconv1_stage0_L1_2
I0923 17:57:36.317682 2173940 net.cpp:124] Setting up Mconv1_stage0_L1_2
I0923 17:57:36.317688 2173940 net.cpp:131] Top shape: 1 96 2 2 (384)
I0923 17:57:36.317691 2173940 net.cpp:139] Memory required for data: 1201088
I0923 17:57:36.317693 2173940 layer_factory.hpp:77] Creating layer Mprelu1_stage0_L1_2
I0923 17:57:36.317696 2173940 net.cpp:86] Creating Layer Mprelu1_stage0_L1_2
I0923 17:57:36.317698 2173940 net.cpp:408] Mprelu1_stage0_L1_2 <- Mconv1_stage0_L1_2
I0923 17:57:36.317700 2173940 net.cpp:369] Mprelu1_stage0_L1_2 -> Mconv1_stage0_L1_2 (in-place)
I0923 17:57:36.317723 2173940 net.cpp:124] Setting up Mprelu1_stage0_L1_2
I0923 17:57:36.317724 2173940 net.cpp:131] Top shape: 1 96 2 2 (384)
I0923 17:57:36.317725 2173940 net.cpp:139] Memory required for data: 1202624
I0923 17:57:36.317726 2173940 layer_factory.hpp:77] Creating layer Mconv1_stage0_L1_concat
I0923 17:57:36.317728 2173940 net.cpp:86] Creating Layer Mconv1_stage0_L1_concat
I0923 17:57:36.317729 2173940 net.cpp:408] Mconv1_stage0_L1_concat <- Mconv1_stage0_L1_0_Mprelu1_stage0_L1_0_0_split_1
I0923 17:57:36.317731 2173940 net.cpp:408] Mconv1_stage0_L1_concat <- Mconv1_stage0_L1_1_Mprelu1_stage0_L1_1_0_split_1
I0923 17:57:36.317732 2173940 net.cpp:408] Mconv1_stage0_L1_concat <- Mconv1_stage0_L1_2
I0923 17:57:36.317734 2173940 net.cpp:382] Mconv1_stage0_L1_concat -> Mconv1_stage0_L1_concat
I0923 17:57:36.317739 2173940 net.cpp:124] Setting up Mconv1_stage0_L1_concat
I0923 17:57:36.317740 2173940 net.cpp:131] Top shape: 1 288 2 2 (1152)
I0923 17:57:36.317742 2173940 net.cpp:139] Memory required for data: 1207232
I0923 17:57:36.317744 2173940 layer_factory.hpp:77] Creating layer Mconv2_stage0_L1_0
I0923 17:57:36.317746 2173940 net.cpp:86] Creating Layer Mconv2_stage0_L1_0
I0923 17:57:36.317747 2173940 net.cpp:408] Mconv2_stage0_L1_0 <- Mconv1_stage0_L1_concat
I0923 17:57:36.317749 2173940 net.cpp:382] Mconv2_stage0_L1_0 -> Mconv2_stage0_L1_0
I0923 17:57:36.325726 2173940 net.cpp:124] Setting up Mconv2_stage0_L1_0
I0923 17:57:36.325730 2173940 net.cpp:131] Top shape: 1 96 2 2 (384)
I0923 17:57:36.325732 2173940 net.cpp:139] Memory required for data: 1208768
I0923 17:57:36.325734 2173940 layer_factory.hpp:77] Creating layer Mprelu2_stage0_L1_0
I0923 17:57:36.325737 2173940 net.cpp:86] Creating Layer Mprelu2_stage0_L1_0
I0923 17:57:36.325738 2173940 net.cpp:408] Mprelu2_stage0_L1_0 <- Mconv2_stage0_L1_0
I0923 17:57:36.325742 2173940 net.cpp:369] Mprelu2_stage0_L1_0 -> Mconv2_stage0_L1_0 (in-place)
I0923 17:57:36.325764 2173940 net.cpp:124] Setting up Mprelu2_stage0_L1_0
I0923 17:57:36.325765 2173940 net.cpp:131] Top shape: 1 96 2 2 (384)
I0923 17:57:36.325767 2173940 net.cpp:139] Memory required for data: 1210304
I0923 17:57:36.325768 2173940 layer_factory.hpp:77] Creating layer Mconv2_stage0_L1_0_Mprelu2_stage0_L1_0_0_split
I0923 17:57:36.325770 2173940 net.cpp:86] Creating Layer Mconv2_stage0_L1_0_Mprelu2_stage0_L1_0_0_split
I0923 17:57:36.325771 2173940 net.cpp:408] Mconv2_stage0_L1_0_Mprelu2_stage0_L1_0_0_split <- Mconv2_stage0_L1_0
I0923 17:57:36.325773 2173940 net.cpp:382] Mconv2_stage0_L1_0_Mprelu2_stage0_L1_0_0_split -> Mconv2_stage0_L1_0_Mprelu2_stage0_L1_0_0_split_0
I0923 17:57:36.325775 2173940 net.cpp:382] Mconv2_stage0_L1_0_Mprelu2_stage0_L1_0_0_split -> Mconv2_stage0_L1_0_Mprelu2_stage0_L1_0_0_split_1
I0923 17:57:36.325783 2173940 net.cpp:124] Setting up Mconv2_stage0_L1_0_Mprelu2_stage0_L1_0_0_split
I0923 17:57:36.325783 2173940 net.cpp:131] Top shape: 1 96 2 2 (384)
I0923 17:57:36.325784 2173940 net.cpp:131] Top shape: 1 96 2 2 (384)
I0923 17:57:36.325785 2173940 net.cpp:139] Memory required for data: 1213376
I0923 17:57:36.325786 2173940 layer_factory.hpp:77] Creating layer Mconv2_stage0_L1_1
I0923 17:57:36.325788 2173940 net.cpp:86] Creating Layer Mconv2_stage0_L1_1
I0923 17:57:36.325790 2173940 net.cpp:408] Mconv2_stage0_L1_1 <- Mconv2_stage0_L1_0_Mprelu2_stage0_L1_0_0_split_0
I0923 17:57:36.325793 2173940 net.cpp:382] Mconv2_stage0_L1_1 -> Mconv2_stage0_L1_1
I0923 17:57:36.336037 2173940 net.cpp:124] Setting up Mconv2_stage0_L1_1
I0923 17:57:36.336042 2173940 net.cpp:131] Top shape: 1 96 2 2 (384)
I0923 17:57:36.336045 2173940 net.cpp:139] Memory required for data: 1214912
I0923 17:57:36.336046 2173940 layer_factory.hpp:77] Creating layer Mprelu2_stage0_L1_1
I0923 17:57:36.336050 2173940 net.cpp:86] Creating Layer Mprelu2_stage0_L1_1
I0923 17:57:36.336051 2173940 net.cpp:408] Mprelu2_stage0_L1_1 <- Mconv2_stage0_L1_1
I0923 17:57:36.336053 2173940 net.cpp:369] Mprelu2_stage0_L1_1 -> Mconv2_stage0_L1_1 (in-place)
I0923 17:57:36.336076 2173940 net.cpp:124] Setting up Mprelu2_stage0_L1_1
I0923 17:57:36.336077 2173940 net.cpp:131] Top shape: 1 96 2 2 (384)
I0923 17:57:36.336078 2173940 net.cpp:139] Memory required for data: 1216448
I0923 17:57:36.336081 2173940 layer_factory.hpp:77] Creating layer Mconv2_stage0_L1_1_Mprelu2_stage0_L1_1_0_split
I0923 17:57:36.336082 2173940 net.cpp:86] Creating Layer Mconv2_stage0_L1_1_Mprelu2_stage0_L1_1_0_split
I0923 17:57:36.336083 2173940 net.cpp:408] Mconv2_stage0_L1_1_Mprelu2_stage0_L1_1_0_split <- Mconv2_stage0_L1_1
I0923 17:57:36.336084 2173940 net.cpp:382] Mconv2_stage0_L1_1_Mprelu2_stage0_L1_1_0_split -> Mconv2_stage0_L1_1_Mprelu2_stage0_L1_1_0_split_0
I0923 17:57:36.336087 2173940 net.cpp:382] Mconv2_stage0_L1_1_Mprelu2_stage0_L1_1_0_split -> Mconv2_stage0_L1_1_Mprelu2_stage0_L1_1_0_split_1
I0923 17:57:36.336094 2173940 net.cpp:124] Setting up Mconv2_stage0_L1_1_Mprelu2_stage0_L1_1_0_split
I0923 17:57:36.336095 2173940 net.cpp:131] Top shape: 1 96 2 2 (384)
I0923 17:57:36.336097 2173940 net.cpp:131] Top shape: 1 96 2 2 (384)
I0923 17:57:36.336097 2173940 net.cpp:139] Memory required for data: 1219520
I0923 17:57:36.336098 2173940 layer_factory.hpp:77] Creating layer Mconv2_stage0_L1_2
I0923 17:57:36.336102 2173940 net.cpp:86] Creating Layer Mconv2_stage0_L1_2
I0923 17:57:36.336102 2173940 net.cpp:408] Mconv2_stage0_L1_2 <- Mconv2_stage0_L1_1_Mprelu2_stage0_L1_1_0_split_0
I0923 17:57:36.336104 2173940 net.cpp:382] Mconv2_stage0_L1_2 -> Mconv2_stage0_L1_2
I0923 17:57:36.344004 2173940 net.cpp:124] Setting up Mconv2_stage0_L1_2
I0923 17:57:36.344009 2173940 net.cpp:131] Top shape: 1 96 2 2 (384)
I0923 17:57:36.344012 2173940 net.cpp:139] Memory required for data: 1221056
I0923 17:57:36.344013 2173940 layer_factory.hpp:77] Creating layer Mprelu2_stage0_L1_2
I0923 17:57:36.344017 2173940 net.cpp:86] Creating Layer Mprelu2_stage0_L1_2
I0923 17:57:36.344018 2173940 net.cpp:408] Mprelu2_stage0_L1_2 <- Mconv2_stage0_L1_2
I0923 17:57:36.344020 2173940 net.cpp:369] Mprelu2_stage0_L1_2 -> Mconv2_stage0_L1_2 (in-place)
I0923 17:57:36.344043 2173940 net.cpp:124] Setting up Mprelu2_stage0_L1_2
I0923 17:57:36.344044 2173940 net.cpp:131] Top shape: 1 96 2 2 (384)
I0923 17:57:36.344045 2173940 net.cpp:139] Memory required for data: 1222592
I0923 17:57:36.344046 2173940 layer_factory.hpp:77] Creating layer Mconv2_stage0_L1_concat
I0923 17:57:36.344049 2173940 net.cpp:86] Creating Layer Mconv2_stage0_L1_concat
I0923 17:57:36.344050 2173940 net.cpp:408] Mconv2_stage0_L1_concat <- Mconv2_stage0_L1_0_Mprelu2_stage0_L1_0_0_split_1
I0923 17:57:36.344051 2173940 net.cpp:408] Mconv2_stage0_L1_concat <- Mconv2_stage0_L1_1_Mprelu2_stage0_L1_1_0_split_1
I0923 17:57:36.344053 2173940 net.cpp:408] Mconv2_stage0_L1_concat <- Mconv2_stage0_L1_2
I0923 17:57:36.344055 2173940 net.cpp:382] Mconv2_stage0_L1_concat -> Mconv2_stage0_L1_concat
I0923 17:57:36.344060 2173940 net.cpp:124] Setting up Mconv2_stage0_L1_concat
I0923 17:57:36.344061 2173940 net.cpp:131] Top shape: 1 288 2 2 (1152)
I0923 17:57:36.344062 2173940 net.cpp:139] Memory required for data: 1227200
I0923 17:57:36.344063 2173940 layer_factory.hpp:77] Creating layer Mconv3_stage0_L1_0
I0923 17:57:36.344066 2173940 net.cpp:86] Creating Layer Mconv3_stage0_L1_0
I0923 17:57:36.344067 2173940 net.cpp:408] Mconv3_stage0_L1_0 <- Mconv2_stage0_L1_concat
I0923 17:57:36.344069 2173940 net.cpp:382] Mconv3_stage0_L1_0 -> Mconv3_stage0_L1_0
I0923 17:57:36.352121 2173940 net.cpp:124] Setting up Mconv3_stage0_L1_0
I0923 17:57:36.352126 2173940 net.cpp:131] Top shape: 1 96 2 2 (384)
I0923 17:57:36.352128 2173940 net.cpp:139] Memory required for data: 1228736
I0923 17:57:36.352130 2173940 layer_factory.hpp:77] Creating layer Mprelu3_stage0_L1_0
I0923 17:57:36.352133 2173940 net.cpp:86] Creating Layer Mprelu3_stage0_L1_0
I0923 17:57:36.352135 2173940 net.cpp:408] Mprelu3_stage0_L1_0 <- Mconv3_stage0_L1_0
I0923 17:57:36.352137 2173940 net.cpp:369] Mprelu3_stage0_L1_0 -> Mconv3_stage0_L1_0 (in-place)
I0923 17:57:36.352160 2173940 net.cpp:124] Setting up Mprelu3_stage0_L1_0
I0923 17:57:36.352161 2173940 net.cpp:131] Top shape: 1 96 2 2 (384)
I0923 17:57:36.352162 2173940 net.cpp:139] Memory required for data: 1230272
I0923 17:57:36.352164 2173940 layer_factory.hpp:77] Creating layer Mconv3_stage0_L1_0_Mprelu3_stage0_L1_0_0_split
I0923 17:57:36.352166 2173940 net.cpp:86] Creating Layer Mconv3_stage0_L1_0_Mprelu3_stage0_L1_0_0_split
I0923 17:57:36.352167 2173940 net.cpp:408] Mconv3_stage0_L1_0_Mprelu3_stage0_L1_0_0_split <- Mconv3_stage0_L1_0
I0923 17:57:36.352169 2173940 net.cpp:382] Mconv3_stage0_L1_0_Mprelu3_stage0_L1_0_0_split -> Mconv3_stage0_L1_0_Mprelu3_stage0_L1_0_0_split_0
I0923 17:57:36.352171 2173940 net.cpp:382] Mconv3_stage0_L1_0_Mprelu3_stage0_L1_0_0_split -> Mconv3_stage0_L1_0_Mprelu3_stage0_L1_0_0_split_1
I0923 17:57:36.352178 2173940 net.cpp:124] Setting up Mconv3_stage0_L1_0_Mprelu3_stage0_L1_0_0_split
I0923 17:57:36.352180 2173940 net.cpp:131] Top shape: 1 96 2 2 (384)
I0923 17:57:36.352180 2173940 net.cpp:131] Top shape: 1 96 2 2 (384)
I0923 17:57:36.352181 2173940 net.cpp:139] Memory required for data: 1233344
I0923 17:57:36.352182 2173940 layer_factory.hpp:77] Creating layer Mconv3_stage0_L1_1
I0923 17:57:36.352185 2173940 net.cpp:86] Creating Layer Mconv3_stage0_L1_1
I0923 17:57:36.352186 2173940 net.cpp:408] Mconv3_stage0_L1_1 <- Mconv3_stage0_L1_0_Mprelu3_stage0_L1_0_0_split_0
I0923 17:57:36.352187 2173940 net.cpp:382] Mconv3_stage0_L1_1 -> Mconv3_stage0_L1_1
I0923 17:57:36.360204 2173940 net.cpp:124] Setting up Mconv3_stage0_L1_1
I0923 17:57:36.360210 2173940 net.cpp:131] Top shape: 1 96 2 2 (384)
I0923 17:57:36.360212 2173940 net.cpp:139] Memory required for data: 1234880
I0923 17:57:36.360214 2173940 layer_factory.hpp:77] Creating layer Mprelu3_stage0_L1_1
I0923 17:57:36.360216 2173940 net.cpp:86] Creating Layer Mprelu3_stage0_L1_1
I0923 17:57:36.360219 2173940 net.cpp:408] Mprelu3_stage0_L1_1 <- Mconv3_stage0_L1_1
I0923 17:57:36.360220 2173940 net.cpp:369] Mprelu3_stage0_L1_1 -> Mconv3_stage0_L1_1 (in-place)
I0923 17:57:36.360244 2173940 net.cpp:124] Setting up Mprelu3_stage0_L1_1
I0923 17:57:36.360244 2173940 net.cpp:131] Top shape: 1 96 2 2 (384)
I0923 17:57:36.360245 2173940 net.cpp:139] Memory required for data: 1236416
I0923 17:57:36.360247 2173940 layer_factory.hpp:77] Creating layer Mconv3_stage0_L1_1_Mprelu3_stage0_L1_1_0_split
I0923 17:57:36.360249 2173940 net.cpp:86] Creating Layer Mconv3_stage0_L1_1_Mprelu3_stage0_L1_1_0_split
I0923 17:57:36.360250 2173940 net.cpp:408] Mconv3_stage0_L1_1_Mprelu3_stage0_L1_1_0_split <- Mconv3_stage0_L1_1
I0923 17:57:36.360251 2173940 net.cpp:382] Mconv3_stage0_L1_1_Mprelu3_stage0_L1_1_0_split -> Mconv3_stage0_L1_1_Mprelu3_stage0_L1_1_0_split_0
I0923 17:57:36.360255 2173940 net.cpp:382] Mconv3_stage0_L1_1_Mprelu3_stage0_L1_1_0_split -> Mconv3_stage0_L1_1_Mprelu3_stage0_L1_1_0_split_1
I0923 17:57:36.360261 2173940 net.cpp:124] Setting up Mconv3_stage0_L1_1_Mprelu3_stage0_L1_1_0_split
I0923 17:57:36.360262 2173940 net.cpp:131] Top shape: 1 96 2 2 (384)
I0923 17:57:36.360263 2173940 net.cpp:131] Top shape: 1 96 2 2 (384)
I0923 17:57:36.360265 2173940 net.cpp:139] Memory required for data: 1239488
I0923 17:57:36.360265 2173940 layer_factory.hpp:77] Creating layer Mconv3_stage0_L1_2
I0923 17:57:36.360268 2173940 net.cpp:86] Creating Layer Mconv3_stage0_L1_2
I0923 17:57:36.360270 2173940 net.cpp:408] Mconv3_stage0_L1_2 <- Mconv3_stage0_L1_1_Mprelu3_stage0_L1_1_0_split_0
I0923 17:57:36.360271 2173940 net.cpp:382] Mconv3_stage0_L1_2 -> Mconv3_stage0_L1_2
I0923 17:57:36.369165 2173940 net.cpp:124] Setting up Mconv3_stage0_L1_2
I0923 17:57:36.369171 2173940 net.cpp:131] Top shape: 1 96 2 2 (384)
I0923 17:57:36.369174 2173940 net.cpp:139] Memory required for data: 1241024
I0923 17:57:36.369175 2173940 layer_factory.hpp:77] Creating layer Mprelu3_stage0_L1_2
I0923 17:57:36.369179 2173940 net.cpp:86] Creating Layer Mprelu3_stage0_L1_2
I0923 17:57:36.369180 2173940 net.cpp:408] Mprelu3_stage0_L1_2 <- Mconv3_stage0_L1_2
I0923 17:57:36.369182 2173940 net.cpp:369] Mprelu3_stage0_L1_2 -> Mconv3_stage0_L1_2 (in-place)
I0923 17:57:36.369205 2173940 net.cpp:124] Setting up Mprelu3_stage0_L1_2
I0923 17:57:36.369206 2173940 net.cpp:131] Top shape: 1 96 2 2 (384)
I0923 17:57:36.369207 2173940 net.cpp:139] Memory required for data: 1242560
I0923 17:57:36.369210 2173940 layer_factory.hpp:77] Creating layer Mconv3_stage0_L1_concat
I0923 17:57:36.369211 2173940 net.cpp:86] Creating Layer Mconv3_stage0_L1_concat
I0923 17:57:36.369212 2173940 net.cpp:408] Mconv3_stage0_L1_concat <- Mconv3_stage0_L1_0_Mprelu3_stage0_L1_0_0_split_1
I0923 17:57:36.369215 2173940 net.cpp:408] Mconv3_stage0_L1_concat <- Mconv3_stage0_L1_1_Mprelu3_stage0_L1_1_0_split_1
I0923 17:57:36.369215 2173940 net.cpp:408] Mconv3_stage0_L1_concat <- Mconv3_stage0_L1_2
I0923 17:57:36.369217 2173940 net.cpp:382] Mconv3_stage0_L1_concat -> Mconv3_stage0_L1_concat
I0923 17:57:36.369222 2173940 net.cpp:124] Setting up Mconv3_stage0_L1_concat
I0923 17:57:36.369223 2173940 net.cpp:131] Top shape: 1 288 2 2 (1152)
I0923 17:57:36.369225 2173940 net.cpp:139] Memory required for data: 1247168
I0923 17:57:36.369226 2173940 layer_factory.hpp:77] Creating layer Mconv4_stage0_L1_0
I0923 17:57:36.369228 2173940 net.cpp:86] Creating Layer Mconv4_stage0_L1_0
I0923 17:57:36.369230 2173940 net.cpp:408] Mconv4_stage0_L1_0 <- Mconv3_stage0_L1_concat
I0923 17:57:36.369231 2173940 net.cpp:382] Mconv4_stage0_L1_0 -> Mconv4_stage0_L1_0
I0923 17:57:36.377290 2173940 net.cpp:124] Setting up Mconv4_stage0_L1_0
I0923 17:57:36.377295 2173940 net.cpp:131] Top shape: 1 96 2 2 (384)
I0923 17:57:36.377296 2173940 net.cpp:139] Memory required for data: 1248704
I0923 17:57:36.377298 2173940 layer_factory.hpp:77] Creating layer Mprelu4_stage0_L1_0
I0923 17:57:36.377300 2173940 net.cpp:86] Creating Layer Mprelu4_stage0_L1_0
I0923 17:57:36.377302 2173940 net.cpp:408] Mprelu4_stage0_L1_0 <- Mconv4_stage0_L1_0
I0923 17:57:36.377305 2173940 net.cpp:369] Mprelu4_stage0_L1_0 -> Mconv4_stage0_L1_0 (in-place)
I0923 17:57:36.377328 2173940 net.cpp:124] Setting up Mprelu4_stage0_L1_0
I0923 17:57:36.377329 2173940 net.cpp:131] Top shape: 1 96 2 2 (384)
I0923 17:57:36.377331 2173940 net.cpp:139] Memory required for data: 1250240
I0923 17:57:36.377336 2173940 layer_factory.hpp:77] Creating layer Mconv4_stage0_L1_0_Mprelu4_stage0_L1_0_0_split
I0923 17:57:36.377337 2173940 net.cpp:86] Creating Layer Mconv4_stage0_L1_0_Mprelu4_stage0_L1_0_0_split
I0923 17:57:36.377338 2173940 net.cpp:408] Mconv4_stage0_L1_0_Mprelu4_stage0_L1_0_0_split <- Mconv4_stage0_L1_0
I0923 17:57:36.377341 2173940 net.cpp:382] Mconv4_stage0_L1_0_Mprelu4_stage0_L1_0_0_split -> Mconv4_stage0_L1_0_Mprelu4_stage0_L1_0_0_split_0
I0923 17:57:36.377342 2173940 net.cpp:382] Mconv4_stage0_L1_0_Mprelu4_stage0_L1_0_0_split -> Mconv4_stage0_L1_0_Mprelu4_stage0_L1_0_0_split_1
I0923 17:57:36.377349 2173940 net.cpp:124] Setting up Mconv4_stage0_L1_0_Mprelu4_stage0_L1_0_0_split
I0923 17:57:36.377350 2173940 net.cpp:131] Top shape: 1 96 2 2 (384)
I0923 17:57:36.377352 2173940 net.cpp:131] Top shape: 1 96 2 2 (384)
I0923 17:57:36.377353 2173940 net.cpp:139] Memory required for data: 1253312
I0923 17:57:36.377354 2173940 layer_factory.hpp:77] Creating layer Mconv4_stage0_L1_1
I0923 17:57:36.377360 2173940 net.cpp:86] Creating Layer Mconv4_stage0_L1_1
I0923 17:57:36.377362 2173940 net.cpp:408] Mconv4_stage0_L1_1 <- Mconv4_stage0_L1_0_Mprelu4_stage0_L1_0_0_split_0
I0923 17:57:36.377364 2173940 net.cpp:382] Mconv4_stage0_L1_1 -> Mconv4_stage0_L1_1
I0923 17:57:36.385143 2173940 net.cpp:124] Setting up Mconv4_stage0_L1_1
I0923 17:57:36.385149 2173940 net.cpp:131] Top shape: 1 96 2 2 (384)
I0923 17:57:36.385150 2173940 net.cpp:139] Memory required for data: 1254848
I0923 17:57:36.385152 2173940 layer_factory.hpp:77] Creating layer Mprelu4_stage0_L1_1
I0923 17:57:36.385155 2173940 net.cpp:86] Creating Layer Mprelu4_stage0_L1_1
I0923 17:57:36.385157 2173940 net.cpp:408] Mprelu4_stage0_L1_1 <- Mconv4_stage0_L1_1
I0923 17:57:36.385159 2173940 net.cpp:369] Mprelu4_stage0_L1_1 -> Mconv4_stage0_L1_1 (in-place)
I0923 17:57:36.385183 2173940 net.cpp:124] Setting up Mprelu4_stage0_L1_1
I0923 17:57:36.385185 2173940 net.cpp:131] Top shape: 1 96 2 2 (384)
I0923 17:57:36.385186 2173940 net.cpp:139] Memory required for data: 1256384
I0923 17:57:36.385187 2173940 layer_factory.hpp:77] Creating layer Mconv4_stage0_L1_1_Mprelu4_stage0_L1_1_0_split
I0923 17:57:36.385190 2173940 net.cpp:86] Creating Layer Mconv4_stage0_L1_1_Mprelu4_stage0_L1_1_0_split
I0923 17:57:36.385190 2173940 net.cpp:408] Mconv4_stage0_L1_1_Mprelu4_stage0_L1_1_0_split <- Mconv4_stage0_L1_1
I0923 17:57:36.385192 2173940 net.cpp:382] Mconv4_stage0_L1_1_Mprelu4_stage0_L1_1_0_split -> Mconv4_stage0_L1_1_Mprelu4_stage0_L1_1_0_split_0
I0923 17:57:36.385195 2173940 net.cpp:382] Mconv4_stage0_L1_1_Mprelu4_stage0_L1_1_0_split -> Mconv4_stage0_L1_1_Mprelu4_stage0_L1_1_0_split_1
I0923 17:57:36.385202 2173940 net.cpp:124] Setting up Mconv4_stage0_L1_1_Mprelu4_stage0_L1_1_0_split
I0923 17:57:36.385203 2173940 net.cpp:131] Top shape: 1 96 2 2 (384)
I0923 17:57:36.385205 2173940 net.cpp:131] Top shape: 1 96 2 2 (384)
I0923 17:57:36.385205 2173940 net.cpp:139] Memory required for data: 1259456
I0923 17:57:36.385206 2173940 layer_factory.hpp:77] Creating layer Mconv4_stage0_L1_2
I0923 17:57:36.385208 2173940 net.cpp:86] Creating Layer Mconv4_stage0_L1_2
I0923 17:57:36.385210 2173940 net.cpp:408] Mconv4_stage0_L1_2 <- Mconv4_stage0_L1_1_Mprelu4_stage0_L1_1_0_split_0
I0923 17:57:36.385212 2173940 net.cpp:382] Mconv4_stage0_L1_2 -> Mconv4_stage0_L1_2
I0923 17:57:36.393862 2173940 net.cpp:124] Setting up Mconv4_stage0_L1_2
I0923 17:57:36.393867 2173940 net.cpp:131] Top shape: 1 96 2 2 (384)
I0923 17:57:36.393868 2173940 net.cpp:139] Memory required for data: 1260992
I0923 17:57:36.393872 2173940 layer_factory.hpp:77] Creating layer Mprelu4_stage0_L1_2
I0923 17:57:36.393873 2173940 net.cpp:86] Creating Layer Mprelu4_stage0_L1_2
I0923 17:57:36.393875 2173940 net.cpp:408] Mprelu4_stage0_L1_2 <- Mconv4_stage0_L1_2
I0923 17:57:36.393877 2173940 net.cpp:369] Mprelu4_stage0_L1_2 -> Mconv4_stage0_L1_2 (in-place)
I0923 17:57:36.393901 2173940 net.cpp:124] Setting up Mprelu4_stage0_L1_2
I0923 17:57:36.393903 2173940 net.cpp:131] Top shape: 1 96 2 2 (384)
I0923 17:57:36.393904 2173940 net.cpp:139] Memory required for data: 1262528
I0923 17:57:36.393905 2173940 layer_factory.hpp:77] Creating layer Mconv4_stage0_L1_concat
I0923 17:57:36.393908 2173940 net.cpp:86] Creating Layer Mconv4_stage0_L1_concat
I0923 17:57:36.393908 2173940 net.cpp:408] Mconv4_stage0_L1_concat <- Mconv4_stage0_L1_0_Mprelu4_stage0_L1_0_0_split_1
I0923 17:57:36.393910 2173940 net.cpp:408] Mconv4_stage0_L1_concat <- Mconv4_stage0_L1_1_Mprelu4_stage0_L1_1_0_split_1
I0923 17:57:36.393911 2173940 net.cpp:408] Mconv4_stage0_L1_concat <- Mconv4_stage0_L1_2
I0923 17:57:36.393913 2173940 net.cpp:382] Mconv4_stage0_L1_concat -> Mconv4_stage0_L1_concat
I0923 17:57:36.393918 2173940 net.cpp:124] Setting up Mconv4_stage0_L1_concat
I0923 17:57:36.393919 2173940 net.cpp:131] Top shape: 1 288 2 2 (1152)
I0923 17:57:36.393921 2173940 net.cpp:139] Memory required for data: 1267136
I0923 17:57:36.393922 2173940 layer_factory.hpp:77] Creating layer Mconv5_stage0_L1_0
I0923 17:57:36.393925 2173940 net.cpp:86] Creating Layer Mconv5_stage0_L1_0
I0923 17:57:36.393926 2173940 net.cpp:408] Mconv5_stage0_L1_0 <- Mconv4_stage0_L1_concat
I0923 17:57:36.393929 2173940 net.cpp:382] Mconv5_stage0_L1_0 -> Mconv5_stage0_L1_0
I0923 17:57:36.402951 2173940 net.cpp:124] Setting up Mconv5_stage0_L1_0
I0923 17:57:36.402957 2173940 net.cpp:131] Top shape: 1 96 2 2 (384)
I0923 17:57:36.402959 2173940 net.cpp:139] Memory required for data: 1268672
I0923 17:57:36.402961 2173940 layer_factory.hpp:77] Creating layer Mprelu5_stage0_L1_0
I0923 17:57:36.402963 2173940 net.cpp:86] Creating Layer Mprelu5_stage0_L1_0
I0923 17:57:36.402966 2173940 net.cpp:408] Mprelu5_stage0_L1_0 <- Mconv5_stage0_L1_0
I0923 17:57:36.402967 2173940 net.cpp:369] Mprelu5_stage0_L1_0 -> Mconv5_stage0_L1_0 (in-place)
I0923 17:57:36.402992 2173940 net.cpp:124] Setting up Mprelu5_stage0_L1_0
I0923 17:57:36.402993 2173940 net.cpp:131] Top shape: 1 96 2 2 (384)
I0923 17:57:36.402994 2173940 net.cpp:139] Memory required for data: 1270208
I0923 17:57:36.402995 2173940 layer_factory.hpp:77] Creating layer Mconv5_stage0_L1_0_Mprelu5_stage0_L1_0_0_split
I0923 17:57:36.402997 2173940 net.cpp:86] Creating Layer Mconv5_stage0_L1_0_Mprelu5_stage0_L1_0_0_split
I0923 17:57:36.402998 2173940 net.cpp:408] Mconv5_stage0_L1_0_Mprelu5_stage0_L1_0_0_split <- Mconv5_stage0_L1_0
I0923 17:57:36.403000 2173940 net.cpp:382] Mconv5_stage0_L1_0_Mprelu5_stage0_L1_0_0_split -> Mconv5_stage0_L1_0_Mprelu5_stage0_L1_0_0_split_0
I0923 17:57:36.403002 2173940 net.cpp:382] Mconv5_stage0_L1_0_Mprelu5_stage0_L1_0_0_split -> Mconv5_stage0_L1_0_Mprelu5_stage0_L1_0_0_split_1
I0923 17:57:36.403010 2173940 net.cpp:124] Setting up Mconv5_stage0_L1_0_Mprelu5_stage0_L1_0_0_split
I0923 17:57:36.403012 2173940 net.cpp:131] Top shape: 1 96 2 2 (384)
I0923 17:57:36.403013 2173940 net.cpp:131] Top shape: 1 96 2 2 (384)
I0923 17:57:36.403014 2173940 net.cpp:139] Memory required for data: 1273280
I0923 17:57:36.403015 2173940 layer_factory.hpp:77] Creating layer Mconv5_stage0_L1_1
I0923 17:57:36.403018 2173940 net.cpp:86] Creating Layer Mconv5_stage0_L1_1
I0923 17:57:36.403019 2173940 net.cpp:408] Mconv5_stage0_L1_1 <- Mconv5_stage0_L1_0_Mprelu5_stage0_L1_0_0_split_0
I0923 17:57:36.403021 2173940 net.cpp:382] Mconv5_stage0_L1_1 -> Mconv5_stage0_L1_1
I0923 17:57:36.411826 2173940 net.cpp:124] Setting up Mconv5_stage0_L1_1
I0923 17:57:36.411831 2173940 net.cpp:131] Top shape: 1 96 2 2 (384)
I0923 17:57:36.411834 2173940 net.cpp:139] Memory required for data: 1274816
I0923 17:57:36.411836 2173940 layer_factory.hpp:77] Creating layer Mprelu5_stage0_L1_1
I0923 17:57:36.411839 2173940 net.cpp:86] Creating Layer Mprelu5_stage0_L1_1
I0923 17:57:36.411840 2173940 net.cpp:408] Mprelu5_stage0_L1_1 <- Mconv5_stage0_L1_1
I0923 17:57:36.411842 2173940 net.cpp:369] Mprelu5_stage0_L1_1 -> Mconv5_stage0_L1_1 (in-place)
I0923 17:57:36.411866 2173940 net.cpp:124] Setting up Mprelu5_stage0_L1_1
I0923 17:57:36.411867 2173940 net.cpp:131] Top shape: 1 96 2 2 (384)
I0923 17:57:36.411868 2173940 net.cpp:139] Memory required for data: 1276352
I0923 17:57:36.411870 2173940 layer_factory.hpp:77] Creating layer Mconv5_stage0_L1_1_Mprelu5_stage0_L1_1_0_split
I0923 17:57:36.411872 2173940 net.cpp:86] Creating Layer Mconv5_stage0_L1_1_Mprelu5_stage0_L1_1_0_split
I0923 17:57:36.411873 2173940 net.cpp:408] Mconv5_stage0_L1_1_Mprelu5_stage0_L1_1_0_split <- Mconv5_stage0_L1_1
I0923 17:57:36.411875 2173940 net.cpp:382] Mconv5_stage0_L1_1_Mprelu5_stage0_L1_1_0_split -> Mconv5_stage0_L1_1_Mprelu5_stage0_L1_1_0_split_0
I0923 17:57:36.411877 2173940 net.cpp:382] Mconv5_stage0_L1_1_Mprelu5_stage0_L1_1_0_split -> Mconv5_stage0_L1_1_Mprelu5_stage0_L1_1_0_split_1
I0923 17:57:36.411885 2173940 net.cpp:124] Setting up Mconv5_stage0_L1_1_Mprelu5_stage0_L1_1_0_split
I0923 17:57:36.411886 2173940 net.cpp:131] Top shape: 1 96 2 2 (384)
I0923 17:57:36.411887 2173940 net.cpp:131] Top shape: 1 96 2 2 (384)
I0923 17:57:36.411888 2173940 net.cpp:139] Memory required for data: 1279424
I0923 17:57:36.411890 2173940 layer_factory.hpp:77] Creating layer Mconv5_stage0_L1_2
I0923 17:57:36.411892 2173940 net.cpp:86] Creating Layer Mconv5_stage0_L1_2
I0923 17:57:36.411893 2173940 net.cpp:408] Mconv5_stage0_L1_2 <- Mconv5_stage0_L1_1_Mprelu5_stage0_L1_1_0_split_0
I0923 17:57:36.411895 2173940 net.cpp:382] Mconv5_stage0_L1_2 -> Mconv5_stage0_L1_2
I0923 17:57:36.420106 2173940 net.cpp:124] Setting up Mconv5_stage0_L1_2
I0923 17:57:36.420111 2173940 net.cpp:131] Top shape: 1 96 2 2 (384)
I0923 17:57:36.420113 2173940 net.cpp:139] Memory required for data: 1280960
I0923 17:57:36.420115 2173940 layer_factory.hpp:77] Creating layer Mprelu5_stage0_L1_2
I0923 17:57:36.420118 2173940 net.cpp:86] Creating Layer Mprelu5_stage0_L1_2
I0923 17:57:36.420120 2173940 net.cpp:408] Mprelu5_stage0_L1_2 <- Mconv5_stage0_L1_2
I0923 17:57:36.420122 2173940 net.cpp:369] Mprelu5_stage0_L1_2 -> Mconv5_stage0_L1_2 (in-place)
I0923 17:57:36.420145 2173940 net.cpp:124] Setting up Mprelu5_stage0_L1_2
I0923 17:57:36.420146 2173940 net.cpp:131] Top shape: 1 96 2 2 (384)
I0923 17:57:36.420147 2173940 net.cpp:139] Memory required for data: 1282496
I0923 17:57:36.420148 2173940 layer_factory.hpp:77] Creating layer Mconv5_stage0_L1_concat
I0923 17:57:36.420151 2173940 net.cpp:86] Creating Layer Mconv5_stage0_L1_concat
I0923 17:57:36.420152 2173940 net.cpp:408] Mconv5_stage0_L1_concat <- Mconv5_stage0_L1_0_Mprelu5_stage0_L1_0_0_split_1
I0923 17:57:36.420153 2173940 net.cpp:408] Mconv5_stage0_L1_concat <- Mconv5_stage0_L1_1_Mprelu5_stage0_L1_1_0_split_1
I0923 17:57:36.420156 2173940 net.cpp:408] Mconv5_stage0_L1_concat <- Mconv5_stage0_L1_2
I0923 17:57:36.420156 2173940 net.cpp:382] Mconv5_stage0_L1_concat -> Mconv5_stage0_L1_concat
I0923 17:57:36.420162 2173940 net.cpp:124] Setting up Mconv5_stage0_L1_concat
I0923 17:57:36.420163 2173940 net.cpp:131] Top shape: 1 288 2 2 (1152)
I0923 17:57:36.420164 2173940 net.cpp:139] Memory required for data: 1287104
I0923 17:57:36.420166 2173940 layer_factory.hpp:77] Creating layer Mconv6_stage0_L1
I0923 17:57:36.420168 2173940 net.cpp:86] Creating Layer Mconv6_stage0_L1
I0923 17:57:36.420169 2173940 net.cpp:408] Mconv6_stage0_L1 <- Mconv5_stage0_L1_concat
I0923 17:57:36.420171 2173940 net.cpp:382] Mconv6_stage0_L1 -> Mconv6_stage0_L1
I0923 17:57:36.429261 2173940 net.cpp:124] Setting up Mconv6_stage0_L1
I0923 17:57:36.429266 2173940 net.cpp:131] Top shape: 1 256 2 2 (1024)
I0923 17:57:36.429270 2173940 net.cpp:139] Memory required for data: 1291200
I0923 17:57:36.429271 2173940 layer_factory.hpp:77] Creating layer Mprelu6_stage0_L1
I0923 17:57:36.429275 2173940 net.cpp:86] Creating Layer Mprelu6_stage0_L1
I0923 17:57:36.429276 2173940 net.cpp:408] Mprelu6_stage0_L1 <- Mconv6_stage0_L1
I0923 17:57:36.429278 2173940 net.cpp:369] Mprelu6_stage0_L1 -> Mconv6_stage0_L1 (in-place)
I0923 17:57:36.429301 2173940 net.cpp:124] Setting up Mprelu6_stage0_L1
I0923 17:57:36.429302 2173940 net.cpp:131] Top shape: 1 256 2 2 (1024)
I0923 17:57:36.429303 2173940 net.cpp:139] Memory required for data: 1295296
I0923 17:57:36.429306 2173940 layer_factory.hpp:77] Creating layer Mconv7_stage0_L1
I0923 17:57:36.429307 2173940 net.cpp:86] Creating Layer Mconv7_stage0_L1
I0923 17:57:36.429309 2173940 net.cpp:408] Mconv7_stage0_L1 <- Mconv6_stage0_L1
I0923 17:57:36.429311 2173940 net.cpp:382] Mconv7_stage0_L1 -> Mconv7_stage0_L1
I0923 17:57:36.440783 2173940 net.cpp:124] Setting up Mconv7_stage0_L1
I0923 17:57:36.440789 2173940 net.cpp:131] Top shape: 1 26 2 2 (104)
I0923 17:57:36.440791 2173940 net.cpp:139] Memory required for data: 1295712
I0923 17:57:36.440793 2173940 layer_factory.hpp:77] Creating layer concat_stage1_L1
I0923 17:57:36.440796 2173940 net.cpp:86] Creating Layer concat_stage1_L1
I0923 17:57:36.440798 2173940 net.cpp:408] concat_stage1_L1 <- conv4_4_CPM_prelu4_4_CPM_0_split_5
I0923 17:57:36.440800 2173940 net.cpp:408] concat_stage1_L1 <- Mconv7_stage0_L1
I0923 17:57:36.440801 2173940 net.cpp:408] concat_stage1_L1 <- Mconv7_stage3_L2_Mconv7_stage3_L2_0_split_1
I0923 17:57:36.440804 2173940 net.cpp:382] concat_stage1_L1 -> concat_stage1_L1
I0923 17:57:36.440814 2173940 net.cpp:124] Setting up concat_stage1_L1
I0923 17:57:36.440814 2173940 net.cpp:131] Top shape: 1 206 2 2 (824)
I0923 17:57:36.440815 2173940 net.cpp:139] Memory required for data: 1299008
I0923 17:57:36.440816 2173940 layer_factory.hpp:77] Creating layer Mconv1_stage1_L1_0
I0923 17:57:36.440819 2173940 net.cpp:86] Creating Layer Mconv1_stage1_L1_0
I0923 17:57:36.440821 2173940 net.cpp:408] Mconv1_stage1_L1_0 <- concat_stage1_L1
I0923 17:57:36.440824 2173940 net.cpp:382] Mconv1_stage1_L1_0 -> Mconv1_stage1_L1_0
I0923 17:57:36.450359 2173940 net.cpp:124] Setting up Mconv1_stage1_L1_0
I0923 17:57:36.450364 2173940 net.cpp:131] Top shape: 1 128 2 2 (512)
I0923 17:57:36.450366 2173940 net.cpp:139] Memory required for data: 1301056
I0923 17:57:36.450369 2173940 layer_factory.hpp:77] Creating layer Mprelu1_stage1_L1_0
I0923 17:57:36.450372 2173940 net.cpp:86] Creating Layer Mprelu1_stage1_L1_0
I0923 17:57:36.450373 2173940 net.cpp:408] Mprelu1_stage1_L1_0 <- Mconv1_stage1_L1_0
I0923 17:57:36.450376 2173940 net.cpp:369] Mprelu1_stage1_L1_0 -> Mconv1_stage1_L1_0 (in-place)
I0923 17:57:36.450399 2173940 net.cpp:124] Setting up Mprelu1_stage1_L1_0
I0923 17:57:36.450400 2173940 net.cpp:131] Top shape: 1 128 2 2 (512)
I0923 17:57:36.450402 2173940 net.cpp:139] Memory required for data: 1303104
I0923 17:57:36.450402 2173940 layer_factory.hpp:77] Creating layer Mconv1_stage1_L1_0_Mprelu1_stage1_L1_0_0_split
I0923 17:57:36.450404 2173940 net.cpp:86] Creating Layer Mconv1_stage1_L1_0_Mprelu1_stage1_L1_0_0_split
I0923 17:57:36.450405 2173940 net.cpp:408] Mconv1_stage1_L1_0_Mprelu1_stage1_L1_0_0_split <- Mconv1_stage1_L1_0
I0923 17:57:36.450407 2173940 net.cpp:382] Mconv1_stage1_L1_0_Mprelu1_stage1_L1_0_0_split -> Mconv1_stage1_L1_0_Mprelu1_stage1_L1_0_0_split_0
I0923 17:57:36.450409 2173940 net.cpp:382] Mconv1_stage1_L1_0_Mprelu1_stage1_L1_0_0_split -> Mconv1_stage1_L1_0_Mprelu1_stage1_L1_0_0_split_1
I0923 17:57:36.450417 2173940 net.cpp:124] Setting up Mconv1_stage1_L1_0_Mprelu1_stage1_L1_0_0_split
I0923 17:57:36.450418 2173940 net.cpp:131] Top shape: 1 128 2 2 (512)
I0923 17:57:36.450419 2173940 net.cpp:131] Top shape: 1 128 2 2 (512)
I0923 17:57:36.450420 2173940 net.cpp:139] Memory required for data: 1307200
I0923 17:57:36.450421 2173940 layer_factory.hpp:77] Creating layer Mconv1_stage1_L1_1
I0923 17:57:36.450424 2173940 net.cpp:86] Creating Layer Mconv1_stage1_L1_1
I0923 17:57:36.450425 2173940 net.cpp:408] Mconv1_stage1_L1_1 <- Mconv1_stage1_L1_0_Mprelu1_stage1_L1_0_0_split_0
I0923 17:57:36.450428 2173940 net.cpp:382] Mconv1_stage1_L1_1 -> Mconv1_stage1_L1_1
I0923 17:57:36.458489 2173940 net.cpp:124] Setting up Mconv1_stage1_L1_1
I0923 17:57:36.458494 2173940 net.cpp:131] Top shape: 1 128 2 2 (512)
I0923 17:57:36.458496 2173940 net.cpp:139] Memory required for data: 1309248
I0923 17:57:36.458498 2173940 layer_factory.hpp:77] Creating layer Mprelu1_stage1_L1_1
I0923 17:57:36.458501 2173940 net.cpp:86] Creating Layer Mprelu1_stage1_L1_1
I0923 17:57:36.458503 2173940 net.cpp:408] Mprelu1_stage1_L1_1 <- Mconv1_stage1_L1_1
I0923 17:57:36.458505 2173940 net.cpp:369] Mprelu1_stage1_L1_1 -> Mconv1_stage1_L1_1 (in-place)
I0923 17:57:36.458527 2173940 net.cpp:124] Setting up Mprelu1_stage1_L1_1
I0923 17:57:36.458529 2173940 net.cpp:131] Top shape: 1 128 2 2 (512)
I0923 17:57:36.458530 2173940 net.cpp:139] Memory required for data: 1311296
I0923 17:57:36.458531 2173940 layer_factory.hpp:77] Creating layer Mconv1_stage1_L1_1_Mprelu1_stage1_L1_1_0_split
I0923 17:57:36.458534 2173940 net.cpp:86] Creating Layer Mconv1_stage1_L1_1_Mprelu1_stage1_L1_1_0_split
I0923 17:57:36.458534 2173940 net.cpp:408] Mconv1_stage1_L1_1_Mprelu1_stage1_L1_1_0_split <- Mconv1_stage1_L1_1
I0923 17:57:36.458536 2173940 net.cpp:382] Mconv1_stage1_L1_1_Mprelu1_stage1_L1_1_0_split -> Mconv1_stage1_L1_1_Mprelu1_stage1_L1_1_0_split_0
I0923 17:57:36.458539 2173940 net.cpp:382] Mconv1_stage1_L1_1_Mprelu1_stage1_L1_1_0_split -> Mconv1_stage1_L1_1_Mprelu1_stage1_L1_1_0_split_1
I0923 17:57:36.458546 2173940 net.cpp:124] Setting up Mconv1_stage1_L1_1_Mprelu1_stage1_L1_1_0_split
I0923 17:57:36.458547 2173940 net.cpp:131] Top shape: 1 128 2 2 (512)
I0923 17:57:36.458549 2173940 net.cpp:131] Top shape: 1 128 2 2 (512)
I0923 17:57:36.458549 2173940 net.cpp:139] Memory required for data: 1315392
I0923 17:57:36.458550 2173940 layer_factory.hpp:77] Creating layer Mconv1_stage1_L1_2
I0923 17:57:36.458552 2173940 net.cpp:86] Creating Layer Mconv1_stage1_L1_2
I0923 17:57:36.458554 2173940 net.cpp:408] Mconv1_stage1_L1_2 <- Mconv1_stage1_L1_1_Mprelu1_stage1_L1_1_0_split_0
I0923 17:57:36.458555 2173940 net.cpp:382] Mconv1_stage1_L1_2 -> Mconv1_stage1_L1_2
I0923 17:57:36.467478 2173940 net.cpp:124] Setting up Mconv1_stage1_L1_2
I0923 17:57:36.467482 2173940 net.cpp:131] Top shape: 1 128 2 2 (512)
I0923 17:57:36.467484 2173940 net.cpp:139] Memory required for data: 1317440
I0923 17:57:36.467487 2173940 layer_factory.hpp:77] Creating layer Mprelu1_stage1_L1_2
I0923 17:57:36.467489 2173940 net.cpp:86] Creating Layer Mprelu1_stage1_L1_2
I0923 17:57:36.467491 2173940 net.cpp:408] Mprelu1_stage1_L1_2 <- Mconv1_stage1_L1_2
I0923 17:57:36.467494 2173940 net.cpp:369] Mprelu1_stage1_L1_2 -> Mconv1_stage1_L1_2 (in-place)
I0923 17:57:36.467516 2173940 net.cpp:124] Setting up Mprelu1_stage1_L1_2
I0923 17:57:36.467517 2173940 net.cpp:131] Top shape: 1 128 2 2 (512)
I0923 17:57:36.467518 2173940 net.cpp:139] Memory required for data: 1319488
I0923 17:57:36.467520 2173940 layer_factory.hpp:77] Creating layer Mconv1_stage1_L1_concat
I0923 17:57:36.467522 2173940 net.cpp:86] Creating Layer Mconv1_stage1_L1_concat
I0923 17:57:36.467523 2173940 net.cpp:408] Mconv1_stage1_L1_concat <- Mconv1_stage1_L1_0_Mprelu1_stage1_L1_0_0_split_1
I0923 17:57:36.467525 2173940 net.cpp:408] Mconv1_stage1_L1_concat <- Mconv1_stage1_L1_1_Mprelu1_stage1_L1_1_0_split_1
I0923 17:57:36.467526 2173940 net.cpp:408] Mconv1_stage1_L1_concat <- Mconv1_stage1_L1_2
I0923 17:57:36.467527 2173940 net.cpp:382] Mconv1_stage1_L1_concat -> Mconv1_stage1_L1_concat
I0923 17:57:36.467532 2173940 net.cpp:124] Setting up Mconv1_stage1_L1_concat
I0923 17:57:36.467533 2173940 net.cpp:131] Top shape: 1 384 2 2 (1536)
I0923 17:57:36.467535 2173940 net.cpp:139] Memory required for data: 1325632
I0923 17:57:36.467536 2173940 layer_factory.hpp:77] Creating layer Mconv2_stage1_L1_0
I0923 17:57:36.467538 2173940 net.cpp:86] Creating Layer Mconv2_stage1_L1_0
I0923 17:57:36.467540 2173940 net.cpp:408] Mconv2_stage1_L1_0 <- Mconv1_stage1_L1_concat
I0923 17:57:36.467542 2173940 net.cpp:382] Mconv2_stage1_L1_0 -> Mconv2_stage1_L1_0
I0923 17:57:36.476321 2173940 net.cpp:124] Setting up Mconv2_stage1_L1_0
I0923 17:57:36.476326 2173940 net.cpp:131] Top shape: 1 128 2 2 (512)
I0923 17:57:36.476328 2173940 net.cpp:139] Memory required for data: 1327680
I0923 17:57:36.476331 2173940 layer_factory.hpp:77] Creating layer Mprelu2_stage1_L1_0
I0923 17:57:36.476334 2173940 net.cpp:86] Creating Layer Mprelu2_stage1_L1_0
I0923 17:57:36.476336 2173940 net.cpp:408] Mprelu2_stage1_L1_0 <- Mconv2_stage1_L1_0
I0923 17:57:36.476337 2173940 net.cpp:369] Mprelu2_stage1_L1_0 -> Mconv2_stage1_L1_0 (in-place)
I0923 17:57:36.476361 2173940 net.cpp:124] Setting up Mprelu2_stage1_L1_0
I0923 17:57:36.476361 2173940 net.cpp:131] Top shape: 1 128 2 2 (512)
I0923 17:57:36.476362 2173940 net.cpp:139] Memory required for data: 1329728
I0923 17:57:36.476363 2173940 layer_factory.hpp:77] Creating layer Mconv2_stage1_L1_0_Mprelu2_stage1_L1_0_0_split
I0923 17:57:36.476365 2173940 net.cpp:86] Creating Layer Mconv2_stage1_L1_0_Mprelu2_stage1_L1_0_0_split
I0923 17:57:36.476366 2173940 net.cpp:408] Mconv2_stage1_L1_0_Mprelu2_stage1_L1_0_0_split <- Mconv2_stage1_L1_0
I0923 17:57:36.476368 2173940 net.cpp:382] Mconv2_stage1_L1_0_Mprelu2_stage1_L1_0_0_split -> Mconv2_stage1_L1_0_Mprelu2_stage1_L1_0_0_split_0
I0923 17:57:36.476370 2173940 net.cpp:382] Mconv2_stage1_L1_0_Mprelu2_stage1_L1_0_0_split -> Mconv2_stage1_L1_0_Mprelu2_stage1_L1_0_0_split_1
I0923 17:57:36.476377 2173940 net.cpp:124] Setting up Mconv2_stage1_L1_0_Mprelu2_stage1_L1_0_0_split
I0923 17:57:36.476378 2173940 net.cpp:131] Top shape: 1 128 2 2 (512)
I0923 17:57:36.476380 2173940 net.cpp:131] Top shape: 1 128 2 2 (512)
I0923 17:57:36.476382 2173940 net.cpp:139] Memory required for data: 1333824
I0923 17:57:36.476382 2173940 layer_factory.hpp:77] Creating layer Mconv2_stage1_L1_1
I0923 17:57:36.476384 2173940 net.cpp:86] Creating Layer Mconv2_stage1_L1_1
I0923 17:57:36.476387 2173940 net.cpp:408] Mconv2_stage1_L1_1 <- Mconv2_stage1_L1_0_Mprelu2_stage1_L1_0_0_split_0
I0923 17:57:36.476387 2173940 net.cpp:382] Mconv2_stage1_L1_1 -> Mconv2_stage1_L1_1
I0923 17:57:36.484575 2173940 net.cpp:124] Setting up Mconv2_stage1_L1_1
I0923 17:57:36.484579 2173940 net.cpp:131] Top shape: 1 128 2 2 (512)
I0923 17:57:36.484581 2173940 net.cpp:139] Memory required for data: 1335872
I0923 17:57:36.484583 2173940 layer_factory.hpp:77] Creating layer Mprelu2_stage1_L1_1
I0923 17:57:36.484586 2173940 net.cpp:86] Creating Layer Mprelu2_stage1_L1_1
I0923 17:57:36.484588 2173940 net.cpp:408] Mprelu2_stage1_L1_1 <- Mconv2_stage1_L1_1
I0923 17:57:36.484591 2173940 net.cpp:369] Mprelu2_stage1_L1_1 -> Mconv2_stage1_L1_1 (in-place)
I0923 17:57:36.484612 2173940 net.cpp:124] Setting up Mprelu2_stage1_L1_1
I0923 17:57:36.484613 2173940 net.cpp:131] Top shape: 1 128 2 2 (512)
I0923 17:57:36.484615 2173940 net.cpp:139] Memory required for data: 1337920
I0923 17:57:36.484616 2173940 layer_factory.hpp:77] Creating layer Mconv2_stage1_L1_1_Mprelu2_stage1_L1_1_0_split
I0923 17:57:36.484618 2173940 net.cpp:86] Creating Layer Mconv2_stage1_L1_1_Mprelu2_stage1_L1_1_0_split
I0923 17:57:36.484619 2173940 net.cpp:408] Mconv2_stage1_L1_1_Mprelu2_stage1_L1_1_0_split <- Mconv2_stage1_L1_1
I0923 17:57:36.484622 2173940 net.cpp:382] Mconv2_stage1_L1_1_Mprelu2_stage1_L1_1_0_split -> Mconv2_stage1_L1_1_Mprelu2_stage1_L1_1_0_split_0
I0923 17:57:36.484623 2173940 net.cpp:382] Mconv2_stage1_L1_1_Mprelu2_stage1_L1_1_0_split -> Mconv2_stage1_L1_1_Mprelu2_stage1_L1_1_0_split_1
I0923 17:57:36.484630 2173940 net.cpp:124] Setting up Mconv2_stage1_L1_1_Mprelu2_stage1_L1_1_0_split
I0923 17:57:36.484632 2173940 net.cpp:131] Top shape: 1 128 2 2 (512)
I0923 17:57:36.484632 2173940 net.cpp:131] Top shape: 1 128 2 2 (512)
I0923 17:57:36.484634 2173940 net.cpp:139] Memory required for data: 1342016
I0923 17:57:36.484635 2173940 layer_factory.hpp:77] Creating layer Mconv2_stage1_L1_2
I0923 17:57:36.484638 2173940 net.cpp:86] Creating Layer Mconv2_stage1_L1_2
I0923 17:57:36.484639 2173940 net.cpp:408] Mconv2_stage1_L1_2 <- Mconv2_stage1_L1_1_Mprelu2_stage1_L1_1_0_split_0
I0923 17:57:36.484640 2173940 net.cpp:382] Mconv2_stage1_L1_2 -> Mconv2_stage1_L1_2
I0923 17:57:36.493386 2173940 net.cpp:124] Setting up Mconv2_stage1_L1_2
I0923 17:57:36.493391 2173940 net.cpp:131] Top shape: 1 128 2 2 (512)
I0923 17:57:36.493393 2173940 net.cpp:139] Memory required for data: 1344064
I0923 17:57:36.493395 2173940 layer_factory.hpp:77] Creating layer Mprelu2_stage1_L1_2
I0923 17:57:36.493397 2173940 net.cpp:86] Creating Layer Mprelu2_stage1_L1_2
I0923 17:57:36.493399 2173940 net.cpp:408] Mprelu2_stage1_L1_2 <- Mconv2_stage1_L1_2
I0923 17:57:36.493402 2173940 net.cpp:369] Mprelu2_stage1_L1_2 -> Mconv2_stage1_L1_2 (in-place)
I0923 17:57:36.493424 2173940 net.cpp:124] Setting up Mprelu2_stage1_L1_2
I0923 17:57:36.493425 2173940 net.cpp:131] Top shape: 1 128 2 2 (512)
I0923 17:57:36.493427 2173940 net.cpp:139] Memory required for data: 1346112
I0923 17:57:36.493428 2173940 layer_factory.hpp:77] Creating layer Mconv2_stage1_L1_concat
I0923 17:57:36.493430 2173940 net.cpp:86] Creating Layer Mconv2_stage1_L1_concat
I0923 17:57:36.493431 2173940 net.cpp:408] Mconv2_stage1_L1_concat <- Mconv2_stage1_L1_0_Mprelu2_stage1_L1_0_0_split_1
I0923 17:57:36.493433 2173940 net.cpp:408] Mconv2_stage1_L1_concat <- Mconv2_stage1_L1_1_Mprelu2_stage1_L1_1_0_split_1
I0923 17:57:36.493434 2173940 net.cpp:408] Mconv2_stage1_L1_concat <- Mconv2_stage1_L1_2
I0923 17:57:36.493436 2173940 net.cpp:382] Mconv2_stage1_L1_concat -> Mconv2_stage1_L1_concat
I0923 17:57:36.493441 2173940 net.cpp:124] Setting up Mconv2_stage1_L1_concat
I0923 17:57:36.493443 2173940 net.cpp:131] Top shape: 1 384 2 2 (1536)
I0923 17:57:36.493444 2173940 net.cpp:139] Memory required for data: 1352256
I0923 17:57:36.493445 2173940 layer_factory.hpp:77] Creating layer Mconv3_stage1_L1_0
I0923 17:57:36.493448 2173940 net.cpp:86] Creating Layer Mconv3_stage1_L1_0
I0923 17:57:36.493448 2173940 net.cpp:408] Mconv3_stage1_L1_0 <- Mconv2_stage1_L1_concat
I0923 17:57:36.493451 2173940 net.cpp:382] Mconv3_stage1_L1_0 -> Mconv3_stage1_L1_0
I0923 17:57:36.502439 2173940 net.cpp:124] Setting up Mconv3_stage1_L1_0
I0923 17:57:36.502445 2173940 net.cpp:131] Top shape: 1 128 2 2 (512)
I0923 17:57:36.502447 2173940 net.cpp:139] Memory required for data: 1354304
I0923 17:57:36.502449 2173940 layer_factory.hpp:77] Creating layer Mprelu3_stage1_L1_0
I0923 17:57:36.502452 2173940 net.cpp:86] Creating Layer Mprelu3_stage1_L1_0
I0923 17:57:36.502454 2173940 net.cpp:408] Mprelu3_stage1_L1_0 <- Mconv3_stage1_L1_0
I0923 17:57:36.502456 2173940 net.cpp:369] Mprelu3_stage1_L1_0 -> Mconv3_stage1_L1_0 (in-place)
I0923 17:57:36.502478 2173940 net.cpp:124] Setting up Mprelu3_stage1_L1_0
I0923 17:57:36.502480 2173940 net.cpp:131] Top shape: 1 128 2 2 (512)
I0923 17:57:36.502481 2173940 net.cpp:139] Memory required for data: 1356352
I0923 17:57:36.502482 2173940 layer_factory.hpp:77] Creating layer Mconv3_stage1_L1_0_Mprelu3_stage1_L1_0_0_split
I0923 17:57:36.502485 2173940 net.cpp:86] Creating Layer Mconv3_stage1_L1_0_Mprelu3_stage1_L1_0_0_split
I0923 17:57:36.502485 2173940 net.cpp:408] Mconv3_stage1_L1_0_Mprelu3_stage1_L1_0_0_split <- Mconv3_stage1_L1_0
I0923 17:57:36.502487 2173940 net.cpp:382] Mconv3_stage1_L1_0_Mprelu3_stage1_L1_0_0_split -> Mconv3_stage1_L1_0_Mprelu3_stage1_L1_0_0_split_0
I0923 17:57:36.502489 2173940 net.cpp:382] Mconv3_stage1_L1_0_Mprelu3_stage1_L1_0_0_split -> Mconv3_stage1_L1_0_Mprelu3_stage1_L1_0_0_split_1
I0923 17:57:36.502496 2173940 net.cpp:124] Setting up Mconv3_stage1_L1_0_Mprelu3_stage1_L1_0_0_split
I0923 17:57:36.502497 2173940 net.cpp:131] Top shape: 1 128 2 2 (512)
I0923 17:57:36.502499 2173940 net.cpp:131] Top shape: 1 128 2 2 (512)
I0923 17:57:36.502501 2173940 net.cpp:139] Memory required for data: 1360448
I0923 17:57:36.502501 2173940 layer_factory.hpp:77] Creating layer Mconv3_stage1_L1_1
I0923 17:57:36.502503 2173940 net.cpp:86] Creating Layer Mconv3_stage1_L1_1
I0923 17:57:36.502504 2173940 net.cpp:408] Mconv3_stage1_L1_1 <- Mconv3_stage1_L1_0_Mprelu3_stage1_L1_0_0_split_0
I0923 17:57:36.502506 2173940 net.cpp:382] Mconv3_stage1_L1_1 -> Mconv3_stage1_L1_1
I0923 17:57:36.512111 2173940 net.cpp:124] Setting up Mconv3_stage1_L1_1
I0923 17:57:36.512116 2173940 net.cpp:131] Top shape: 1 128 2 2 (512)
I0923 17:57:36.512118 2173940 net.cpp:139] Memory required for data: 1362496
I0923 17:57:36.512120 2173940 layer_factory.hpp:77] Creating layer Mprelu3_stage1_L1_1
I0923 17:57:36.512123 2173940 net.cpp:86] Creating Layer Mprelu3_stage1_L1_1
I0923 17:57:36.512125 2173940 net.cpp:408] Mprelu3_stage1_L1_1 <- Mconv3_stage1_L1_1
I0923 17:57:36.512127 2173940 net.cpp:369] Mprelu3_stage1_L1_1 -> Mconv3_stage1_L1_1 (in-place)
I0923 17:57:36.512151 2173940 net.cpp:124] Setting up Mprelu3_stage1_L1_1
I0923 17:57:36.512151 2173940 net.cpp:131] Top shape: 1 128 2 2 (512)
I0923 17:57:36.512152 2173940 net.cpp:139] Memory required for data: 1364544
I0923 17:57:36.512153 2173940 layer_factory.hpp:77] Creating layer Mconv3_stage1_L1_1_Mprelu3_stage1_L1_1_0_split
I0923 17:57:36.512156 2173940 net.cpp:86] Creating Layer Mconv3_stage1_L1_1_Mprelu3_stage1_L1_1_0_split
I0923 17:57:36.512156 2173940 net.cpp:408] Mconv3_stage1_L1_1_Mprelu3_stage1_L1_1_0_split <- Mconv3_stage1_L1_1
I0923 17:57:36.512158 2173940 net.cpp:382] Mconv3_stage1_L1_1_Mprelu3_stage1_L1_1_0_split -> Mconv3_stage1_L1_1_Mprelu3_stage1_L1_1_0_split_0
I0923 17:57:36.512161 2173940 net.cpp:382] Mconv3_stage1_L1_1_Mprelu3_stage1_L1_1_0_split -> Mconv3_stage1_L1_1_Mprelu3_stage1_L1_1_0_split_1
I0923 17:57:36.512167 2173940 net.cpp:124] Setting up Mconv3_stage1_L1_1_Mprelu3_stage1_L1_1_0_split
I0923 17:57:36.512169 2173940 net.cpp:131] Top shape: 1 128 2 2 (512)
I0923 17:57:36.512171 2173940 net.cpp:131] Top shape: 1 128 2 2 (512)
I0923 17:57:36.512171 2173940 net.cpp:139] Memory required for data: 1368640
I0923 17:57:36.512172 2173940 layer_factory.hpp:77] Creating layer Mconv3_stage1_L1_2
I0923 17:57:36.512176 2173940 net.cpp:86] Creating Layer Mconv3_stage1_L1_2
I0923 17:57:36.512176 2173940 net.cpp:408] Mconv3_stage1_L1_2 <- Mconv3_stage1_L1_1_Mprelu3_stage1_L1_1_0_split_0
I0923 17:57:36.512178 2173940 net.cpp:382] Mconv3_stage1_L1_2 -> Mconv3_stage1_L1_2
I0923 17:57:36.519879 2173940 net.cpp:124] Setting up Mconv3_stage1_L1_2
I0923 17:57:36.519884 2173940 net.cpp:131] Top shape: 1 128 2 2 (512)
I0923 17:57:36.519886 2173940 net.cpp:139] Memory required for data: 1370688
I0923 17:57:36.519888 2173940 layer_factory.hpp:77] Creating layer Mprelu3_stage1_L1_2
I0923 17:57:36.519891 2173940 net.cpp:86] Creating Layer Mprelu3_stage1_L1_2
I0923 17:57:36.519892 2173940 net.cpp:408] Mprelu3_stage1_L1_2 <- Mconv3_stage1_L1_2
I0923 17:57:36.519894 2173940 net.cpp:369] Mprelu3_stage1_L1_2 -> Mconv3_stage1_L1_2 (in-place)
I0923 17:57:36.519917 2173940 net.cpp:124] Setting up Mprelu3_stage1_L1_2
I0923 17:57:36.519917 2173940 net.cpp:131] Top shape: 1 128 2 2 (512)
I0923 17:57:36.519919 2173940 net.cpp:139] Memory required for data: 1372736
I0923 17:57:36.519920 2173940 layer_factory.hpp:77] Creating layer Mconv3_stage1_L1_concat
I0923 17:57:36.519922 2173940 net.cpp:86] Creating Layer Mconv3_stage1_L1_concat
I0923 17:57:36.519923 2173940 net.cpp:408] Mconv3_stage1_L1_concat <- Mconv3_stage1_L1_0_Mprelu3_stage1_L1_0_0_split_1
I0923 17:57:36.519925 2173940 net.cpp:408] Mconv3_stage1_L1_concat <- Mconv3_stage1_L1_1_Mprelu3_stage1_L1_1_0_split_1
I0923 17:57:36.519927 2173940 net.cpp:408] Mconv3_stage1_L1_concat <- Mconv3_stage1_L1_2
I0923 17:57:36.519928 2173940 net.cpp:382] Mconv3_stage1_L1_concat -> Mconv3_stage1_L1_concat
I0923 17:57:36.519933 2173940 net.cpp:124] Setting up Mconv3_stage1_L1_concat
I0923 17:57:36.519934 2173940 net.cpp:131] Top shape: 1 384 2 2 (1536)
I0923 17:57:36.519936 2173940 net.cpp:139] Memory required for data: 1378880
I0923 17:57:36.519937 2173940 layer_factory.hpp:77] Creating layer Mconv4_stage1_L1_0
I0923 17:57:36.519939 2173940 net.cpp:86] Creating Layer Mconv4_stage1_L1_0
I0923 17:57:36.519941 2173940 net.cpp:408] Mconv4_stage1_L1_0 <- Mconv3_stage1_L1_concat
I0923 17:57:36.519943 2173940 net.cpp:382] Mconv4_stage1_L1_0 -> Mconv4_stage1_L1_0
I0923 17:57:36.530328 2173940 net.cpp:124] Setting up Mconv4_stage1_L1_0
I0923 17:57:36.530332 2173940 net.cpp:131] Top shape: 1 128 2 2 (512)
I0923 17:57:36.530334 2173940 net.cpp:139] Memory required for data: 1380928
I0923 17:57:36.530336 2173940 layer_factory.hpp:77] Creating layer Mprelu4_stage1_L1_0
I0923 17:57:36.530339 2173940 net.cpp:86] Creating Layer Mprelu4_stage1_L1_0
I0923 17:57:36.530340 2173940 net.cpp:408] Mprelu4_stage1_L1_0 <- Mconv4_stage1_L1_0
I0923 17:57:36.530342 2173940 net.cpp:369] Mprelu4_stage1_L1_0 -> Mconv4_stage1_L1_0 (in-place)
I0923 17:57:36.530365 2173940 net.cpp:124] Setting up Mprelu4_stage1_L1_0
I0923 17:57:36.530366 2173940 net.cpp:131] Top shape: 1 128 2 2 (512)
I0923 17:57:36.530367 2173940 net.cpp:139] Memory required for data: 1382976
I0923 17:57:36.530369 2173940 layer_factory.hpp:77] Creating layer Mconv4_stage1_L1_0_Mprelu4_stage1_L1_0_0_split
I0923 17:57:36.530370 2173940 net.cpp:86] Creating Layer Mconv4_stage1_L1_0_Mprelu4_stage1_L1_0_0_split
I0923 17:57:36.530371 2173940 net.cpp:408] Mconv4_stage1_L1_0_Mprelu4_stage1_L1_0_0_split <- Mconv4_stage1_L1_0
I0923 17:57:36.530373 2173940 net.cpp:382] Mconv4_stage1_L1_0_Mprelu4_stage1_L1_0_0_split -> Mconv4_stage1_L1_0_Mprelu4_stage1_L1_0_0_split_0
I0923 17:57:36.530375 2173940 net.cpp:382] Mconv4_stage1_L1_0_Mprelu4_stage1_L1_0_0_split -> Mconv4_stage1_L1_0_Mprelu4_stage1_L1_0_0_split_1
I0923 17:57:36.530383 2173940 net.cpp:124] Setting up Mconv4_stage1_L1_0_Mprelu4_stage1_L1_0_0_split
I0923 17:57:36.530385 2173940 net.cpp:131] Top shape: 1 128 2 2 (512)
I0923 17:57:36.530385 2173940 net.cpp:131] Top shape: 1 128 2 2 (512)
I0923 17:57:36.530386 2173940 net.cpp:139] Memory required for data: 1387072
I0923 17:57:36.530387 2173940 layer_factory.hpp:77] Creating layer Mconv4_stage1_L1_1
I0923 17:57:36.530390 2173940 net.cpp:86] Creating Layer Mconv4_stage1_L1_1
I0923 17:57:36.530391 2173940 net.cpp:408] Mconv4_stage1_L1_1 <- Mconv4_stage1_L1_0_Mprelu4_stage1_L1_0_0_split_0
I0923 17:57:36.530393 2173940 net.cpp:382] Mconv4_stage1_L1_1 -> Mconv4_stage1_L1_1
I0923 17:57:36.538412 2173940 net.cpp:124] Setting up Mconv4_stage1_L1_1
I0923 17:57:36.538417 2173940 net.cpp:131] Top shape: 1 128 2 2 (512)
I0923 17:57:36.538419 2173940 net.cpp:139] Memory required for data: 1389120
I0923 17:57:36.538421 2173940 layer_factory.hpp:77] Creating layer Mprelu4_stage1_L1_1
I0923 17:57:36.538424 2173940 net.cpp:86] Creating Layer Mprelu4_stage1_L1_1
I0923 17:57:36.538425 2173940 net.cpp:408] Mprelu4_stage1_L1_1 <- Mconv4_stage1_L1_1
I0923 17:57:36.538427 2173940 net.cpp:369] Mprelu4_stage1_L1_1 -> Mconv4_stage1_L1_1 (in-place)
I0923 17:57:36.538450 2173940 net.cpp:124] Setting up Mprelu4_stage1_L1_1
I0923 17:57:36.538451 2173940 net.cpp:131] Top shape: 1 128 2 2 (512)
I0923 17:57:36.538452 2173940 net.cpp:139] Memory required for data: 1391168
I0923 17:57:36.538453 2173940 layer_factory.hpp:77] Creating layer Mconv4_stage1_L1_1_Mprelu4_stage1_L1_1_0_split
I0923 17:57:36.538455 2173940 net.cpp:86] Creating Layer Mconv4_stage1_L1_1_Mprelu4_stage1_L1_1_0_split
I0923 17:57:36.538456 2173940 net.cpp:408] Mconv4_stage1_L1_1_Mprelu4_stage1_L1_1_0_split <- Mconv4_stage1_L1_1
I0923 17:57:36.538458 2173940 net.cpp:382] Mconv4_stage1_L1_1_Mprelu4_stage1_L1_1_0_split -> Mconv4_stage1_L1_1_Mprelu4_stage1_L1_1_0_split_0
I0923 17:57:36.538460 2173940 net.cpp:382] Mconv4_stage1_L1_1_Mprelu4_stage1_L1_1_0_split -> Mconv4_stage1_L1_1_Mprelu4_stage1_L1_1_0_split_1
I0923 17:57:36.538467 2173940 net.cpp:124] Setting up Mconv4_stage1_L1_1_Mprelu4_stage1_L1_1_0_split
I0923 17:57:36.538468 2173940 net.cpp:131] Top shape: 1 128 2 2 (512)
I0923 17:57:36.538470 2173940 net.cpp:131] Top shape: 1 128 2 2 (512)
I0923 17:57:36.538471 2173940 net.cpp:139] Memory required for data: 1395264
I0923 17:57:36.538472 2173940 layer_factory.hpp:77] Creating layer Mconv4_stage1_L1_2
I0923 17:57:36.538475 2173940 net.cpp:86] Creating Layer Mconv4_stage1_L1_2
I0923 17:57:36.538475 2173940 net.cpp:408] Mconv4_stage1_L1_2 <- Mconv4_stage1_L1_1_Mprelu4_stage1_L1_1_0_split_0
I0923 17:57:36.538477 2173940 net.cpp:382] Mconv4_stage1_L1_2 -> Mconv4_stage1_L1_2
I0923 17:57:36.547472 2173940 net.cpp:124] Setting up Mconv4_stage1_L1_2
I0923 17:57:36.547477 2173940 net.cpp:131] Top shape: 1 128 2 2 (512)
I0923 17:57:36.547478 2173940 net.cpp:139] Memory required for data: 1397312
I0923 17:57:36.547480 2173940 layer_factory.hpp:77] Creating layer Mprelu4_stage1_L1_2
I0923 17:57:36.547483 2173940 net.cpp:86] Creating Layer Mprelu4_stage1_L1_2
I0923 17:57:36.547485 2173940 net.cpp:408] Mprelu4_stage1_L1_2 <- Mconv4_stage1_L1_2
I0923 17:57:36.547488 2173940 net.cpp:369] Mprelu4_stage1_L1_2 -> Mconv4_stage1_L1_2 (in-place)
I0923 17:57:36.547510 2173940 net.cpp:124] Setting up Mprelu4_stage1_L1_2
I0923 17:57:36.547511 2173940 net.cpp:131] Top shape: 1 128 2 2 (512)
I0923 17:57:36.547513 2173940 net.cpp:139] Memory required for data: 1399360
I0923 17:57:36.547514 2173940 layer_factory.hpp:77] Creating layer Mconv4_stage1_L1_concat
I0923 17:57:36.547516 2173940 net.cpp:86] Creating Layer Mconv4_stage1_L1_concat
I0923 17:57:36.547518 2173940 net.cpp:408] Mconv4_stage1_L1_concat <- Mconv4_stage1_L1_0_Mprelu4_stage1_L1_0_0_split_1
I0923 17:57:36.547519 2173940 net.cpp:408] Mconv4_stage1_L1_concat <- Mconv4_stage1_L1_1_Mprelu4_stage1_L1_1_0_split_1
I0923 17:57:36.547520 2173940 net.cpp:408] Mconv4_stage1_L1_concat <- Mconv4_stage1_L1_2
I0923 17:57:36.547523 2173940 net.cpp:382] Mconv4_stage1_L1_concat -> Mconv4_stage1_L1_concat
I0923 17:57:36.547528 2173940 net.cpp:124] Setting up Mconv4_stage1_L1_concat
I0923 17:57:36.547528 2173940 net.cpp:131] Top shape: 1 384 2 2 (1536)
I0923 17:57:36.547530 2173940 net.cpp:139] Memory required for data: 1405504
I0923 17:57:36.547531 2173940 layer_factory.hpp:77] Creating layer Mconv5_stage1_L1_0
I0923 17:57:36.547533 2173940 net.cpp:86] Creating Layer Mconv5_stage1_L1_0
I0923 17:57:36.547534 2173940 net.cpp:408] Mconv5_stage1_L1_0 <- Mconv4_stage1_L1_concat
I0923 17:57:36.547537 2173940 net.cpp:382] Mconv5_stage1_L1_0 -> Mconv5_stage1_L1_0
I0923 17:57:36.556612 2173940 net.cpp:124] Setting up Mconv5_stage1_L1_0
I0923 17:57:36.556617 2173940 net.cpp:131] Top shape: 1 128 2 2 (512)
I0923 17:57:36.556618 2173940 net.cpp:139] Memory required for data: 1407552
I0923 17:57:36.556620 2173940 layer_factory.hpp:77] Creating layer Mprelu5_stage1_L1_0
I0923 17:57:36.556623 2173940 net.cpp:86] Creating Layer Mprelu5_stage1_L1_0
I0923 17:57:36.556625 2173940 net.cpp:408] Mprelu5_stage1_L1_0 <- Mconv5_stage1_L1_0
I0923 17:57:36.556627 2173940 net.cpp:369] Mprelu5_stage1_L1_0 -> Mconv5_stage1_L1_0 (in-place)
I0923 17:57:36.556650 2173940 net.cpp:124] Setting up Mprelu5_stage1_L1_0
I0923 17:57:36.556651 2173940 net.cpp:131] Top shape: 1 128 2 2 (512)
I0923 17:57:36.556653 2173940 net.cpp:139] Memory required for data: 1409600
I0923 17:57:36.556653 2173940 layer_factory.hpp:77] Creating layer Mconv5_stage1_L1_0_Mprelu5_stage1_L1_0_0_split
I0923 17:57:36.556655 2173940 net.cpp:86] Creating Layer Mconv5_stage1_L1_0_Mprelu5_stage1_L1_0_0_split
I0923 17:57:36.556658 2173940 net.cpp:408] Mconv5_stage1_L1_0_Mprelu5_stage1_L1_0_0_split <- Mconv5_stage1_L1_0
I0923 17:57:36.556658 2173940 net.cpp:382] Mconv5_stage1_L1_0_Mprelu5_stage1_L1_0_0_split -> Mconv5_stage1_L1_0_Mprelu5_stage1_L1_0_0_split_0
I0923 17:57:36.556661 2173940 net.cpp:382] Mconv5_stage1_L1_0_Mprelu5_stage1_L1_0_0_split -> Mconv5_stage1_L1_0_Mprelu5_stage1_L1_0_0_split_1
I0923 17:57:36.556668 2173940 net.cpp:124] Setting up Mconv5_stage1_L1_0_Mprelu5_stage1_L1_0_0_split
I0923 17:57:36.556669 2173940 net.cpp:131] Top shape: 1 128 2 2 (512)
I0923 17:57:36.556670 2173940 net.cpp:131] Top shape: 1 128 2 2 (512)
I0923 17:57:36.556672 2173940 net.cpp:139] Memory required for data: 1413696
I0923 17:57:36.556674 2173940 layer_factory.hpp:77] Creating layer Mconv5_stage1_L1_1
I0923 17:57:36.556675 2173940 net.cpp:86] Creating Layer Mconv5_stage1_L1_1
I0923 17:57:36.556676 2173940 net.cpp:408] Mconv5_stage1_L1_1 <- Mconv5_stage1_L1_0_Mprelu5_stage1_L1_0_0_split_0
I0923 17:57:36.556679 2173940 net.cpp:382] Mconv5_stage1_L1_1 -> Mconv5_stage1_L1_1
I0923 17:57:36.564582 2173940 net.cpp:124] Setting up Mconv5_stage1_L1_1
I0923 17:57:36.564587 2173940 net.cpp:131] Top shape: 1 128 2 2 (512)
I0923 17:57:36.564590 2173940 net.cpp:139] Memory required for data: 1415744
I0923 17:57:36.564592 2173940 layer_factory.hpp:77] Creating layer Mprelu5_stage1_L1_1
I0923 17:57:36.564595 2173940 net.cpp:86] Creating Layer Mprelu5_stage1_L1_1
I0923 17:57:36.564596 2173940 net.cpp:408] Mprelu5_stage1_L1_1 <- Mconv5_stage1_L1_1
I0923 17:57:36.564599 2173940 net.cpp:369] Mprelu5_stage1_L1_1 -> Mconv5_stage1_L1_1 (in-place)
I0923 17:57:36.564621 2173940 net.cpp:124] Setting up Mprelu5_stage1_L1_1
I0923 17:57:36.564622 2173940 net.cpp:131] Top shape: 1 128 2 2 (512)
I0923 17:57:36.564625 2173940 net.cpp:139] Memory required for data: 1417792
I0923 17:57:36.564625 2173940 layer_factory.hpp:77] Creating layer Mconv5_stage1_L1_1_Mprelu5_stage1_L1_1_0_split
I0923 17:57:36.564627 2173940 net.cpp:86] Creating Layer Mconv5_stage1_L1_1_Mprelu5_stage1_L1_1_0_split
I0923 17:57:36.564628 2173940 net.cpp:408] Mconv5_stage1_L1_1_Mprelu5_stage1_L1_1_0_split <- Mconv5_stage1_L1_1
I0923 17:57:36.564630 2173940 net.cpp:382] Mconv5_stage1_L1_1_Mprelu5_stage1_L1_1_0_split -> Mconv5_stage1_L1_1_Mprelu5_stage1_L1_1_0_split_0
I0923 17:57:36.564632 2173940 net.cpp:382] Mconv5_stage1_L1_1_Mprelu5_stage1_L1_1_0_split -> Mconv5_stage1_L1_1_Mprelu5_stage1_L1_1_0_split_1
I0923 17:57:36.564639 2173940 net.cpp:124] Setting up Mconv5_stage1_L1_1_Mprelu5_stage1_L1_1_0_split
I0923 17:57:36.564640 2173940 net.cpp:131] Top shape: 1 128 2 2 (512)
I0923 17:57:36.564642 2173940 net.cpp:131] Top shape: 1 128 2 2 (512)
I0923 17:57:36.564643 2173940 net.cpp:139] Memory required for data: 1421888
I0923 17:57:36.564644 2173940 layer_factory.hpp:77] Creating layer Mconv5_stage1_L1_2
I0923 17:57:36.564646 2173940 net.cpp:86] Creating Layer Mconv5_stage1_L1_2
I0923 17:57:36.564647 2173940 net.cpp:408] Mconv5_stage1_L1_2 <- Mconv5_stage1_L1_1_Mprelu5_stage1_L1_1_0_split_0
I0923 17:57:36.564649 2173940 net.cpp:382] Mconv5_stage1_L1_2 -> Mconv5_stage1_L1_2
I0923 17:57:36.572697 2173940 net.cpp:124] Setting up Mconv5_stage1_L1_2
I0923 17:57:36.572702 2173940 net.cpp:131] Top shape: 1 128 2 2 (512)
I0923 17:57:36.572705 2173940 net.cpp:139] Memory required for data: 1423936
I0923 17:57:36.572706 2173940 layer_factory.hpp:77] Creating layer Mprelu5_stage1_L1_2
I0923 17:57:36.572710 2173940 net.cpp:86] Creating Layer Mprelu5_stage1_L1_2
I0923 17:57:36.572711 2173940 net.cpp:408] Mprelu5_stage1_L1_2 <- Mconv5_stage1_L1_2
I0923 17:57:36.572713 2173940 net.cpp:369] Mprelu5_stage1_L1_2 -> Mconv5_stage1_L1_2 (in-place)
I0923 17:57:36.572736 2173940 net.cpp:124] Setting up Mprelu5_stage1_L1_2
I0923 17:57:36.572736 2173940 net.cpp:131] Top shape: 1 128 2 2 (512)
I0923 17:57:36.572738 2173940 net.cpp:139] Memory required for data: 1425984
I0923 17:57:36.572739 2173940 layer_factory.hpp:77] Creating layer Mconv5_stage1_L1_concat
I0923 17:57:36.572741 2173940 net.cpp:86] Creating Layer Mconv5_stage1_L1_concat
I0923 17:57:36.572742 2173940 net.cpp:408] Mconv5_stage1_L1_concat <- Mconv5_stage1_L1_0_Mprelu5_stage1_L1_0_0_split_1
I0923 17:57:36.572744 2173940 net.cpp:408] Mconv5_stage1_L1_concat <- Mconv5_stage1_L1_1_Mprelu5_stage1_L1_1_0_split_1
I0923 17:57:36.572745 2173940 net.cpp:408] Mconv5_stage1_L1_concat <- Mconv5_stage1_L1_2
I0923 17:57:36.572747 2173940 net.cpp:382] Mconv5_stage1_L1_concat -> Mconv5_stage1_L1_concat
I0923 17:57:36.572752 2173940 net.cpp:124] Setting up Mconv5_stage1_L1_concat
I0923 17:57:36.572753 2173940 net.cpp:131] Top shape: 1 384 2 2 (1536)
I0923 17:57:36.572755 2173940 net.cpp:139] Memory required for data: 1432128
I0923 17:57:36.572757 2173940 layer_factory.hpp:77] Creating layer Mconv6_stage1_L1
I0923 17:57:36.572760 2173940 net.cpp:86] Creating Layer Mconv6_stage1_L1
I0923 17:57:36.572762 2173940 net.cpp:408] Mconv6_stage1_L1 <- Mconv5_stage1_L1_concat
I0923 17:57:36.572763 2173940 net.cpp:382] Mconv6_stage1_L1 -> Mconv6_stage1_L1
I0923 17:57:36.581821 2173940 net.cpp:124] Setting up Mconv6_stage1_L1
I0923 17:57:36.581827 2173940 net.cpp:131] Top shape: 1 512 2 2 (2048)
I0923 17:57:36.581830 2173940 net.cpp:139] Memory required for data: 1440320
I0923 17:57:36.581831 2173940 layer_factory.hpp:77] Creating layer Mprelu6_stage1_L1
I0923 17:57:36.581835 2173940 net.cpp:86] Creating Layer Mprelu6_stage1_L1
I0923 17:57:36.581836 2173940 net.cpp:408] Mprelu6_stage1_L1 <- Mconv6_stage1_L1
I0923 17:57:36.581838 2173940 net.cpp:369] Mprelu6_stage1_L1 -> Mconv6_stage1_L1 (in-place)
I0923 17:57:36.581862 2173940 net.cpp:124] Setting up Mprelu6_stage1_L1
I0923 17:57:36.581864 2173940 net.cpp:131] Top shape: 1 512 2 2 (2048)
I0923 17:57:36.581866 2173940 net.cpp:139] Memory required for data: 1448512
I0923 17:57:36.581866 2173940 layer_factory.hpp:77] Creating layer Mconv7_stage1_L1
I0923 17:57:36.581869 2173940 net.cpp:86] Creating Layer Mconv7_stage1_L1
I0923 17:57:36.581871 2173940 net.cpp:408] Mconv7_stage1_L1 <- Mconv6_stage1_L1
I0923 17:57:36.581872 2173940 net.cpp:382] Mconv7_stage1_L1 -> Mconv7_stage1_L1
I0923 17:57:36.590579 2173940 net.cpp:124] Setting up Mconv7_stage1_L1
I0923 17:57:36.590583 2173940 net.cpp:131] Top shape: 1 26 2 2 (104)
I0923 17:57:36.590585 2173940 net.cpp:139] Memory required for data: 1448928
I0923 17:57:36.590587 2173940 layer_factory.hpp:77] Creating layer net_output
I0923 17:57:36.590590 2173940 net.cpp:86] Creating Layer net_output
I0923 17:57:36.590591 2173940 net.cpp:408] net_output <- Mconv7_stage1_L1
I0923 17:57:36.590593 2173940 net.cpp:408] net_output <- Mconv7_stage3_L2_Mconv7_stage3_L2_0_split_2
I0923 17:57:36.590595 2173940 net.cpp:382] net_output -> net_output
I0923 17:57:36.590605 2173940 net.cpp:124] Setting up net_output
I0923 17:57:36.590606 2173940 net.cpp:131] Top shape: 1 78 2 2 (312)
I0923 17:57:36.590607 2173940 net.cpp:139] Memory required for data: 1450176
I0923 17:57:36.590608 2173940 net.cpp:202] net_output does not need backward computation.
I0923 17:57:36.590610 2173940 net.cpp:202] Mconv7_stage1_L1 does not need backward computation.
I0923 17:57:36.590611 2173940 net.cpp:202] Mprelu6_stage1_L1 does not need backward computation.
I0923 17:57:36.590612 2173940 net.cpp:202] Mconv6_stage1_L1 does not need backward computation.
I0923 17:57:36.590613 2173940 net.cpp:202] Mconv5_stage1_L1_concat does not need backward computation.
I0923 17:57:36.590615 2173940 net.cpp:202] Mprelu5_stage1_L1_2 does not need backward computation.
I0923 17:57:36.590616 2173940 net.cpp:202] Mconv5_stage1_L1_2 does not need backward computation.
I0923 17:57:36.590617 2173940 net.cpp:202] Mconv5_stage1_L1_1_Mprelu5_stage1_L1_1_0_split does not need backward computation.
I0923 17:57:36.590618 2173940 net.cpp:202] Mprelu5_stage1_L1_1 does not need backward computation.
I0923 17:57:36.590619 2173940 net.cpp:202] Mconv5_stage1_L1_1 does not need backward computation.
I0923 17:57:36.590621 2173940 net.cpp:202] Mconv5_stage1_L1_0_Mprelu5_stage1_L1_0_0_split does not need backward computation.
I0923 17:57:36.590622 2173940 net.cpp:202] Mprelu5_stage1_L1_0 does not need backward computation.
I0923 17:57:36.590623 2173940 net.cpp:202] Mconv5_stage1_L1_0 does not need backward computation.
I0923 17:57:36.590624 2173940 net.cpp:202] Mconv4_stage1_L1_concat does not need backward computation.
I0923 17:57:36.590626 2173940 net.cpp:202] Mprelu4_stage1_L1_2 does not need backward computation.
I0923 17:57:36.590626 2173940 net.cpp:202] Mconv4_stage1_L1_2 does not need backward computation.
I0923 17:57:36.590628 2173940 net.cpp:202] Mconv4_stage1_L1_1_Mprelu4_stage1_L1_1_0_split does not need backward computation.
I0923 17:57:36.590629 2173940 net.cpp:202] Mprelu4_stage1_L1_1 does not need backward computation.
I0923 17:57:36.590631 2173940 net.cpp:202] Mconv4_stage1_L1_1 does not need backward computation.
I0923 17:57:36.590631 2173940 net.cpp:202] Mconv4_stage1_L1_0_Mprelu4_stage1_L1_0_0_split does not need backward computation.
I0923 17:57:36.590632 2173940 net.cpp:202] Mprelu4_stage1_L1_0 does not need backward computation.
I0923 17:57:36.590633 2173940 net.cpp:202] Mconv4_stage1_L1_0 does not need backward computation.
I0923 17:57:36.590634 2173940 net.cpp:202] Mconv3_stage1_L1_concat does not need backward computation.
I0923 17:57:36.590636 2173940 net.cpp:202] Mprelu3_stage1_L1_2 does not need backward computation.
I0923 17:57:36.590637 2173940 net.cpp:202] Mconv3_stage1_L1_2 does not need backward computation.
I0923 17:57:36.590638 2173940 net.cpp:202] Mconv3_stage1_L1_1_Mprelu3_stage1_L1_1_0_split does not need backward computation.
I0923 17:57:36.590639 2173940 net.cpp:202] Mprelu3_stage1_L1_1 does not need backward computation.
I0923 17:57:36.590641 2173940 net.cpp:202] Mconv3_stage1_L1_1 does not need backward computation.
I0923 17:57:36.590641 2173940 net.cpp:202] Mconv3_stage1_L1_0_Mprelu3_stage1_L1_0_0_split does not need backward computation.
I0923 17:57:36.590642 2173940 net.cpp:202] Mprelu3_stage1_L1_0 does not need backward computation.
I0923 17:57:36.590644 2173940 net.cpp:202] Mconv3_stage1_L1_0 does not need backward computation.
I0923 17:57:36.590646 2173940 net.cpp:202] Mconv2_stage1_L1_concat does not need backward computation.
I0923 17:57:36.590646 2173940 net.cpp:202] Mprelu2_stage1_L1_2 does not need backward computation.
I0923 17:57:36.590647 2173940 net.cpp:202] Mconv2_stage1_L1_2 does not need backward computation.
I0923 17:57:36.590648 2173940 net.cpp:202] Mconv2_stage1_L1_1_Mprelu2_stage1_L1_1_0_split does not need backward computation.
I0923 17:57:36.590649 2173940 net.cpp:202] Mprelu2_stage1_L1_1 does not need backward computation.
I0923 17:57:36.590651 2173940 net.cpp:202] Mconv2_stage1_L1_1 does not need backward computation.
I0923 17:57:36.590652 2173940 net.cpp:202] Mconv2_stage1_L1_0_Mprelu2_stage1_L1_0_0_split does not need backward computation.
I0923 17:57:36.590653 2173940 net.cpp:202] Mprelu2_stage1_L1_0 does not need backward computation.
I0923 17:57:36.590654 2173940 net.cpp:202] Mconv2_stage1_L1_0 does not need backward computation.
I0923 17:57:36.590655 2173940 net.cpp:202] Mconv1_stage1_L1_concat does not need backward computation.
I0923 17:57:36.590657 2173940 net.cpp:202] Mprelu1_stage1_L1_2 does not need backward computation.
I0923 17:57:36.590658 2173940 net.cpp:202] Mconv1_stage1_L1_2 does not need backward computation.
I0923 17:57:36.590659 2173940 net.cpp:202] Mconv1_stage1_L1_1_Mprelu1_stage1_L1_1_0_split does not need backward computation.
I0923 17:57:36.590660 2173940 net.cpp:202] Mprelu1_stage1_L1_1 does not need backward computation.
I0923 17:57:36.590662 2173940 net.cpp:202] Mconv1_stage1_L1_1 does not need backward computation.
I0923 17:57:36.590662 2173940 net.cpp:202] Mconv1_stage1_L1_0_Mprelu1_stage1_L1_0_0_split does not need backward computation.
I0923 17:57:36.590663 2173940 net.cpp:202] Mprelu1_stage1_L1_0 does not need backward computation.
I0923 17:57:36.590665 2173940 net.cpp:202] Mconv1_stage1_L1_0 does not need backward computation.
I0923 17:57:36.590667 2173940 net.cpp:202] concat_stage1_L1 does not need backward computation.
I0923 17:57:36.590667 2173940 net.cpp:202] Mconv7_stage0_L1 does not need backward computation.
I0923 17:57:36.590668 2173940 net.cpp:202] Mprelu6_stage0_L1 does not need backward computation.
I0923 17:57:36.590669 2173940 net.cpp:202] Mconv6_stage0_L1 does not need backward computation.
I0923 17:57:36.590672 2173940 net.cpp:202] Mconv5_stage0_L1_concat does not need backward computation.
I0923 17:57:36.590672 2173940 net.cpp:202] Mprelu5_stage0_L1_2 does not need backward computation.
I0923 17:57:36.590673 2173940 net.cpp:202] Mconv5_stage0_L1_2 does not need backward computation.
I0923 17:57:36.590674 2173940 net.cpp:202] Mconv5_stage0_L1_1_Mprelu5_stage0_L1_1_0_split does not need backward computation.
I0923 17:57:36.590675 2173940 net.cpp:202] Mprelu5_stage0_L1_1 does not need backward computation.
I0923 17:57:36.590677 2173940 net.cpp:202] Mconv5_stage0_L1_1 does not need backward computation.
I0923 17:57:36.590678 2173940 net.cpp:202] Mconv5_stage0_L1_0_Mprelu5_stage0_L1_0_0_split does not need backward computation.
I0923 17:57:36.590679 2173940 net.cpp:202] Mprelu5_stage0_L1_0 does not need backward computation.
I0923 17:57:36.590680 2173940 net.cpp:202] Mconv5_stage0_L1_0 does not need backward computation.
I0923 17:57:36.590682 2173940 net.cpp:202] Mconv4_stage0_L1_concat does not need backward computation.
I0923 17:57:36.590683 2173940 net.cpp:202] Mprelu4_stage0_L1_2 does not need backward computation.
I0923 17:57:36.590684 2173940 net.cpp:202] Mconv4_stage0_L1_2 does not need backward computation.
I0923 17:57:36.590685 2173940 net.cpp:202] Mconv4_stage0_L1_1_Mprelu4_stage0_L1_1_0_split does not need backward computation.
I0923 17:57:36.590687 2173940 net.cpp:202] Mprelu4_stage0_L1_1 does not need backward computation.
I0923 17:57:36.590687 2173940 net.cpp:202] Mconv4_stage0_L1_1 does not need backward computation.
I0923 17:57:36.590688 2173940 net.cpp:202] Mconv4_stage0_L1_0_Mprelu4_stage0_L1_0_0_split does not need backward computation.
I0923 17:57:36.590690 2173940 net.cpp:202] Mprelu4_stage0_L1_0 does not need backward computation.
I0923 17:57:36.590691 2173940 net.cpp:202] Mconv4_stage0_L1_0 does not need backward computation.
I0923 17:57:36.590692 2173940 net.cpp:202] Mconv3_stage0_L1_concat does not need backward computation.
I0923 17:57:36.590693 2173940 net.cpp:202] Mprelu3_stage0_L1_2 does not need backward computation.
I0923 17:57:36.590694 2173940 net.cpp:202] Mconv3_stage0_L1_2 does not need backward computation.
I0923 17:57:36.590696 2173940 net.cpp:202] Mconv3_stage0_L1_1_Mprelu3_stage0_L1_1_0_split does not need backward computation.
I0923 17:57:36.590698 2173940 net.cpp:202] Mprelu3_stage0_L1_1 does not need backward computation.
I0923 17:57:36.590699 2173940 net.cpp:202] Mconv3_stage0_L1_1 does not need backward computation.
I0923 17:57:36.590700 2173940 net.cpp:202] Mconv3_stage0_L1_0_Mprelu3_stage0_L1_0_0_split does not need backward computation.
I0923 17:57:36.590701 2173940 net.cpp:202] Mprelu3_stage0_L1_0 does not need backward computation.
I0923 17:57:36.590703 2173940 net.cpp:202] Mconv3_stage0_L1_0 does not need backward computation.
I0923 17:57:36.590704 2173940 net.cpp:202] Mconv2_stage0_L1_concat does not need backward computation.
I0923 17:57:36.590705 2173940 net.cpp:202] Mprelu2_stage0_L1_2 does not need backward computation.
I0923 17:57:36.590706 2173940 net.cpp:202] Mconv2_stage0_L1_2 does not need backward computation.
I0923 17:57:36.590708 2173940 net.cpp:202] Mconv2_stage0_L1_1_Mprelu2_stage0_L1_1_0_split does not need backward computation.
I0923 17:57:36.590709 2173940 net.cpp:202] Mprelu2_stage0_L1_1 does not need backward computation.
I0923 17:57:36.590710 2173940 net.cpp:202] Mconv2_stage0_L1_1 does not need backward computation.
I0923 17:57:36.590711 2173940 net.cpp:202] Mconv2_stage0_L1_0_Mprelu2_stage0_L1_0_0_split does not need backward computation.
I0923 17:57:36.590713 2173940 net.cpp:202] Mprelu2_stage0_L1_0 does not need backward computation.
I0923 17:57:36.590713 2173940 net.cpp:202] Mconv2_stage0_L1_0 does not need backward computation.
I0923 17:57:36.590714 2173940 net.cpp:202] Mconv1_stage0_L1_concat does not need backward computation.
I0923 17:57:36.590716 2173940 net.cpp:202] Mprelu1_stage0_L1_2 does not need backward computation.
I0923 17:57:36.590718 2173940 net.cpp:202] Mconv1_stage0_L1_2 does not need backward computation.
I0923 17:57:36.590718 2173940 net.cpp:202] Mconv1_stage0_L1_1_Mprelu1_stage0_L1_1_0_split does not need backward computation.
I0923 17:57:36.590720 2173940 net.cpp:202] Mprelu1_stage0_L1_1 does not need backward computation.
I0923 17:57:36.590721 2173940 net.cpp:202] Mconv1_stage0_L1_1 does not need backward computation.
I0923 17:57:36.590723 2173940 net.cpp:202] Mconv1_stage0_L1_0_Mprelu1_stage0_L1_0_0_split does not need backward computation.
I0923 17:57:36.590723 2173940 net.cpp:202] Mprelu1_stage0_L1_0 does not need backward computation.
I0923 17:57:36.590724 2173940 net.cpp:202] Mconv1_stage0_L1_0 does not need backward computation.
I0923 17:57:36.590725 2173940 net.cpp:202] concat_stage0_L1 does not need backward computation.
I0923 17:57:36.590727 2173940 net.cpp:202] Mconv7_stage3_L2_Mconv7_stage3_L2_0_split does not need backward computation.
I0923 17:57:36.590728 2173940 net.cpp:202] Mconv7_stage3_L2 does not need backward computation.
I0923 17:57:36.590730 2173940 net.cpp:202] Mprelu6_stage3_L2 does not need backward computation.
I0923 17:57:36.590731 2173940 net.cpp:202] Mconv6_stage3_L2 does not need backward computation.
I0923 17:57:36.590732 2173940 net.cpp:202] Mconv5_stage3_L2_concat does not need backward computation.
I0923 17:57:36.590734 2173940 net.cpp:202] Mprelu5_stage3_L2_2 does not need backward computation.
I0923 17:57:36.590735 2173940 net.cpp:202] Mconv5_stage3_L2_2 does not need backward computation.
I0923 17:57:36.590736 2173940 net.cpp:202] Mconv5_stage3_L2_1_Mprelu5_stage3_L2_1_0_split does not need backward computation.
I0923 17:57:36.590737 2173940 net.cpp:202] Mprelu5_stage3_L2_1 does not need backward computation.
I0923 17:57:36.590739 2173940 net.cpp:202] Mconv5_stage3_L2_1 does not need backward computation.
I0923 17:57:36.590740 2173940 net.cpp:202] Mconv5_stage3_L2_0_Mprelu5_stage3_L2_0_0_split does not need backward computation.
I0923 17:57:36.590741 2173940 net.cpp:202] Mprelu5_stage3_L2_0 does not need backward computation.
I0923 17:57:36.590742 2173940 net.cpp:202] Mconv5_stage3_L2_0 does not need backward computation.
I0923 17:57:36.590744 2173940 net.cpp:202] Mconv4_stage3_L2_concat does not need backward computation.
I0923 17:57:36.590745 2173940 net.cpp:202] Mprelu4_stage3_L2_2 does not need backward computation.
I0923 17:57:36.590746 2173940 net.cpp:202] Mconv4_stage3_L2_2 does not need backward computation.
I0923 17:57:36.590747 2173940 net.cpp:202] Mconv4_stage3_L2_1_Mprelu4_stage3_L2_1_0_split does not need backward computation.
I0923 17:57:36.590749 2173940 net.cpp:202] Mprelu4_stage3_L2_1 does not need backward computation.
I0923 17:57:36.590750 2173940 net.cpp:202] Mconv4_stage3_L2_1 does not need backward computation.
I0923 17:57:36.590751 2173940 net.cpp:202] Mconv4_stage3_L2_0_Mprelu4_stage3_L2_0_0_split does not need backward computation.
I0923 17:57:36.590754 2173940 net.cpp:202] Mprelu4_stage3_L2_0 does not need backward computation.
I0923 17:57:36.590754 2173940 net.cpp:202] Mconv4_stage3_L2_0 does not need backward computation.
I0923 17:57:36.590755 2173940 net.cpp:202] Mconv3_stage3_L2_concat does not need backward computation.
I0923 17:57:36.590756 2173940 net.cpp:202] Mprelu3_stage3_L2_2 does not need backward computation.
I0923 17:57:36.590757 2173940 net.cpp:202] Mconv3_stage3_L2_2 does not need backward computation.
I0923 17:57:36.590759 2173940 net.cpp:202] Mconv3_stage3_L2_1_Mprelu3_stage3_L2_1_0_split does not need backward computation.
I0923 17:57:36.590760 2173940 net.cpp:202] Mprelu3_stage3_L2_1 does not need backward computation.
I0923 17:57:36.590761 2173940 net.cpp:202] Mconv3_stage3_L2_1 does not need backward computation.
I0923 17:57:36.590763 2173940 net.cpp:202] Mconv3_stage3_L2_0_Mprelu3_stage3_L2_0_0_split does not need backward computation.
I0923 17:57:36.590764 2173940 net.cpp:202] Mprelu3_stage3_L2_0 does not need backward computation.
I0923 17:57:36.590765 2173940 net.cpp:202] Mconv3_stage3_L2_0 does not need backward computation.
I0923 17:57:36.590766 2173940 net.cpp:202] Mconv2_stage3_L2_concat does not need backward computation.
I0923 17:57:36.590768 2173940 net.cpp:202] Mprelu2_stage3_L2_2 does not need backward computation.
I0923 17:57:36.590770 2173940 net.cpp:202] Mconv2_stage3_L2_2 does not need backward computation.
I0923 17:57:36.590771 2173940 net.cpp:202] Mconv2_stage3_L2_1_Mprelu2_stage3_L2_1_0_split does not need backward computation.
I0923 17:57:36.590772 2173940 net.cpp:202] Mprelu2_stage3_L2_1 does not need backward computation.
I0923 17:57:36.590773 2173940 net.cpp:202] Mconv2_stage3_L2_1 does not need backward computation.
I0923 17:57:36.590775 2173940 net.cpp:202] Mconv2_stage3_L2_0_Mprelu2_stage3_L2_0_0_split does not need backward computation.
I0923 17:57:36.590776 2173940 net.cpp:202] Mprelu2_stage3_L2_0 does not need backward computation.
I0923 17:57:36.590777 2173940 net.cpp:202] Mconv2_stage3_L2_0 does not need backward computation.
I0923 17:57:36.590780 2173940 net.cpp:202] Mconv1_stage3_L2_concat does not need backward computation.
I0923 17:57:36.590781 2173940 net.cpp:202] Mprelu1_stage3_L2_2 does not need backward computation.
I0923 17:57:36.590782 2173940 net.cpp:202] Mconv1_stage3_L2_2 does not need backward computation.
I0923 17:57:36.590783 2173940 net.cpp:202] Mconv1_stage3_L2_1_Mprelu1_stage3_L2_1_0_split does not need backward computation.
I0923 17:57:36.590785 2173940 net.cpp:202] Mprelu1_stage3_L2_1 does not need backward computation.
I0923 17:57:36.590786 2173940 net.cpp:202] Mconv1_stage3_L2_1 does not need backward computation.
I0923 17:57:36.590787 2173940 net.cpp:202] Mconv1_stage3_L2_0_Mprelu1_stage3_L2_0_0_split does not need backward computation.
I0923 17:57:36.590790 2173940 net.cpp:202] Mprelu1_stage3_L2_0 does not need backward computation.
I0923 17:57:36.590790 2173940 net.cpp:202] Mconv1_stage3_L2_0 does not need backward computation.
I0923 17:57:36.590792 2173940 net.cpp:202] concat_stage3_L2 does not need backward computation.
I0923 17:57:36.590793 2173940 net.cpp:202] Mconv7_stage2_L2 does not need backward computation.
I0923 17:57:36.590794 2173940 net.cpp:202] Mprelu6_stage2_L2 does not need backward computation.
I0923 17:57:36.590795 2173940 net.cpp:202] Mconv6_stage2_L2 does not need backward computation.
I0923 17:57:36.590797 2173940 net.cpp:202] Mconv5_stage2_L2_concat does not need backward computation.
I0923 17:57:36.590799 2173940 net.cpp:202] Mprelu5_stage2_L2_2 does not need backward computation.
I0923 17:57:36.590801 2173940 net.cpp:202] Mconv5_stage2_L2_2 does not need backward computation.
I0923 17:57:36.590802 2173940 net.cpp:202] Mconv5_stage2_L2_1_Mprelu5_stage2_L2_1_0_split does not need backward computation.
I0923 17:57:36.590803 2173940 net.cpp:202] Mprelu5_stage2_L2_1 does not need backward computation.
I0923 17:57:36.590806 2173940 net.cpp:202] Mconv5_stage2_L2_1 does not need backward computation.
I0923 17:57:36.590806 2173940 net.cpp:202] Mconv5_stage2_L2_0_Mprelu5_stage2_L2_0_0_split does not need backward computation.
I0923 17:57:36.590807 2173940 net.cpp:202] Mprelu5_stage2_L2_0 does not need backward computation.
I0923 17:57:36.590809 2173940 net.cpp:202] Mconv5_stage2_L2_0 does not need backward computation.
I0923 17:57:36.590811 2173940 net.cpp:202] Mconv4_stage2_L2_concat does not need backward computation.
I0923 17:57:36.590812 2173940 net.cpp:202] Mprelu4_stage2_L2_2 does not need backward computation.
I0923 17:57:36.590813 2173940 net.cpp:202] Mconv4_stage2_L2_2 does not need backward computation.
I0923 17:57:36.590814 2173940 net.cpp:202] Mconv4_stage2_L2_1_Mprelu4_stage2_L2_1_0_split does not need backward computation.
I0923 17:57:36.590816 2173940 net.cpp:202] Mprelu4_stage2_L2_1 does not need backward computation.
I0923 17:57:36.590817 2173940 net.cpp:202] Mconv4_stage2_L2_1 does not need backward computation.
I0923 17:57:36.590818 2173940 net.cpp:202] Mconv4_stage2_L2_0_Mprelu4_stage2_L2_0_0_split does not need backward computation.
I0923 17:57:36.590821 2173940 net.cpp:202] Mprelu4_stage2_L2_0 does not need backward computation.
I0923 17:57:36.590821 2173940 net.cpp:202] Mconv4_stage2_L2_0 does not need backward computation.
I0923 17:57:36.590823 2173940 net.cpp:202] Mconv3_stage2_L2_concat does not need backward computation.
I0923 17:57:36.590826 2173940 net.cpp:202] Mprelu3_stage2_L2_2 does not need backward computation.
I0923 17:57:36.590826 2173940 net.cpp:202] Mconv3_stage2_L2_2 does not need backward computation.
I0923 17:57:36.590827 2173940 net.cpp:202] Mconv3_stage2_L2_1_Mprelu3_stage2_L2_1_0_split does not need backward computation.
I0923 17:57:36.590829 2173940 net.cpp:202] Mprelu3_stage2_L2_1 does not need backward computation.
I0923 17:57:36.590830 2173940 net.cpp:202] Mconv3_stage2_L2_1 does not need backward computation.
I0923 17:57:36.590831 2173940 net.cpp:202] Mconv3_stage2_L2_0_Mprelu3_stage2_L2_0_0_split does not need backward computation.
I0923 17:57:36.590833 2173940 net.cpp:202] Mprelu3_stage2_L2_0 does not need backward computation.
I0923 17:57:36.590834 2173940 net.cpp:202] Mconv3_stage2_L2_0 does not need backward computation.
I0923 17:57:36.590835 2173940 net.cpp:202] Mconv2_stage2_L2_concat does not need backward computation.
I0923 17:57:36.590837 2173940 net.cpp:202] Mprelu2_stage2_L2_2 does not need backward computation.
I0923 17:57:36.590838 2173940 net.cpp:202] Mconv2_stage2_L2_2 does not need backward computation.
I0923 17:57:36.590840 2173940 net.cpp:202] Mconv2_stage2_L2_1_Mprelu2_stage2_L2_1_0_split does not need backward computation.
I0923 17:57:36.590842 2173940 net.cpp:202] Mprelu2_stage2_L2_1 does not need backward computation.
I0923 17:57:36.590842 2173940 net.cpp:202] Mconv2_stage2_L2_1 does not need backward computation.
I0923 17:57:36.590844 2173940 net.cpp:202] Mconv2_stage2_L2_0_Mprelu2_stage2_L2_0_0_split does not need backward computation.
I0923 17:57:36.590845 2173940 net.cpp:202] Mprelu2_stage2_L2_0 does not need backward computation.
I0923 17:57:36.590847 2173940 net.cpp:202] Mconv2_stage2_L2_0 does not need backward computation.
I0923 17:57:36.590848 2173940 net.cpp:202] Mconv1_stage2_L2_concat does not need backward computation.
I0923 17:57:36.590850 2173940 net.cpp:202] Mprelu1_stage2_L2_2 does not need backward computation.
I0923 17:57:36.590852 2173940 net.cpp:202] Mconv1_stage2_L2_2 does not need backward computation.
I0923 17:57:36.590852 2173940 net.cpp:202] Mconv1_stage2_L2_1_Mprelu1_stage2_L2_1_0_split does not need backward computation.
I0923 17:57:36.590854 2173940 net.cpp:202] Mprelu1_stage2_L2_1 does not need backward computation.
I0923 17:57:36.590857 2173940 net.cpp:202] Mconv1_stage2_L2_1 does not need backward computation.
I0923 17:57:36.590857 2173940 net.cpp:202] Mconv1_stage2_L2_0_Mprelu1_stage2_L2_0_0_split does not need backward computation.
I0923 17:57:36.590859 2173940 net.cpp:202] Mprelu1_stage2_L2_0 does not need backward computation.
I0923 17:57:36.590860 2173940 net.cpp:202] Mconv1_stage2_L2_0 does not need backward computation.
I0923 17:57:36.590862 2173940 net.cpp:202] concat_stage2_L2 does not need backward computation.
I0923 17:57:36.590863 2173940 net.cpp:202] Mconv7_stage1_L2 does not need backward computation.
I0923 17:57:36.590865 2173940 net.cpp:202] Mprelu6_stage1_L2 does not need backward computation.
I0923 17:57:36.590866 2173940 net.cpp:202] Mconv6_stage1_L2 does not need backward computation.
I0923 17:57:36.590867 2173940 net.cpp:202] Mconv5_stage1_L2_concat does not need backward computation.
I0923 17:57:36.590869 2173940 net.cpp:202] Mprelu5_stage1_L2_2 does not need backward computation.
I0923 17:57:36.590870 2173940 net.cpp:202] Mconv5_stage1_L2_2 does not need backward computation.
I0923 17:57:36.590873 2173940 net.cpp:202] Mconv5_stage1_L2_1_Mprelu5_stage1_L2_1_0_split does not need backward computation.
I0923 17:57:36.590873 2173940 net.cpp:202] Mprelu5_stage1_L2_1 does not need backward computation.
I0923 17:57:36.590874 2173940 net.cpp:202] Mconv5_stage1_L2_1 does not need backward computation.
I0923 17:57:36.590876 2173940 net.cpp:202] Mconv5_stage1_L2_0_Mprelu5_stage1_L2_0_0_split does not need backward computation.
I0923 17:57:36.590878 2173940 net.cpp:202] Mprelu5_stage1_L2_0 does not need backward computation.
I0923 17:57:36.590878 2173940 net.cpp:202] Mconv5_stage1_L2_0 does not need backward computation.
I0923 17:57:36.590880 2173940 net.cpp:202] Mconv4_stage1_L2_concat does not need backward computation.
I0923 17:57:36.590881 2173940 net.cpp:202] Mprelu4_stage1_L2_2 does not need backward computation.
I0923 17:57:36.590883 2173940 net.cpp:202] Mconv4_stage1_L2_2 does not need backward computation.
I0923 17:57:36.590884 2173940 net.cpp:202] Mconv4_stage1_L2_1_Mprelu4_stage1_L2_1_0_split does not need backward computation.
I0923 17:57:36.590885 2173940 net.cpp:202] Mprelu4_stage1_L2_1 does not need backward computation.
I0923 17:57:36.590888 2173940 net.cpp:202] Mconv4_stage1_L2_1 does not need backward computation.
I0923 17:57:36.590888 2173940 net.cpp:202] Mconv4_stage1_L2_0_Mprelu4_stage1_L2_0_0_split does not need backward computation.
I0923 17:57:36.590890 2173940 net.cpp:202] Mprelu4_stage1_L2_0 does not need backward computation.
I0923 17:57:36.590891 2173940 net.cpp:202] Mconv4_stage1_L2_0 does not need backward computation.
I0923 17:57:36.590893 2173940 net.cpp:202] Mconv3_stage1_L2_concat does not need backward computation.
I0923 17:57:36.590894 2173940 net.cpp:202] Mprelu3_stage1_L2_2 does not need backward computation.
I0923 17:57:36.590895 2173940 net.cpp:202] Mconv3_stage1_L2_2 does not need backward computation.
I0923 17:57:36.590898 2173940 net.cpp:202] Mconv3_stage1_L2_1_Mprelu3_stage1_L2_1_0_split does not need backward computation.
I0923 17:57:36.590898 2173940 net.cpp:202] Mprelu3_stage1_L2_1 does not need backward computation.
I0923 17:57:36.590899 2173940 net.cpp:202] Mconv3_stage1_L2_1 does not need backward computation.
I0923 17:57:36.590901 2173940 net.cpp:202] Mconv3_stage1_L2_0_Mprelu3_stage1_L2_0_0_split does not need backward computation.
I0923 17:57:36.590902 2173940 net.cpp:202] Mprelu3_stage1_L2_0 does not need backward computation.
I0923 17:57:36.590903 2173940 net.cpp:202] Mconv3_stage1_L2_0 does not need backward computation.
I0923 17:57:36.590905 2173940 net.cpp:202] Mconv2_stage1_L2_concat does not need backward computation.
I0923 17:57:36.590906 2173940 net.cpp:202] Mprelu2_stage1_L2_2 does not need backward computation.
I0923 17:57:36.590909 2173940 net.cpp:202] Mconv2_stage1_L2_2 does not need backward computation.
I0923 17:57:36.590910 2173940 net.cpp:202] Mconv2_stage1_L2_1_Mprelu2_stage1_L2_1_0_split does not need backward computation.
I0923 17:57:36.590911 2173940 net.cpp:202] Mprelu2_stage1_L2_1 does not need backward computation.
I0923 17:57:36.590912 2173940 net.cpp:202] Mconv2_stage1_L2_1 does not need backward computation.
I0923 17:57:36.590914 2173940 net.cpp:202] Mconv2_stage1_L2_0_Mprelu2_stage1_L2_0_0_split does not need backward computation.
I0923 17:57:36.590915 2173940 net.cpp:202] Mprelu2_stage1_L2_0 does not need backward computation.
I0923 17:57:36.590916 2173940 net.cpp:202] Mconv2_stage1_L2_0 does not need backward computation.
I0923 17:57:36.590919 2173940 net.cpp:202] Mconv1_stage1_L2_concat does not need backward computation.
I0923 17:57:36.590920 2173940 net.cpp:202] Mprelu1_stage1_L2_2 does not need backward computation.
I0923 17:57:36.590921 2173940 net.cpp:202] Mconv1_stage1_L2_2 does not need backward computation.
I0923 17:57:36.590924 2173940 net.cpp:202] Mconv1_stage1_L2_1_Mprelu1_stage1_L2_1_0_split does not need backward computation.
I0923 17:57:36.590924 2173940 net.cpp:202] Mprelu1_stage1_L2_1 does not need backward computation.
I0923 17:57:36.590926 2173940 net.cpp:202] Mconv1_stage1_L2_1 does not need backward computation.
I0923 17:57:36.590927 2173940 net.cpp:202] Mconv1_stage1_L2_0_Mprelu1_stage1_L2_0_0_split does not need backward computation.
I0923 17:57:36.590929 2173940 net.cpp:202] Mprelu1_stage1_L2_0 does not need backward computation.
I0923 17:57:36.590930 2173940 net.cpp:202] Mconv1_stage1_L2_0 does not need backward computation.
I0923 17:57:36.590931 2173940 net.cpp:202] concat_stage1_L2 does not need backward computation.
I0923 17:57:36.590934 2173940 net.cpp:202] Mconv7_stage0_L2 does not need backward computation.
I0923 17:57:36.590934 2173940 net.cpp:202] Mprelu6_stage0_L2 does not need backward computation.
I0923 17:57:36.590935 2173940 net.cpp:202] Mconv6_stage0_L2 does not need backward computation.
I0923 17:57:36.590937 2173940 net.cpp:202] Mconv5_stage0_L2_concat does not need backward computation.
I0923 17:57:36.590939 2173940 net.cpp:202] Mprelu5_stage0_L2_2 does not need backward computation.
I0923 17:57:36.590940 2173940 net.cpp:202] Mconv5_stage0_L2_2 does not need backward computation.
I0923 17:57:36.590941 2173940 net.cpp:202] Mconv5_stage0_L2_1_Mprelu5_stage0_L2_1_0_split does not need backward computation.
I0923 17:57:36.590943 2173940 net.cpp:202] Mprelu5_stage0_L2_1 does not need backward computation.
I0923 17:57:36.590945 2173940 net.cpp:202] Mconv5_stage0_L2_1 does not need backward computation.
I0923 17:57:36.590945 2173940 net.cpp:202] Mconv5_stage0_L2_0_Mprelu5_stage0_L2_0_0_split does not need backward computation.
I0923 17:57:36.590947 2173940 net.cpp:202] Mprelu5_stage0_L2_0 does not need backward computation.
I0923 17:57:36.590948 2173940 net.cpp:202] Mconv5_stage0_L2_0 does not need backward computation.
I0923 17:57:36.590950 2173940 net.cpp:202] Mconv4_stage0_L2_concat does not need backward computation.
I0923 17:57:36.590952 2173940 net.cpp:202] Mprelu4_stage0_L2_2 does not need backward computation.
I0923 17:57:36.590953 2173940 net.cpp:202] Mconv4_stage0_L2_2 does not need backward computation.
I0923 17:57:36.590955 2173940 net.cpp:202] Mconv4_stage0_L2_1_Mprelu4_stage0_L2_1_0_split does not need backward computation.
I0923 17:57:36.590956 2173940 net.cpp:202] Mprelu4_stage0_L2_1 does not need backward computation.
I0923 17:57:36.590957 2173940 net.cpp:202] Mconv4_stage0_L2_1 does not need backward computation.
I0923 17:57:36.590960 2173940 net.cpp:202] Mconv4_stage0_L2_0_Mprelu4_stage0_L2_0_0_split does not need backward computation.
I0923 17:57:36.590961 2173940 net.cpp:202] Mprelu4_stage0_L2_0 does not need backward computation.
I0923 17:57:36.590962 2173940 net.cpp:202] Mconv4_stage0_L2_0 does not need backward computation.
I0923 17:57:36.590963 2173940 net.cpp:202] Mconv3_stage0_L2_concat does not need backward computation.
I0923 17:57:36.590965 2173940 net.cpp:202] Mprelu3_stage0_L2_2 does not need backward computation.
I0923 17:57:36.590967 2173940 net.cpp:202] Mconv3_stage0_L2_2 does not need backward computation.
I0923 17:57:36.590969 2173940 net.cpp:202] Mconv3_stage0_L2_1_Mprelu3_stage0_L2_1_0_split does not need backward computation.
I0923 17:57:36.590970 2173940 net.cpp:202] Mprelu3_stage0_L2_1 does not need backward computation.
I0923 17:57:36.590971 2173940 net.cpp:202] Mconv3_stage0_L2_1 does not need backward computation.
I0923 17:57:36.590972 2173940 net.cpp:202] Mconv3_stage0_L2_0_Mprelu3_stage0_L2_0_0_split does not need backward computation.
I0923 17:57:36.590974 2173940 net.cpp:202] Mprelu3_stage0_L2_0 does not need backward computation.
I0923 17:57:36.590975 2173940 net.cpp:202] Mconv3_stage0_L2_0 does not need backward computation.
I0923 17:57:36.590977 2173940 net.cpp:202] Mconv2_stage0_L2_concat does not need backward computation.
I0923 17:57:36.590978 2173940 net.cpp:202] Mprelu2_stage0_L2_2 does not need backward computation.
I0923 17:57:36.590979 2173940 net.cpp:202] Mconv2_stage0_L2_2 does not need backward computation.
I0923 17:57:36.590981 2173940 net.cpp:202] Mconv2_stage0_L2_1_Mprelu2_stage0_L2_1_0_split does not need backward computation.
I0923 17:57:36.590982 2173940 net.cpp:202] Mprelu2_stage0_L2_1 does not need backward computation.
I0923 17:57:36.590984 2173940 net.cpp:202] Mconv2_stage0_L2_1 does not need backward computation.
I0923 17:57:36.590986 2173940 net.cpp:202] Mconv2_stage0_L2_0_Mprelu2_stage0_L2_0_0_split does not need backward computation.
I0923 17:57:36.590986 2173940 net.cpp:202] Mprelu2_stage0_L2_0 does not need backward computation.
I0923 17:57:36.590988 2173940 net.cpp:202] Mconv2_stage0_L2_0 does not need backward computation.
I0923 17:57:36.590989 2173940 net.cpp:202] Mconv1_stage0_L2_concat does not need backward computation.
I0923 17:57:36.590991 2173940 net.cpp:202] Mprelu1_stage0_L2_2 does not need backward computation.
I0923 17:57:36.590992 2173940 net.cpp:202] Mconv1_stage0_L2_2 does not need backward computation.
I0923 17:57:36.590993 2173940 net.cpp:202] Mconv1_stage0_L2_1_Mprelu1_stage0_L2_1_0_split does not need backward computation.
I0923 17:57:36.590994 2173940 net.cpp:202] Mprelu1_stage0_L2_1 does not need backward computation.
I0923 17:57:36.590996 2173940 net.cpp:202] Mconv1_stage0_L2_1 does not need backward computation.
I0923 17:57:36.590997 2173940 net.cpp:202] Mconv1_stage0_L2_0_Mprelu1_stage0_L2_0_0_split does not need backward computation.
I0923 17:57:36.590999 2173940 net.cpp:202] Mprelu1_stage0_L2_0 does not need backward computation.
I0923 17:57:36.591001 2173940 net.cpp:202] Mconv1_stage0_L2_0 does not need backward computation.
I0923 17:57:36.591002 2173940 net.cpp:202] conv4_4_CPM_prelu4_4_CPM_0_split does not need backward computation.
I0923 17:57:36.591004 2173940 net.cpp:202] prelu4_4_CPM does not need backward computation.
I0923 17:57:36.591005 2173940 net.cpp:202] conv4_4_CPM does not need backward computation.
I0923 17:57:36.591006 2173940 net.cpp:202] prelu4_3_CPM does not need backward computation.
I0923 17:57:36.591008 2173940 net.cpp:202] conv4_3_CPM does not need backward computation.
I0923 17:57:36.591009 2173940 net.cpp:202] prelu4_2 does not need backward computation.
I0923 17:57:36.591010 2173940 net.cpp:202] conv4_2 does not need backward computation.
I0923 17:57:36.591012 2173940 net.cpp:202] relu4_1 does not need backward computation.
I0923 17:57:36.591013 2173940 net.cpp:202] conv4_1 does not need backward computation.
I0923 17:57:36.591014 2173940 net.cpp:202] pool3_stage1 does not need backward computation.
I0923 17:57:36.591017 2173940 net.cpp:202] relu3_4 does not need backward computation.
I0923 17:57:36.591017 2173940 net.cpp:202] conv3_4 does not need backward computation.
I0923 17:57:36.591018 2173940 net.cpp:202] relu3_3 does not need backward computation.
I0923 17:57:36.591019 2173940 net.cpp:202] conv3_3 does not need backward computation.
I0923 17:57:36.591022 2173940 net.cpp:202] relu3_2 does not need backward computation.
I0923 17:57:36.591022 2173940 net.cpp:202] conv3_2 does not need backward computation.
I0923 17:57:36.591024 2173940 net.cpp:202] relu3_1 does not need backward computation.
I0923 17:57:36.591025 2173940 net.cpp:202] conv3_1 does not need backward computation.
I0923 17:57:36.591027 2173940 net.cpp:202] pool2_stage1 does not need backward computation.
I0923 17:57:36.591028 2173940 net.cpp:202] relu2_2 does not need backward computation.
I0923 17:57:36.591029 2173940 net.cpp:202] conv2_2 does not need backward computation.
I0923 17:57:36.591030 2173940 net.cpp:202] relu2_1 does not need backward computation.
I0923 17:57:36.591032 2173940 net.cpp:202] conv2_1 does not need backward computation.
I0923 17:57:36.591033 2173940 net.cpp:202] pool1_stage1 does not need backward computation.
I0923 17:57:36.591034 2173940 net.cpp:202] relu1_2 does not need backward computation.
I0923 17:57:36.591035 2173940 net.cpp:202] conv1_2 does not need backward computation.
I0923 17:57:36.591037 2173940 net.cpp:202] relu1_1 does not need backward computation.
I0923 17:57:36.591038 2173940 net.cpp:202] conv1_1 does not need backward computation.
I0923 17:57:36.591039 2173940 net.cpp:202] input does not need backward computation.
I0923 17:57:36.591040 2173940 net.cpp:244] This network produces output net_output
I0923 17:57:36.591107 2173940 net.cpp:257] Network initialization done.
I0923 17:57:36.654796 2173940 net.cpp:746] Ignoring source layer image
I0923 17:57:36.654808 2173940 net.cpp:746] Ignoring source layer vec_weight
I0923 17:57:36.654809 2173940 net.cpp:746] Ignoring source layer vec_weight_vec_weight_0_split
I0923 17:57:36.654810 2173940 net.cpp:746] Ignoring source layer heat_weight_vec_weight_1_split
I0923 17:57:36.654812 2173940 net.cpp:746] Ignoring source layer label_heat
I0923 17:57:36.654814 2173940 net.cpp:746] Ignoring source layer label_heat_label_heat_0_split
I0923 17:57:36.654814 2173940 net.cpp:746] Ignoring source layer label_vec
I0923 17:57:36.654815 2173940 net.cpp:746] Ignoring source layer label_vec_label_vec_0_split
I0923 17:57:36.656996 2173940 net.cpp:746] Ignoring source layer Mconv7_stage0_L2_Mconv7_stage0_L2_0_split
I0923 17:57:36.657002 2173940 net.cpp:746] Ignoring source layer weight_stage0_L2
I0923 17:57:36.657003 2173940 net.cpp:746] Ignoring source layer loss_stage0_L2
I0923 17:57:36.657872 2173940 net.cpp:746] Ignoring source layer Mconv7_stage1_L2_Mconv7_stage1_L2_0_split
I0923 17:57:36.657877 2173940 net.cpp:746] Ignoring source layer weight_stage1_L2
I0923 17:57:36.657878 2173940 net.cpp:746] Ignoring source layer loss_stage1_L2
I0923 17:57:36.658735 2173940 net.cpp:746] Ignoring source layer Mconv7_stage2_L2_Mconv7_stage2_L2_0_split
I0923 17:57:36.658739 2173940 net.cpp:746] Ignoring source layer weight_stage2_L2
I0923 17:57:36.658740 2173940 net.cpp:746] Ignoring source layer loss_stage2_L2
I0923 17:57:36.659577 2173940 net.cpp:746] Ignoring source layer weight_stage3_L2
I0923 17:57:36.659580 2173940 net.cpp:746] Ignoring source layer loss_stage3_L2
I0923 17:57:36.660039 2173940 net.cpp:746] Ignoring source layer Mconv7_stage0_L1_Mconv7_stage0_L1_0_split
I0923 17:57:36.660043 2173940 net.cpp:746] Ignoring source layer weight_stage0_L1
I0923 17:57:36.660043 2173940 net.cpp:746] Ignoring source layer loss_stage0_L1
I0923 17:57:36.660861 2173940 net.cpp:746] Ignoring source layer weight_stage1_L1
I0923 17:57:36.660864 2173940 net.cpp:746] Ignoring source layer loss_stage1_L1
I0923 17:57:36.664264 2173940 upgrade_proto.cpp:69] Attempting to upgrade input file specified using deprecated input fields: /opt/openpose/models/face/pose_deploy.prototxt
I0923 17:57:36.664271 2173940 upgrade_proto.cpp:72] Successfully upgraded file specified using deprecated input fields.
W0923 17:57:36.664273 2173940 upgrade_proto.cpp:74] Note that future Caffe releases will only support input layers and not input fields.
I0923 17:57:36.664325 2173940 net.cpp:53] Initializing net from parameters: 
state {
  phase: TEST
  level: 0
}
layer {
  name: "input"
  type: "Input"
  top: "image"
  input_param {
    shape {
      dim: 1
      dim: 3
      dim: 1
      dim: 1
    }
  }
}
layer {
  name: "conv1_1"
  type: "Convolution"
  bottom: "image"
  top: "conv1_1"
  param {
    lr_mult: 1
    decay_mult: 1
  }
  param {
    lr_mult: 2
    decay_mult: 0
  }
  convolution_param {
    num_output: 64
    pad: 1
    kernel_size: 3
    weight_filler {
      type: "gaussian"
      std: 0.01
    }
    bias_filler {
      type: "constant"
    }
  }
}
layer {
  name: "conv1_1_re"
  type: "ReLU"
  bottom: "conv1_1"
  top: "conv1_1"
}
layer {
  name: "conv1_2"
  type: "Convolution"
  bottom: "conv1_1"
  top: "conv1_2"
  param {
    lr_mult: 1
    decay_mult: 1
  }
  param {
    lr_mult: 2
    decay_mult: 0
  }
  convolution_param {
    num_output: 64
    pad: 1
    kernel_size: 3
    weight_filler {
      type: "gaussian"
      std: 0.01
    }
    bias_filler {
      type: "constant"
    }
  }
}
layer {
  name: "conv1_2_re"
  type: "ReLU"
  bottom: "conv1_2"
  top: "conv1_2"
}
layer {
  name: "pool1"
  type: "Pooling"
  bottom: "conv1_2"
  top: "pool1"
  pooling_param {
    pool: MAX
    kernel_size: 2
    stride: 2
  }
}
layer {
  name: "conv2_1"
  type: "Convolution"
  bottom: "pool1"
  top: "conv2_1"
  param {
    lr_mult: 1
    decay_mult: 1
  }
  param {
    lr_mult: 2
    decay_mult: 0
  }
  convolution_param {
    num_output: 128
    pad: 1
    kernel_size: 3
    weight_filler {
      type: "gaussian"
      std: 0.01
    }
    bias_filler {
      type: "constant"
    }
  }
}
layer {
  name: "conv2_1_re"
  type: "ReLU"
  bottom: "conv2_1"
  top: "conv2_1"
}
layer {
  name: "conv2_2"
  type: "Convolution"
  bottom: "conv2_1"
  top: "conv2_2"
  param {
    lr_mult: 1
    decay_mult: 1
  }
  param {
    lr_mult: 2
    decay_mult: 0
  }
  convolution_param {
    num_output: 128
    pad: 1
    kernel_size: 3
    weight_filler {
      type: "gaussian"
      std: 0.01
    }
    bias_filler {
      type: "constant"
    }
  }
}
layer {
  name: "conv2_2_re"
  type: "ReLU"
  bottom: "conv2_2"
  top: "conv2_2"
}
layer {
  name: "pool2"
  type: "Pooling"
  bottom: "conv2_2"
  top: "pool2"
  pooling_param {
    pool: MAX
    kernel_size: 2
    stride: 2
  }
}
layer {
  name: "conv3_1"
  type: "Convolution"
  bottom: "pool2"
  top: "conv3_1"
  param {
    lr_mult: 1
    decay_mult: 1
  }
  param {
    lr_mult: 2
    decay_mult: 0
  }
  convolution_param {
    num_output: 256
    pad: 1
    kernel_size: 3
    weight_filler {
      type: "gaussian"
      std: 0.01
    }
    bias_filler {
      type: "constant"
    }
  }
}
layer {
  name: "conv3_1_re"
  type: "ReLU"
  bottom: "conv3_1"
  top: "conv3_1"
}
layer {
  name: "conv3_2"
  type: "Convolution"
  bottom: "conv3_1"
  top: "conv3_2"
  param {
    lr_mult: 1
    decay_mult: 1
  }
  param {
    lr_mult: 2
    decay_mult: 0
  }
  convolution_param {
    num_output: 256
    pad: 1
    kernel_size: 3
    weight_filler {
      type: "gaussian"
      std: 0.01
    }
    bias_filler {
      type: "constant"
    }
  }
}
layer {
  name: "conv3_2_re"
  type: "ReLU"
  bottom: "conv3_2"
  top: "conv3_2"
}
layer {
  name: "conv3_3"
  type: "Convolution"
  bottom: "conv3_2"
  top: "conv3_3"
  param {
    lr_mult: 1
    decay_mult: 1
  }
  param {
    lr_mult: 2
    decay_mult: 0
  }
  convolution_param {
    num_output: 256
    pad: 1
    kernel_size: 3
    weight_filler {
      type: "gaussian"
      std: 0.01
    }
    bias_filler {
      type: "constant"
    }
  }
}
layer {
  name: "conv3_3_re"
  type: "ReLU"
  bottom: "conv3_3"
  top: "conv3_3"
}
layer {
  name: "conv3_4"
  type: "Convolution"
  bottom: "conv3_3"
  top: "conv3_4"
  param {
    lr_mult: 1
    decay_mult: 1
  }
  param {
    lr_mult: 2
    decay_mult: 0
  }
  convolution_param {
    num_output: 256
    pad: 1
    kernel_size: 3
    weight_filler {
      type: "gaussian"
      std: 0.01
    }
    bias_filler {
      type: "constant"
    }
  }
}
layer {
  name: "conv3_4_re"
  type: "ReLU"
  bottom: "conv3_4"
  top: "conv3_4"
}
layer {
  name: "pool3"
  type: "Pooling"
  bottom: "conv3_4"
  top: "pool3"
  pooling_param {
    pool: MAX
    kernel_size: 2
    stride: 2
  }
}
layer {
  name: "conv4_1"
  type: "Convolution"
  bottom: "pool3"
  top: "conv4_1"
  param {
    lr_mult: 1
    decay_mult: 1
  }
  param {
    lr_mult: 2
    decay_mult: 0
  }
  convolution_param {
    num_output: 512
    pad: 1
    kernel_size: 3
    weight_filler {
      type: "gaussian"
      std: 0.01
    }
    bias_filler {
      type: "constant"
    }
  }
}
layer {
  name: "conv4_1_re"
  type: "ReLU"
  bottom: "conv4_1"
  top: "conv4_1"
}
layer {
  name: "conv4_2"
  type: "Convolution"
  bottom: "conv4_1"
  top: "conv4_2"
  param {
    lr_mult: 1
    decay_mult: 1
  }
  param {
    lr_mult: 2
    decay_mult: 0
  }
  convolution_param {
    num_output: 512
    pad: 1
    kernel_size: 3
    weight_filler {
      type: "gaussian"
      std: 0.01
    }
    bias_filler {
      type: "constant"
    }
  }
}
layer {
  name: "conv4_2_re"
  type: "ReLU"
  bottom: "conv4_2"
  top: "conv4_2"
}
layer {
  name: "conv4_3"
  type: "Convolution"
  bottom: "conv4_2"
  top: "conv4_3"
  param {
    lr_mult: 1
    decay_mult: 1
  }
  param {
    lr_mult: 2
    decay_mult: 0
  }
  convolution_param {
    num_output: 512
    pad: 1
    kernel_size: 3
    weight_filler {
      type: "gaussian"
      std: 0.01
    }
    bias_filler {
      type: "constant"
    }
  }
}
layer {
  name: "conv4_3_re"
  type: "ReLU"
  bottom: "conv4_3"
  top: "conv4_3"
}
layer {
  name: "conv4_4"
  type: "Convolution"
  bottom: "conv4_3"
  top: "conv4_4"
  param {
    lr_mult: 1
    decay_mult: 1
  }
  param {
    lr_mult: 2
    decay_mult: 0
  }
  convolution_param {
    num_output: 512
    pad: 1
    kernel_size: 3
    weight_filler {
      type: "gaussian"
      std: 0.01
    }
    bias_filler {
      type: "constant"
    }
  }
}
layer {
  name: "conv4_4_re"
  type: "ReLU"
  bottom: "conv4_4"
  top: "conv4_4"
}
layer {
  name: "conv5_1"
  type: "Convolution"
  bottom: "conv4_4"
  top: "conv5_1"
  param {
    lr_mult: 1
    decay_mult: 1
  }
  param {
    lr_mult: 2
    decay_mult: 0
  }
  convolution_param {
    num_output: 512
    pad: 1
    kernel_size: 3
    weight_filler {
      type: "gaussian"
      std: 0.01
    }
    bias_filler {
      type: "constant"
    }
  }
}
layer {
  name: "conv5_1_re"
  type: "ReLU"
  bottom: "conv5_1"
  top: "conv5_1"
}
layer {
  name: "conv5_2"
  type: "Convolution"
  bottom: "conv5_1"
  top: "conv5_2"
  param {
    lr_mult: 1
    decay_mult: 1
  }
  param {
    lr_mult: 2
    decay_mult: 0
  }
  convolution_param {
    num_output: 512
    pad: 1
    kernel_size: 3
    weight_filler {
      type: "gaussian"
      std: 0.01
    }
    bias_filler {
      type: "constant"
    }
  }
}
layer {
  name: "conv5_2_re"
  type: "ReLU"
  bottom: "conv5_2"
  top: "conv5_2"
}
layer {
  name: "conv5_3_CPM"
  type: "Convolution"
  bottom: "conv5_2"
  top: "conv5_3_CPM"
  param {
    lr_mult: 1
    decay_mult: 1
  }
  param {
    lr_mult: 2
    decay_mult: 0
  }
  convolution_param {
    num_output: 128
    pad: 1
    kernel_size: 3
    weight_filler {
      type: "gaussian"
      std: 0.01
    }
    bias_filler {
      type: "constant"
    }
  }
}
layer {
  name: "conv5_3_CPM_re"
  type: "ReLU"
  bottom: "conv5_3_CPM"
  top: "conv5_3_CPM"
}
layer {
  name: "conv6_1_CPM"
  type: "Convolution"
  bottom: "conv5_3_CPM"
  top: "conv6_1_CPM"
  param {
    lr_mult: 1
    decay_mult: 1
  }
  param {
    lr_mult: 2
    decay_mult: 0
  }
  convolution_param {
    num_output: 512
    pad: 0
    kernel_size: 1
    weight_filler {
      type: "gaussian"
      std: 0.01
    }
    bias_filler {
      type: "constant"
    }
  }
}
layer {
  name: "conv6_1_CPM_re"
  type: "ReLU"
  bottom: "conv6_1_CPM"
  top: "conv6_1_CPM"
}
layer {
  name: "conv6_2_CPM"
  type: "Convolution"
  bottom: "conv6_1_CPM"
  top: "conv6_2_CPM"
  param {
    lr_mult: 1
    decay_mult: 1
  }
  param {
    lr_mult: 2
    decay_mult: 0
  }
  convolution_param {
    num_output: 71
    pad: 0
    kernel_size: 1
    weight_filler {
      type: "gaussian"
      std: 0.01
    }
    bias_filler {
      type: "constant"
    }
  }
}
layer {
  name: "features_in_stage_2"
  type: "Concat"
  bottom: "conv6_2_CPM"
  bottom: "conv5_3_CPM"
  top: "features_in_stage_2"
  concat_param {
    axis: 1
  }
}
layer {
  name: "Mconv1_stage2"
  type: "Convolution"
  bottom: "features_in_stage_2"
  top: "Mconv1_stage2"
  param {
    lr_mult: 4
    decay_mult: 1
  }
  param {
    lr_mult: 8
    decay_mult: 0
  }
  convolution_param {
    num_output: 128
    pad: 3
    kernel_size: 7
    weight_filler {
      type: "gaussian"
      std: 0.01
    }
    bias_filler {
      type: "constant"
    }
  }
}
layer {
  name: "Mconv1_stage2_re"
  type: "ReLU"
  bottom: "Mconv1_stage2"
  top: "Mconv1_stage2"
}
layer {
  name: "Mconv2_stage2"
  type: "Convolution"
  bottom: "Mconv1_stage2"
  top: "Mconv2_stage2"
  param {
    lr_mult: 4
    decay_mult: 1
  }
  param {
    lr_mult: 8
    decay_mult: 0
  }
  convolution_param {
    num_output: 128
    pad: 3
    kernel_size: 7
    weight_filler {
      type: "gaussian"
      std: 0.01
    }
    bias_filler {
      type: "constant"
    }
  }
}
layer {
  name: "Mconv2_stage2_re"
  type: "ReLU"
  bottom: "Mconv2_stage2"
  top: "Mconv2_stage2"
}
layer {
  name: "Mconv3_stage2"
  type: "Convolution"
  bottom: "Mconv2_stage2"
  top: "Mconv3_stage2"
  param {
    lr_mult: 4
    decay_mult: 1
  }
  param {
    lr_mult: 8
    decay_mult: 0
  }
  convolution_param {
    num_output: 128
    pad: 3
    kernel_size: 7
    weight_filler {
      type: "gaussian"
      std: 0.01
    }
    bias_filler {
      type: "constant"
    }
  }
}
layer {
  name: "Mconv3_stage2_re"
  type: "ReLU"
  bottom: "Mconv3_stage2"
  top: "Mconv3_stage2"
}
layer {
  name: "Mconv4_stage2"
  type: "Convolution"
  bottom: "Mconv3_stage2"
  top: "Mconv4_stage2"
  param {
    lr_mult: 4
    decay_mult: 1
  }
  param {
    lr_mult: 8
    decay_mult: 0
  }
  convolution_param {
    num_output: 128
    pad: 3
    kernel_size: 7
    weight_filler {
      type: "gaussian"
      std: 0.01
    }
    bias_filler {
      type: "constant"
    }
  }
}
layer {
  name: "Mconv4_stage2_re"
  type: "ReLU"
  bottom: "Mconv4_stage2"
  top: "Mconv4_stage2"
}
layer {
  name: "Mconv5_stage2"
  type: "Convolution"
  bottom: "Mconv4_stage2"
  top: "Mconv5_stage2"
  param {
    lr_mult: 4
    decay_mult: 1
  }
  param {
    lr_mult: 8
    decay_mult: 0
  }
  convolution_param {
    num_output: 128
    pad: 3
    kernel_size: 7
    weight_filler {
      type: "gaussian"
      std: 0.01
    }
    bias_filler {
      type: "constant"
    }
  }
}
layer {
  name: "Mconv5_stage2_re"
  type: "ReLU"
  bottom: "Mconv5_stage2"
  top: "Mconv5_stage2"
}
layer {
  name: "Mconv6_stage2"
  type: "Convolution"
  bottom: "Mconv5_stage2"
  top: "Mconv6_stage2"
  param {
    lr_mult: 4
    decay_mult: 1
  }
  param {
    lr_mult: 8
    decay_mult: 0
  }
  convolution_param {
    num_output: 128
    pad: 0
    kernel_size: 1
    weight_filler {
      type: "gaussian"
      std: 0.01
    }
    bias_filler {
      type: "constant"
    }
  }
}
layer {
  name: "Mconv6_stage2_re"
  type: "ReLU"
  bottom: "Mconv6_stage2"
  top: "Mconv6_stage2"
}
layer {
  name: "Mconv7_stage2"
  type: "Convolution"
  bottom: "Mconv6_stage2"
  top: "Mconv7_stage2"
  param {
    lr_mult: 4
    decay_mult: 1
  }
  param {
    lr_mult: 8
    decay_mult: 0
  }
  convolution_param {
    num_output: 71
    pad: 0
    kernel_size: 1
    weight_filler {
      type: "gaussian"
      std: 0.01
    }
    bias_filler {
      type: "constant"
    }
  }
}
layer {
  name: "features_in_stage_3"
  type: "Concat"
  bottom: "Mconv7_stage2"
  bottom: "conv5_3_CPM"
  top: "features_in_stage_3"
  concat_param {
    axis: 1
  }
}
layer {
  name: "Mconv1_stage3"
  type: "Convolution"
  bottom: "features_in_stage_3"
  top: "Mconv1_stage3"
  param {
    lr_mult: 4
    decay_mult: 1
  }
  param {
    lr_mult: 8
    decay_mult: 0
  }
  convolution_param {
    num_output: 128
    pad: 3
    kernel_size: 7
    weight_filler {
      type: "gaussian"
      std: 0.01
    }
    bias_filler {
      type: "constant"
    }
  }
}
layer {
  name: "Mconv1_stage3_re"
  type: "ReLU"
  bottom: "Mconv1_stage3"
  top: "Mconv1_stage3"
}
layer {
  name: "Mconv2_stage3"
  type: "Convolution"
  bottom: "Mconv1_stage3"
  top: "Mconv2_stage3"
  param {
    lr_mult: 4
    decay_mult: 1
  }
  param {
    lr_mult: 8
    decay_mult: 0
  }
  convolution_param {
    num_output: 128
    pad: 3
    kernel_size: 7
    weight_filler {
      type: "gaussian"
      std: 0.01
    }
    bias_filler {
      type: "constant"
    }
  }
}
layer {
  name: "Mconv2_stage3_re"
  type: "ReLU"
  bottom: "Mconv2_stage3"
  top: "Mconv2_stage3"
}
layer {
  name: "Mconv3_stage3"
  type: "Convolution"
  bottom: "Mconv2_stage3"
  top: "Mconv3_stage3"
  param {
    lr_mult: 4
    decay_mult: 1
  }
  param {
    lr_mult: 8
    decay_mult: 0
  }
  convolution_param {
    num_output: 128
    pad: 3
    kernel_size: 7
    weight_filler {
      type: "gaussian"
      std: 0.01
    }
    bias_filler {
      type: "constant"
    }
  }
}
layer {
  name: "Mconv3_stage3_re"
  type: "ReLU"
  bottom: "Mconv3_stage3"
  top: "Mconv3_stage3"
}
layer {
  name: "Mconv4_stage3"
  type: "Convolution"
  bottom: "Mconv3_stage3"
  top: "Mconv4_stage3"
  param {
    lr_mult: 4
    decay_mult: 1
  }
  param {
    lr_mult: 8
    decay_mult: 0
  }
  convolution_param {
    num_output: 128
    pad: 3
    kernel_size: 7
    weight_filler {
      type: "gaussian"
      std: 0.01
    }
    bias_filler {
      type: "constant"
    }
  }
}
layer {
  name: "Mconv4_stage3_re"
  type: "ReLU"
  bottom: "Mconv4_stage3"
  top: "Mconv4_stage3"
}
layer {
  name: "Mconv5_stage3"
  type: "Convolution"
  bottom: "Mconv4_stage3"
  top: "Mconv5_stage3"
  param {
    lr_mult: 4
    decay_mult: 1
  }
  param {
    lr_mult: 8
    decay_mult: 0
  }
  convolution_param {
    num_output: 128
    pad: 3
    kernel_size: 7
    weight_filler {
      type: "gaussian"
      std: 0.01
    }
    bias_filler {
      type: "constant"
    }
  }
}
layer {
  name: "Mconv5_stage3_re"
  type: "ReLU"
  bottom: "Mconv5_stage3"
  top: "Mconv5_stage3"
}
layer {
  name: "Mconv6_stage3"
  type: "Convolution"
  bottom: "Mconv5_stage3"
  top: "Mconv6_stage3"
  param {
    lr_mult: 4
    decay_mult: 1
  }
  param {
    lr_mult: 8
    decay_mult: 0
  }
  convolution_param {
    num_output: 128
    pad: 0
    kernel_size: 1
    weight_filler {
      type: "gaussian"
      std: 0.01
    }
    bias_filler {
      type: "constant"
    }
  }
}
layer {
  name: "Mconv6_stage3_re"
  type: "ReLU"
  bottom: "Mconv6_stage3"
  top: "Mconv6_stage3"
}
layer {
  name: "Mconv7_stage3"
  type: "Convolution"
  bottom: "Mconv6_stage3"
  top: "Mconv7_stage3"
  param {
    lr_mult: 4
    decay_mult: 1
  }
  param {
    lr_mult: 8
    decay_mult: 0
  }
  convolution_param {
    num_output: 71
    pad: 0
    kernel_size: 1
    weight_filler {
      type: "gaussian"
      std: 0.01
    }
    bias_filler {
      type: "constant"
    }
  }
}
layer {
  name: "features_in_stage_4"
  type: "Concat"
  bottom: "Mconv7_stage3"
  bottom: "conv5_3_CPM"
  top: "features_in_stage_4"
  concat_param {
    axis: 1
  }
}
layer {
  name: "Mconv1_stage4"
  type: "Convolution"
  bottom: "features_in_stage_4"
  top: "Mconv1_stage4"
  param {
    lr_mult: 4
    decay_mult: 1
  }
  param {
    lr_mult: 8
    decay_mult: 0
  }
  convolution_param {
    num_output: 128
    pad: 3
    kernel_size: 7
    weight_filler {
      type: "gaussian"
      std: 0.01
    }
    bias_filler {
      type: "constant"
    }
  }
}
layer {
  name: "Mconv1_stage4_re"
  type: "ReLU"
  bottom: "Mconv1_stage4"
  top: "Mconv1_stage4"
}
layer {
  name: "Mconv2_stage4"
  type: "Convolution"
  bottom: "Mconv1_stage4"
  top: "Mconv2_stage4"
  param {
    lr_mult: 4
    decay_mult: 1
  }
  param {
    lr_mult: 8
    decay_mult: 0
  }
  convolution_param {
    num_output: 128
    pad: 3
    kernel_size: 7
    weight_filler {
      type: "gaussian"
      std: 0.01
    }
    bias_filler {
      type: "constant"
    }
  }
}
layer {
  name: "Mconv2_stage4_re"
  type: "ReLU"
  bottom: "Mconv2_stage4"
  top: "Mconv2_stage4"
}
layer {
  name: "Mconv3_stage4"
  type: "Convolution"
  bottom: "Mconv2_stage4"
  top: "Mconv3_stage4"
  param {
    lr_mult: 4
    decay_mult: 1
  }
  param {
    lr_mult: 8
    decay_mult: 0
  }
  convolution_param {
    num_output: 128
    pad: 3
    kernel_size: 7
    weight_filler {
      type: "gaussian"
      std: 0.01
    }
    bias_filler {
      type: "constant"
    }
  }
}
layer {
  name: "Mconv3_stage4_re"
  type: "ReLU"
  bottom: "Mconv3_stage4"
  top: "Mconv3_stage4"
}
layer {
  name: "Mconv4_stage4"
  type: "Convolution"
  bottom: "Mconv3_stage4"
  top: "Mconv4_stage4"
  param {
    lr_mult: 4
    decay_mult: 1
  }
  param {
    lr_mult: 8
    decay_mult: 0
  }
  convolution_param {
    num_output: 128
    pad: 3
    kernel_size: 7
    weight_filler {
      type: "gaussian"
      std: 0.01
    }
    bias_filler {
      type: "constant"
    }
  }
}
layer {
  name: "Mconv4_stage4_re"
  type: "ReLU"
  bottom: "Mconv4_stage4"
  top: "Mconv4_stage4"
}
layer {
  name: "Mconv5_stage4"
  type: "Convolution"
  bottom: "Mconv4_stage4"
  top: "Mconv5_stage4"
  param {
    lr_mult: 4
    decay_mult: 1
  }
  param {
    lr_mult: 8
    decay_mult: 0
  }
  convolution_param {
    num_output: 128
    pad: 3
    kernel_size: 7
    weight_filler {
      type: "gaussian"
      std: 0.01
    }
    bias_filler {
      type: "constant"
    }
  }
}
layer {
  name: "Mconv5_stage4_re"
  type: "ReLU"
  bottom: "Mconv5_stage4"
  top: "Mconv5_stage4"
}
layer {
  name: "Mconv6_stage4"
  type: "Convolution"
  bottom: "Mconv5_stage4"
  top: "Mconv6_stage4"
  param {
    lr_mult: 4
    decay_mult: 1
  }
  param {
    lr_mult: 8
    decay_mult: 0
  }
  convolution_param {
    num_output: 128
    pad: 0
    kernel_size: 1
    weight_filler {
      type: "gaussian"
      std: 0.01
    }
    bias_filler {
      type: "constant"
    }
  }
}
layer {
  name: "Mconv6_stage4_re"
  type: "ReLU"
  bottom: "Mconv6_stage4"
  top: "Mconv6_stage4"
}
layer {
  name: "Mconv7_stage4"
  type: "Convolution"
  bottom: "Mconv6_stage4"
  top: "Mconv7_stage4"
  param {
    lr_mult: 4
    decay_mult: 1
  }
  param {
    lr_mult: 8
    decay_mult: 0
  }
  convolution_param {
    num_output: 71
    pad: 0
    kernel_size: 1
    weight_filler {
      type: "gaussian"
      std: 0.01
    }
    bias_filler {
      type: "constant"
    }
  }
}
layer {
  name: "features_in_stage_5"
  type: "Concat"
  bottom: "Mconv7_stage4"
  bottom: "conv5_3_CPM"
  top: "features_in_stage_5"
  concat_param {
    axis: 1
  }
}
layer {
  name: "Mconv1_stage5"
  type: "Convolution"
  bottom: "features_in_stage_5"
  top: "Mconv1_stage5"
  param {
    lr_mult: 4
    decay_mult: 1
  }
  param {
    lr_mult: 8
    decay_mult: 0
  }
  convolution_param {
    num_output: 128
    pad: 3
    kernel_size: 7
    weight_filler {
      type: "gaussian"
      std: 0.01
    }
    bias_filler {
      type: "constant"
    }
  }
}
layer {
  name: "Mconv1_stage5_re"
  type: "ReLU"
  bottom: "Mconv1_stage5"
  top: "Mconv1_stage5"
}
layer {
  name: "Mconv2_stage5"
  type: "Convolution"
  bottom: "Mconv1_stage5"
  top: "Mconv2_stage5"
  param {
    lr_mult: 4
    decay_mult: 1
  }
  param {
    lr_mult: 8
    decay_mult: 0
  }
  convolution_param {
    num_output: 128
    pad: 3
    kernel_size: 7
    weight_filler {
      type: "gaussian"
      std: 0.01
    }
    bias_filler {
      type: "constant"
    }
  }
}
layer {
  name: "Mconv2_stage5_re"
  type: "ReLU"
  bottom: "Mconv2_stage5"
  top: "Mconv2_stage5"
}
layer {
  name: "Mconv3_stage5"
  type: "Convolution"
  bottom: "Mconv2_stage5"
  top: "Mconv3_stage5"
  param {
    lr_mult: 4
    decay_mult: 1
  }
  param {
    lr_mult: 8
    decay_mult: 0
  }
  convolution_param {
    num_output: 128
    pad: 3
    kernel_size: 7
    weight_filler {
      type: "gaussian"
      std: 0.01
    }
    bias_filler {
      type: "constant"
    }
  }
}
layer {
  name: "Mconv3_stage5_re"
  type: "ReLU"
  bottom: "Mconv3_stage5"
  top: "Mconv3_stage5"
}
layer {
  name: "Mconv4_stage5"
  type: "Convolution"
  bottom: "Mconv3_stage5"
  top: "Mconv4_stage5"
  param {
    lr_mult: 4
    decay_mult: 1
  }
  param {
    lr_mult: 8
    decay_mult: 0
  }
  convolution_param {
    num_output: 128
    pad: 3
    kernel_size: 7
    weight_filler {
      type: "gaussian"
      std: 0.01
    }
    bias_filler {
      type: "constant"
    }
  }
}
layer {
  name: "Mconv4_stage5_re"
  type: "ReLU"
  bottom: "Mconv4_stage5"
  top: "Mconv4_stage5"
}
layer {
  name: "Mconv5_stage5"
  type: "Convolution"
  bottom: "Mconv4_stage5"
  top: "Mconv5_stage5"
  param {
    lr_mult: 4
    decay_mult: 1
  }
  param {
    lr_mult: 8
    decay_mult: 0
  }
  convolution_param {
    num_output: 128
    pad: 3
    kernel_size: 7
    weight_filler {
      type: "gaussian"
      std: 0.01
    }
    bias_filler {
      type: "constant"
    }
  }
}
layer {
  name: "Mconv5_stage5_re"
  type: "ReLU"
  bottom: "Mconv5_stage5"
  top: "Mconv5_stage5"
}
layer {
  name: "Mconv6_stage5"
  type: "Convolution"
  bottom: "Mconv5_stage5"
  top: "Mconv6_stage5"
  param {
    lr_mult: 4
    decay_mult: 1
  }
  param {
    lr_mult: 8
    decay_mult: 0
  }
  convolution_param {
    num_output: 128
    pad: 0
    kernel_size: 1
    weight_filler {
      type: "gaussian"
      std: 0.01
    }
    bias_filler {
      type: "constant"
    }
  }
}
layer {
  name: "Mconv6_stage5_re"
  type: "ReLU"
  bottom: "Mconv6_stage5"
  top: "Mconv6_stage5"
}
layer {
  name: "Mconv7_stage5"
  type: "Convolution"
  bottom: "Mconv6_stage5"
  top: "Mconv7_stage5"
  param {
    lr_mult: 4
    decay_mult: 1
  }
  param {
    lr_mult: 8
    decay_mult: 0
  }
  convolution_param {
    num_output: 71
    pad: 0
    kernel_size: 1
    weight_filler {
      type: "gaussian"
      std: 0.01
    }
    bias_filler {
      type: "constant"
    }
  }
}
layer {
  name: "features_in_stage_6"
  type: "Concat"
  bottom: "Mconv7_stage5"
  bottom: "conv5_3_CPM"
  top: "features_in_stage_6"
  concat_param {
    axis: 1
  }
}
layer {
  name: "Mconv1_stage6"
  type: "Convolution"
  bottom: "features_in_stage_6"
  top: "Mconv1_stage6"
  param {
    lr_mult: 4
    decay_mult: 1
  }
  param {
    lr_mult: 8
    decay_mult: 0
  }
  convolution_param {
    num_output: 128
    pad: 3
    kernel_size: 7
    weight_filler {
      type: "gaussian"
      std: 0.01
    }
    bias_filler {
      type: "constant"
    }
  }
}
layer {
  name: "Mconv1_stage6_re"
  type: "ReLU"
  bottom: "Mconv1_stage6"
  top: "Mconv1_stage6"
}
layer {
  name: "Mconv2_stage6"
  type: "Convolution"
  bottom: "Mconv1_stage6"
  top: "Mconv2_stage6"
  param {
    lr_mult: 4
    decay_mult: 1
  }
  param {
    lr_mult: 8
    decay_mult: 0
  }
  convolution_param {
    num_output: 128
    pad: 3
    kernel_size: 7
    weight_filler {
      type: "gaussian"
      std: 0.01
    }
    bias_filler {
      type: "constant"
    }
  }
}
layer {
  name: "Mconv2_stage6_re"
  type: "ReLU"
  bottom: "Mconv2_stage6"
  top: "Mconv2_stage6"
}
layer {
  name: "Mconv3_stage6"
  type: "Convolution"
  bottom: "Mconv2_stage6"
  top: "Mconv3_stage6"
  param {
    lr_mult: 4
    decay_mult: 1
  }
  param {
    lr_mult: 8
    decay_mult: 0
  }
  convolution_param {
    num_output: 128
    pad: 3
    kernel_size: 7
    weight_filler {
      type: "gaussian"
      std: 0.01
    }
    bias_filler {
      type: "constant"
    }
  }
}
layer {
  name: "Mconv3_stage6_re"
  type: "ReLU"
  bottom: "Mconv3_stage6"
  top: "Mconv3_stage6"
}
layer {
  name: "Mconv4_stage6"
  type: "Convolution"
  bottom: "Mconv3_stage6"
  top: "Mconv4_stage6"
  param {
    lr_mult: 4
    decay_mult: 1
  }
  param {
    lr_mult: 8
    decay_mult: 0
  }
  convolution_param {
    num_output: 128
    pad: 3
    kernel_size: 7
    weight_filler {
      type: "gaussian"
      std: 0.01
    }
    bias_filler {
      type: "constant"
    }
  }
}
layer {
  name: "Mconv4_stage6_re"
  type: "ReLU"
  bottom: "Mconv4_stage6"
  top: "Mconv4_stage6"
}
layer {
  name: "Mconv5_stage6"
  type: "Convolution"
  bottom: "Mconv4_stage6"
  top: "Mconv5_stage6"
  param {
    lr_mult: 4
    decay_mult: 1
  }
  param {
    lr_mult: 8
    decay_mult: 0
  }
  convolution_param {
    num_output: 128
    pad: 3
    kernel_size: 7
    weight_filler {
      type: "gaussian"
      std: 0.01
    }
    bias_filler {
      type: "constant"
    }
  }
}
layer {
  name: "Mconv5_stage6_re"
  type: "ReLU"
  bottom: "Mconv5_stage6"
  top: "Mconv5_stage6"
}
layer {
  name: "Mconv6_stage6"
  type: "Convolution"
  bottom: "Mconv5_stage6"
  top: "Mconv6_stage6"
  param {
    lr_mult: 4
    decay_mult: 1
  }
  param {
    lr_mult: 8
    decay_mult: 0
  }
  convolution_param {
    num_output: 128
    pad: 0
    kernel_size: 1
    weight_filler {
      type: "gaussian"
      std: 0.01
    }
    bias_filler {
      type: "constant"
    }
  }
}
layer {
  name: "Mconv6_stage6_re"
  type: "ReLU"
  bottom: "Mconv6_stage6"
  top: "Mconv6_stage6"
}
layer {
  name: "Mconv7_stage6"
  type: "Convolution"
  bottom: "Mconv6_stage6"
  top: "net_output"
  param {
    lr_mult: 4
    decay_mult: 1
  }
  param {
    lr_mult: 8
    decay_mult: 0
  }
  convolution_param {
    num_output: 71
    pad: 0
    kernel_size: 1
    weight_filler {
      type: "gaussian"
      std: 0.01
    }
    bias_filler {
      type: "constant"
    }
  }
}
I0923 17:57:36.664676 2173940 layer_factory.hpp:77] Creating layer input
I0923 17:57:36.664680 2173940 net.cpp:86] Creating Layer input
I0923 17:57:36.664682 2173940 net.cpp:382] input -> image
I0923 17:57:36.664697 2173940 net.cpp:124] Setting up input
I0923 17:57:36.664700 2173940 net.cpp:131] Top shape: 1 3 1 1 (3)
I0923 17:57:36.664700 2173940 net.cpp:139] Memory required for data: 12
I0923 17:57:36.664701 2173940 layer_factory.hpp:77] Creating layer conv1_1
I0923 17:57:36.664705 2173940 net.cpp:86] Creating Layer conv1_1
I0923 17:57:36.664706 2173940 net.cpp:408] conv1_1 <- image
I0923 17:57:36.664708 2173940 net.cpp:382] conv1_1 -> conv1_1
I0923 17:57:36.672731 2173940 net.cpp:124] Setting up conv1_1
I0923 17:57:36.672736 2173940 net.cpp:131] Top shape: 1 64 1 1 (64)
I0923 17:57:36.672739 2173940 net.cpp:139] Memory required for data: 268
I0923 17:57:36.672742 2173940 layer_factory.hpp:77] Creating layer conv1_1_re
I0923 17:57:36.672746 2173940 net.cpp:86] Creating Layer conv1_1_re
I0923 17:57:36.672747 2173940 net.cpp:408] conv1_1_re <- conv1_1
I0923 17:57:36.672749 2173940 net.cpp:369] conv1_1_re -> conv1_1 (in-place)
I0923 17:57:36.675908 2173940 net.cpp:124] Setting up conv1_1_re
I0923 17:57:36.675911 2173940 net.cpp:131] Top shape: 1 64 1 1 (64)
I0923 17:57:36.675913 2173940 net.cpp:139] Memory required for data: 524
I0923 17:57:36.675915 2173940 layer_factory.hpp:77] Creating layer conv1_2
I0923 17:57:36.675920 2173940 net.cpp:86] Creating Layer conv1_2
I0923 17:57:36.675920 2173940 net.cpp:408] conv1_2 <- conv1_1
I0923 17:57:36.675923 2173940 net.cpp:382] conv1_2 -> conv1_2
I0923 17:57:36.684455 2173940 net.cpp:124] Setting up conv1_2
I0923 17:57:36.684460 2173940 net.cpp:131] Top shape: 1 64 1 1 (64)
I0923 17:57:36.684463 2173940 net.cpp:139] Memory required for data: 780
I0923 17:57:36.684465 2173940 layer_factory.hpp:77] Creating layer conv1_2_re
I0923 17:57:36.684469 2173940 net.cpp:86] Creating Layer conv1_2_re
I0923 17:57:36.684470 2173940 net.cpp:408] conv1_2_re <- conv1_2
I0923 17:57:36.684473 2173940 net.cpp:369] conv1_2_re -> conv1_2 (in-place)
I0923 17:57:36.686944 2173940 net.cpp:124] Setting up conv1_2_re
I0923 17:57:36.686946 2173940 net.cpp:131] Top shape: 1 64 1 1 (64)
I0923 17:57:36.686949 2173940 net.cpp:139] Memory required for data: 1036
I0923 17:57:36.686949 2173940 layer_factory.hpp:77] Creating layer pool1
I0923 17:57:36.686952 2173940 net.cpp:86] Creating Layer pool1
I0923 17:57:36.686954 2173940 net.cpp:408] pool1 <- conv1_2
I0923 17:57:36.686955 2173940 net.cpp:382] pool1 -> pool1
I0923 17:57:36.686968 2173940 net.cpp:124] Setting up pool1
I0923 17:57:36.686969 2173940 net.cpp:131] Top shape: 1 64 1 1 (64)
I0923 17:57:36.686970 2173940 net.cpp:139] Memory required for data: 1292
I0923 17:57:36.686971 2173940 layer_factory.hpp:77] Creating layer conv2_1
I0923 17:57:36.686975 2173940 net.cpp:86] Creating Layer conv2_1
I0923 17:57:36.686975 2173940 net.cpp:408] conv2_1 <- pool1
I0923 17:57:36.686977 2173940 net.cpp:382] conv2_1 -> conv2_1
I0923 17:57:36.696600 2173940 net.cpp:124] Setting up conv2_1
I0923 17:57:36.696605 2173940 net.cpp:131] Top shape: 1 128 1 1 (128)
I0923 17:57:36.696607 2173940 net.cpp:139] Memory required for data: 1804
I0923 17:57:36.696610 2173940 layer_factory.hpp:77] Creating layer conv2_1_re
I0923 17:57:36.696614 2173940 net.cpp:86] Creating Layer conv2_1_re
I0923 17:57:36.696614 2173940 net.cpp:408] conv2_1_re <- conv2_1
I0923 17:57:36.696616 2173940 net.cpp:369] conv2_1_re -> conv2_1 (in-place)
I0923 17:57:36.699019 2173940 net.cpp:124] Setting up conv2_1_re
I0923 17:57:36.699023 2173940 net.cpp:131] Top shape: 1 128 1 1 (128)
I0923 17:57:36.699024 2173940 net.cpp:139] Memory required for data: 2316
I0923 17:57:36.699025 2173940 layer_factory.hpp:77] Creating layer conv2_2
I0923 17:57:36.699029 2173940 net.cpp:86] Creating Layer conv2_2
I0923 17:57:36.699030 2173940 net.cpp:408] conv2_2 <- conv2_1
I0923 17:57:36.699033 2173940 net.cpp:382] conv2_2 -> conv2_2
I0923 17:57:36.708055 2173940 net.cpp:124] Setting up conv2_2
I0923 17:57:36.708060 2173940 net.cpp:131] Top shape: 1 128 1 1 (128)
I0923 17:57:36.708062 2173940 net.cpp:139] Memory required for data: 2828
I0923 17:57:36.708065 2173940 layer_factory.hpp:77] Creating layer conv2_2_re
I0923 17:57:36.708067 2173940 net.cpp:86] Creating Layer conv2_2_re
I0923 17:57:36.708068 2173940 net.cpp:408] conv2_2_re <- conv2_2
I0923 17:57:36.708070 2173940 net.cpp:369] conv2_2_re -> conv2_2 (in-place)
I0923 17:57:36.710466 2173940 net.cpp:124] Setting up conv2_2_re
I0923 17:57:36.710469 2173940 net.cpp:131] Top shape: 1 128 1 1 (128)
I0923 17:57:36.710471 2173940 net.cpp:139] Memory required for data: 3340
I0923 17:57:36.710472 2173940 layer_factory.hpp:77] Creating layer pool2
I0923 17:57:36.710476 2173940 net.cpp:86] Creating Layer pool2
I0923 17:57:36.710477 2173940 net.cpp:408] pool2 <- conv2_2
I0923 17:57:36.710479 2173940 net.cpp:382] pool2 -> pool2
I0923 17:57:36.710491 2173940 net.cpp:124] Setting up pool2
I0923 17:57:36.710492 2173940 net.cpp:131] Top shape: 1 128 1 1 (128)
I0923 17:57:36.710494 2173940 net.cpp:139] Memory required for data: 3852
I0923 17:57:36.710495 2173940 layer_factory.hpp:77] Creating layer conv3_1
I0923 17:57:36.710497 2173940 net.cpp:86] Creating Layer conv3_1
I0923 17:57:36.710498 2173940 net.cpp:408] conv3_1 <- pool2
I0923 17:57:36.710500 2173940 net.cpp:382] conv3_1 -> conv3_1
I0923 17:57:36.720412 2173940 net.cpp:124] Setting up conv3_1
I0923 17:57:36.720417 2173940 net.cpp:131] Top shape: 1 256 1 1 (256)
I0923 17:57:36.720418 2173940 net.cpp:139] Memory required for data: 4876
I0923 17:57:36.720422 2173940 layer_factory.hpp:77] Creating layer conv3_1_re
I0923 17:57:36.720424 2173940 net.cpp:86] Creating Layer conv3_1_re
I0923 17:57:36.720425 2173940 net.cpp:408] conv3_1_re <- conv3_1
I0923 17:57:36.720427 2173940 net.cpp:369] conv3_1_re -> conv3_1 (in-place)
I0923 17:57:36.722811 2173940 net.cpp:124] Setting up conv3_1_re
I0923 17:57:36.722813 2173940 net.cpp:131] Top shape: 1 256 1 1 (256)
I0923 17:57:36.722815 2173940 net.cpp:139] Memory required for data: 5900
I0923 17:57:36.722816 2173940 layer_factory.hpp:77] Creating layer conv3_2
I0923 17:57:36.722820 2173940 net.cpp:86] Creating Layer conv3_2
I0923 17:57:36.722821 2173940 net.cpp:408] conv3_2 <- conv3_1
I0923 17:57:36.722823 2173940 net.cpp:382] conv3_2 -> conv3_2
I0923 17:57:36.735106 2173940 net.cpp:124] Setting up conv3_2
I0923 17:57:36.735111 2173940 net.cpp:131] Top shape: 1 256 1 1 (256)
I0923 17:57:36.735113 2173940 net.cpp:139] Memory required for data: 6924
I0923 17:57:36.735116 2173940 layer_factory.hpp:77] Creating layer conv3_2_re
I0923 17:57:36.735117 2173940 net.cpp:86] Creating Layer conv3_2_re
I0923 17:57:36.735119 2173940 net.cpp:408] conv3_2_re <- conv3_2
I0923 17:57:36.735121 2173940 net.cpp:369] conv3_2_re -> conv3_2 (in-place)
I0923 17:57:36.737604 2173940 net.cpp:124] Setting up conv3_2_re
I0923 17:57:36.737607 2173940 net.cpp:131] Top shape: 1 256 1 1 (256)
I0923 17:57:36.737608 2173940 net.cpp:139] Memory required for data: 7948
I0923 17:57:36.737609 2173940 layer_factory.hpp:77] Creating layer conv3_3
I0923 17:57:36.737612 2173940 net.cpp:86] Creating Layer conv3_3
I0923 17:57:36.737614 2173940 net.cpp:408] conv3_3 <- conv3_2
I0923 17:57:36.737615 2173940 net.cpp:382] conv3_3 -> conv3_3
I0923 17:57:36.748415 2173940 net.cpp:124] Setting up conv3_3
I0923 17:57:36.748420 2173940 net.cpp:131] Top shape: 1 256 1 1 (256)
I0923 17:57:36.748421 2173940 net.cpp:139] Memory required for data: 8972
I0923 17:57:36.748423 2173940 layer_factory.hpp:77] Creating layer conv3_3_re
I0923 17:57:36.748426 2173940 net.cpp:86] Creating Layer conv3_3_re
I0923 17:57:36.748427 2173940 net.cpp:408] conv3_3_re <- conv3_3
I0923 17:57:36.748430 2173940 net.cpp:369] conv3_3_re -> conv3_3 (in-place)
I0923 17:57:36.750942 2173940 net.cpp:124] Setting up conv3_3_re
I0923 17:57:36.750946 2173940 net.cpp:131] Top shape: 1 256 1 1 (256)
I0923 17:57:36.750947 2173940 net.cpp:139] Memory required for data: 9996
I0923 17:57:36.750948 2173940 layer_factory.hpp:77] Creating layer conv3_4
I0923 17:57:36.750952 2173940 net.cpp:86] Creating Layer conv3_4
I0923 17:57:36.750953 2173940 net.cpp:408] conv3_4 <- conv3_3
I0923 17:57:36.750955 2173940 net.cpp:382] conv3_4 -> conv3_4
I0923 17:57:36.762063 2173940 net.cpp:124] Setting up conv3_4
I0923 17:57:36.762068 2173940 net.cpp:131] Top shape: 1 256 1 1 (256)
I0923 17:57:36.762069 2173940 net.cpp:139] Memory required for data: 11020
I0923 17:57:36.762071 2173940 layer_factory.hpp:77] Creating layer conv3_4_re
I0923 17:57:36.762074 2173940 net.cpp:86] Creating Layer conv3_4_re
I0923 17:57:36.762075 2173940 net.cpp:408] conv3_4_re <- conv3_4
I0923 17:57:36.762077 2173940 net.cpp:369] conv3_4_re -> conv3_4 (in-place)
I0923 17:57:36.764465 2173940 net.cpp:124] Setting up conv3_4_re
I0923 17:57:36.764468 2173940 net.cpp:131] Top shape: 1 256 1 1 (256)
I0923 17:57:36.764469 2173940 net.cpp:139] Memory required for data: 12044
I0923 17:57:36.764470 2173940 layer_factory.hpp:77] Creating layer pool3
I0923 17:57:36.764472 2173940 net.cpp:86] Creating Layer pool3
I0923 17:57:36.764474 2173940 net.cpp:408] pool3 <- conv3_4
I0923 17:57:36.764475 2173940 net.cpp:382] pool3 -> pool3
I0923 17:57:36.764485 2173940 net.cpp:124] Setting up pool3
I0923 17:57:36.764487 2173940 net.cpp:131] Top shape: 1 256 1 1 (256)
I0923 17:57:36.764488 2173940 net.cpp:139] Memory required for data: 13068
I0923 17:57:36.764489 2173940 layer_factory.hpp:77] Creating layer conv4_1
I0923 17:57:36.764492 2173940 net.cpp:86] Creating Layer conv4_1
I0923 17:57:36.764493 2173940 net.cpp:408] conv4_1 <- pool3
I0923 17:57:36.764494 2173940 net.cpp:382] conv4_1 -> conv4_1
I0923 17:57:36.778498 2173940 net.cpp:124] Setting up conv4_1
I0923 17:57:36.778503 2173940 net.cpp:131] Top shape: 1 512 1 1 (512)
I0923 17:57:36.778505 2173940 net.cpp:139] Memory required for data: 15116
I0923 17:57:36.778508 2173940 layer_factory.hpp:77] Creating layer conv4_1_re
I0923 17:57:36.778512 2173940 net.cpp:86] Creating Layer conv4_1_re
I0923 17:57:36.778512 2173940 net.cpp:408] conv4_1_re <- conv4_1
I0923 17:57:36.778514 2173940 net.cpp:369] conv4_1_re -> conv4_1 (in-place)
I0923 17:57:36.781023 2173940 net.cpp:124] Setting up conv4_1_re
I0923 17:57:36.781026 2173940 net.cpp:131] Top shape: 1 512 1 1 (512)
I0923 17:57:36.781028 2173940 net.cpp:139] Memory required for data: 17164
I0923 17:57:36.781029 2173940 layer_factory.hpp:77] Creating layer conv4_2
I0923 17:57:36.781032 2173940 net.cpp:86] Creating Layer conv4_2
I0923 17:57:36.781033 2173940 net.cpp:408] conv4_2 <- conv4_1
I0923 17:57:36.781035 2173940 net.cpp:382] conv4_2 -> conv4_2
I0923 17:57:36.800563 2173940 net.cpp:124] Setting up conv4_2
I0923 17:57:36.800570 2173940 net.cpp:131] Top shape: 1 512 1 1 (512)
I0923 17:57:36.800571 2173940 net.cpp:139] Memory required for data: 19212
I0923 17:57:36.800573 2173940 layer_factory.hpp:77] Creating layer conv4_2_re
I0923 17:57:36.800575 2173940 net.cpp:86] Creating Layer conv4_2_re
I0923 17:57:36.800577 2173940 net.cpp:408] conv4_2_re <- conv4_2
I0923 17:57:36.800580 2173940 net.cpp:369] conv4_2_re -> conv4_2 (in-place)
I0923 17:57:36.802968 2173940 net.cpp:124] Setting up conv4_2_re
I0923 17:57:36.802970 2173940 net.cpp:131] Top shape: 1 512 1 1 (512)
I0923 17:57:36.802973 2173940 net.cpp:139] Memory required for data: 21260
I0923 17:57:36.802973 2173940 layer_factory.hpp:77] Creating layer conv4_3
I0923 17:57:36.802977 2173940 net.cpp:86] Creating Layer conv4_3
I0923 17:57:36.802978 2173940 net.cpp:408] conv4_3 <- conv4_2
I0923 17:57:36.802980 2173940 net.cpp:382] conv4_3 -> conv4_3
I0923 17:57:36.822338 2173940 net.cpp:124] Setting up conv4_3
I0923 17:57:36.822345 2173940 net.cpp:131] Top shape: 1 512 1 1 (512)
I0923 17:57:36.822346 2173940 net.cpp:139] Memory required for data: 23308
I0923 17:57:36.822348 2173940 layer_factory.hpp:77] Creating layer conv4_3_re
I0923 17:57:36.822351 2173940 net.cpp:86] Creating Layer conv4_3_re
I0923 17:57:36.822352 2173940 net.cpp:408] conv4_3_re <- conv4_3
I0923 17:57:36.822355 2173940 net.cpp:369] conv4_3_re -> conv4_3 (in-place)
I0923 17:57:36.824956 2173940 net.cpp:124] Setting up conv4_3_re
I0923 17:57:36.824960 2173940 net.cpp:131] Top shape: 1 512 1 1 (512)
I0923 17:57:36.824961 2173940 net.cpp:139] Memory required for data: 25356
I0923 17:57:36.824962 2173940 layer_factory.hpp:77] Creating layer conv4_4
I0923 17:57:36.824966 2173940 net.cpp:86] Creating Layer conv4_4
I0923 17:57:36.824967 2173940 net.cpp:408] conv4_4 <- conv4_3
I0923 17:57:36.824970 2173940 net.cpp:382] conv4_4 -> conv4_4
I0923 17:57:36.845940 2173940 net.cpp:124] Setting up conv4_4
I0923 17:57:36.845945 2173940 net.cpp:131] Top shape: 1 512 1 1 (512)
I0923 17:57:36.845947 2173940 net.cpp:139] Memory required for data: 27404
I0923 17:57:36.845949 2173940 layer_factory.hpp:77] Creating layer conv4_4_re
I0923 17:57:36.845952 2173940 net.cpp:86] Creating Layer conv4_4_re
I0923 17:57:36.845953 2173940 net.cpp:408] conv4_4_re <- conv4_4
I0923 17:57:36.845955 2173940 net.cpp:369] conv4_4_re -> conv4_4 (in-place)
I0923 17:57:36.849050 2173940 net.cpp:124] Setting up conv4_4_re
I0923 17:57:36.849054 2173940 net.cpp:131] Top shape: 1 512 1 1 (512)
I0923 17:57:36.849056 2173940 net.cpp:139] Memory required for data: 29452
I0923 17:57:36.849057 2173940 layer_factory.hpp:77] Creating layer conv5_1
I0923 17:57:36.849061 2173940 net.cpp:86] Creating Layer conv5_1
I0923 17:57:36.849061 2173940 net.cpp:408] conv5_1 <- conv4_4
I0923 17:57:36.849063 2173940 net.cpp:382] conv5_1 -> conv5_1
I0923 17:57:36.868285 2173940 net.cpp:124] Setting up conv5_1
I0923 17:57:36.868291 2173940 net.cpp:131] Top shape: 1 512 1 1 (512)
I0923 17:57:36.868294 2173940 net.cpp:139] Memory required for data: 31500
I0923 17:57:36.868295 2173940 layer_factory.hpp:77] Creating layer conv5_1_re
I0923 17:57:36.868299 2173940 net.cpp:86] Creating Layer conv5_1_re
I0923 17:57:36.868299 2173940 net.cpp:408] conv5_1_re <- conv5_1
I0923 17:57:36.868301 2173940 net.cpp:369] conv5_1_re -> conv5_1 (in-place)
I0923 17:57:36.870798 2173940 net.cpp:124] Setting up conv5_1_re
I0923 17:57:36.870801 2173940 net.cpp:131] Top shape: 1 512 1 1 (512)
I0923 17:57:36.870803 2173940 net.cpp:139] Memory required for data: 33548
I0923 17:57:36.870805 2173940 layer_factory.hpp:77] Creating layer conv5_2
I0923 17:57:36.870808 2173940 net.cpp:86] Creating Layer conv5_2
I0923 17:57:36.870810 2173940 net.cpp:408] conv5_2 <- conv5_1
I0923 17:57:36.870811 2173940 net.cpp:382] conv5_2 -> conv5_2
I0923 17:57:36.890672 2173940 net.cpp:124] Setting up conv5_2
I0923 17:57:36.890678 2173940 net.cpp:131] Top shape: 1 512 1 1 (512)
I0923 17:57:36.890681 2173940 net.cpp:139] Memory required for data: 35596
I0923 17:57:36.890682 2173940 layer_factory.hpp:77] Creating layer conv5_2_re
I0923 17:57:36.890686 2173940 net.cpp:86] Creating Layer conv5_2_re
I0923 17:57:36.890686 2173940 net.cpp:408] conv5_2_re <- conv5_2
I0923 17:57:36.890688 2173940 net.cpp:369] conv5_2_re -> conv5_2 (in-place)
I0923 17:57:36.893296 2173940 net.cpp:124] Setting up conv5_2_re
I0923 17:57:36.893298 2173940 net.cpp:131] Top shape: 1 512 1 1 (512)
I0923 17:57:36.893301 2173940 net.cpp:139] Memory required for data: 37644
I0923 17:57:36.893301 2173940 layer_factory.hpp:77] Creating layer conv5_3_CPM
I0923 17:57:36.893304 2173940 net.cpp:86] Creating Layer conv5_3_CPM
I0923 17:57:36.893306 2173940 net.cpp:408] conv5_3_CPM <- conv5_2
I0923 17:57:36.893308 2173940 net.cpp:382] conv5_3_CPM -> conv5_3_CPM
I0923 17:57:36.904315 2173940 net.cpp:124] Setting up conv5_3_CPM
I0923 17:57:36.904321 2173940 net.cpp:131] Top shape: 1 128 1 1 (128)
I0923 17:57:36.904323 2173940 net.cpp:139] Memory required for data: 38156
I0923 17:57:36.904325 2173940 layer_factory.hpp:77] Creating layer conv5_3_CPM_re
I0923 17:57:36.904328 2173940 net.cpp:86] Creating Layer conv5_3_CPM_re
I0923 17:57:36.904330 2173940 net.cpp:408] conv5_3_CPM_re <- conv5_3_CPM
I0923 17:57:36.904331 2173940 net.cpp:369] conv5_3_CPM_re -> conv5_3_CPM (in-place)
I0923 17:57:36.906870 2173940 net.cpp:124] Setting up conv5_3_CPM_re
I0923 17:57:36.906873 2173940 net.cpp:131] Top shape: 1 128 1 1 (128)
I0923 17:57:36.906875 2173940 net.cpp:139] Memory required for data: 38668
I0923 17:57:36.906876 2173940 layer_factory.hpp:77] Creating layer conv5_3_CPM_conv5_3_CPM_re_0_split
I0923 17:57:36.906879 2173940 net.cpp:86] Creating Layer conv5_3_CPM_conv5_3_CPM_re_0_split
I0923 17:57:36.906880 2173940 net.cpp:408] conv5_3_CPM_conv5_3_CPM_re_0_split <- conv5_3_CPM
I0923 17:57:36.906883 2173940 net.cpp:382] conv5_3_CPM_conv5_3_CPM_re_0_split -> conv5_3_CPM_conv5_3_CPM_re_0_split_0
I0923 17:57:36.906886 2173940 net.cpp:382] conv5_3_CPM_conv5_3_CPM_re_0_split -> conv5_3_CPM_conv5_3_CPM_re_0_split_1
I0923 17:57:36.906888 2173940 net.cpp:382] conv5_3_CPM_conv5_3_CPM_re_0_split -> conv5_3_CPM_conv5_3_CPM_re_0_split_2
I0923 17:57:36.906890 2173940 net.cpp:382] conv5_3_CPM_conv5_3_CPM_re_0_split -> conv5_3_CPM_conv5_3_CPM_re_0_split_3
I0923 17:57:36.906893 2173940 net.cpp:382] conv5_3_CPM_conv5_3_CPM_re_0_split -> conv5_3_CPM_conv5_3_CPM_re_0_split_4
I0923 17:57:36.906893 2173940 net.cpp:382] conv5_3_CPM_conv5_3_CPM_re_0_split -> conv5_3_CPM_conv5_3_CPM_re_0_split_5
I0923 17:57:36.906919 2173940 net.cpp:124] Setting up conv5_3_CPM_conv5_3_CPM_re_0_split
I0923 17:57:36.906919 2173940 net.cpp:131] Top shape: 1 128 1 1 (128)
I0923 17:57:36.906921 2173940 net.cpp:131] Top shape: 1 128 1 1 (128)
I0923 17:57:36.906922 2173940 net.cpp:131] Top shape: 1 128 1 1 (128)
I0923 17:57:36.906924 2173940 net.cpp:131] Top shape: 1 128 1 1 (128)
I0923 17:57:36.906924 2173940 net.cpp:131] Top shape: 1 128 1 1 (128)
I0923 17:57:36.906925 2173940 net.cpp:131] Top shape: 1 128 1 1 (128)
I0923 17:57:36.906926 2173940 net.cpp:139] Memory required for data: 41740
I0923 17:57:36.906927 2173940 layer_factory.hpp:77] Creating layer conv6_1_CPM
I0923 17:57:36.906932 2173940 net.cpp:86] Creating Layer conv6_1_CPM
I0923 17:57:36.906934 2173940 net.cpp:408] conv6_1_CPM <- conv5_3_CPM_conv5_3_CPM_re_0_split_0
I0923 17:57:36.906935 2173940 net.cpp:382] conv6_1_CPM -> conv6_1_CPM
I0923 17:57:36.917536 2173940 net.cpp:124] Setting up conv6_1_CPM
I0923 17:57:36.917542 2173940 net.cpp:131] Top shape: 1 512 1 1 (512)
I0923 17:57:36.917544 2173940 net.cpp:139] Memory required for data: 43788
I0923 17:57:36.917546 2173940 layer_factory.hpp:77] Creating layer conv6_1_CPM_re
I0923 17:57:36.917549 2173940 net.cpp:86] Creating Layer conv6_1_CPM_re
I0923 17:57:36.917550 2173940 net.cpp:408] conv6_1_CPM_re <- conv6_1_CPM
I0923 17:57:36.917553 2173940 net.cpp:369] conv6_1_CPM_re -> conv6_1_CPM (in-place)
I0923 17:57:36.920032 2173940 net.cpp:124] Setting up conv6_1_CPM_re
I0923 17:57:36.920034 2173940 net.cpp:131] Top shape: 1 512 1 1 (512)
I0923 17:57:36.920037 2173940 net.cpp:139] Memory required for data: 45836
I0923 17:57:36.920037 2173940 layer_factory.hpp:77] Creating layer conv6_2_CPM
I0923 17:57:36.920040 2173940 net.cpp:86] Creating Layer conv6_2_CPM
I0923 17:57:36.920042 2173940 net.cpp:408] conv6_2_CPM <- conv6_1_CPM
I0923 17:57:36.920044 2173940 net.cpp:382] conv6_2_CPM -> conv6_2_CPM
I0923 17:57:36.929487 2173940 net.cpp:124] Setting up conv6_2_CPM
I0923 17:57:36.929492 2173940 net.cpp:131] Top shape: 1 71 1 1 (71)
I0923 17:57:36.929494 2173940 net.cpp:139] Memory required for data: 46120
I0923 17:57:36.929498 2173940 layer_factory.hpp:77] Creating layer features_in_stage_2
I0923 17:57:36.929502 2173940 net.cpp:86] Creating Layer features_in_stage_2
I0923 17:57:36.929502 2173940 net.cpp:408] features_in_stage_2 <- conv6_2_CPM
I0923 17:57:36.929504 2173940 net.cpp:408] features_in_stage_2 <- conv5_3_CPM_conv5_3_CPM_re_0_split_1
I0923 17:57:36.929507 2173940 net.cpp:382] features_in_stage_2 -> features_in_stage_2
I0923 17:57:36.929517 2173940 net.cpp:124] Setting up features_in_stage_2
I0923 17:57:36.929517 2173940 net.cpp:131] Top shape: 1 199 1 1 (199)
I0923 17:57:36.929518 2173940 net.cpp:139] Memory required for data: 46916
I0923 17:57:36.929519 2173940 layer_factory.hpp:77] Creating layer Mconv1_stage2
I0923 17:57:36.929523 2173940 net.cpp:86] Creating Layer Mconv1_stage2
I0923 17:57:36.929524 2173940 net.cpp:408] Mconv1_stage2 <- features_in_stage_2
I0923 17:57:36.929526 2173940 net.cpp:382] Mconv1_stage2 -> Mconv1_stage2
I0923 17:57:36.943838 2173940 net.cpp:124] Setting up Mconv1_stage2
I0923 17:57:36.943843 2173940 net.cpp:131] Top shape: 1 128 1 1 (128)
I0923 17:57:36.943845 2173940 net.cpp:139] Memory required for data: 47428
I0923 17:57:36.943848 2173940 layer_factory.hpp:77] Creating layer Mconv1_stage2_re
I0923 17:57:36.943850 2173940 net.cpp:86] Creating Layer Mconv1_stage2_re
I0923 17:57:36.943852 2173940 net.cpp:408] Mconv1_stage2_re <- Mconv1_stage2
I0923 17:57:36.943854 2173940 net.cpp:369] Mconv1_stage2_re -> Mconv1_stage2 (in-place)
I0923 17:57:36.946379 2173940 net.cpp:124] Setting up Mconv1_stage2_re
I0923 17:57:36.946383 2173940 net.cpp:131] Top shape: 1 128 1 1 (128)
I0923 17:57:36.946385 2173940 net.cpp:139] Memory required for data: 47940
I0923 17:57:36.946386 2173940 layer_factory.hpp:77] Creating layer Mconv2_stage2
I0923 17:57:36.946390 2173940 net.cpp:86] Creating Layer Mconv2_stage2
I0923 17:57:36.946391 2173940 net.cpp:408] Mconv2_stage2 <- Mconv1_stage2
I0923 17:57:36.946393 2173940 net.cpp:382] Mconv2_stage2 -> Mconv2_stage2
I0923 17:57:36.958237 2173940 net.cpp:124] Setting up Mconv2_stage2
I0923 17:57:36.958243 2173940 net.cpp:131] Top shape: 1 128 1 1 (128)
I0923 17:57:36.958245 2173940 net.cpp:139] Memory required for data: 48452
I0923 17:57:36.958247 2173940 layer_factory.hpp:77] Creating layer Mconv2_stage2_re
I0923 17:57:36.958250 2173940 net.cpp:86] Creating Layer Mconv2_stage2_re
I0923 17:57:36.958251 2173940 net.cpp:408] Mconv2_stage2_re <- Mconv2_stage2
I0923 17:57:36.958253 2173940 net.cpp:369] Mconv2_stage2_re -> Mconv2_stage2 (in-place)
I0923 17:57:36.960861 2173940 net.cpp:124] Setting up Mconv2_stage2_re
I0923 17:57:36.960865 2173940 net.cpp:131] Top shape: 1 128 1 1 (128)
I0923 17:57:36.960866 2173940 net.cpp:139] Memory required for data: 48964
I0923 17:57:36.960867 2173940 layer_factory.hpp:77] Creating layer Mconv3_stage2
I0923 17:57:36.960871 2173940 net.cpp:86] Creating Layer Mconv3_stage2
I0923 17:57:36.960873 2173940 net.cpp:408] Mconv3_stage2 <- Mconv2_stage2
I0923 17:57:36.960875 2173940 net.cpp:382] Mconv3_stage2 -> Mconv3_stage2
I0923 17:57:36.972819 2173940 net.cpp:124] Setting up Mconv3_stage2
I0923 17:57:36.972824 2173940 net.cpp:131] Top shape: 1 128 1 1 (128)
I0923 17:57:36.972826 2173940 net.cpp:139] Memory required for data: 49476
I0923 17:57:36.972828 2173940 layer_factory.hpp:77] Creating layer Mconv3_stage2_re
I0923 17:57:36.972831 2173940 net.cpp:86] Creating Layer Mconv3_stage2_re
I0923 17:57:36.972833 2173940 net.cpp:408] Mconv3_stage2_re <- Mconv3_stage2
I0923 17:57:36.972836 2173940 net.cpp:369] Mconv3_stage2_re -> Mconv3_stage2 (in-place)
I0923 17:57:36.975312 2173940 net.cpp:124] Setting up Mconv3_stage2_re
I0923 17:57:36.975315 2173940 net.cpp:131] Top shape: 1 128 1 1 (128)
I0923 17:57:36.975317 2173940 net.cpp:139] Memory required for data: 49988
I0923 17:57:36.975318 2173940 layer_factory.hpp:77] Creating layer Mconv4_stage2
I0923 17:57:36.975322 2173940 net.cpp:86] Creating Layer Mconv4_stage2
I0923 17:57:36.975324 2173940 net.cpp:408] Mconv4_stage2 <- Mconv3_stage2
I0923 17:57:36.975327 2173940 net.cpp:382] Mconv4_stage2 -> Mconv4_stage2
I0923 17:57:36.987212 2173940 net.cpp:124] Setting up Mconv4_stage2
I0923 17:57:36.987217 2173940 net.cpp:131] Top shape: 1 128 1 1 (128)
I0923 17:57:36.987219 2173940 net.cpp:139] Memory required for data: 50500
I0923 17:57:36.987221 2173940 layer_factory.hpp:77] Creating layer Mconv4_stage2_re
I0923 17:57:36.987224 2173940 net.cpp:86] Creating Layer Mconv4_stage2_re
I0923 17:57:36.987226 2173940 net.cpp:408] Mconv4_stage2_re <- Mconv4_stage2
I0923 17:57:36.987227 2173940 net.cpp:369] Mconv4_stage2_re -> Mconv4_stage2 (in-place)
I0923 17:57:36.990298 2173940 net.cpp:124] Setting up Mconv4_stage2_re
I0923 17:57:36.990301 2173940 net.cpp:131] Top shape: 1 128 1 1 (128)
I0923 17:57:36.990303 2173940 net.cpp:139] Memory required for data: 51012
I0923 17:57:36.990304 2173940 layer_factory.hpp:77] Creating layer Mconv5_stage2
I0923 17:57:36.990309 2173940 net.cpp:86] Creating Layer Mconv5_stage2
I0923 17:57:36.990310 2173940 net.cpp:408] Mconv5_stage2 <- Mconv4_stage2
I0923 17:57:36.990312 2173940 net.cpp:382] Mconv5_stage2 -> Mconv5_stage2
I0923 17:57:37.002172 2173940 net.cpp:124] Setting up Mconv5_stage2
I0923 17:57:37.002177 2173940 net.cpp:131] Top shape: 1 128 1 1 (128)
I0923 17:57:37.002179 2173940 net.cpp:139] Memory required for data: 51524
I0923 17:57:37.002182 2173940 layer_factory.hpp:77] Creating layer Mconv5_stage2_re
I0923 17:57:37.002185 2173940 net.cpp:86] Creating Layer Mconv5_stage2_re
I0923 17:57:37.002187 2173940 net.cpp:408] Mconv5_stage2_re <- Mconv5_stage2
I0923 17:57:37.002188 2173940 net.cpp:369] Mconv5_stage2_re -> Mconv5_stage2 (in-place)
I0923 17:57:37.004693 2173940 net.cpp:124] Setting up Mconv5_stage2_re
I0923 17:57:37.004696 2173940 net.cpp:131] Top shape: 1 128 1 1 (128)
I0923 17:57:37.004698 2173940 net.cpp:139] Memory required for data: 52036
I0923 17:57:37.004699 2173940 layer_factory.hpp:77] Creating layer Mconv6_stage2
I0923 17:57:37.004704 2173940 net.cpp:86] Creating Layer Mconv6_stage2
I0923 17:57:37.004705 2173940 net.cpp:408] Mconv6_stage2 <- Mconv5_stage2
I0923 17:57:37.004707 2173940 net.cpp:382] Mconv6_stage2 -> Mconv6_stage2
I0923 17:57:37.013535 2173940 net.cpp:124] Setting up Mconv6_stage2
I0923 17:57:37.013540 2173940 net.cpp:131] Top shape: 1 128 1 1 (128)
I0923 17:57:37.013542 2173940 net.cpp:139] Memory required for data: 52548
I0923 17:57:37.013545 2173940 layer_factory.hpp:77] Creating layer Mconv6_stage2_re
I0923 17:57:37.013548 2173940 net.cpp:86] Creating Layer Mconv6_stage2_re
I0923 17:57:37.013549 2173940 net.cpp:408] Mconv6_stage2_re <- Mconv6_stage2
I0923 17:57:37.013551 2173940 net.cpp:369] Mconv6_stage2_re -> Mconv6_stage2 (in-place)
I0923 17:57:37.016264 2173940 net.cpp:124] Setting up Mconv6_stage2_re
I0923 17:57:37.016268 2173940 net.cpp:131] Top shape: 1 128 1 1 (128)
I0923 17:57:37.016270 2173940 net.cpp:139] Memory required for data: 53060
I0923 17:57:37.016271 2173940 layer_factory.hpp:77] Creating layer Mconv7_stage2
I0923 17:57:37.016276 2173940 net.cpp:86] Creating Layer Mconv7_stage2
I0923 17:57:37.016278 2173940 net.cpp:408] Mconv7_stage2 <- Mconv6_stage2
I0923 17:57:37.016279 2173940 net.cpp:382] Mconv7_stage2 -> Mconv7_stage2
I0923 17:57:37.024088 2173940 net.cpp:124] Setting up Mconv7_stage2
I0923 17:57:37.024093 2173940 net.cpp:131] Top shape: 1 71 1 1 (71)
I0923 17:57:37.024096 2173940 net.cpp:139] Memory required for data: 53344
I0923 17:57:37.024097 2173940 layer_factory.hpp:77] Creating layer features_in_stage_3
I0923 17:57:37.024101 2173940 net.cpp:86] Creating Layer features_in_stage_3
I0923 17:57:37.024102 2173940 net.cpp:408] features_in_stage_3 <- Mconv7_stage2
I0923 17:57:37.024104 2173940 net.cpp:408] features_in_stage_3 <- conv5_3_CPM_conv5_3_CPM_re_0_split_2
I0923 17:57:37.024106 2173940 net.cpp:382] features_in_stage_3 -> features_in_stage_3
I0923 17:57:37.024114 2173940 net.cpp:124] Setting up features_in_stage_3
I0923 17:57:37.024115 2173940 net.cpp:131] Top shape: 1 199 1 1 (199)
I0923 17:57:37.024117 2173940 net.cpp:139] Memory required for data: 54140
I0923 17:57:37.024118 2173940 layer_factory.hpp:77] Creating layer Mconv1_stage3
I0923 17:57:37.024121 2173940 net.cpp:86] Creating Layer Mconv1_stage3
I0923 17:57:37.024123 2173940 net.cpp:408] Mconv1_stage3 <- features_in_stage_3
I0923 17:57:37.024124 2173940 net.cpp:382] Mconv1_stage3 -> Mconv1_stage3
I0923 17:57:37.039800 2173940 net.cpp:124] Setting up Mconv1_stage3
I0923 17:57:37.039805 2173940 net.cpp:131] Top shape: 1 128 1 1 (128)
I0923 17:57:37.039808 2173940 net.cpp:139] Memory required for data: 54652
I0923 17:57:37.039810 2173940 layer_factory.hpp:77] Creating layer Mconv1_stage3_re
I0923 17:57:37.039813 2173940 net.cpp:86] Creating Layer Mconv1_stage3_re
I0923 17:57:37.039814 2173940 net.cpp:408] Mconv1_stage3_re <- Mconv1_stage3
I0923 17:57:37.039816 2173940 net.cpp:369] Mconv1_stage3_re -> Mconv1_stage3 (in-place)
I0923 17:57:37.042200 2173940 net.cpp:124] Setting up Mconv1_stage3_re
I0923 17:57:37.042203 2173940 net.cpp:131] Top shape: 1 128 1 1 (128)
I0923 17:57:37.042205 2173940 net.cpp:139] Memory required for data: 55164
I0923 17:57:37.042207 2173940 layer_factory.hpp:77] Creating layer Mconv2_stage3
I0923 17:57:37.042210 2173940 net.cpp:86] Creating Layer Mconv2_stage3
I0923 17:57:37.042212 2173940 net.cpp:408] Mconv2_stage3 <- Mconv1_stage3
I0923 17:57:37.042214 2173940 net.cpp:382] Mconv2_stage3 -> Mconv2_stage3
I0923 17:57:37.054581 2173940 net.cpp:124] Setting up Mconv2_stage3
I0923 17:57:37.054587 2173940 net.cpp:131] Top shape: 1 128 1 1 (128)
I0923 17:57:37.054589 2173940 net.cpp:139] Memory required for data: 55676
I0923 17:57:37.054591 2173940 layer_factory.hpp:77] Creating layer Mconv2_stage3_re
I0923 17:57:37.054594 2173940 net.cpp:86] Creating Layer Mconv2_stage3_re
I0923 17:57:37.054595 2173940 net.cpp:408] Mconv2_stage3_re <- Mconv2_stage3
I0923 17:57:37.054597 2173940 net.cpp:369] Mconv2_stage3_re -> Mconv2_stage3 (in-place)
I0923 17:57:37.057109 2173940 net.cpp:124] Setting up Mconv2_stage3_re
I0923 17:57:37.057112 2173940 net.cpp:131] Top shape: 1 128 1 1 (128)
I0923 17:57:37.057113 2173940 net.cpp:139] Memory required for data: 56188
I0923 17:57:37.057116 2173940 layer_factory.hpp:77] Creating layer Mconv3_stage3
I0923 17:57:37.057118 2173940 net.cpp:86] Creating Layer Mconv3_stage3
I0923 17:57:37.057120 2173940 net.cpp:408] Mconv3_stage3 <- Mconv2_stage3
I0923 17:57:37.057122 2173940 net.cpp:382] Mconv3_stage3 -> Mconv3_stage3
I0923 17:57:37.068810 2173940 net.cpp:124] Setting up Mconv3_stage3
I0923 17:57:37.068815 2173940 net.cpp:131] Top shape: 1 128 1 1 (128)
I0923 17:57:37.068817 2173940 net.cpp:139] Memory required for data: 56700
I0923 17:57:37.068820 2173940 layer_factory.hpp:77] Creating layer Mconv3_stage3_re
I0923 17:57:37.068822 2173940 net.cpp:86] Creating Layer Mconv3_stage3_re
I0923 17:57:37.068825 2173940 net.cpp:408] Mconv3_stage3_re <- Mconv3_stage3
I0923 17:57:37.068826 2173940 net.cpp:369] Mconv3_stage3_re -> Mconv3_stage3 (in-place)
I0923 17:57:37.071327 2173940 net.cpp:124] Setting up Mconv3_stage3_re
I0923 17:57:37.071331 2173940 net.cpp:131] Top shape: 1 128 1 1 (128)
I0923 17:57:37.071332 2173940 net.cpp:139] Memory required for data: 57212
I0923 17:57:37.071334 2173940 layer_factory.hpp:77] Creating layer Mconv4_stage3
I0923 17:57:37.071338 2173940 net.cpp:86] Creating Layer Mconv4_stage3
I0923 17:57:37.071339 2173940 net.cpp:408] Mconv4_stage3 <- Mconv3_stage3
I0923 17:57:37.071341 2173940 net.cpp:382] Mconv4_stage3 -> Mconv4_stage3
I0923 17:57:37.083199 2173940 net.cpp:124] Setting up Mconv4_stage3
I0923 17:57:37.083204 2173940 net.cpp:131] Top shape: 1 128 1 1 (128)
I0923 17:57:37.083205 2173940 net.cpp:139] Memory required for data: 57724
I0923 17:57:37.083207 2173940 layer_factory.hpp:77] Creating layer Mconv4_stage3_re
I0923 17:57:37.083210 2173940 net.cpp:86] Creating Layer Mconv4_stage3_re
I0923 17:57:37.083211 2173940 net.cpp:408] Mconv4_stage3_re <- Mconv4_stage3
I0923 17:57:37.083213 2173940 net.cpp:369] Mconv4_stage3_re -> Mconv4_stage3 (in-place)
I0923 17:57:37.085966 2173940 net.cpp:124] Setting up Mconv4_stage3_re
I0923 17:57:37.085970 2173940 net.cpp:131] Top shape: 1 128 1 1 (128)
I0923 17:57:37.085973 2173940 net.cpp:139] Memory required for data: 58236
I0923 17:57:37.085973 2173940 layer_factory.hpp:77] Creating layer Mconv5_stage3
I0923 17:57:37.085978 2173940 net.cpp:86] Creating Layer Mconv5_stage3
I0923 17:57:37.085979 2173940 net.cpp:408] Mconv5_stage3 <- Mconv4_stage3
I0923 17:57:37.085981 2173940 net.cpp:382] Mconv5_stage3 -> Mconv5_stage3
I0923 17:57:37.098157 2173940 net.cpp:124] Setting up Mconv5_stage3
I0923 17:57:37.098162 2173940 net.cpp:131] Top shape: 1 128 1 1 (128)
I0923 17:57:37.098165 2173940 net.cpp:139] Memory required for data: 58748
I0923 17:57:37.098167 2173940 layer_factory.hpp:77] Creating layer Mconv5_stage3_re
I0923 17:57:37.098169 2173940 net.cpp:86] Creating Layer Mconv5_stage3_re
I0923 17:57:37.098171 2173940 net.cpp:408] Mconv5_stage3_re <- Mconv5_stage3
I0923 17:57:37.098173 2173940 net.cpp:369] Mconv5_stage3_re -> Mconv5_stage3 (in-place)
I0923 17:57:37.100873 2173940 net.cpp:124] Setting up Mconv5_stage3_re
I0923 17:57:37.100878 2173940 net.cpp:131] Top shape: 1 128 1 1 (128)
I0923 17:57:37.100879 2173940 net.cpp:139] Memory required for data: 59260
I0923 17:57:37.100880 2173940 layer_factory.hpp:77] Creating layer Mconv6_stage3
I0923 17:57:37.100884 2173940 net.cpp:86] Creating Layer Mconv6_stage3
I0923 17:57:37.100886 2173940 net.cpp:408] Mconv6_stage3 <- Mconv5_stage3
I0923 17:57:37.100888 2173940 net.cpp:382] Mconv6_stage3 -> Mconv6_stage3
I0923 17:57:37.109414 2173940 net.cpp:124] Setting up Mconv6_stage3
I0923 17:57:37.109419 2173940 net.cpp:131] Top shape: 1 128 1 1 (128)
I0923 17:57:37.109421 2173940 net.cpp:139] Memory required for data: 59772
I0923 17:57:37.109424 2173940 layer_factory.hpp:77] Creating layer Mconv6_stage3_re
I0923 17:57:37.109428 2173940 net.cpp:86] Creating Layer Mconv6_stage3_re
I0923 17:57:37.109429 2173940 net.cpp:408] Mconv6_stage3_re <- Mconv6_stage3
I0923 17:57:37.109431 2173940 net.cpp:369] Mconv6_stage3_re -> Mconv6_stage3 (in-place)
I0923 17:57:37.112689 2173940 net.cpp:124] Setting up Mconv6_stage3_re
I0923 17:57:37.112692 2173940 net.cpp:131] Top shape: 1 128 1 1 (128)
I0923 17:57:37.112694 2173940 net.cpp:139] Memory required for data: 60284
I0923 17:57:37.112696 2173940 layer_factory.hpp:77] Creating layer Mconv7_stage3
I0923 17:57:37.112700 2173940 net.cpp:86] Creating Layer Mconv7_stage3
I0923 17:57:37.112702 2173940 net.cpp:408] Mconv7_stage3 <- Mconv6_stage3
I0923 17:57:37.112704 2173940 net.cpp:382] Mconv7_stage3 -> Mconv7_stage3
I0923 17:57:37.120085 2173940 net.cpp:124] Setting up Mconv7_stage3
I0923 17:57:37.120090 2173940 net.cpp:131] Top shape: 1 71 1 1 (71)
I0923 17:57:37.120091 2173940 net.cpp:139] Memory required for data: 60568
I0923 17:57:37.120093 2173940 layer_factory.hpp:77] Creating layer features_in_stage_4
I0923 17:57:37.120096 2173940 net.cpp:86] Creating Layer features_in_stage_4
I0923 17:57:37.120098 2173940 net.cpp:408] features_in_stage_4 <- Mconv7_stage3
I0923 17:57:37.120100 2173940 net.cpp:408] features_in_stage_4 <- conv5_3_CPM_conv5_3_CPM_re_0_split_3
I0923 17:57:37.120101 2173940 net.cpp:382] features_in_stage_4 -> features_in_stage_4
I0923 17:57:37.120110 2173940 net.cpp:124] Setting up features_in_stage_4
I0923 17:57:37.120111 2173940 net.cpp:131] Top shape: 1 199 1 1 (199)
I0923 17:57:37.120112 2173940 net.cpp:139] Memory required for data: 61364
I0923 17:57:37.120113 2173940 layer_factory.hpp:77] Creating layer Mconv1_stage4
I0923 17:57:37.120117 2173940 net.cpp:86] Creating Layer Mconv1_stage4
I0923 17:57:37.120118 2173940 net.cpp:408] Mconv1_stage4 <- features_in_stage_4
I0923 17:57:37.120121 2173940 net.cpp:382] Mconv1_stage4 -> Mconv1_stage4
I0923 17:57:37.135699 2173940 net.cpp:124] Setting up Mconv1_stage4
I0923 17:57:37.135704 2173940 net.cpp:131] Top shape: 1 128 1 1 (128)
I0923 17:57:37.135706 2173940 net.cpp:139] Memory required for data: 61876
I0923 17:57:37.135708 2173940 layer_factory.hpp:77] Creating layer Mconv1_stage4_re
I0923 17:57:37.135711 2173940 net.cpp:86] Creating Layer Mconv1_stage4_re
I0923 17:57:37.135713 2173940 net.cpp:408] Mconv1_stage4_re <- Mconv1_stage4
I0923 17:57:37.135715 2173940 net.cpp:369] Mconv1_stage4_re -> Mconv1_stage4 (in-place)
I0923 17:57:37.139870 2173940 net.cpp:124] Setting up Mconv1_stage4_re
I0923 17:57:37.139875 2173940 net.cpp:131] Top shape: 1 128 1 1 (128)
I0923 17:57:37.139878 2173940 net.cpp:139] Memory required for data: 62388
I0923 17:57:37.139879 2173940 layer_factory.hpp:77] Creating layer Mconv2_stage4
I0923 17:57:37.139884 2173940 net.cpp:86] Creating Layer Mconv2_stage4
I0923 17:57:37.139885 2173940 net.cpp:408] Mconv2_stage4 <- Mconv1_stage4
I0923 17:57:37.139889 2173940 net.cpp:382] Mconv2_stage4 -> Mconv2_stage4
I0923 17:57:37.153502 2173940 net.cpp:124] Setting up Mconv2_stage4
I0923 17:57:37.153508 2173940 net.cpp:131] Top shape: 1 128 1 1 (128)
I0923 17:57:37.153510 2173940 net.cpp:139] Memory required for data: 62900
I0923 17:57:37.153514 2173940 layer_factory.hpp:77] Creating layer Mconv2_stage4_re
I0923 17:57:37.153517 2173940 net.cpp:86] Creating Layer Mconv2_stage4_re
I0923 17:57:37.153518 2173940 net.cpp:408] Mconv2_stage4_re <- Mconv2_stage4
I0923 17:57:37.153520 2173940 net.cpp:369] Mconv2_stage4_re -> Mconv2_stage4 (in-place)
I0923 17:57:37.156030 2173940 net.cpp:124] Setting up Mconv2_stage4_re
I0923 17:57:37.156033 2173940 net.cpp:131] Top shape: 1 128 1 1 (128)
I0923 17:57:37.156035 2173940 net.cpp:139] Memory required for data: 63412
I0923 17:57:37.156036 2173940 layer_factory.hpp:77] Creating layer Mconv3_stage4
I0923 17:57:37.156041 2173940 net.cpp:86] Creating Layer Mconv3_stage4
I0923 17:57:37.156042 2173940 net.cpp:408] Mconv3_stage4 <- Mconv2_stage4
I0923 17:57:37.156044 2173940 net.cpp:382] Mconv3_stage4 -> Mconv3_stage4
I0923 17:57:37.168488 2173940 net.cpp:124] Setting up Mconv3_stage4
I0923 17:57:37.168494 2173940 net.cpp:131] Top shape: 1 128 1 1 (128)
I0923 17:57:37.168496 2173940 net.cpp:139] Memory required for data: 63924
I0923 17:57:37.168498 2173940 layer_factory.hpp:77] Creating layer Mconv3_stage4_re
I0923 17:57:37.168501 2173940 net.cpp:86] Creating Layer Mconv3_stage4_re
I0923 17:57:37.168503 2173940 net.cpp:408] Mconv3_stage4_re <- Mconv3_stage4
I0923 17:57:37.168505 2173940 net.cpp:369] Mconv3_stage4_re -> Mconv3_stage4 (in-place)
I0923 17:57:37.171151 2173940 net.cpp:124] Setting up Mconv3_stage4_re
I0923 17:57:37.171155 2173940 net.cpp:131] Top shape: 1 128 1 1 (128)
I0923 17:57:37.171157 2173940 net.cpp:139] Memory required for data: 64436
I0923 17:57:37.171159 2173940 layer_factory.hpp:77] Creating layer Mconv4_stage4
I0923 17:57:37.171164 2173940 net.cpp:86] Creating Layer Mconv4_stage4
I0923 17:57:37.171164 2173940 net.cpp:408] Mconv4_stage4 <- Mconv3_stage4
I0923 17:57:37.171166 2173940 net.cpp:382] Mconv4_stage4 -> Mconv4_stage4
I0923 17:57:37.182721 2173940 net.cpp:124] Setting up Mconv4_stage4
I0923 17:57:37.182726 2173940 net.cpp:131] Top shape: 1 128 1 1 (128)
I0923 17:57:37.182729 2173940 net.cpp:139] Memory required for data: 64948
I0923 17:57:37.182731 2173940 layer_factory.hpp:77] Creating layer Mconv4_stage4_re
I0923 17:57:37.182734 2173940 net.cpp:86] Creating Layer Mconv4_stage4_re
I0923 17:57:37.182736 2173940 net.cpp:408] Mconv4_stage4_re <- Mconv4_stage4
I0923 17:57:37.182739 2173940 net.cpp:369] Mconv4_stage4_re -> Mconv4_stage4 (in-place)
I0923 17:57:37.185328 2173940 net.cpp:124] Setting up Mconv4_stage4_re
I0923 17:57:37.185333 2173940 net.cpp:131] Top shape: 1 128 1 1 (128)
I0923 17:57:37.185334 2173940 net.cpp:139] Memory required for data: 65460
I0923 17:57:37.185336 2173940 layer_factory.hpp:77] Creating layer Mconv5_stage4
I0923 17:57:37.185340 2173940 net.cpp:86] Creating Layer Mconv5_stage4
I0923 17:57:37.185343 2173940 net.cpp:408] Mconv5_stage4 <- Mconv4_stage4
I0923 17:57:37.185344 2173940 net.cpp:382] Mconv5_stage4 -> Mconv5_stage4
I0923 17:57:37.206962 2173940 net.cpp:124] Setting up Mconv5_stage4
I0923 17:57:37.206969 2173940 net.cpp:131] Top shape: 1 128 1 1 (128)
I0923 17:57:37.206970 2173940 net.cpp:139] Memory required for data: 65972
I0923 17:57:37.206972 2173940 layer_factory.hpp:77] Creating layer Mconv5_stage4_re
I0923 17:57:37.206975 2173940 net.cpp:86] Creating Layer Mconv5_stage4_re
I0923 17:57:37.206977 2173940 net.cpp:408] Mconv5_stage4_re <- Mconv5_stage4
I0923 17:57:37.206979 2173940 net.cpp:369] Mconv5_stage4_re -> Mconv5_stage4 (in-place)
I0923 17:57:37.210892 2173940 net.cpp:124] Setting up Mconv5_stage4_re
I0923 17:57:37.210896 2173940 net.cpp:131] Top shape: 1 128 1 1 (128)
I0923 17:57:37.210898 2173940 net.cpp:139] Memory required for data: 66484
I0923 17:57:37.210899 2173940 layer_factory.hpp:77] Creating layer Mconv6_stage4
I0923 17:57:37.210904 2173940 net.cpp:86] Creating Layer Mconv6_stage4
I0923 17:57:37.210906 2173940 net.cpp:408] Mconv6_stage4 <- Mconv5_stage4
I0923 17:57:37.210908 2173940 net.cpp:382] Mconv6_stage4 -> Mconv6_stage4
I0923 17:57:37.218689 2173940 net.cpp:124] Setting up Mconv6_stage4
I0923 17:57:37.218694 2173940 net.cpp:131] Top shape: 1 128 1 1 (128)
I0923 17:57:37.218696 2173940 net.cpp:139] Memory required for data: 66996
I0923 17:57:37.218698 2173940 layer_factory.hpp:77] Creating layer Mconv6_stage4_re
I0923 17:57:37.218701 2173940 net.cpp:86] Creating Layer Mconv6_stage4_re
I0923 17:57:37.218703 2173940 net.cpp:408] Mconv6_stage4_re <- Mconv6_stage4
I0923 17:57:37.218705 2173940 net.cpp:369] Mconv6_stage4_re -> Mconv6_stage4 (in-place)
I0923 17:57:37.221305 2173940 net.cpp:124] Setting up Mconv6_stage4_re
I0923 17:57:37.221309 2173940 net.cpp:131] Top shape: 1 128 1 1 (128)
I0923 17:57:37.221311 2173940 net.cpp:139] Memory required for data: 67508
I0923 17:57:37.221312 2173940 layer_factory.hpp:77] Creating layer Mconv7_stage4
I0923 17:57:37.221316 2173940 net.cpp:86] Creating Layer Mconv7_stage4
I0923 17:57:37.221318 2173940 net.cpp:408] Mconv7_stage4 <- Mconv6_stage4
I0923 17:57:37.221320 2173940 net.cpp:382] Mconv7_stage4 -> Mconv7_stage4
I0923 17:57:37.230417 2173940 net.cpp:124] Setting up Mconv7_stage4
I0923 17:57:37.230422 2173940 net.cpp:131] Top shape: 1 71 1 1 (71)
I0923 17:57:37.230423 2173940 net.cpp:139] Memory required for data: 67792
I0923 17:57:37.230425 2173940 layer_factory.hpp:77] Creating layer features_in_stage_5
I0923 17:57:37.230428 2173940 net.cpp:86] Creating Layer features_in_stage_5
I0923 17:57:37.230429 2173940 net.cpp:408] features_in_stage_5 <- Mconv7_stage4
I0923 17:57:37.230432 2173940 net.cpp:408] features_in_stage_5 <- conv5_3_CPM_conv5_3_CPM_re_0_split_4
I0923 17:57:37.230433 2173940 net.cpp:382] features_in_stage_5 -> features_in_stage_5
I0923 17:57:37.230441 2173940 net.cpp:124] Setting up features_in_stage_5
I0923 17:57:37.230443 2173940 net.cpp:131] Top shape: 1 199 1 1 (199)
I0923 17:57:37.230443 2173940 net.cpp:139] Memory required for data: 68588
I0923 17:57:37.230444 2173940 layer_factory.hpp:77] Creating layer Mconv1_stage5
I0923 17:57:37.230448 2173940 net.cpp:86] Creating Layer Mconv1_stage5
I0923 17:57:37.230449 2173940 net.cpp:408] Mconv1_stage5 <- features_in_stage_5
I0923 17:57:37.230451 2173940 net.cpp:382] Mconv1_stage5 -> Mconv1_stage5
I0923 17:57:37.244480 2173940 net.cpp:124] Setting up Mconv1_stage5
I0923 17:57:37.244485 2173940 net.cpp:131] Top shape: 1 128 1 1 (128)
I0923 17:57:37.244488 2173940 net.cpp:139] Memory required for data: 69100
I0923 17:57:37.244489 2173940 layer_factory.hpp:77] Creating layer Mconv1_stage5_re
I0923 17:57:37.244493 2173940 net.cpp:86] Creating Layer Mconv1_stage5_re
I0923 17:57:37.244494 2173940 net.cpp:408] Mconv1_stage5_re <- Mconv1_stage5
I0923 17:57:37.244496 2173940 net.cpp:369] Mconv1_stage5_re -> Mconv1_stage5 (in-place)
I0923 17:57:37.247198 2173940 net.cpp:124] Setting up Mconv1_stage5_re
I0923 17:57:37.247202 2173940 net.cpp:131] Top shape: 1 128 1 1 (128)
I0923 17:57:37.247205 2173940 net.cpp:139] Memory required for data: 69612
I0923 17:57:37.247205 2173940 layer_factory.hpp:77] Creating layer Mconv2_stage5
I0923 17:57:37.247210 2173940 net.cpp:86] Creating Layer Mconv2_stage5
I0923 17:57:37.247211 2173940 net.cpp:408] Mconv2_stage5 <- Mconv1_stage5
I0923 17:57:37.247213 2173940 net.cpp:382] Mconv2_stage5 -> Mconv2_stage5
I0923 17:57:37.259218 2173940 net.cpp:124] Setting up Mconv2_stage5
I0923 17:57:37.259224 2173940 net.cpp:131] Top shape: 1 128 1 1 (128)
I0923 17:57:37.259227 2173940 net.cpp:139] Memory required for data: 70124
I0923 17:57:37.259228 2173940 layer_factory.hpp:77] Creating layer Mconv2_stage5_re
I0923 17:57:37.259231 2173940 net.cpp:86] Creating Layer Mconv2_stage5_re
I0923 17:57:37.259232 2173940 net.cpp:408] Mconv2_stage5_re <- Mconv2_stage5
I0923 17:57:37.259234 2173940 net.cpp:369] Mconv2_stage5_re -> Mconv2_stage5 (in-place)
I0923 17:57:37.261811 2173940 net.cpp:124] Setting up Mconv2_stage5_re
I0923 17:57:37.261814 2173940 net.cpp:131] Top shape: 1 128 1 1 (128)
I0923 17:57:37.261816 2173940 net.cpp:139] Memory required for data: 70636
I0923 17:57:37.261817 2173940 layer_factory.hpp:77] Creating layer Mconv3_stage5
I0923 17:57:37.261821 2173940 net.cpp:86] Creating Layer Mconv3_stage5
I0923 17:57:37.261822 2173940 net.cpp:408] Mconv3_stage5 <- Mconv2_stage5
I0923 17:57:37.261824 2173940 net.cpp:382] Mconv3_stage5 -> Mconv3_stage5
I0923 17:57:37.273401 2173940 net.cpp:124] Setting up Mconv3_stage5
I0923 17:57:37.273407 2173940 net.cpp:131] Top shape: 1 128 1 1 (128)
I0923 17:57:37.273409 2173940 net.cpp:139] Memory required for data: 71148
I0923 17:57:37.273411 2173940 layer_factory.hpp:77] Creating layer Mconv3_stage5_re
I0923 17:57:37.273414 2173940 net.cpp:86] Creating Layer Mconv3_stage5_re
I0923 17:57:37.273416 2173940 net.cpp:408] Mconv3_stage5_re <- Mconv3_stage5
I0923 17:57:37.273417 2173940 net.cpp:369] Mconv3_stage5_re -> Mconv3_stage5 (in-place)
I0923 17:57:37.276118 2173940 net.cpp:124] Setting up Mconv3_stage5_re
I0923 17:57:37.276122 2173940 net.cpp:131] Top shape: 1 128 1 1 (128)
I0923 17:57:37.276124 2173940 net.cpp:139] Memory required for data: 71660
I0923 17:57:37.276126 2173940 layer_factory.hpp:77] Creating layer Mconv4_stage5
I0923 17:57:37.276130 2173940 net.cpp:86] Creating Layer Mconv4_stage5
I0923 17:57:37.276132 2173940 net.cpp:408] Mconv4_stage5 <- Mconv3_stage5
I0923 17:57:37.276134 2173940 net.cpp:382] Mconv4_stage5 -> Mconv4_stage5
I0923 17:57:37.287824 2173940 net.cpp:124] Setting up Mconv4_stage5
I0923 17:57:37.287829 2173940 net.cpp:131] Top shape: 1 128 1 1 (128)
I0923 17:57:37.287832 2173940 net.cpp:139] Memory required for data: 72172
I0923 17:57:37.287833 2173940 layer_factory.hpp:77] Creating layer Mconv4_stage5_re
I0923 17:57:37.287837 2173940 net.cpp:86] Creating Layer Mconv4_stage5_re
I0923 17:57:37.287838 2173940 net.cpp:408] Mconv4_stage5_re <- Mconv4_stage5
I0923 17:57:37.287840 2173940 net.cpp:369] Mconv4_stage5_re -> Mconv4_stage5 (in-place)
I0923 17:57:37.291173 2173940 net.cpp:124] Setting up Mconv4_stage5_re
I0923 17:57:37.291177 2173940 net.cpp:131] Top shape: 1 128 1 1 (128)
I0923 17:57:37.291179 2173940 net.cpp:139] Memory required for data: 72684
I0923 17:57:37.291180 2173940 layer_factory.hpp:77] Creating layer Mconv5_stage5
I0923 17:57:37.291184 2173940 net.cpp:86] Creating Layer Mconv5_stage5
I0923 17:57:37.291185 2173940 net.cpp:408] Mconv5_stage5 <- Mconv4_stage5
I0923 17:57:37.291188 2173940 net.cpp:382] Mconv5_stage5 -> Mconv5_stage5
I0923 17:57:37.302678 2173940 net.cpp:124] Setting up Mconv5_stage5
I0923 17:57:37.302685 2173940 net.cpp:131] Top shape: 1 128 1 1 (128)
I0923 17:57:37.302686 2173940 net.cpp:139] Memory required for data: 73196
I0923 17:57:37.302688 2173940 layer_factory.hpp:77] Creating layer Mconv5_stage5_re
I0923 17:57:37.302691 2173940 net.cpp:86] Creating Layer Mconv5_stage5_re
I0923 17:57:37.302692 2173940 net.cpp:408] Mconv5_stage5_re <- Mconv5_stage5
I0923 17:57:37.302695 2173940 net.cpp:369] Mconv5_stage5_re -> Mconv5_stage5 (in-place)
I0923 17:57:37.305413 2173940 net.cpp:124] Setting up Mconv5_stage5_re
I0923 17:57:37.305415 2173940 net.cpp:131] Top shape: 1 128 1 1 (128)
I0923 17:57:37.305418 2173940 net.cpp:139] Memory required for data: 73708
I0923 17:57:37.305418 2173940 layer_factory.hpp:77] Creating layer Mconv6_stage5
I0923 17:57:37.305423 2173940 net.cpp:86] Creating Layer Mconv6_stage5
I0923 17:57:37.305424 2173940 net.cpp:408] Mconv6_stage5 <- Mconv5_stage5
I0923 17:57:37.305426 2173940 net.cpp:382] Mconv6_stage5 -> Mconv6_stage5
I0923 17:57:37.314121 2173940 net.cpp:124] Setting up Mconv6_stage5
I0923 17:57:37.314126 2173940 net.cpp:131] Top shape: 1 128 1 1 (128)
I0923 17:57:37.314128 2173940 net.cpp:139] Memory required for data: 74220
I0923 17:57:37.314131 2173940 layer_factory.hpp:77] Creating layer Mconv6_stage5_re
I0923 17:57:37.314133 2173940 net.cpp:86] Creating Layer Mconv6_stage5_re
I0923 17:57:37.314134 2173940 net.cpp:408] Mconv6_stage5_re <- Mconv6_stage5
I0923 17:57:37.314136 2173940 net.cpp:369] Mconv6_stage5_re -> Mconv6_stage5 (in-place)
I0923 17:57:37.316735 2173940 net.cpp:124] Setting up Mconv6_stage5_re
I0923 17:57:37.316738 2173940 net.cpp:131] Top shape: 1 128 1 1 (128)
I0923 17:57:37.316740 2173940 net.cpp:139] Memory required for data: 74732
I0923 17:57:37.316741 2173940 layer_factory.hpp:77] Creating layer Mconv7_stage5
I0923 17:57:37.316745 2173940 net.cpp:86] Creating Layer Mconv7_stage5
I0923 17:57:37.316746 2173940 net.cpp:408] Mconv7_stage5 <- Mconv6_stage5
I0923 17:57:37.316748 2173940 net.cpp:382] Mconv7_stage5 -> Mconv7_stage5
I0923 17:57:37.324795 2173940 net.cpp:124] Setting up Mconv7_stage5
I0923 17:57:37.324800 2173940 net.cpp:131] Top shape: 1 71 1 1 (71)
I0923 17:57:37.324801 2173940 net.cpp:139] Memory required for data: 75016
I0923 17:57:37.324803 2173940 layer_factory.hpp:77] Creating layer features_in_stage_6
I0923 17:57:37.324806 2173940 net.cpp:86] Creating Layer features_in_stage_6
I0923 17:57:37.324808 2173940 net.cpp:408] features_in_stage_6 <- Mconv7_stage5
I0923 17:57:37.324810 2173940 net.cpp:408] features_in_stage_6 <- conv5_3_CPM_conv5_3_CPM_re_0_split_5
I0923 17:57:37.324812 2173940 net.cpp:382] features_in_stage_6 -> features_in_stage_6
I0923 17:57:37.324820 2173940 net.cpp:124] Setting up features_in_stage_6
I0923 17:57:37.324821 2173940 net.cpp:131] Top shape: 1 199 1 1 (199)
I0923 17:57:37.324822 2173940 net.cpp:139] Memory required for data: 75812
I0923 17:57:37.324823 2173940 layer_factory.hpp:77] Creating layer Mconv1_stage6
I0923 17:57:37.324827 2173940 net.cpp:86] Creating Layer Mconv1_stage6
I0923 17:57:37.324828 2173940 net.cpp:408] Mconv1_stage6 <- features_in_stage_6
I0923 17:57:37.324831 2173940 net.cpp:382] Mconv1_stage6 -> Mconv1_stage6
I0923 17:57:37.340057 2173940 net.cpp:124] Setting up Mconv1_stage6
I0923 17:57:37.340062 2173940 net.cpp:131] Top shape: 1 128 1 1 (128)
I0923 17:57:37.340065 2173940 net.cpp:139] Memory required for data: 76324
I0923 17:57:37.340067 2173940 layer_factory.hpp:77] Creating layer Mconv1_stage6_re
I0923 17:57:37.340070 2173940 net.cpp:86] Creating Layer Mconv1_stage6_re
I0923 17:57:37.340071 2173940 net.cpp:408] Mconv1_stage6_re <- Mconv1_stage6
I0923 17:57:37.340073 2173940 net.cpp:369] Mconv1_stage6_re -> Mconv1_stage6 (in-place)
I0923 17:57:37.342862 2173940 net.cpp:124] Setting up Mconv1_stage6_re
I0923 17:57:37.342866 2173940 net.cpp:131] Top shape: 1 128 1 1 (128)
I0923 17:57:37.342868 2173940 net.cpp:139] Memory required for data: 76836
I0923 17:57:37.342869 2173940 layer_factory.hpp:77] Creating layer Mconv2_stage6
I0923 17:57:37.342875 2173940 net.cpp:86] Creating Layer Mconv2_stage6
I0923 17:57:37.342876 2173940 net.cpp:408] Mconv2_stage6 <- Mconv1_stage6
I0923 17:57:37.342878 2173940 net.cpp:382] Mconv2_stage6 -> Mconv2_stage6
I0923 17:57:37.354797 2173940 net.cpp:124] Setting up Mconv2_stage6
I0923 17:57:37.354802 2173940 net.cpp:131] Top shape: 1 128 1 1 (128)
I0923 17:57:37.354804 2173940 net.cpp:139] Memory required for data: 77348
I0923 17:57:37.354806 2173940 layer_factory.hpp:77] Creating layer Mconv2_stage6_re
I0923 17:57:37.354809 2173940 net.cpp:86] Creating Layer Mconv2_stage6_re
I0923 17:57:37.354810 2173940 net.cpp:408] Mconv2_stage6_re <- Mconv2_stage6
I0923 17:57:37.354812 2173940 net.cpp:369] Mconv2_stage6_re -> Mconv2_stage6 (in-place)
I0923 17:57:37.357645 2173940 net.cpp:124] Setting up Mconv2_stage6_re
I0923 17:57:37.357648 2173940 net.cpp:131] Top shape: 1 128 1 1 (128)
I0923 17:57:37.357649 2173940 net.cpp:139] Memory required for data: 77860
I0923 17:57:37.357650 2173940 layer_factory.hpp:77] Creating layer Mconv3_stage6
I0923 17:57:37.357656 2173940 net.cpp:86] Creating Layer Mconv3_stage6
I0923 17:57:37.357658 2173940 net.cpp:408] Mconv3_stage6 <- Mconv2_stage6
I0923 17:57:37.357661 2173940 net.cpp:382] Mconv3_stage6 -> Mconv3_stage6
I0923 17:57:37.369513 2173940 net.cpp:124] Setting up Mconv3_stage6
I0923 17:57:37.369517 2173940 net.cpp:131] Top shape: 1 128 1 1 (128)
I0923 17:57:37.369519 2173940 net.cpp:139] Memory required for data: 78372
I0923 17:57:37.369522 2173940 layer_factory.hpp:77] Creating layer Mconv3_stage6_re
I0923 17:57:37.369524 2173940 net.cpp:86] Creating Layer Mconv3_stage6_re
I0923 17:57:37.369526 2173940 net.cpp:408] Mconv3_stage6_re <- Mconv3_stage6
I0923 17:57:37.369529 2173940 net.cpp:369] Mconv3_stage6_re -> Mconv3_stage6 (in-place)
I0923 17:57:37.372340 2173940 net.cpp:124] Setting up Mconv3_stage6_re
I0923 17:57:37.372344 2173940 net.cpp:131] Top shape: 1 128 1 1 (128)
I0923 17:57:37.372346 2173940 net.cpp:139] Memory required for data: 78884
I0923 17:57:37.372347 2173940 layer_factory.hpp:77] Creating layer Mconv4_stage6
I0923 17:57:37.372354 2173940 net.cpp:86] Creating Layer Mconv4_stage6
I0923 17:57:37.372354 2173940 net.cpp:408] Mconv4_stage6 <- Mconv3_stage6
I0923 17:57:37.372356 2173940 net.cpp:382] Mconv4_stage6 -> Mconv4_stage6
I0923 17:57:37.384277 2173940 net.cpp:124] Setting up Mconv4_stage6
I0923 17:57:37.384282 2173940 net.cpp:131] Top shape: 1 128 1 1 (128)
I0923 17:57:37.384284 2173940 net.cpp:139] Memory required for data: 79396
I0923 17:57:37.384287 2173940 layer_factory.hpp:77] Creating layer Mconv4_stage6_re
I0923 17:57:37.384289 2173940 net.cpp:86] Creating Layer Mconv4_stage6_re
I0923 17:57:37.384291 2173940 net.cpp:408] Mconv4_stage6_re <- Mconv4_stage6
I0923 17:57:37.384294 2173940 net.cpp:369] Mconv4_stage6_re -> Mconv4_stage6 (in-place)
I0923 17:57:37.387100 2173940 net.cpp:124] Setting up Mconv4_stage6_re
I0923 17:57:37.387104 2173940 net.cpp:131] Top shape: 1 128 1 1 (128)
I0923 17:57:37.387106 2173940 net.cpp:139] Memory required for data: 79908
I0923 17:57:37.387108 2173940 layer_factory.hpp:77] Creating layer Mconv5_stage6
I0923 17:57:37.387112 2173940 net.cpp:86] Creating Layer Mconv5_stage6
I0923 17:57:37.387113 2173940 net.cpp:408] Mconv5_stage6 <- Mconv4_stage6
I0923 17:57:37.387117 2173940 net.cpp:382] Mconv5_stage6 -> Mconv5_stage6
I0923 17:57:37.399384 2173940 net.cpp:124] Setting up Mconv5_stage6
I0923 17:57:37.399389 2173940 net.cpp:131] Top shape: 1 128 1 1 (128)
I0923 17:57:37.399391 2173940 net.cpp:139] Memory required for data: 80420
I0923 17:57:37.399394 2173940 layer_factory.hpp:77] Creating layer Mconv5_stage6_re
I0923 17:57:37.399396 2173940 net.cpp:86] Creating Layer Mconv5_stage6_re
I0923 17:57:37.399397 2173940 net.cpp:408] Mconv5_stage6_re <- Mconv5_stage6
I0923 17:57:37.399399 2173940 net.cpp:369] Mconv5_stage6_re -> Mconv5_stage6 (in-place)
I0923 17:57:37.401926 2173940 net.cpp:124] Setting up Mconv5_stage6_re
I0923 17:57:37.401930 2173940 net.cpp:131] Top shape: 1 128 1 1 (128)
I0923 17:57:37.401932 2173940 net.cpp:139] Memory required for data: 80932
I0923 17:57:37.401933 2173940 layer_factory.hpp:77] Creating layer Mconv6_stage6
I0923 17:57:37.401937 2173940 net.cpp:86] Creating Layer Mconv6_stage6
I0923 17:57:37.401938 2173940 net.cpp:408] Mconv6_stage6 <- Mconv5_stage6
I0923 17:57:37.401940 2173940 net.cpp:382] Mconv6_stage6 -> Mconv6_stage6
I0923 17:57:37.410395 2173940 net.cpp:124] Setting up Mconv6_stage6
I0923 17:57:37.410400 2173940 net.cpp:131] Top shape: 1 128 1 1 (128)
I0923 17:57:37.410403 2173940 net.cpp:139] Memory required for data: 81444
I0923 17:57:37.410404 2173940 layer_factory.hpp:77] Creating layer Mconv6_stage6_re
I0923 17:57:37.410408 2173940 net.cpp:86] Creating Layer Mconv6_stage6_re
I0923 17:57:37.410409 2173940 net.cpp:408] Mconv6_stage6_re <- Mconv6_stage6
I0923 17:57:37.410410 2173940 net.cpp:369] Mconv6_stage6_re -> Mconv6_stage6 (in-place)
I0923 17:57:37.412899 2173940 net.cpp:124] Setting up Mconv6_stage6_re
I0923 17:57:37.412901 2173940 net.cpp:131] Top shape: 1 128 1 1 (128)
I0923 17:57:37.412904 2173940 net.cpp:139] Memory required for data: 81956
I0923 17:57:37.412904 2173940 layer_factory.hpp:77] Creating layer Mconv7_stage6
I0923 17:57:37.412907 2173940 net.cpp:86] Creating Layer Mconv7_stage6
I0923 17:57:37.412909 2173940 net.cpp:408] Mconv7_stage6 <- Mconv6_stage6
I0923 17:57:37.412911 2173940 net.cpp:382] Mconv7_stage6 -> net_output
I0923 17:57:37.420723 2173940 net.cpp:124] Setting up Mconv7_stage6
I0923 17:57:37.420728 2173940 net.cpp:131] Top shape: 1 71 1 1 (71)
I0923 17:57:37.420730 2173940 net.cpp:139] Memory required for data: 82240
I0923 17:57:37.420732 2173940 net.cpp:202] Mconv7_stage6 does not need backward computation.
I0923 17:57:37.420734 2173940 net.cpp:202] Mconv6_stage6_re does not need backward computation.
I0923 17:57:37.420735 2173940 net.cpp:202] Mconv6_stage6 does not need backward computation.
I0923 17:57:37.420737 2173940 net.cpp:202] Mconv5_stage6_re does not need backward computation.
I0923 17:57:37.420737 2173940 net.cpp:202] Mconv5_stage6 does not need backward computation.
I0923 17:57:37.420738 2173940 net.cpp:202] Mconv4_stage6_re does not need backward computation.
I0923 17:57:37.420739 2173940 net.cpp:202] Mconv4_stage6 does not need backward computation.
I0923 17:57:37.420740 2173940 net.cpp:202] Mconv3_stage6_re does not need backward computation.
I0923 17:57:37.420742 2173940 net.cpp:202] Mconv3_stage6 does not need backward computation.
I0923 17:57:37.420742 2173940 net.cpp:202] Mconv2_stage6_re does not need backward computation.
I0923 17:57:37.420744 2173940 net.cpp:202] Mconv2_stage6 does not need backward computation.
I0923 17:57:37.420745 2173940 net.cpp:202] Mconv1_stage6_re does not need backward computation.
I0923 17:57:37.420746 2173940 net.cpp:202] Mconv1_stage6 does not need backward computation.
I0923 17:57:37.420747 2173940 net.cpp:202] features_in_stage_6 does not need backward computation.
I0923 17:57:37.420749 2173940 net.cpp:202] Mconv7_stage5 does not need backward computation.
I0923 17:57:37.420750 2173940 net.cpp:202] Mconv6_stage5_re does not need backward computation.
I0923 17:57:37.420751 2173940 net.cpp:202] Mconv6_stage5 does not need backward computation.
I0923 17:57:37.420753 2173940 net.cpp:202] Mconv5_stage5_re does not need backward computation.
I0923 17:57:37.420754 2173940 net.cpp:202] Mconv5_stage5 does not need backward computation.
I0923 17:57:37.420755 2173940 net.cpp:202] Mconv4_stage5_re does not need backward computation.
I0923 17:57:37.420756 2173940 net.cpp:202] Mconv4_stage5 does not need backward computation.
I0923 17:57:37.420758 2173940 net.cpp:202] Mconv3_stage5_re does not need backward computation.
I0923 17:57:37.420758 2173940 net.cpp:202] Mconv3_stage5 does not need backward computation.
I0923 17:57:37.420759 2173940 net.cpp:202] Mconv2_stage5_re does not need backward computation.
I0923 17:57:37.420760 2173940 net.cpp:202] Mconv2_stage5 does not need backward computation.
I0923 17:57:37.420761 2173940 net.cpp:202] Mconv1_stage5_re does not need backward computation.
I0923 17:57:37.420763 2173940 net.cpp:202] Mconv1_stage5 does not need backward computation.
I0923 17:57:37.420764 2173940 net.cpp:202] features_in_stage_5 does not need backward computation.
I0923 17:57:37.420765 2173940 net.cpp:202] Mconv7_stage4 does not need backward computation.
I0923 17:57:37.420768 2173940 net.cpp:202] Mconv6_stage4_re does not need backward computation.
I0923 17:57:37.420768 2173940 net.cpp:202] Mconv6_stage4 does not need backward computation.
I0923 17:57:37.420769 2173940 net.cpp:202] Mconv5_stage4_re does not need backward computation.
I0923 17:57:37.420770 2173940 net.cpp:202] Mconv5_stage4 does not need backward computation.
I0923 17:57:37.420773 2173940 net.cpp:202] Mconv4_stage4_re does not need backward computation.
I0923 17:57:37.420773 2173940 net.cpp:202] Mconv4_stage4 does not need backward computation.
I0923 17:57:37.420774 2173940 net.cpp:202] Mconv3_stage4_re does not need backward computation.
I0923 17:57:37.420775 2173940 net.cpp:202] Mconv3_stage4 does not need backward computation.
I0923 17:57:37.420776 2173940 net.cpp:202] Mconv2_stage4_re does not need backward computation.
I0923 17:57:37.420778 2173940 net.cpp:202] Mconv2_stage4 does not need backward computation.
I0923 17:57:37.420778 2173940 net.cpp:202] Mconv1_stage4_re does not need backward computation.
I0923 17:57:37.420779 2173940 net.cpp:202] Mconv1_stage4 does not need backward computation.
I0923 17:57:37.420781 2173940 net.cpp:202] features_in_stage_4 does not need backward computation.
I0923 17:57:37.420782 2173940 net.cpp:202] Mconv7_stage3 does not need backward computation.
I0923 17:57:37.420783 2173940 net.cpp:202] Mconv6_stage3_re does not need backward computation.
I0923 17:57:37.420784 2173940 net.cpp:202] Mconv6_stage3 does not need backward computation.
I0923 17:57:37.420786 2173940 net.cpp:202] Mconv5_stage3_re does not need backward computation.
I0923 17:57:37.420787 2173940 net.cpp:202] Mconv5_stage3 does not need backward computation.
I0923 17:57:37.420789 2173940 net.cpp:202] Mconv4_stage3_re does not need backward computation.
I0923 17:57:37.420790 2173940 net.cpp:202] Mconv4_stage3 does not need backward computation.
I0923 17:57:37.420791 2173940 net.cpp:202] Mconv3_stage3_re does not need backward computation.
I0923 17:57:37.420792 2173940 net.cpp:202] Mconv3_stage3 does not need backward computation.
I0923 17:57:37.420794 2173940 net.cpp:202] Mconv2_stage3_re does not need backward computation.
I0923 17:57:37.420795 2173940 net.cpp:202] Mconv2_stage3 does not need backward computation.
I0923 17:57:37.420797 2173940 net.cpp:202] Mconv1_stage3_re does not need backward computation.
I0923 17:57:37.420799 2173940 net.cpp:202] Mconv1_stage3 does not need backward computation.
I0923 17:57:37.420799 2173940 net.cpp:202] features_in_stage_3 does not need backward computation.
I0923 17:57:37.420801 2173940 net.cpp:202] Mconv7_stage2 does not need backward computation.
I0923 17:57:37.420802 2173940 net.cpp:202] Mconv6_stage2_re does not need backward computation.
I0923 17:57:37.420804 2173940 net.cpp:202] Mconv6_stage2 does not need backward computation.
I0923 17:57:37.420805 2173940 net.cpp:202] Mconv5_stage2_re does not need backward computation.
I0923 17:57:37.420806 2173940 net.cpp:202] Mconv5_stage2 does not need backward computation.
I0923 17:57:37.420809 2173940 net.cpp:202] Mconv4_stage2_re does not need backward computation.
I0923 17:57:37.420809 2173940 net.cpp:202] Mconv4_stage2 does not need backward computation.
I0923 17:57:37.420810 2173940 net.cpp:202] Mconv3_stage2_re does not need backward computation.
I0923 17:57:37.420812 2173940 net.cpp:202] Mconv3_stage2 does not need backward computation.
I0923 17:57:37.420814 2173940 net.cpp:202] Mconv2_stage2_re does not need backward computation.
I0923 17:57:37.420815 2173940 net.cpp:202] Mconv2_stage2 does not need backward computation.
I0923 17:57:37.420816 2173940 net.cpp:202] Mconv1_stage2_re does not need backward computation.
I0923 17:57:37.420817 2173940 net.cpp:202] Mconv1_stage2 does not need backward computation.
I0923 17:57:37.420819 2173940 net.cpp:202] features_in_stage_2 does not need backward computation.
I0923 17:57:37.420820 2173940 net.cpp:202] conv6_2_CPM does not need backward computation.
I0923 17:57:37.420821 2173940 net.cpp:202] conv6_1_CPM_re does not need backward computation.
I0923 17:57:37.420823 2173940 net.cpp:202] conv6_1_CPM does not need backward computation.
I0923 17:57:37.420825 2173940 net.cpp:202] conv5_3_CPM_conv5_3_CPM_re_0_split does not need backward computation.
I0923 17:57:37.420826 2173940 net.cpp:202] conv5_3_CPM_re does not need backward computation.
I0923 17:57:37.420827 2173940 net.cpp:202] conv5_3_CPM does not need backward computation.
I0923 17:57:37.420830 2173940 net.cpp:202] conv5_2_re does not need backward computation.
I0923 17:57:37.420830 2173940 net.cpp:202] conv5_2 does not need backward computation.
I0923 17:57:37.420832 2173940 net.cpp:202] conv5_1_re does not need backward computation.
I0923 17:57:37.420833 2173940 net.cpp:202] conv5_1 does not need backward computation.
I0923 17:57:37.420835 2173940 net.cpp:202] conv4_4_re does not need backward computation.
I0923 17:57:37.420836 2173940 net.cpp:202] conv4_4 does not need backward computation.
I0923 17:57:37.420837 2173940 net.cpp:202] conv4_3_re does not need backward computation.
I0923 17:57:37.420838 2173940 net.cpp:202] conv4_3 does not need backward computation.
I0923 17:57:37.420840 2173940 net.cpp:202] conv4_2_re does not need backward computation.
I0923 17:57:37.420841 2173940 net.cpp:202] conv4_2 does not need backward computation.
I0923 17:57:37.420842 2173940 net.cpp:202] conv4_1_re does not need backward computation.
I0923 17:57:37.420843 2173940 net.cpp:202] conv4_1 does not need backward computation.
I0923 17:57:37.420845 2173940 net.cpp:202] pool3 does not need backward computation.
I0923 17:57:37.420846 2173940 net.cpp:202] conv3_4_re does not need backward computation.
I0923 17:57:37.420847 2173940 net.cpp:202] conv3_4 does not need backward computation.
I0923 17:57:37.420848 2173940 net.cpp:202] conv3_3_re does not need backward computation.
I0923 17:57:37.420850 2173940 net.cpp:202] conv3_3 does not need backward computation.
I0923 17:57:37.420851 2173940 net.cpp:202] conv3_2_re does not need backward computation.
I0923 17:57:37.420852 2173940 net.cpp:202] conv3_2 does not need backward computation.
I0923 17:57:37.420853 2173940 net.cpp:202] conv3_1_re does not need backward computation.
I0923 17:57:37.420855 2173940 net.cpp:202] conv3_1 does not need backward computation.
I0923 17:57:37.420857 2173940 net.cpp:202] pool2 does not need backward computation.
I0923 17:57:37.420858 2173940 net.cpp:202] conv2_2_re does not need backward computation.
I0923 17:57:37.420859 2173940 net.cpp:202] conv2_2 does not need backward computation.
I0923 17:57:37.420861 2173940 net.cpp:202] conv2_1_re does not need backward computation.
I0923 17:57:37.420862 2173940 net.cpp:202] conv2_1 does not need backward computation.
I0923 17:57:37.420863 2173940 net.cpp:202] pool1 does not need backward computation.
I0923 17:57:37.420864 2173940 net.cpp:202] conv1_2_re does not need backward computation.
I0923 17:57:37.420866 2173940 net.cpp:202] conv1_2 does not need backward computation.
I0923 17:57:37.420867 2173940 net.cpp:202] conv1_1_re does not need backward computation.
I0923 17:57:37.420868 2173940 net.cpp:202] conv1_1 does not need backward computation.
I0923 17:57:37.420869 2173940 net.cpp:202] input does not need backward computation.
I0923 17:57:37.420871 2173940 net.cpp:244] This network produces output net_output
I0923 17:57:37.420887 2173940 net.cpp:257] Network initialization done.
I0923 17:57:37.505626 2173940 net.cpp:746] Ignoring source layer data
I0923 17:57:37.505635 2173940 net.cpp:746] Ignoring source layer hlabels
I0923 17:57:37.505636 2173940 net.cpp:746] Ignoring source layer weights_hlabels_1_split
I0923 17:57:37.505637 2173940 net.cpp:746] Ignoring source layer labels
I0923 17:57:37.505638 2173940 net.cpp:746] Ignoring source layer labels_labels_0_split
I0923 17:57:37.505640 2173940 net.cpp:746] Ignoring source layer image
I0923 17:57:37.505640 2173940 net.cpp:746] Ignoring source layer silence_center_map
I0923 17:57:37.509146 2173940 net.cpp:746] Ignoring source layer conv6_2_CPM_conv6_2_CPM_0_split
I0923 17:57:37.509150 2173940 net.cpp:746] Ignoring source layer conv6_2_CPM_weighted
I0923 17:57:37.509152 2173940 net.cpp:746] Ignoring source layer loss_stage1
I0923 17:57:37.510212 2173940 net.cpp:746] Ignoring source layer Mconv7_stage2_Mconv7_stage2_0_split
I0923 17:57:37.510215 2173940 net.cpp:746] Ignoring source layer Mconv7_stage2_weighted
I0923 17:57:37.510216 2173940 net.cpp:746] Ignoring source layer loss_stage2
I0923 17:57:37.511276 2173940 net.cpp:746] Ignoring source layer Mconv7_stage3_Mconv7_stage3_0_split
I0923 17:57:37.511277 2173940 net.cpp:746] Ignoring source layer Mconv7_stage3_weighted
I0923 17:57:37.511279 2173940 net.cpp:746] Ignoring source layer loss_stage3
I0923 17:57:37.512322 2173940 net.cpp:746] Ignoring source layer Mconv7_stage4_Mconv7_stage4_0_split
I0923 17:57:37.512326 2173940 net.cpp:746] Ignoring source layer Mconv7_stage4_weighted
I0923 17:57:37.512326 2173940 net.cpp:746] Ignoring source layer loss_stage4
I0923 17:57:37.513365 2173940 net.cpp:746] Ignoring source layer Mconv7_stage5_Mconv7_stage5_0_split
I0923 17:57:37.513367 2173940 net.cpp:746] Ignoring source layer Mconv7_stage5_weighted
I0923 17:57:37.513368 2173940 net.cpp:746] Ignoring source layer loss_stage5
I0923 17:57:37.514416 2173940 net.cpp:746] Ignoring source layer Mconv7_stage6_weighted
I0923 17:57:37.514418 2173940 net.cpp:746] Ignoring source layer loss_stage6
I0923 17:57:37.522534 2173940 upgrade_proto.cpp:69] Attempting to upgrade input file specified using deprecated input fields: /opt/openpose/models/hand/pose_deploy.prototxt
I0923 17:57:37.522542 2173940 upgrade_proto.cpp:72] Successfully upgraded file specified using deprecated input fields.
W0923 17:57:37.522543 2173940 upgrade_proto.cpp:74] Note that future Caffe releases will only support input layers and not input fields.
I0923 17:57:37.522591 2173940 net.cpp:53] Initializing net from parameters: 
state {
  phase: TEST
  level: 0
}
layer {
  name: "input"
  type: "Input"
  top: "image"
  input_param {
    shape {
      dim: 1
      dim: 3
      dim: 1
      dim: 1
    }
  }
}
layer {
  name: "conv1_1"
  type: "Convolution"
  bottom: "image"
  top: "conv1_1"
  param {
    lr_mult: 1
    decay_mult: 1
  }
  param {
    lr_mult: 2
    decay_mult: 0
  }
  convolution_param {
    num_output: 64
    pad: 1
    kernel_size: 3
    weight_filler {
      type: "xavier"
    }
    bias_filler {
      type: "constant"
    }
    dilation: 1
  }
}
layer {
  name: "relu1_1"
  type: "ReLU"
  bottom: "conv1_1"
  top: "conv1_1"
}
layer {
  name: "conv1_2"
  type: "Convolution"
  bottom: "conv1_1"
  top: "conv1_2"
  param {
    lr_mult: 1
    decay_mult: 1
  }
  param {
    lr_mult: 2
    decay_mult: 0
  }
  convolution_param {
    num_output: 64
    pad: 1
    kernel_size: 3
    weight_filler {
      type: "xavier"
    }
    bias_filler {
      type: "constant"
    }
    dilation: 1
  }
}
layer {
  name: "relu1_2"
  type: "ReLU"
  bottom: "conv1_2"
  top: "conv1_2"
}
layer {
  name: "pool1_stage1"
  type: "Pooling"
  bottom: "conv1_2"
  top: "pool1_stage1"
  pooling_param {
    pool: MAX
    kernel_size: 2
    stride: 2
  }
}
layer {
  name: "conv2_1"
  type: "Convolution"
  bottom: "pool1_stage1"
  top: "conv2_1"
  param {
    lr_mult: 1
    decay_mult: 1
  }
  param {
    lr_mult: 2
    decay_mult: 0
  }
  convolution_param {
    num_output: 128
    pad: 1
    kernel_size: 3
    weight_filler {
      type: "xavier"
    }
    bias_filler {
      type: "constant"
    }
    dilation: 1
  }
}
layer {
  name: "relu2_1"
  type: "ReLU"
  bottom: "conv2_1"
  top: "conv2_1"
}
layer {
  name: "conv2_2"
  type: "Convolution"
  bottom: "conv2_1"
  top: "conv2_2"
  param {
    lr_mult: 1
    decay_mult: 1
  }
  param {
    lr_mult: 2
    decay_mult: 0
  }
  convolution_param {
    num_output: 128
    pad: 1
    kernel_size: 3
    weight_filler {
      type: "xavier"
    }
    bias_filler {
      type: "constant"
    }
    dilation: 1
  }
}
layer {
  name: "relu2_2"
  type: "ReLU"
  bottom: "conv2_2"
  top: "conv2_2"
}
layer {
  name: "pool2_stage1"
  type: "Pooling"
  bottom: "conv2_2"
  top: "pool2_stage1"
  pooling_param {
    pool: MAX
    kernel_size: 2
    stride: 2
  }
}
layer {
  name: "conv3_1"
  type: "Convolution"
  bottom: "pool2_stage1"
  top: "conv3_1"
  param {
    lr_mult: 1
    decay_mult: 1
  }
  param {
    lr_mult: 2
    decay_mult: 0
  }
  convolution_param {
    num_output: 256
    pad: 1
    kernel_size: 3
    weight_filler {
      type: "xavier"
    }
    bias_filler {
      type: "constant"
    }
    dilation: 1
  }
}
layer {
  name: "relu3_1"
  type: "ReLU"
  bottom: "conv3_1"
  top: "conv3_1"
}
layer {
  name: "conv3_2"
  type: "Convolution"
  bottom: "conv3_1"
  top: "conv3_2"
  param {
    lr_mult: 1
    decay_mult: 1
  }
  param {
    lr_mult: 2
    decay_mult: 0
  }
  convolution_param {
    num_output: 256
    pad: 1
    kernel_size: 3
    weight_filler {
      type: "xavier"
    }
    bias_filler {
      type: "constant"
    }
    dilation: 1
  }
}
layer {
  name: "relu3_2"
  type: "ReLU"
  bottom: "conv3_2"
  top: "conv3_2"
}
layer {
  name: "conv3_3"
  type: "Convolution"
  bottom: "conv3_2"
  top: "conv3_3"
  param {
    lr_mult: 1
    decay_mult: 1
  }
  param {
    lr_mult: 2
    decay_mult: 0
  }
  convolution_param {
    num_output: 256
    pad: 1
    kernel_size: 3
    weight_filler {
      type: "xavier"
    }
    bias_filler {
      type: "constant"
    }
    dilation: 1
  }
}
layer {
  name: "relu3_3"
  type: "ReLU"
  bottom: "conv3_3"
  top: "conv3_3"
}
layer {
  name: "conv3_4"
  type: "Convolution"
  bottom: "conv3_3"
  top: "conv3_4"
  param {
    lr_mult: 1
    decay_mult: 1
  }
  param {
    lr_mult: 2
    decay_mult: 0
  }
  convolution_param {
    num_output: 256
    pad: 1
    kernel_size: 3
    weight_filler {
      type: "xavier"
    }
    bias_filler {
      type: "constant"
    }
    dilation: 1
  }
}
layer {
  name: "relu3_4"
  type: "ReLU"
  bottom: "conv3_4"
  top: "conv3_4"
}
layer {
  name: "pool3_stage1"
  type: "Pooling"
  bottom: "conv3_4"
  top: "pool3_stage1"
  pooling_param {
    pool: MAX
    kernel_size: 2
    stride: 2
  }
}
layer {
  name: "conv4_1"
  type: "Convolution"
  bottom: "pool3_stage1"
  top: "conv4_1"
  param {
    lr_mult: 1
    decay_mult: 1
  }
  param {
    lr_mult: 2
    decay_mult: 0
  }
  convolution_param {
    num_output: 512
    pad: 1
    kernel_size: 3
    weight_filler {
      type: "xavier"
    }
    bias_filler {
      type: "constant"
    }
    dilation: 1
  }
}
layer {
  name: "relu4_1"
  type: "ReLU"
  bottom: "conv4_1"
  top: "conv4_1"
}
layer {
  name: "conv4_2"
  type: "Convolution"
  bottom: "conv4_1"
  top: "conv4_2"
  param {
    lr_mult: 1
    decay_mult: 1
  }
  param {
    lr_mult: 2
    decay_mult: 0
  }
  convolution_param {
    num_output: 512
    pad: 1
    kernel_size: 3
    weight_filler {
      type: "xavier"
    }
    bias_filler {
      type: "constant"
    }
    dilation: 1
  }
}
layer {
  name: "relu4_2"
  type: "ReLU"
  bottom: "conv4_2"
  top: "conv4_2"
}
layer {
  name: "conv4_3"
  type: "Convolution"
  bottom: "conv4_2"
  top: "conv4_3"
  param {
    lr_mult: 1
    decay_mult: 1
  }
  param {
    lr_mult: 2
    decay_mult: 0
  }
  convolution_param {
    num_output: 512
    pad: 1
    kernel_size: 3
    weight_filler {
      type: "xavier"
    }
    bias_filler {
      type: "constant"
    }
    dilation: 1
  }
}
layer {
  name: "relu4_3"
  type: "ReLU"
  bottom: "conv4_3"
  top: "conv4_3"
}
layer {
  name: "conv4_4"
  type: "Convolution"
  bottom: "conv4_3"
  top: "conv4_4"
  param {
    lr_mult: 1
    decay_mult: 1
  }
  param {
    lr_mult: 2
    decay_mult: 0
  }
  convolution_param {
    num_output: 512
    pad: 1
    kernel_size: 3
    weight_filler {
      type: "xavier"
    }
    bias_filler {
      type: "constant"
    }
    dilation: 1
  }
}
layer {
  name: "relu4_4"
  type: "ReLU"
  bottom: "conv4_4"
  top: "conv4_4"
}
layer {
  name: "conv5_1"
  type: "Convolution"
  bottom: "conv4_4"
  top: "conv5_1"
  param {
    lr_mult: 1
    decay_mult: 1
  }
  param {
    lr_mult: 2
    decay_mult: 0
  }
  convolution_param {
    num_output: 512
    pad: 1
    kernel_size: 3
    weight_filler {
      type: "xavier"
    }
    bias_filler {
      type: "constant"
    }
    dilation: 1
  }
}
layer {
  name: "relu5_1"
  type: "ReLU"
  bottom: "conv5_1"
  top: "conv5_1"
}
layer {
  name: "conv5_2"
  type: "Convolution"
  bottom: "conv5_1"
  top: "conv5_2"
  param {
    lr_mult: 1
    decay_mult: 1
  }
  param {
    lr_mult: 2
    decay_mult: 0
  }
  convolution_param {
    num_output: 512
    pad: 1
    kernel_size: 3
    weight_filler {
      type: "xavier"
    }
    bias_filler {
      type: "constant"
    }
    dilation: 1
  }
}
layer {
  name: "relu5_2"
  type: "ReLU"
  bottom: "conv5_2"
  top: "conv5_2"
}
layer {
  name: "conv5_3_CPM"
  type: "Convolution"
  bottom: "conv5_2"
  top: "conv5_3_CPM"
  param {
    lr_mult: 1
    decay_mult: 1
  }
  param {
    lr_mult: 2
    decay_mult: 0
  }
  convolution_param {
    num_output: 128
    pad: 1
    kernel_size: 3
    weight_filler {
      type: "gaussian"
      std: 0.01
    }
    bias_filler {
      type: "constant"
    }
    dilation: 1
  }
}
layer {
  name: "relu5_4_stage1_3"
  type: "ReLU"
  bottom: "conv5_3_CPM"
  top: "conv5_3_CPM"
}
layer {
  name: "conv6_1_CPM"
  type: "Convolution"
  bottom: "conv5_3_CPM"
  top: "conv6_1_CPM"
  param {
    lr_mult: 1
    decay_mult: 1
  }
  param {
    lr_mult: 2
    decay_mult: 0
  }
  convolution_param {
    num_output: 512
    pad: 0
    kernel_size: 1
    weight_filler {
      type: "gaussian"
      std: 0.01
    }
    bias_filler {
      type: "constant"
    }
    dilation: 1
  }
}
layer {
  name: "relu6_4_stage1_1"
  type: "ReLU"
  bottom: "conv6_1_CPM"
  top: "conv6_1_CPM"
}
layer {
  name: "conv6_2_CPM"
  type: "Convolution"
  bottom: "conv6_1_CPM"
  top: "conv6_2_CPM"
  param {
    lr_mult: 1
    decay_mult: 1
  }
  param {
    lr_mult: 2
    decay_mult: 0
  }
  convolution_param {
    num_output: 22
    pad: 0
    kernel_size: 1
    weight_filler {
      type: "gaussian"
      std: 0.01
    }
    bias_filler {
      type: "constant"
    }
    dilation: 1
  }
}
layer {
  name: "concat_stage2"
  type: "Concat"
  bottom: "conv6_2_CPM"
  bottom: "conv5_3_CPM"
  top: "concat_stage2"
  concat_param {
    axis: 1
  }
}
layer {
  name: "Mconv1_stage2"
  type: "Convolution"
  bottom: "concat_stage2"
  top: "Mconv1_stage2"
  param {
    lr_mult: 4
    decay_mult: 1
  }
  param {
    lr_mult: 8
    decay_mult: 0
  }
  convolution_param {
    num_output: 128
    pad: 3
    kernel_size: 7
    weight_filler {
      type: "gaussian"
      std: 0.01
    }
    bias_filler {
      type: "constant"
    }
    dilation: 1
  }
}
layer {
  name: "Mrelu1_2_stage2_1"
  type: "ReLU"
  bottom: "Mconv1_stage2"
  top: "Mconv1_stage2"
}
layer {
  name: "Mconv2_stage2"
  type: "Convolution"
  bottom: "Mconv1_stage2"
  top: "Mconv2_stage2"
  param {
    lr_mult: 4
    decay_mult: 1
  }
  param {
    lr_mult: 8
    decay_mult: 0
  }
  convolution_param {
    num_output: 128
    pad: 3
    kernel_size: 7
    weight_filler {
      type: "gaussian"
      std: 0.01
    }
    bias_filler {
      type: "constant"
    }
    dilation: 1
  }
}
layer {
  name: "Mrelu1_3_stage2_2"
  type: "ReLU"
  bottom: "Mconv2_stage2"
  top: "Mconv2_stage2"
}
layer {
  name: "Mconv3_stage2"
  type: "Convolution"
  bottom: "Mconv2_stage2"
  top: "Mconv3_stage2"
  param {
    lr_mult: 4
    decay_mult: 1
  }
  param {
    lr_mult: 8
    decay_mult: 0
  }
  convolution_param {
    num_output: 128
    pad: 3
    kernel_size: 7
    weight_filler {
      type: "gaussian"
      std: 0.01
    }
    bias_filler {
      type: "constant"
    }
    dilation: 1
  }
}
layer {
  name: "Mrelu1_4_stage2_3"
  type: "ReLU"
  bottom: "Mconv3_stage2"
  top: "Mconv3_stage2"
}
layer {
  name: "Mconv4_stage2"
  type: "Convolution"
  bottom: "Mconv3_stage2"
  top: "Mconv4_stage2"
  param {
    lr_mult: 4
    decay_mult: 1
  }
  param {
    lr_mult: 8
    decay_mult: 0
  }
  convolution_param {
    num_output: 128
    pad: 3
    kernel_size: 7
    weight_filler {
      type: "gaussian"
      std: 0.01
    }
    bias_filler {
      type: "constant"
    }
    dilation: 1
  }
}
layer {
  name: "Mrelu1_5_stage2_4"
  type: "ReLU"
  bottom: "Mconv4_stage2"
  top: "Mconv4_stage2"
}
layer {
  name: "Mconv5_stage2"
  type: "Convolution"
  bottom: "Mconv4_stage2"
  top: "Mconv5_stage2"
  param {
    lr_mult: 4
    decay_mult: 1
  }
  param {
    lr_mult: 8
    decay_mult: 0
  }
  convolution_param {
    num_output: 128
    pad: 3
    kernel_size: 7
    weight_filler {
      type: "gaussian"
      std: 0.01
    }
    bias_filler {
      type: "constant"
    }
    dilation: 1
  }
}
layer {
  name: "Mrelu1_6_stage2_5"
  type: "ReLU"
  bottom: "Mconv5_stage2"
  top: "Mconv5_stage2"
}
layer {
  name: "Mconv6_stage2"
  type: "Convolution"
  bottom: "Mconv5_stage2"
  top: "Mconv6_stage2"
  param {
    lr_mult: 4
    decay_mult: 1
  }
  param {
    lr_mult: 8
    decay_mult: 0
  }
  convolution_param {
    num_output: 128
    pad: 0
    kernel_size: 1
    weight_filler {
      type: "gaussian"
      std: 0.01
    }
    bias_filler {
      type: "constant"
    }
    dilation: 1
  }
}
layer {
  name: "Mrelu1_7_stage2_6"
  type: "ReLU"
  bottom: "Mconv6_stage2"
  top: "Mconv6_stage2"
}
layer {
  name: "Mconv7_stage2"
  type: "Convolution"
  bottom: "Mconv6_stage2"
  top: "Mconv7_stage2"
  param {
    lr_mult: 4
    decay_mult: 1
  }
  param {
    lr_mult: 8
    decay_mult: 0
  }
  convolution_param {
    num_output: 22
    pad: 0
    kernel_size: 1
    weight_filler {
      type: "gaussian"
      std: 0.01
    }
    bias_filler {
      type: "constant"
    }
    dilation: 1
  }
}
layer {
  name: "concat_stage3"
  type: "Concat"
  bottom: "Mconv7_stage2"
  bottom: "conv5_3_CPM"
  top: "concat_stage3"
  concat_param {
    axis: 1
  }
}
layer {
  name: "Mconv1_stage3"
  type: "Convolution"
  bottom: "concat_stage3"
  top: "Mconv1_stage3"
  param {
    lr_mult: 4
    decay_mult: 1
  }
  param {
    lr_mult: 8
    decay_mult: 0
  }
  convolution_param {
    num_output: 128
    pad: 3
    kernel_size: 7
    weight_filler {
      type: "gaussian"
      std: 0.01
    }
    bias_filler {
      type: "constant"
    }
    dilation: 1
  }
}
layer {
  name: "Mrelu1_2_stage3_1"
  type: "ReLU"
  bottom: "Mconv1_stage3"
  top: "Mconv1_stage3"
}
layer {
  name: "Mconv2_stage3"
  type: "Convolution"
  bottom: "Mconv1_stage3"
  top: "Mconv2_stage3"
  param {
    lr_mult: 4
    decay_mult: 1
  }
  param {
    lr_mult: 8
    decay_mult: 0
  }
  convolution_param {
    num_output: 128
    pad: 3
    kernel_size: 7
    weight_filler {
      type: "gaussian"
      std: 0.01
    }
    bias_filler {
      type: "constant"
    }
    dilation: 1
  }
}
layer {
  name: "Mrelu1_3_stage3_2"
  type: "ReLU"
  bottom: "Mconv2_stage3"
  top: "Mconv2_stage3"
}
layer {
  name: "Mconv3_stage3"
  type: "Convolution"
  bottom: "Mconv2_stage3"
  top: "Mconv3_stage3"
  param {
    lr_mult: 4
    decay_mult: 1
  }
  param {
    lr_mult: 8
    decay_mult: 0
  }
  convolution_param {
    num_output: 128
    pad: 3
    kernel_size: 7
    weight_filler {
      type: "gaussian"
      std: 0.01
    }
    bias_filler {
      type: "constant"
    }
    dilation: 1
  }
}
layer {
  name: "Mrelu1_4_stage3_3"
  type: "ReLU"
  bottom: "Mconv3_stage3"
  top: "Mconv3_stage3"
}
layer {
  name: "Mconv4_stage3"
  type: "Convolution"
  bottom: "Mconv3_stage3"
  top: "Mconv4_stage3"
  param {
    lr_mult: 4
    decay_mult: 1
  }
  param {
    lr_mult: 8
    decay_mult: 0
  }
  convolution_param {
    num_output: 128
    pad: 3
    kernel_size: 7
    weight_filler {
      type: "gaussian"
      std: 0.01
    }
    bias_filler {
      type: "constant"
    }
    dilation: 1
  }
}
layer {
  name: "Mrelu1_5_stage3_4"
  type: "ReLU"
  bottom: "Mconv4_stage3"
  top: "Mconv4_stage3"
}
layer {
  name: "Mconv5_stage3"
  type: "Convolution"
  bottom: "Mconv4_stage3"
  top: "Mconv5_stage3"
  param {
    lr_mult: 4
    decay_mult: 1
  }
  param {
    lr_mult: 8
    decay_mult: 0
  }
  convolution_param {
    num_output: 128
    pad: 3
    kernel_size: 7
    weight_filler {
      type: "gaussian"
      std: 0.01
    }
    bias_filler {
      type: "constant"
    }
    dilation: 1
  }
}
layer {
  name: "Mrelu1_6_stage3_5"
  type: "ReLU"
  bottom: "Mconv5_stage3"
  top: "Mconv5_stage3"
}
layer {
  name: "Mconv6_stage3"
  type: "Convolution"
  bottom: "Mconv5_stage3"
  top: "Mconv6_stage3"
  param {
    lr_mult: 4
    decay_mult: 1
  }
  param {
    lr_mult: 8
    decay_mult: 0
  }
  convolution_param {
    num_output: 128
    pad: 0
    kernel_size: 1
    weight_filler {
      type: "gaussian"
      std: 0.01
    }
    bias_filler {
      type: "constant"
    }
    dilation: 1
  }
}
layer {
  name: "Mrelu1_7_stage3_6"
  type: "ReLU"
  bottom: "Mconv6_stage3"
  top: "Mconv6_stage3"
}
layer {
  name: "Mconv7_stage3"
  type: "Convolution"
  bottom: "Mconv6_stage3"
  top: "Mconv7_stage3"
  param {
    lr_mult: 4
    decay_mult: 1
  }
  param {
    lr_mult: 8
    decay_mult: 0
  }
  convolution_param {
    num_output: 22
    pad: 0
    kernel_size: 1
    weight_filler {
      type: "gaussian"
      std: 0.01
    }
    bias_filler {
      type: "constant"
    }
    dilation: 1
  }
}
layer {
  name: "concat_stage4"
  type: "Concat"
  bottom: "Mconv7_stage3"
  bottom: "conv5_3_CPM"
  top: "concat_stage4"
  concat_param {
    axis: 1
  }
}
layer {
  name: "Mconv1_stage4"
  type: "Convolution"
  bottom: "concat_stage4"
  top: "Mconv1_stage4"
  param {
    lr_mult: 4
    decay_mult: 1
  }
  param {
    lr_mult: 8
    decay_mult: 0
  }
  convolution_param {
    num_output: 128
    pad: 3
    kernel_size: 7
    weight_filler {
      type: "gaussian"
      std: 0.01
    }
    bias_filler {
      type: "constant"
    }
    dilation: 1
  }
}
layer {
  name: "Mrelu1_2_stage4_1"
  type: "ReLU"
  bottom: "Mconv1_stage4"
  top: "Mconv1_stage4"
}
layer {
  name: "Mconv2_stage4"
  type: "Convolution"
  bottom: "Mconv1_stage4"
  top: "Mconv2_stage4"
  param {
    lr_mult: 4
    decay_mult: 1
  }
  param {
    lr_mult: 8
    decay_mult: 0
  }
  convolution_param {
    num_output: 128
    pad: 3
    kernel_size: 7
    weight_filler {
      type: "gaussian"
      std: 0.01
    }
    bias_filler {
      type: "constant"
    }
    dilation: 1
  }
}
layer {
  name: "Mrelu1_3_stage4_2"
  type: "ReLU"
  bottom: "Mconv2_stage4"
  top: "Mconv2_stage4"
}
layer {
  name: "Mconv3_stage4"
  type: "Convolution"
  bottom: "Mconv2_stage4"
  top: "Mconv3_stage4"
  param {
    lr_mult: 4
    decay_mult: 1
  }
  param {
    lr_mult: 8
    decay_mult: 0
  }
  convolution_param {
    num_output: 128
    pad: 3
    kernel_size: 7
    weight_filler {
      type: "gaussian"
      std: 0.01
    }
    bias_filler {
      type: "constant"
    }
    dilation: 1
  }
}
layer {
  name: "Mrelu1_4_stage4_3"
  type: "ReLU"
  bottom: "Mconv3_stage4"
  top: "Mconv3_stage4"
}
layer {
  name: "Mconv4_stage4"
  type: "Convolution"
  bottom: "Mconv3_stage4"
  top: "Mconv4_stage4"
  param {
    lr_mult: 4
    decay_mult: 1
  }
  param {
    lr_mult: 8
    decay_mult: 0
  }
  convolution_param {
    num_output: 128
    pad: 3
    kernel_size: 7
    weight_filler {
      type: "gaussian"
      std: 0.01
    }
    bias_filler {
      type: "constant"
    }
    dilation: 1
  }
}
layer {
  name: "Mrelu1_5_stage4_4"
  type: "ReLU"
  bottom: "Mconv4_stage4"
  top: "Mconv4_stage4"
}
layer {
  name: "Mconv5_stage4"
  type: "Convolution"
  bottom: "Mconv4_stage4"
  top: "Mconv5_stage4"
  param {
    lr_mult: 4
    decay_mult: 1
  }
  param {
    lr_mult: 8
    decay_mult: 0
  }
  convolution_param {
    num_output: 128
    pad: 3
    kernel_size: 7
    weight_filler {
      type: "gaussian"
      std: 0.01
    }
    bias_filler {
      type: "constant"
    }
    dilation: 1
  }
}
layer {
  name: "Mrelu1_6_stage4_5"
  type: "ReLU"
  bottom: "Mconv5_stage4"
  top: "Mconv5_stage4"
}
layer {
  name: "Mconv6_stage4"
  type: "Convolution"
  bottom: "Mconv5_stage4"
  top: "Mconv6_stage4"
  param {
    lr_mult: 4
    decay_mult: 1
  }
  param {
    lr_mult: 8
    decay_mult: 0
  }
  convolution_param {
    num_output: 128
    pad: 0
    kernel_size: 1
    weight_filler {
      type: "gaussian"
      std: 0.01
    }
    bias_filler {
      type: "constant"
    }
    dilation: 1
  }
}
layer {
  name: "Mrelu1_7_stage4_6"
  type: "ReLU"
  bottom: "Mconv6_stage4"
  top: "Mconv6_stage4"
}
layer {
  name: "Mconv7_stage4"
  type: "Convolution"
  bottom: "Mconv6_stage4"
  top: "Mconv7_stage4"
  param {
    lr_mult: 4
    decay_mult: 1
  }
  param {
    lr_mult: 8
    decay_mult: 0
  }
  convolution_param {
    num_output: 22
    pad: 0
    kernel_size: 1
    weight_filler {
      type: "gaussian"
      std: 0.01
    }
    bias_filler {
      type: "constant"
    }
    dilation: 1
  }
}
layer {
  name: "concat_stage5"
  type: "Concat"
  bottom: "Mconv7_stage4"
  bottom: "conv5_3_CPM"
  top: "concat_stage5"
  concat_param {
    axis: 1
  }
}
layer {
  name: "Mconv1_stage5"
  type: "Convolution"
  bottom: "concat_stage5"
  top: "Mconv1_stage5"
  param {
    lr_mult: 4
    decay_mult: 1
  }
  param {
    lr_mult: 8
    decay_mult: 0
  }
  convolution_param {
    num_output: 128
    pad: 3
    kernel_size: 7
    weight_filler {
      type: "gaussian"
      std: 0.01
    }
    bias_filler {
      type: "constant"
    }
    dilation: 1
  }
}
layer {
  name: "Mrelu1_2_stage5_1"
  type: "ReLU"
  bottom: "Mconv1_stage5"
  top: "Mconv1_stage5"
}
layer {
  name: "Mconv2_stage5"
  type: "Convolution"
  bottom: "Mconv1_stage5"
  top: "Mconv2_stage5"
  param {
    lr_mult: 4
    decay_mult: 1
  }
  param {
    lr_mult: 8
    decay_mult: 0
  }
  convolution_param {
    num_output: 128
    pad: 3
    kernel_size: 7
    weight_filler {
      type: "gaussian"
      std: 0.01
    }
    bias_filler {
      type: "constant"
    }
    dilation: 1
  }
}
layer {
  name: "Mrelu1_3_stage5_2"
  type: "ReLU"
  bottom: "Mconv2_stage5"
  top: "Mconv2_stage5"
}
layer {
  name: "Mconv3_stage5"
  type: "Convolution"
  bottom: "Mconv2_stage5"
  top: "Mconv3_stage5"
  param {
    lr_mult: 4
    decay_mult: 1
  }
  param {
    lr_mult: 8
    decay_mult: 0
  }
  convolution_param {
    num_output: 128
    pad: 3
    kernel_size: 7
    weight_filler {
      type: "gaussian"
      std: 0.01
    }
    bias_filler {
      type: "constant"
    }
    dilation: 1
  }
}
layer {
  name: "Mrelu1_4_stage5_3"
  type: "ReLU"
  bottom: "Mconv3_stage5"
  top: "Mconv3_stage5"
}
layer {
  name: "Mconv4_stage5"
  type: "Convolution"
  bottom: "Mconv3_stage5"
  top: "Mconv4_stage5"
  param {
    lr_mult: 4
    decay_mult: 1
  }
  param {
    lr_mult: 8
    decay_mult: 0
  }
  convolution_param {
    num_output: 128
    pad: 3
    kernel_size: 7
    weight_filler {
      type: "gaussian"
      std: 0.01
    }
    bias_filler {
      type: "constant"
    }
    dilation: 1
  }
}
layer {
  name: "Mrelu1_5_stage5_4"
  type: "ReLU"
  bottom: "Mconv4_stage5"
  top: "Mconv4_stage5"
}
layer {
  name: "Mconv5_stage5"
  type: "Convolution"
  bottom: "Mconv4_stage5"
  top: "Mconv5_stage5"
  param {
    lr_mult: 4
    decay_mult: 1
  }
  param {
    lr_mult: 8
    decay_mult: 0
  }
  convolution_param {
    num_output: 128
    pad: 3
    kernel_size: 7
    weight_filler {
      type: "gaussian"
      std: 0.01
    }
    bias_filler {
      type: "constant"
    }
    dilation: 1
  }
}
layer {
  name: "Mrelu1_6_stage5_5"
  type: "ReLU"
  bottom: "Mconv5_stage5"
  top: "Mconv5_stage5"
}
layer {
  name: "Mconv6_stage5"
  type: "Convolution"
  bottom: "Mconv5_stage5"
  top: "Mconv6_stage5"
  param {
    lr_mult: 4
    decay_mult: 1
  }
  param {
    lr_mult: 8
    decay_mult: 0
  }
  convolution_param {
    num_output: 128
    pad: 0
    kernel_size: 1
    weight_filler {
      type: "gaussian"
      std: 0.01
    }
    bias_filler {
      type: "constant"
    }
    dilation: 1
  }
}
layer {
  name: "Mrelu1_7_stage5_6"
  type: "ReLU"
  bottom: "Mconv6_stage5"
  top: "Mconv6_stage5"
}
layer {
  name: "Mconv7_stage5"
  type: "Convolution"
  bottom: "Mconv6_stage5"
  top: "Mconv7_stage5"
  param {
    lr_mult: 4
    decay_mult: 1
  }
  param {
    lr_mult: 8
    decay_mult: 0
  }
  convolution_param {
    num_output: 22
    pad: 0
    kernel_size: 1
    weight_filler {
      type: "gaussian"
      std: 0.01
    }
    bias_filler {
      type: "constant"
    }
    dilation: 1
  }
}
layer {
  name: "concat_stage6"
  type: "Concat"
  bottom: "Mconv7_stage5"
  bottom: "conv5_3_CPM"
  top: "concat_stage6"
  concat_param {
    axis: 1
  }
}
layer {
  name: "Mconv1_stage6"
  type: "Convolution"
  bottom: "concat_stage6"
  top: "Mconv1_stage6"
  param {
    lr_mult: 4
    decay_mult: 1
  }
  param {
    lr_mult: 8
    decay_mult: 0
  }
  convolution_param {
    num_output: 128
    pad: 3
    kernel_size: 7
    weight_filler {
      type: "gaussian"
      std: 0.01
    }
    bias_filler {
      type: "constant"
    }
    dilation: 1
  }
}
layer {
  name: "Mrelu1_2_stage6_1"
  type: "ReLU"
  bottom: "Mconv1_stage6"
  top: "Mconv1_stage6"
}
layer {
  name: "Mconv2_stage6"
  type: "Convolution"
  bottom: "Mconv1_stage6"
  top: "Mconv2_stage6"
  param {
    lr_mult: 4
    decay_mult: 1
  }
  param {
    lr_mult: 8
    decay_mult: 0
  }
  convolution_param {
    num_output: 128
    pad: 3
    kernel_size: 7
    weight_filler {
      type: "gaussian"
      std: 0.01
    }
    bias_filler {
      type: "constant"
    }
    dilation: 1
  }
}
layer {
  name: "Mrelu1_3_stage6_2"
  type: "ReLU"
  bottom: "Mconv2_stage6"
  top: "Mconv2_stage6"
}
layer {
  name: "Mconv3_stage6"
  type: "Convolution"
  bottom: "Mconv2_stage6"
  top: "Mconv3_stage6"
  param {
    lr_mult: 4
    decay_mult: 1
  }
  param {
    lr_mult: 8
    decay_mult: 0
  }
  convolution_param {
    num_output: 128
    pad: 3
    kernel_size: 7
    weight_filler {
      type: "gaussian"
      std: 0.01
    }
    bias_filler {
      type: "constant"
    }
    dilation: 1
  }
}
layer {
  name: "Mrelu1_4_stage6_3"
  type: "ReLU"
  bottom: "Mconv3_stage6"
  top: "Mconv3_stage6"
}
layer {
  name: "Mconv4_stage6"
  type: "Convolution"
  bottom: "Mconv3_stage6"
  top: "Mconv4_stage6"
  param {
    lr_mult: 4
    decay_mult: 1
  }
  param {
    lr_mult: 8
    decay_mult: 0
  }
  convolution_param {
    num_output: 128
    pad: 3
    kernel_size: 7
    weight_filler {
      type: "gaussian"
      std: 0.01
    }
    bias_filler {
      type: "constant"
    }
    dilation: 1
  }
}
layer {
  name: "Mrelu1_5_stage6_4"
  type: "ReLU"
  bottom: "Mconv4_stage6"
  top: "Mconv4_stage6"
}
layer {
  name: "Mconv5_stage6"
  type: "Convolution"
  bottom: "Mconv4_stage6"
  top: "Mconv5_stage6"
  param {
    lr_mult: 4
    decay_mult: 1
  }
  param {
    lr_mult: 8
    decay_mult: 0
  }
  convolution_param {
    num_output: 128
    pad: 3
    kernel_size: 7
    weight_filler {
      type: "gaussian"
      std: 0.01
    }
    bias_filler {
      type: "constant"
    }
    dilation: 1
  }
}
layer {
  name: "Mrelu1_6_stage6_5"
  type: "ReLU"
  bottom: "Mconv5_stage6"
  top: "Mconv5_stage6"
}
layer {
  name: "Mconv6_stage6"
  type: "Convolution"
  bottom: "Mconv5_stage6"
  top: "Mconv6_stage6"
  param {
    lr_mult: 4
    decay_mult: 1
  }
  param {
    lr_mult: 8
    decay_mult: 0
  }
  convolution_param {
    num_output: 128
    pad: 0
    kernel_size: 1
    weight_filler {
      type: "gaussian"
      std: 0.01
    }
    bias_filler {
      type: "constant"
    }
    dilation: 1
  }
}
layer {
  name: "Mrelu1_7_stage6_6"
  type: "ReLU"
  bottom: "Mconv6_stage6"
  top: "Mconv6_stage6"
}
layer {
  name: "Mconv7_stage6"
  type: "Convolution"
  bottom: "Mconv6_stage6"
  top: "net_output"
  param {
    lr_mult: 4
    decay_mult: 1
  }
  param {
    lr_mult: 8
    decay_mult: 0
  }
  convolution_param {
    num_output: 22
    pad: 0
    kernel_size: 1
    weight_filler {
      type: "gaussian"
      std: 0.01
    }
    bias_filler {
      type: "constant"
    }
    dilation: 1
  }
}
I0923 17:57:37.522928 2173940 layer_factory.hpp:77] Creating layer input
I0923 17:57:37.522933 2173940 net.cpp:86] Creating Layer input
I0923 17:57:37.522935 2173940 net.cpp:382] input -> image
I0923 17:57:37.522951 2173940 net.cpp:124] Setting up input
I0923 17:57:37.522953 2173940 net.cpp:131] Top shape: 1 3 1 1 (3)
I0923 17:57:37.522954 2173940 net.cpp:139] Memory required for data: 12
I0923 17:57:37.522956 2173940 layer_factory.hpp:77] Creating layer conv1_1
I0923 17:57:37.522959 2173940 net.cpp:86] Creating Layer conv1_1
I0923 17:57:37.522960 2173940 net.cpp:408] conv1_1 <- image
I0923 17:57:37.522964 2173940 net.cpp:382] conv1_1 -> conv1_1
I0923 17:57:37.532285 2173940 net.cpp:124] Setting up conv1_1
I0923 17:57:37.532290 2173940 net.cpp:131] Top shape: 1 64 1 1 (64)
I0923 17:57:37.532292 2173940 net.cpp:139] Memory required for data: 268
I0923 17:57:37.532297 2173940 layer_factory.hpp:77] Creating layer relu1_1
I0923 17:57:37.532300 2173940 net.cpp:86] Creating Layer relu1_1
I0923 17:57:37.532301 2173940 net.cpp:408] relu1_1 <- conv1_1
I0923 17:57:37.532303 2173940 net.cpp:369] relu1_1 -> conv1_1 (in-place)
I0923 17:57:37.535851 2173940 net.cpp:124] Setting up relu1_1
I0923 17:57:37.535854 2173940 net.cpp:131] Top shape: 1 64 1 1 (64)
I0923 17:57:37.535856 2173940 net.cpp:139] Memory required for data: 524
I0923 17:57:37.535857 2173940 layer_factory.hpp:77] Creating layer conv1_2
I0923 17:57:37.535862 2173940 net.cpp:86] Creating Layer conv1_2
I0923 17:57:37.535863 2173940 net.cpp:408] conv1_2 <- conv1_1
I0923 17:57:37.535866 2173940 net.cpp:382] conv1_2 -> conv1_2
I0923 17:57:37.543823 2173940 net.cpp:124] Setting up conv1_2
I0923 17:57:37.543826 2173940 net.cpp:131] Top shape: 1 64 1 1 (64)
I0923 17:57:37.543828 2173940 net.cpp:139] Memory required for data: 780
I0923 17:57:37.543833 2173940 layer_factory.hpp:77] Creating layer relu1_2
I0923 17:57:37.543835 2173940 net.cpp:86] Creating Layer relu1_2
I0923 17:57:37.543836 2173940 net.cpp:408] relu1_2 <- conv1_2
I0923 17:57:37.543838 2173940 net.cpp:369] relu1_2 -> conv1_2 (in-place)
I0923 17:57:37.547070 2173940 net.cpp:124] Setting up relu1_2
I0923 17:57:37.547073 2173940 net.cpp:131] Top shape: 1 64 1 1 (64)
I0923 17:57:37.547075 2173940 net.cpp:139] Memory required for data: 1036
I0923 17:57:37.547076 2173940 layer_factory.hpp:77] Creating layer pool1_stage1
I0923 17:57:37.547080 2173940 net.cpp:86] Creating Layer pool1_stage1
I0923 17:57:37.547081 2173940 net.cpp:408] pool1_stage1 <- conv1_2
I0923 17:57:37.547083 2173940 net.cpp:382] pool1_stage1 -> pool1_stage1
I0923 17:57:37.547096 2173940 net.cpp:124] Setting up pool1_stage1
I0923 17:57:37.547097 2173940 net.cpp:131] Top shape: 1 64 1 1 (64)
I0923 17:57:37.547098 2173940 net.cpp:139] Memory required for data: 1292
I0923 17:57:37.547099 2173940 layer_factory.hpp:77] Creating layer conv2_1
I0923 17:57:37.547103 2173940 net.cpp:86] Creating Layer conv2_1
I0923 17:57:37.547104 2173940 net.cpp:408] conv2_1 <- pool1_stage1
I0923 17:57:37.547106 2173940 net.cpp:382] conv2_1 -> conv2_1
I0923 17:57:37.555878 2173940 net.cpp:124] Setting up conv2_1
I0923 17:57:37.555882 2173940 net.cpp:131] Top shape: 1 128 1 1 (128)
I0923 17:57:37.555884 2173940 net.cpp:139] Memory required for data: 1804
I0923 17:57:37.555888 2173940 layer_factory.hpp:77] Creating layer relu2_1
I0923 17:57:37.555891 2173940 net.cpp:86] Creating Layer relu2_1
I0923 17:57:37.555892 2173940 net.cpp:408] relu2_1 <- conv2_1
I0923 17:57:37.555894 2173940 net.cpp:369] relu2_1 -> conv2_1 (in-place)
I0923 17:57:37.558429 2173940 net.cpp:124] Setting up relu2_1
I0923 17:57:37.558431 2173940 net.cpp:131] Top shape: 1 128 1 1 (128)
I0923 17:57:37.558432 2173940 net.cpp:139] Memory required for data: 2316
I0923 17:57:37.558434 2173940 layer_factory.hpp:77] Creating layer conv2_2
I0923 17:57:37.558439 2173940 net.cpp:86] Creating Layer conv2_2
I0923 17:57:37.558439 2173940 net.cpp:408] conv2_2 <- conv2_1
I0923 17:57:37.558441 2173940 net.cpp:382] conv2_2 -> conv2_2
I0923 17:57:37.567114 2173940 net.cpp:124] Setting up conv2_2
I0923 17:57:37.567118 2173940 net.cpp:131] Top shape: 1 128 1 1 (128)
I0923 17:57:37.567121 2173940 net.cpp:139] Memory required for data: 2828
I0923 17:57:37.567122 2173940 layer_factory.hpp:77] Creating layer relu2_2
I0923 17:57:37.567126 2173940 net.cpp:86] Creating Layer relu2_2
I0923 17:57:37.567127 2173940 net.cpp:408] relu2_2 <- conv2_2
I0923 17:57:37.567128 2173940 net.cpp:369] relu2_2 -> conv2_2 (in-place)
I0923 17:57:37.569820 2173940 net.cpp:124] Setting up relu2_2
I0923 17:57:37.569823 2173940 net.cpp:131] Top shape: 1 128 1 1 (128)
I0923 17:57:37.569824 2173940 net.cpp:139] Memory required for data: 3340
I0923 17:57:37.569825 2173940 layer_factory.hpp:77] Creating layer pool2_stage1
I0923 17:57:37.569828 2173940 net.cpp:86] Creating Layer pool2_stage1
I0923 17:57:37.569829 2173940 net.cpp:408] pool2_stage1 <- conv2_2
I0923 17:57:37.569831 2173940 net.cpp:382] pool2_stage1 -> pool2_stage1
I0923 17:57:37.569842 2173940 net.cpp:124] Setting up pool2_stage1
I0923 17:57:37.569844 2173940 net.cpp:131] Top shape: 1 128 1 1 (128)
I0923 17:57:37.569845 2173940 net.cpp:139] Memory required for data: 3852
I0923 17:57:37.569846 2173940 layer_factory.hpp:77] Creating layer conv3_1
I0923 17:57:37.569849 2173940 net.cpp:86] Creating Layer conv3_1
I0923 17:57:37.569850 2173940 net.cpp:408] conv3_1 <- pool2_stage1
I0923 17:57:37.569851 2173940 net.cpp:382] conv3_1 -> conv3_1
I0923 17:57:37.579834 2173940 net.cpp:124] Setting up conv3_1
I0923 17:57:37.579839 2173940 net.cpp:131] Top shape: 1 256 1 1 (256)
I0923 17:57:37.579841 2173940 net.cpp:139] Memory required for data: 4876
I0923 17:57:37.579844 2173940 layer_factory.hpp:77] Creating layer relu3_1
I0923 17:57:37.579847 2173940 net.cpp:86] Creating Layer relu3_1
I0923 17:57:37.579849 2173940 net.cpp:408] relu3_1 <- conv3_1
I0923 17:57:37.579850 2173940 net.cpp:369] relu3_1 -> conv3_1 (in-place)
I0923 17:57:37.582367 2173940 net.cpp:124] Setting up relu3_1
I0923 17:57:37.582370 2173940 net.cpp:131] Top shape: 1 256 1 1 (256)
I0923 17:57:37.582371 2173940 net.cpp:139] Memory required for data: 5900
I0923 17:57:37.582373 2173940 layer_factory.hpp:77] Creating layer conv3_2
I0923 17:57:37.582376 2173940 net.cpp:86] Creating Layer conv3_2
I0923 17:57:37.582378 2173940 net.cpp:408] conv3_2 <- conv3_1
I0923 17:57:37.582379 2173940 net.cpp:382] conv3_2 -> conv3_2
I0923 17:57:37.593554 2173940 net.cpp:124] Setting up conv3_2
I0923 17:57:37.593559 2173940 net.cpp:131] Top shape: 1 256 1 1 (256)
I0923 17:57:37.593560 2173940 net.cpp:139] Memory required for data: 6924
I0923 17:57:37.593562 2173940 layer_factory.hpp:77] Creating layer relu3_2
I0923 17:57:37.593564 2173940 net.cpp:86] Creating Layer relu3_2
I0923 17:57:37.593566 2173940 net.cpp:408] relu3_2 <- conv3_2
I0923 17:57:37.593567 2173940 net.cpp:369] relu3_2 -> conv3_2 (in-place)
I0923 17:57:37.595955 2173940 net.cpp:124] Setting up relu3_2
I0923 17:57:37.595958 2173940 net.cpp:131] Top shape: 1 256 1 1 (256)
I0923 17:57:37.595960 2173940 net.cpp:139] Memory required for data: 7948
I0923 17:57:37.595961 2173940 layer_factory.hpp:77] Creating layer conv3_3
I0923 17:57:37.595965 2173940 net.cpp:86] Creating Layer conv3_3
I0923 17:57:37.595966 2173940 net.cpp:408] conv3_3 <- conv3_2
I0923 17:57:37.595968 2173940 net.cpp:382] conv3_3 -> conv3_3
I0923 17:57:37.606056 2173940 net.cpp:124] Setting up conv3_3
I0923 17:57:37.606061 2173940 net.cpp:131] Top shape: 1 256 1 1 (256)
I0923 17:57:37.606063 2173940 net.cpp:139] Memory required for data: 8972
I0923 17:57:37.606065 2173940 layer_factory.hpp:77] Creating layer relu3_3
I0923 17:57:37.606068 2173940 net.cpp:86] Creating Layer relu3_3
I0923 17:57:37.606069 2173940 net.cpp:408] relu3_3 <- conv3_3
I0923 17:57:37.606071 2173940 net.cpp:369] relu3_3 -> conv3_3 (in-place)
I0923 17:57:37.608560 2173940 net.cpp:124] Setting up relu3_3
I0923 17:57:37.608563 2173940 net.cpp:131] Top shape: 1 256 1 1 (256)
I0923 17:57:37.608564 2173940 net.cpp:139] Memory required for data: 9996
I0923 17:57:37.608565 2173940 layer_factory.hpp:77] Creating layer conv3_4
I0923 17:57:37.608569 2173940 net.cpp:86] Creating Layer conv3_4
I0923 17:57:37.608570 2173940 net.cpp:408] conv3_4 <- conv3_3
I0923 17:57:37.608572 2173940 net.cpp:382] conv3_4 -> conv3_4
I0923 17:57:37.619302 2173940 net.cpp:124] Setting up conv3_4
I0923 17:57:37.619305 2173940 net.cpp:131] Top shape: 1 256 1 1 (256)
I0923 17:57:37.619307 2173940 net.cpp:139] Memory required for data: 11020
I0923 17:57:37.619310 2173940 layer_factory.hpp:77] Creating layer relu3_4
I0923 17:57:37.619313 2173940 net.cpp:86] Creating Layer relu3_4
I0923 17:57:37.619314 2173940 net.cpp:408] relu3_4 <- conv3_4
I0923 17:57:37.619315 2173940 net.cpp:369] relu3_4 -> conv3_4 (in-place)
I0923 17:57:37.621694 2173940 net.cpp:124] Setting up relu3_4
I0923 17:57:37.621696 2173940 net.cpp:131] Top shape: 1 256 1 1 (256)
I0923 17:57:37.621698 2173940 net.cpp:139] Memory required for data: 12044
I0923 17:57:37.621699 2173940 layer_factory.hpp:77] Creating layer pool3_stage1
I0923 17:57:37.621701 2173940 net.cpp:86] Creating Layer pool3_stage1
I0923 17:57:37.621702 2173940 net.cpp:408] pool3_stage1 <- conv3_4
I0923 17:57:37.621704 2173940 net.cpp:382] pool3_stage1 -> pool3_stage1
I0923 17:57:37.621716 2173940 net.cpp:124] Setting up pool3_stage1
I0923 17:57:37.621716 2173940 net.cpp:131] Top shape: 1 256 1 1 (256)
I0923 17:57:37.621717 2173940 net.cpp:139] Memory required for data: 13068
I0923 17:57:37.621718 2173940 layer_factory.hpp:77] Creating layer conv4_1
I0923 17:57:37.621722 2173940 net.cpp:86] Creating Layer conv4_1
I0923 17:57:37.621723 2173940 net.cpp:408] conv4_1 <- pool3_stage1
I0923 17:57:37.621726 2173940 net.cpp:382] conv4_1 -> conv4_1
I0923 17:57:37.634891 2173940 net.cpp:124] Setting up conv4_1
I0923 17:57:37.634895 2173940 net.cpp:131] Top shape: 1 512 1 1 (512)
I0923 17:57:37.634897 2173940 net.cpp:139] Memory required for data: 15116
I0923 17:57:37.634900 2173940 layer_factory.hpp:77] Creating layer relu4_1
I0923 17:57:37.634903 2173940 net.cpp:86] Creating Layer relu4_1
I0923 17:57:37.634904 2173940 net.cpp:408] relu4_1 <- conv4_1
I0923 17:57:37.634907 2173940 net.cpp:369] relu4_1 -> conv4_1 (in-place)
I0923 17:57:37.637496 2173940 net.cpp:124] Setting up relu4_1
I0923 17:57:37.637498 2173940 net.cpp:131] Top shape: 1 512 1 1 (512)
I0923 17:57:37.637501 2173940 net.cpp:139] Memory required for data: 17164
I0923 17:57:37.637501 2173940 layer_factory.hpp:77] Creating layer conv4_2
I0923 17:57:37.637506 2173940 net.cpp:86] Creating Layer conv4_2
I0923 17:57:37.637506 2173940 net.cpp:408] conv4_2 <- conv4_1
I0923 17:57:37.637508 2173940 net.cpp:382] conv4_2 -> conv4_2
I0923 17:57:37.653937 2173940 net.cpp:124] Setting up conv4_2
I0923 17:57:37.653942 2173940 net.cpp:131] Top shape: 1 512 1 1 (512)
I0923 17:57:37.653944 2173940 net.cpp:139] Memory required for data: 19212
I0923 17:57:37.653946 2173940 layer_factory.hpp:77] Creating layer relu4_2
I0923 17:57:37.653949 2173940 net.cpp:86] Creating Layer relu4_2
I0923 17:57:37.653950 2173940 net.cpp:408] relu4_2 <- conv4_2
I0923 17:57:37.653952 2173940 net.cpp:369] relu4_2 -> conv4_2 (in-place)
I0923 17:57:37.656461 2173940 net.cpp:124] Setting up relu4_2
I0923 17:57:37.656464 2173940 net.cpp:131] Top shape: 1 512 1 1 (512)
I0923 17:57:37.656466 2173940 net.cpp:139] Memory required for data: 21260
I0923 17:57:37.656467 2173940 layer_factory.hpp:77] Creating layer conv4_3
I0923 17:57:37.656471 2173940 net.cpp:86] Creating Layer conv4_3
I0923 17:57:37.656472 2173940 net.cpp:408] conv4_3 <- conv4_2
I0923 17:57:37.656474 2173940 net.cpp:382] conv4_3 -> conv4_3
I0923 17:57:37.672676 2173940 net.cpp:124] Setting up conv4_3
I0923 17:57:37.672680 2173940 net.cpp:131] Top shape: 1 512 1 1 (512)
I0923 17:57:37.672683 2173940 net.cpp:139] Memory required for data: 23308
I0923 17:57:37.672685 2173940 layer_factory.hpp:77] Creating layer relu4_3
I0923 17:57:37.672688 2173940 net.cpp:86] Creating Layer relu4_3
I0923 17:57:37.672689 2173940 net.cpp:408] relu4_3 <- conv4_3
I0923 17:57:37.672690 2173940 net.cpp:369] relu4_3 -> conv4_3 (in-place)
I0923 17:57:37.675099 2173940 net.cpp:124] Setting up relu4_3
I0923 17:57:37.675102 2173940 net.cpp:131] Top shape: 1 512 1 1 (512)
I0923 17:57:37.675104 2173940 net.cpp:139] Memory required for data: 25356
I0923 17:57:37.675105 2173940 layer_factory.hpp:77] Creating layer conv4_4
I0923 17:57:37.675109 2173940 net.cpp:86] Creating Layer conv4_4
I0923 17:57:37.675110 2173940 net.cpp:408] conv4_4 <- conv4_3
I0923 17:57:37.675112 2173940 net.cpp:382] conv4_4 -> conv4_4
I0923 17:57:37.691335 2173940 net.cpp:124] Setting up conv4_4
I0923 17:57:37.691339 2173940 net.cpp:131] Top shape: 1 512 1 1 (512)
I0923 17:57:37.691341 2173940 net.cpp:139] Memory required for data: 27404
I0923 17:57:37.691344 2173940 layer_factory.hpp:77] Creating layer relu4_4
I0923 17:57:37.691346 2173940 net.cpp:86] Creating Layer relu4_4
I0923 17:57:37.691347 2173940 net.cpp:408] relu4_4 <- conv4_4
I0923 17:57:37.691349 2173940 net.cpp:369] relu4_4 -> conv4_4 (in-place)
I0923 17:57:37.693866 2173940 net.cpp:124] Setting up relu4_4
I0923 17:57:37.693868 2173940 net.cpp:131] Top shape: 1 512 1 1 (512)
I0923 17:57:37.693869 2173940 net.cpp:139] Memory required for data: 29452
I0923 17:57:37.693871 2173940 layer_factory.hpp:77] Creating layer conv5_1
I0923 17:57:37.693874 2173940 net.cpp:86] Creating Layer conv5_1
I0923 17:57:37.693876 2173940 net.cpp:408] conv5_1 <- conv4_4
I0923 17:57:37.693877 2173940 net.cpp:382] conv5_1 -> conv5_1
I0923 17:57:37.710572 2173940 net.cpp:124] Setting up conv5_1
I0923 17:57:37.710578 2173940 net.cpp:131] Top shape: 1 512 1 1 (512)
I0923 17:57:37.710580 2173940 net.cpp:139] Memory required for data: 31500
I0923 17:57:37.710583 2173940 layer_factory.hpp:77] Creating layer relu5_1
I0923 17:57:37.710585 2173940 net.cpp:86] Creating Layer relu5_1
I0923 17:57:37.710587 2173940 net.cpp:408] relu5_1 <- conv5_1
I0923 17:57:37.710588 2173940 net.cpp:369] relu5_1 -> conv5_1 (in-place)
I0923 17:57:37.713104 2173940 net.cpp:124] Setting up relu5_1
I0923 17:57:37.713106 2173940 net.cpp:131] Top shape: 1 512 1 1 (512)
I0923 17:57:37.713109 2173940 net.cpp:139] Memory required for data: 33548
I0923 17:57:37.713109 2173940 layer_factory.hpp:77] Creating layer conv5_2
I0923 17:57:37.713112 2173940 net.cpp:86] Creating Layer conv5_2
I0923 17:57:37.713114 2173940 net.cpp:408] conv5_2 <- conv5_1
I0923 17:57:37.713115 2173940 net.cpp:382] conv5_2 -> conv5_2
I0923 17:57:37.729436 2173940 net.cpp:124] Setting up conv5_2
I0923 17:57:37.729442 2173940 net.cpp:131] Top shape: 1 512 1 1 (512)
I0923 17:57:37.729444 2173940 net.cpp:139] Memory required for data: 35596
I0923 17:57:37.729446 2173940 layer_factory.hpp:77] Creating layer relu5_2
I0923 17:57:37.729449 2173940 net.cpp:86] Creating Layer relu5_2
I0923 17:57:37.729450 2173940 net.cpp:408] relu5_2 <- conv5_2
I0923 17:57:37.729451 2173940 net.cpp:369] relu5_2 -> conv5_2 (in-place)
I0923 17:57:37.733278 2173940 net.cpp:124] Setting up relu5_2
I0923 17:57:37.733281 2173940 net.cpp:131] Top shape: 1 512 1 1 (512)
I0923 17:57:37.733283 2173940 net.cpp:139] Memory required for data: 37644
I0923 17:57:37.733284 2173940 layer_factory.hpp:77] Creating layer conv5_3_CPM
I0923 17:57:37.733289 2173940 net.cpp:86] Creating Layer conv5_3_CPM
I0923 17:57:37.733290 2173940 net.cpp:408] conv5_3_CPM <- conv5_2
I0923 17:57:37.733292 2173940 net.cpp:382] conv5_3_CPM -> conv5_3_CPM
I0923 17:57:37.744280 2173940 net.cpp:124] Setting up conv5_3_CPM
I0923 17:57:37.744285 2173940 net.cpp:131] Top shape: 1 128 1 1 (128)
I0923 17:57:37.744287 2173940 net.cpp:139] Memory required for data: 38156
I0923 17:57:37.744290 2173940 layer_factory.hpp:77] Creating layer relu5_4_stage1_3
I0923 17:57:37.744292 2173940 net.cpp:86] Creating Layer relu5_4_stage1_3
I0923 17:57:37.744294 2173940 net.cpp:408] relu5_4_stage1_3 <- conv5_3_CPM
I0923 17:57:37.744297 2173940 net.cpp:369] relu5_4_stage1_3 -> conv5_3_CPM (in-place)
I0923 17:57:37.746794 2173940 net.cpp:124] Setting up relu5_4_stage1_3
I0923 17:57:37.746797 2173940 net.cpp:131] Top shape: 1 128 1 1 (128)
I0923 17:57:37.746799 2173940 net.cpp:139] Memory required for data: 38668
I0923 17:57:37.746800 2173940 layer_factory.hpp:77] Creating layer conv5_3_CPM_relu5_4_stage1_3_0_split
I0923 17:57:37.746803 2173940 net.cpp:86] Creating Layer conv5_3_CPM_relu5_4_stage1_3_0_split
I0923 17:57:37.746805 2173940 net.cpp:408] conv5_3_CPM_relu5_4_stage1_3_0_split <- conv5_3_CPM
I0923 17:57:37.746807 2173940 net.cpp:382] conv5_3_CPM_relu5_4_stage1_3_0_split -> conv5_3_CPM_relu5_4_stage1_3_0_split_0
I0923 17:57:37.746810 2173940 net.cpp:382] conv5_3_CPM_relu5_4_stage1_3_0_split -> conv5_3_CPM_relu5_4_stage1_3_0_split_1
I0923 17:57:37.746812 2173940 net.cpp:382] conv5_3_CPM_relu5_4_stage1_3_0_split -> conv5_3_CPM_relu5_4_stage1_3_0_split_2
I0923 17:57:37.746814 2173940 net.cpp:382] conv5_3_CPM_relu5_4_stage1_3_0_split -> conv5_3_CPM_relu5_4_stage1_3_0_split_3
I0923 17:57:37.746816 2173940 net.cpp:382] conv5_3_CPM_relu5_4_stage1_3_0_split -> conv5_3_CPM_relu5_4_stage1_3_0_split_4
I0923 17:57:37.746819 2173940 net.cpp:382] conv5_3_CPM_relu5_4_stage1_3_0_split -> conv5_3_CPM_relu5_4_stage1_3_0_split_5
I0923 17:57:37.746840 2173940 net.cpp:124] Setting up conv5_3_CPM_relu5_4_stage1_3_0_split
I0923 17:57:37.746840 2173940 net.cpp:131] Top shape: 1 128 1 1 (128)
I0923 17:57:37.746841 2173940 net.cpp:131] Top shape: 1 128 1 1 (128)
I0923 17:57:37.746842 2173940 net.cpp:131] Top shape: 1 128 1 1 (128)
I0923 17:57:37.746845 2173940 net.cpp:131] Top shape: 1 128 1 1 (128)
I0923 17:57:37.746845 2173940 net.cpp:131] Top shape: 1 128 1 1 (128)
I0923 17:57:37.746846 2173940 net.cpp:131] Top shape: 1 128 1 1 (128)
I0923 17:57:37.746847 2173940 net.cpp:139] Memory required for data: 41740
I0923 17:57:37.746848 2173940 layer_factory.hpp:77] Creating layer conv6_1_CPM
I0923 17:57:37.746852 2173940 net.cpp:86] Creating Layer conv6_1_CPM
I0923 17:57:37.746853 2173940 net.cpp:408] conv6_1_CPM <- conv5_3_CPM_relu5_4_stage1_3_0_split_0
I0923 17:57:37.746855 2173940 net.cpp:382] conv6_1_CPM -> conv6_1_CPM
I0923 17:57:37.754978 2173940 net.cpp:124] Setting up conv6_1_CPM
I0923 17:57:37.754983 2173940 net.cpp:131] Top shape: 1 512 1 1 (512)
I0923 17:57:37.754985 2173940 net.cpp:139] Memory required for data: 43788
I0923 17:57:37.754987 2173940 layer_factory.hpp:77] Creating layer relu6_4_stage1_1
I0923 17:57:37.754989 2173940 net.cpp:86] Creating Layer relu6_4_stage1_1
I0923 17:57:37.754992 2173940 net.cpp:408] relu6_4_stage1_1 <- conv6_1_CPM
I0923 17:57:37.754993 2173940 net.cpp:369] relu6_4_stage1_1 -> conv6_1_CPM (in-place)
I0923 17:57:37.757470 2173940 net.cpp:124] Setting up relu6_4_stage1_1
I0923 17:57:37.757473 2173940 net.cpp:131] Top shape: 1 512 1 1 (512)
I0923 17:57:37.757475 2173940 net.cpp:139] Memory required for data: 45836
I0923 17:57:37.757476 2173940 layer_factory.hpp:77] Creating layer conv6_2_CPM
I0923 17:57:37.757480 2173940 net.cpp:86] Creating Layer conv6_2_CPM
I0923 17:57:37.757483 2173940 net.cpp:408] conv6_2_CPM <- conv6_1_CPM
I0923 17:57:37.757484 2173940 net.cpp:382] conv6_2_CPM -> conv6_2_CPM
I0923 17:57:37.765393 2173940 net.cpp:124] Setting up conv6_2_CPM
I0923 17:57:37.765398 2173940 net.cpp:131] Top shape: 1 22 1 1 (22)
I0923 17:57:37.765399 2173940 net.cpp:139] Memory required for data: 45924
I0923 17:57:37.765403 2173940 layer_factory.hpp:77] Creating layer concat_stage2
I0923 17:57:37.765406 2173940 net.cpp:86] Creating Layer concat_stage2
I0923 17:57:37.765407 2173940 net.cpp:408] concat_stage2 <- conv6_2_CPM
I0923 17:57:37.765409 2173940 net.cpp:408] concat_stage2 <- conv5_3_CPM_relu5_4_stage1_3_0_split_1
I0923 17:57:37.765411 2173940 net.cpp:382] concat_stage2 -> concat_stage2
I0923 17:57:37.765420 2173940 net.cpp:124] Setting up concat_stage2
I0923 17:57:37.765422 2173940 net.cpp:131] Top shape: 1 150 1 1 (150)
I0923 17:57:37.765424 2173940 net.cpp:139] Memory required for data: 46524
I0923 17:57:37.765424 2173940 layer_factory.hpp:77] Creating layer Mconv1_stage2
I0923 17:57:37.765427 2173940 net.cpp:86] Creating Layer Mconv1_stage2
I0923 17:57:37.765429 2173940 net.cpp:408] Mconv1_stage2 <- concat_stage2
I0923 17:57:37.765430 2173940 net.cpp:382] Mconv1_stage2 -> Mconv1_stage2
I0923 17:57:37.777981 2173940 net.cpp:124] Setting up Mconv1_stage2
I0923 17:57:37.777987 2173940 net.cpp:131] Top shape: 1 128 1 1 (128)
I0923 17:57:37.777988 2173940 net.cpp:139] Memory required for data: 47036
I0923 17:57:37.777992 2173940 layer_factory.hpp:77] Creating layer Mrelu1_2_stage2_1
I0923 17:57:37.777993 2173940 net.cpp:86] Creating Layer Mrelu1_2_stage2_1
I0923 17:57:37.777995 2173940 net.cpp:408] Mrelu1_2_stage2_1 <- Mconv1_stage2
I0923 17:57:37.777997 2173940 net.cpp:369] Mrelu1_2_stage2_1 -> Mconv1_stage2 (in-place)
I0923 17:57:37.780524 2173940 net.cpp:124] Setting up Mrelu1_2_stage2_1
I0923 17:57:37.780527 2173940 net.cpp:131] Top shape: 1 128 1 1 (128)
I0923 17:57:37.780529 2173940 net.cpp:139] Memory required for data: 47548
I0923 17:57:37.780530 2173940 layer_factory.hpp:77] Creating layer Mconv2_stage2
I0923 17:57:37.780534 2173940 net.cpp:86] Creating Layer Mconv2_stage2
I0923 17:57:37.780535 2173940 net.cpp:408] Mconv2_stage2 <- Mconv1_stage2
I0923 17:57:37.780537 2173940 net.cpp:382] Mconv2_stage2 -> Mconv2_stage2
I0923 17:57:37.792985 2173940 net.cpp:124] Setting up Mconv2_stage2
I0923 17:57:37.792990 2173940 net.cpp:131] Top shape: 1 128 1 1 (128)
I0923 17:57:37.792994 2173940 net.cpp:139] Memory required for data: 48060
I0923 17:57:37.792995 2173940 layer_factory.hpp:77] Creating layer Mrelu1_3_stage2_2
I0923 17:57:37.792997 2173940 net.cpp:86] Creating Layer Mrelu1_3_stage2_2
I0923 17:57:37.792999 2173940 net.cpp:408] Mrelu1_3_stage2_2 <- Mconv2_stage2
I0923 17:57:37.793001 2173940 net.cpp:369] Mrelu1_3_stage2_2 -> Mconv2_stage2 (in-place)
I0923 17:57:37.795532 2173940 net.cpp:124] Setting up Mrelu1_3_stage2_2
I0923 17:57:37.795536 2173940 net.cpp:131] Top shape: 1 128 1 1 (128)
I0923 17:57:37.795538 2173940 net.cpp:139] Memory required for data: 48572
I0923 17:57:37.795539 2173940 layer_factory.hpp:77] Creating layer Mconv3_stage2
I0923 17:57:37.795542 2173940 net.cpp:86] Creating Layer Mconv3_stage2
I0923 17:57:37.795544 2173940 net.cpp:408] Mconv3_stage2 <- Mconv2_stage2
I0923 17:57:37.795547 2173940 net.cpp:382] Mconv3_stage2 -> Mconv3_stage2
I0923 17:57:37.807485 2173940 net.cpp:124] Setting up Mconv3_stage2
I0923 17:57:37.807490 2173940 net.cpp:131] Top shape: 1 128 1 1 (128)
I0923 17:57:37.807492 2173940 net.cpp:139] Memory required for data: 49084
I0923 17:57:37.807495 2173940 layer_factory.hpp:77] Creating layer Mrelu1_4_stage2_3
I0923 17:57:37.807497 2173940 net.cpp:86] Creating Layer Mrelu1_4_stage2_3
I0923 17:57:37.807499 2173940 net.cpp:408] Mrelu1_4_stage2_3 <- Mconv3_stage2
I0923 17:57:37.807502 2173940 net.cpp:369] Mrelu1_4_stage2_3 -> Mconv3_stage2 (in-place)
I0923 17:57:37.810618 2173940 net.cpp:124] Setting up Mrelu1_4_stage2_3
I0923 17:57:37.810621 2173940 net.cpp:131] Top shape: 1 128 1 1 (128)
I0923 17:57:37.810623 2173940 net.cpp:139] Memory required for data: 49596
I0923 17:57:37.810624 2173940 layer_factory.hpp:77] Creating layer Mconv4_stage2
I0923 17:57:37.810628 2173940 net.cpp:86] Creating Layer Mconv4_stage2
I0923 17:57:37.810629 2173940 net.cpp:408] Mconv4_stage2 <- Mconv3_stage2
I0923 17:57:37.810631 2173940 net.cpp:382] Mconv4_stage2 -> Mconv4_stage2
I0923 17:57:37.822450 2173940 net.cpp:124] Setting up Mconv4_stage2
I0923 17:57:37.822456 2173940 net.cpp:131] Top shape: 1 128 1 1 (128)
I0923 17:57:37.822458 2173940 net.cpp:139] Memory required for data: 50108
I0923 17:57:37.822460 2173940 layer_factory.hpp:77] Creating layer Mrelu1_5_stage2_4
I0923 17:57:37.822463 2173940 net.cpp:86] Creating Layer Mrelu1_5_stage2_4
I0923 17:57:37.822464 2173940 net.cpp:408] Mrelu1_5_stage2_4 <- Mconv4_stage2
I0923 17:57:37.822466 2173940 net.cpp:369] Mrelu1_5_stage2_4 -> Mconv4_stage2 (in-place)
I0923 17:57:37.824970 2173940 net.cpp:124] Setting up Mrelu1_5_stage2_4
I0923 17:57:37.824973 2173940 net.cpp:131] Top shape: 1 128 1 1 (128)
I0923 17:57:37.824975 2173940 net.cpp:139] Memory required for data: 50620
I0923 17:57:37.824976 2173940 layer_factory.hpp:77] Creating layer Mconv5_stage2
I0923 17:57:37.824980 2173940 net.cpp:86] Creating Layer Mconv5_stage2
I0923 17:57:37.824981 2173940 net.cpp:408] Mconv5_stage2 <- Mconv4_stage2
I0923 17:57:37.824983 2173940 net.cpp:382] Mconv5_stage2 -> Mconv5_stage2
I0923 17:57:37.838200 2173940 net.cpp:124] Setting up Mconv5_stage2
I0923 17:57:37.838205 2173940 net.cpp:131] Top shape: 1 128 1 1 (128)
I0923 17:57:37.838207 2173940 net.cpp:139] Memory required for data: 51132
I0923 17:57:37.838209 2173940 layer_factory.hpp:77] Creating layer Mrelu1_6_stage2_5
I0923 17:57:37.838212 2173940 net.cpp:86] Creating Layer Mrelu1_6_stage2_5
I0923 17:57:37.838214 2173940 net.cpp:408] Mrelu1_6_stage2_5 <- Mconv5_stage2
I0923 17:57:37.838217 2173940 net.cpp:369] Mrelu1_6_stage2_5 -> Mconv5_stage2 (in-place)
I0923 17:57:37.840703 2173940 net.cpp:124] Setting up Mrelu1_6_stage2_5
I0923 17:57:37.840705 2173940 net.cpp:131] Top shape: 1 128 1 1 (128)
I0923 17:57:37.840708 2173940 net.cpp:139] Memory required for data: 51644
I0923 17:57:37.840708 2173940 layer_factory.hpp:77] Creating layer Mconv6_stage2
I0923 17:57:37.840713 2173940 net.cpp:86] Creating Layer Mconv6_stage2
I0923 17:57:37.840713 2173940 net.cpp:408] Mconv6_stage2 <- Mconv5_stage2
I0923 17:57:37.840715 2173940 net.cpp:382] Mconv6_stage2 -> Mconv6_stage2
I0923 17:57:37.848491 2173940 net.cpp:124] Setting up Mconv6_stage2
I0923 17:57:37.848497 2173940 net.cpp:131] Top shape: 1 128 1 1 (128)
I0923 17:57:37.848500 2173940 net.cpp:139] Memory required for data: 52156
I0923 17:57:37.848501 2173940 layer_factory.hpp:77] Creating layer Mrelu1_7_stage2_6
I0923 17:57:37.848503 2173940 net.cpp:86] Creating Layer Mrelu1_7_stage2_6
I0923 17:57:37.848505 2173940 net.cpp:408] Mrelu1_7_stage2_6 <- Mconv6_stage2
I0923 17:57:37.848507 2173940 net.cpp:369] Mrelu1_7_stage2_6 -> Mconv6_stage2 (in-place)
I0923 17:57:37.851643 2173940 net.cpp:124] Setting up Mrelu1_7_stage2_6
I0923 17:57:37.851646 2173940 net.cpp:131] Top shape: 1 128 1 1 (128)
I0923 17:57:37.851648 2173940 net.cpp:139] Memory required for data: 52668
I0923 17:57:37.851649 2173940 layer_factory.hpp:77] Creating layer Mconv7_stage2
I0923 17:57:37.851653 2173940 net.cpp:86] Creating Layer Mconv7_stage2
I0923 17:57:37.851655 2173940 net.cpp:408] Mconv7_stage2 <- Mconv6_stage2
I0923 17:57:37.851656 2173940 net.cpp:382] Mconv7_stage2 -> Mconv7_stage2
I0923 17:57:37.859683 2173940 net.cpp:124] Setting up Mconv7_stage2
I0923 17:57:37.859688 2173940 net.cpp:131] Top shape: 1 22 1 1 (22)
I0923 17:57:37.859690 2173940 net.cpp:139] Memory required for data: 52756
I0923 17:57:37.859694 2173940 layer_factory.hpp:77] Creating layer concat_stage3
I0923 17:57:37.859695 2173940 net.cpp:86] Creating Layer concat_stage3
I0923 17:57:37.859697 2173940 net.cpp:408] concat_stage3 <- Mconv7_stage2
I0923 17:57:37.859699 2173940 net.cpp:408] concat_stage3 <- conv5_3_CPM_relu5_4_stage1_3_0_split_2
I0923 17:57:37.859701 2173940 net.cpp:382] concat_stage3 -> concat_stage3
I0923 17:57:37.859709 2173940 net.cpp:124] Setting up concat_stage3
I0923 17:57:37.859710 2173940 net.cpp:131] Top shape: 1 150 1 1 (150)
I0923 17:57:37.859712 2173940 net.cpp:139] Memory required for data: 53356
I0923 17:57:37.859714 2173940 layer_factory.hpp:77] Creating layer Mconv1_stage3
I0923 17:57:37.859716 2173940 net.cpp:86] Creating Layer Mconv1_stage3
I0923 17:57:37.859717 2173940 net.cpp:408] Mconv1_stage3 <- concat_stage3
I0923 17:57:37.859719 2173940 net.cpp:382] Mconv1_stage3 -> Mconv1_stage3
I0923 17:57:37.872133 2173940 net.cpp:124] Setting up Mconv1_stage3
I0923 17:57:37.872138 2173940 net.cpp:131] Top shape: 1 128 1 1 (128)
I0923 17:57:37.872140 2173940 net.cpp:139] Memory required for data: 53868
I0923 17:57:37.872143 2173940 layer_factory.hpp:77] Creating layer Mrelu1_2_stage3_1
I0923 17:57:37.872145 2173940 net.cpp:86] Creating Layer Mrelu1_2_stage3_1
I0923 17:57:37.872148 2173940 net.cpp:408] Mrelu1_2_stage3_1 <- Mconv1_stage3
I0923 17:57:37.872149 2173940 net.cpp:369] Mrelu1_2_stage3_1 -> Mconv1_stage3 (in-place)
I0923 17:57:37.874560 2173940 net.cpp:124] Setting up Mrelu1_2_stage3_1
I0923 17:57:37.874563 2173940 net.cpp:131] Top shape: 1 128 1 1 (128)
I0923 17:57:37.874565 2173940 net.cpp:139] Memory required for data: 54380
I0923 17:57:37.874567 2173940 layer_factory.hpp:77] Creating layer Mconv2_stage3
I0923 17:57:37.874570 2173940 net.cpp:86] Creating Layer Mconv2_stage3
I0923 17:57:37.874571 2173940 net.cpp:408] Mconv2_stage3 <- Mconv1_stage3
I0923 17:57:37.874574 2173940 net.cpp:382] Mconv2_stage3 -> Mconv2_stage3
I0923 17:57:37.886372 2173940 net.cpp:124] Setting up Mconv2_stage3
I0923 17:57:37.886379 2173940 net.cpp:131] Top shape: 1 128 1 1 (128)
I0923 17:57:37.886380 2173940 net.cpp:139] Memory required for data: 54892
I0923 17:57:37.886382 2173940 layer_factory.hpp:77] Creating layer Mrelu1_3_stage3_2
I0923 17:57:37.886385 2173940 net.cpp:86] Creating Layer Mrelu1_3_stage3_2
I0923 17:57:37.886386 2173940 net.cpp:408] Mrelu1_3_stage3_2 <- Mconv2_stage3
I0923 17:57:37.886389 2173940 net.cpp:369] Mrelu1_3_stage3_2 -> Mconv2_stage3 (in-place)
I0923 17:57:37.888782 2173940 net.cpp:124] Setting up Mrelu1_3_stage3_2
I0923 17:57:37.888784 2173940 net.cpp:131] Top shape: 1 128 1 1 (128)
I0923 17:57:37.888787 2173940 net.cpp:139] Memory required for data: 55404
I0923 17:57:37.888787 2173940 layer_factory.hpp:77] Creating layer Mconv3_stage3
I0923 17:57:37.888792 2173940 net.cpp:86] Creating Layer Mconv3_stage3
I0923 17:57:37.888792 2173940 net.cpp:408] Mconv3_stage3 <- Mconv2_stage3
I0923 17:57:37.888794 2173940 net.cpp:382] Mconv3_stage3 -> Mconv3_stage3
I0923 17:57:37.901131 2173940 net.cpp:124] Setting up Mconv3_stage3
I0923 17:57:37.901136 2173940 net.cpp:131] Top shape: 1 128 1 1 (128)
I0923 17:57:37.901139 2173940 net.cpp:139] Memory required for data: 55916
I0923 17:57:37.901141 2173940 layer_factory.hpp:77] Creating layer Mrelu1_4_stage3_3
I0923 17:57:37.901144 2173940 net.cpp:86] Creating Layer Mrelu1_4_stage3_3
I0923 17:57:37.901145 2173940 net.cpp:408] Mrelu1_4_stage3_3 <- Mconv3_stage3
I0923 17:57:37.901147 2173940 net.cpp:369] Mrelu1_4_stage3_3 -> Mconv3_stage3 (in-place)
I0923 17:57:37.903641 2173940 net.cpp:124] Setting up Mrelu1_4_stage3_3
I0923 17:57:37.903645 2173940 net.cpp:131] Top shape: 1 128 1 1 (128)
I0923 17:57:37.903646 2173940 net.cpp:139] Memory required for data: 56428
I0923 17:57:37.903647 2173940 layer_factory.hpp:77] Creating layer Mconv4_stage3
I0923 17:57:37.903651 2173940 net.cpp:86] Creating Layer Mconv4_stage3
I0923 17:57:37.903653 2173940 net.cpp:408] Mconv4_stage3 <- Mconv3_stage3
I0923 17:57:37.903656 2173940 net.cpp:382] Mconv4_stage3 -> Mconv4_stage3
I0923 17:57:37.916033 2173940 net.cpp:124] Setting up Mconv4_stage3
I0923 17:57:37.916038 2173940 net.cpp:131] Top shape: 1 128 1 1 (128)
I0923 17:57:37.916040 2173940 net.cpp:139] Memory required for data: 56940
I0923 17:57:37.916042 2173940 layer_factory.hpp:77] Creating layer Mrelu1_5_stage3_4
I0923 17:57:37.916044 2173940 net.cpp:86] Creating Layer Mrelu1_5_stage3_4
I0923 17:57:37.916046 2173940 net.cpp:408] Mrelu1_5_stage3_4 <- Mconv4_stage3
I0923 17:57:37.916049 2173940 net.cpp:369] Mrelu1_5_stage3_4 -> Mconv4_stage3 (in-place)
I0923 17:57:37.918572 2173940 net.cpp:124] Setting up Mrelu1_5_stage3_4
I0923 17:57:37.918576 2173940 net.cpp:131] Top shape: 1 128 1 1 (128)
I0923 17:57:37.918577 2173940 net.cpp:139] Memory required for data: 57452
I0923 17:57:37.918578 2173940 layer_factory.hpp:77] Creating layer Mconv5_stage3
I0923 17:57:37.918582 2173940 net.cpp:86] Creating Layer Mconv5_stage3
I0923 17:57:37.918583 2173940 net.cpp:408] Mconv5_stage3 <- Mconv4_stage3
I0923 17:57:37.918586 2173940 net.cpp:382] Mconv5_stage3 -> Mconv5_stage3
I0923 17:57:37.931768 2173940 net.cpp:124] Setting up Mconv5_stage3
I0923 17:57:37.931774 2173940 net.cpp:131] Top shape: 1 128 1 1 (128)
I0923 17:57:37.931777 2173940 net.cpp:139] Memory required for data: 57964
I0923 17:57:37.931778 2173940 layer_factory.hpp:77] Creating layer Mrelu1_6_stage3_5
I0923 17:57:37.931782 2173940 net.cpp:86] Creating Layer Mrelu1_6_stage3_5
I0923 17:57:37.931782 2173940 net.cpp:408] Mrelu1_6_stage3_5 <- Mconv5_stage3
I0923 17:57:37.931784 2173940 net.cpp:369] Mrelu1_6_stage3_5 -> Mconv5_stage3 (in-place)
I0923 17:57:37.934257 2173940 net.cpp:124] Setting up Mrelu1_6_stage3_5
I0923 17:57:37.934259 2173940 net.cpp:131] Top shape: 1 128 1 1 (128)
I0923 17:57:37.934262 2173940 net.cpp:139] Memory required for data: 58476
I0923 17:57:37.934262 2173940 layer_factory.hpp:77] Creating layer Mconv6_stage3
I0923 17:57:37.934266 2173940 net.cpp:86] Creating Layer Mconv6_stage3
I0923 17:57:37.934268 2173940 net.cpp:408] Mconv6_stage3 <- Mconv5_stage3
I0923 17:57:37.934270 2173940 net.cpp:382] Mconv6_stage3 -> Mconv6_stage3
I0923 17:57:37.942253 2173940 net.cpp:124] Setting up Mconv6_stage3
I0923 17:57:37.942258 2173940 net.cpp:131] Top shape: 1 128 1 1 (128)
I0923 17:57:37.942260 2173940 net.cpp:139] Memory required for data: 58988
I0923 17:57:37.942263 2173940 layer_factory.hpp:77] Creating layer Mrelu1_7_stage3_6
I0923 17:57:37.942266 2173940 net.cpp:86] Creating Layer Mrelu1_7_stage3_6
I0923 17:57:37.942268 2173940 net.cpp:408] Mrelu1_7_stage3_6 <- Mconv6_stage3
I0923 17:57:37.942270 2173940 net.cpp:369] Mrelu1_7_stage3_6 -> Mconv6_stage3 (in-place)
I0923 17:57:37.944990 2173940 net.cpp:124] Setting up Mrelu1_7_stage3_6
I0923 17:57:37.944993 2173940 net.cpp:131] Top shape: 1 128 1 1 (128)
I0923 17:57:37.944995 2173940 net.cpp:139] Memory required for data: 59500
I0923 17:57:37.944998 2173940 layer_factory.hpp:77] Creating layer Mconv7_stage3
I0923 17:57:37.945000 2173940 net.cpp:86] Creating Layer Mconv7_stage3
I0923 17:57:37.945003 2173940 net.cpp:408] Mconv7_stage3 <- Mconv6_stage3
I0923 17:57:37.945004 2173940 net.cpp:382] Mconv7_stage3 -> Mconv7_stage3
I0923 17:57:37.952638 2173940 net.cpp:124] Setting up Mconv7_stage3
I0923 17:57:37.952643 2173940 net.cpp:131] Top shape: 1 22 1 1 (22)
I0923 17:57:37.952646 2173940 net.cpp:139] Memory required for data: 59588
I0923 17:57:37.952648 2173940 layer_factory.hpp:77] Creating layer concat_stage4
I0923 17:57:37.952651 2173940 net.cpp:86] Creating Layer concat_stage4
I0923 17:57:37.952652 2173940 net.cpp:408] concat_stage4 <- Mconv7_stage3
I0923 17:57:37.952654 2173940 net.cpp:408] concat_stage4 <- conv5_3_CPM_relu5_4_stage1_3_0_split_3
I0923 17:57:37.952656 2173940 net.cpp:382] concat_stage4 -> concat_stage4
I0923 17:57:37.952663 2173940 net.cpp:124] Setting up concat_stage4
I0923 17:57:37.952665 2173940 net.cpp:131] Top shape: 1 150 1 1 (150)
I0923 17:57:37.952666 2173940 net.cpp:139] Memory required for data: 60188
I0923 17:57:37.952667 2173940 layer_factory.hpp:77] Creating layer Mconv1_stage4
I0923 17:57:37.952670 2173940 net.cpp:86] Creating Layer Mconv1_stage4
I0923 17:57:37.952672 2173940 net.cpp:408] Mconv1_stage4 <- concat_stage4
I0923 17:57:37.952673 2173940 net.cpp:382] Mconv1_stage4 -> Mconv1_stage4
I0923 17:57:37.965126 2173940 net.cpp:124] Setting up Mconv1_stage4
I0923 17:57:37.965131 2173940 net.cpp:131] Top shape: 1 128 1 1 (128)
I0923 17:57:37.965133 2173940 net.cpp:139] Memory required for data: 60700
I0923 17:57:37.965137 2173940 layer_factory.hpp:77] Creating layer Mrelu1_2_stage4_1
I0923 17:57:37.965139 2173940 net.cpp:86] Creating Layer Mrelu1_2_stage4_1
I0923 17:57:37.965140 2173940 net.cpp:408] Mrelu1_2_stage4_1 <- Mconv1_stage4
I0923 17:57:37.965142 2173940 net.cpp:369] Mrelu1_2_stage4_1 -> Mconv1_stage4 (in-place)
I0923 17:57:37.967645 2173940 net.cpp:124] Setting up Mrelu1_2_stage4_1
I0923 17:57:37.967648 2173940 net.cpp:131] Top shape: 1 128 1 1 (128)
I0923 17:57:37.967650 2173940 net.cpp:139] Memory required for data: 61212
I0923 17:57:37.967651 2173940 layer_factory.hpp:77] Creating layer Mconv2_stage4
I0923 17:57:37.967655 2173940 net.cpp:86] Creating Layer Mconv2_stage4
I0923 17:57:37.967656 2173940 net.cpp:408] Mconv2_stage4 <- Mconv1_stage4
I0923 17:57:37.967658 2173940 net.cpp:382] Mconv2_stage4 -> Mconv2_stage4
I0923 17:57:37.979565 2173940 net.cpp:124] Setting up Mconv2_stage4
I0923 17:57:37.979570 2173940 net.cpp:131] Top shape: 1 128 1 1 (128)
I0923 17:57:37.979573 2173940 net.cpp:139] Memory required for data: 61724
I0923 17:57:37.979578 2173940 layer_factory.hpp:77] Creating layer Mrelu1_3_stage4_2
I0923 17:57:37.979579 2173940 net.cpp:86] Creating Layer Mrelu1_3_stage4_2
I0923 17:57:37.979581 2173940 net.cpp:408] Mrelu1_3_stage4_2 <- Mconv2_stage4
I0923 17:57:37.979583 2173940 net.cpp:369] Mrelu1_3_stage4_2 -> Mconv2_stage4 (in-place)
I0923 17:57:37.982059 2173940 net.cpp:124] Setting up Mrelu1_3_stage4_2
I0923 17:57:37.982062 2173940 net.cpp:131] Top shape: 1 128 1 1 (128)
I0923 17:57:37.982064 2173940 net.cpp:139] Memory required for data: 62236
I0923 17:57:37.982065 2173940 layer_factory.hpp:77] Creating layer Mconv3_stage4
I0923 17:57:37.982069 2173940 net.cpp:86] Creating Layer Mconv3_stage4
I0923 17:57:37.982070 2173940 net.cpp:408] Mconv3_stage4 <- Mconv2_stage4
I0923 17:57:37.982072 2173940 net.cpp:382] Mconv3_stage4 -> Mconv3_stage4
I0923 17:57:37.994407 2173940 net.cpp:124] Setting up Mconv3_stage4
I0923 17:57:37.994412 2173940 net.cpp:131] Top shape: 1 128 1 1 (128)
I0923 17:57:37.994414 2173940 net.cpp:139] Memory required for data: 62748
I0923 17:57:37.994417 2173940 layer_factory.hpp:77] Creating layer Mrelu1_4_stage4_3
I0923 17:57:37.994419 2173940 net.cpp:86] Creating Layer Mrelu1_4_stage4_3
I0923 17:57:37.994421 2173940 net.cpp:408] Mrelu1_4_stage4_3 <- Mconv3_stage4
I0923 17:57:37.994423 2173940 net.cpp:369] Mrelu1_4_stage4_3 -> Mconv3_stage4 (in-place)
I0923 17:57:37.996940 2173940 net.cpp:124] Setting up Mrelu1_4_stage4_3
I0923 17:57:37.996943 2173940 net.cpp:131] Top shape: 1 128 1 1 (128)
I0923 17:57:37.996945 2173940 net.cpp:139] Memory required for data: 63260
I0923 17:57:37.996946 2173940 layer_factory.hpp:77] Creating layer Mconv4_stage4
I0923 17:57:37.996950 2173940 net.cpp:86] Creating Layer Mconv4_stage4
I0923 17:57:37.996953 2173940 net.cpp:408] Mconv4_stage4 <- Mconv3_stage4
I0923 17:57:37.996954 2173940 net.cpp:382] Mconv4_stage4 -> Mconv4_stage4
I0923 17:57:38.008848 2173940 net.cpp:124] Setting up Mconv4_stage4
I0923 17:57:38.008854 2173940 net.cpp:131] Top shape: 1 128 1 1 (128)
I0923 17:57:38.008857 2173940 net.cpp:139] Memory required for data: 63772
I0923 17:57:38.008859 2173940 layer_factory.hpp:77] Creating layer Mrelu1_5_stage4_4
I0923 17:57:38.008862 2173940 net.cpp:86] Creating Layer Mrelu1_5_stage4_4
I0923 17:57:38.008863 2173940 net.cpp:408] Mrelu1_5_stage4_4 <- Mconv4_stage4
I0923 17:57:38.008865 2173940 net.cpp:369] Mrelu1_5_stage4_4 -> Mconv4_stage4 (in-place)
I0923 17:57:38.012303 2173940 net.cpp:124] Setting up Mrelu1_5_stage4_4
I0923 17:57:38.012307 2173940 net.cpp:131] Top shape: 1 128 1 1 (128)
I0923 17:57:38.012310 2173940 net.cpp:139] Memory required for data: 64284
I0923 17:57:38.012310 2173940 layer_factory.hpp:77] Creating layer Mconv5_stage4
I0923 17:57:38.012315 2173940 net.cpp:86] Creating Layer Mconv5_stage4
I0923 17:57:38.012316 2173940 net.cpp:408] Mconv5_stage4 <- Mconv4_stage4
I0923 17:57:38.012318 2173940 net.cpp:382] Mconv5_stage4 -> Mconv5_stage4
I0923 17:57:38.023789 2173940 net.cpp:124] Setting up Mconv5_stage4
I0923 17:57:38.023794 2173940 net.cpp:131] Top shape: 1 128 1 1 (128)
I0923 17:57:38.023797 2173940 net.cpp:139] Memory required for data: 64796
I0923 17:57:38.023799 2173940 layer_factory.hpp:77] Creating layer Mrelu1_6_stage4_5
I0923 17:57:38.023801 2173940 net.cpp:86] Creating Layer Mrelu1_6_stage4_5
I0923 17:57:38.023803 2173940 net.cpp:408] Mrelu1_6_stage4_5 <- Mconv5_stage4
I0923 17:57:38.023805 2173940 net.cpp:369] Mrelu1_6_stage4_5 -> Mconv5_stage4 (in-place)
I0923 17:57:38.026623 2173940 net.cpp:124] Setting up Mrelu1_6_stage4_5
I0923 17:57:38.026628 2173940 net.cpp:131] Top shape: 1 128 1 1 (128)
I0923 17:57:38.026629 2173940 net.cpp:139] Memory required for data: 65308
I0923 17:57:38.026630 2173940 layer_factory.hpp:77] Creating layer Mconv6_stage4
I0923 17:57:38.026634 2173940 net.cpp:86] Creating Layer Mconv6_stage4
I0923 17:57:38.026636 2173940 net.cpp:408] Mconv6_stage4 <- Mconv5_stage4
I0923 17:57:38.026638 2173940 net.cpp:382] Mconv6_stage4 -> Mconv6_stage4
I0923 17:57:38.035554 2173940 net.cpp:124] Setting up Mconv6_stage4
I0923 17:57:38.035560 2173940 net.cpp:131] Top shape: 1 128 1 1 (128)
I0923 17:57:38.035562 2173940 net.cpp:139] Memory required for data: 65820
I0923 17:57:38.035564 2173940 layer_factory.hpp:77] Creating layer Mrelu1_7_stage4_6
I0923 17:57:38.035567 2173940 net.cpp:86] Creating Layer Mrelu1_7_stage4_6
I0923 17:57:38.035568 2173940 net.cpp:408] Mrelu1_7_stage4_6 <- Mconv6_stage4
I0923 17:57:38.035570 2173940 net.cpp:369] Mrelu1_7_stage4_6 -> Mconv6_stage4 (in-place)
I0923 17:57:38.038234 2173940 net.cpp:124] Setting up Mrelu1_7_stage4_6
I0923 17:57:38.038240 2173940 net.cpp:131] Top shape: 1 128 1 1 (128)
I0923 17:57:38.038242 2173940 net.cpp:139] Memory required for data: 66332
I0923 17:57:38.038244 2173940 layer_factory.hpp:77] Creating layer Mconv7_stage4
I0923 17:57:38.038247 2173940 net.cpp:86] Creating Layer Mconv7_stage4
I0923 17:57:38.038249 2173940 net.cpp:408] Mconv7_stage4 <- Mconv6_stage4
I0923 17:57:38.038251 2173940 net.cpp:382] Mconv7_stage4 -> Mconv7_stage4
I0923 17:57:38.045831 2173940 net.cpp:124] Setting up Mconv7_stage4
I0923 17:57:38.045836 2173940 net.cpp:131] Top shape: 1 22 1 1 (22)
I0923 17:57:38.045838 2173940 net.cpp:139] Memory required for data: 66420
I0923 17:57:38.045840 2173940 layer_factory.hpp:77] Creating layer concat_stage5
I0923 17:57:38.045843 2173940 net.cpp:86] Creating Layer concat_stage5
I0923 17:57:38.045845 2173940 net.cpp:408] concat_stage5 <- Mconv7_stage4
I0923 17:57:38.045846 2173940 net.cpp:408] concat_stage5 <- conv5_3_CPM_relu5_4_stage1_3_0_split_4
I0923 17:57:38.045849 2173940 net.cpp:382] concat_stage5 -> concat_stage5
I0923 17:57:38.045857 2173940 net.cpp:124] Setting up concat_stage5
I0923 17:57:38.045859 2173940 net.cpp:131] Top shape: 1 150 1 1 (150)
I0923 17:57:38.045861 2173940 net.cpp:139] Memory required for data: 67020
I0923 17:57:38.045861 2173940 layer_factory.hpp:77] Creating layer Mconv1_stage5
I0923 17:57:38.045866 2173940 net.cpp:86] Creating Layer Mconv1_stage5
I0923 17:57:38.045866 2173940 net.cpp:408] Mconv1_stage5 <- concat_stage5
I0923 17:57:38.045868 2173940 net.cpp:382] Mconv1_stage5 -> Mconv1_stage5
I0923 17:57:38.058957 2173940 net.cpp:124] Setting up Mconv1_stage5
I0923 17:57:38.058962 2173940 net.cpp:131] Top shape: 1 128 1 1 (128)
I0923 17:57:38.058965 2173940 net.cpp:139] Memory required for data: 67532
I0923 17:57:38.058967 2173940 layer_factory.hpp:77] Creating layer Mrelu1_2_stage5_1
I0923 17:57:38.058970 2173940 net.cpp:86] Creating Layer Mrelu1_2_stage5_1
I0923 17:57:38.058971 2173940 net.cpp:408] Mrelu1_2_stage5_1 <- Mconv1_stage5
I0923 17:57:38.058974 2173940 net.cpp:369] Mrelu1_2_stage5_1 -> Mconv1_stage5 (in-place)
I0923 17:57:38.061429 2173940 net.cpp:124] Setting up Mrelu1_2_stage5_1
I0923 17:57:38.061431 2173940 net.cpp:131] Top shape: 1 128 1 1 (128)
I0923 17:57:38.061434 2173940 net.cpp:139] Memory required for data: 68044
I0923 17:57:38.061434 2173940 layer_factory.hpp:77] Creating layer Mconv2_stage5
I0923 17:57:38.061439 2173940 net.cpp:86] Creating Layer Mconv2_stage5
I0923 17:57:38.061440 2173940 net.cpp:408] Mconv2_stage5 <- Mconv1_stage5
I0923 17:57:38.061442 2173940 net.cpp:382] Mconv2_stage5 -> Mconv2_stage5
I0923 17:57:38.073257 2173940 net.cpp:124] Setting up Mconv2_stage5
I0923 17:57:38.073263 2173940 net.cpp:131] Top shape: 1 128 1 1 (128)
I0923 17:57:38.073266 2173940 net.cpp:139] Memory required for data: 68556
I0923 17:57:38.073267 2173940 layer_factory.hpp:77] Creating layer Mrelu1_3_stage5_2
I0923 17:57:38.073269 2173940 net.cpp:86] Creating Layer Mrelu1_3_stage5_2
I0923 17:57:38.073271 2173940 net.cpp:408] Mrelu1_3_stage5_2 <- Mconv2_stage5
I0923 17:57:38.073273 2173940 net.cpp:369] Mrelu1_3_stage5_2 -> Mconv2_stage5 (in-place)
I0923 17:57:38.076093 2173940 net.cpp:124] Setting up Mrelu1_3_stage5_2
I0923 17:57:38.076097 2173940 net.cpp:131] Top shape: 1 128 1 1 (128)
I0923 17:57:38.076099 2173940 net.cpp:139] Memory required for data: 69068
I0923 17:57:38.076100 2173940 layer_factory.hpp:77] Creating layer Mconv3_stage5
I0923 17:57:38.076104 2173940 net.cpp:86] Creating Layer Mconv3_stage5
I0923 17:57:38.076107 2173940 net.cpp:408] Mconv3_stage5 <- Mconv2_stage5
I0923 17:57:38.076108 2173940 net.cpp:382] Mconv3_stage5 -> Mconv3_stage5
I0923 17:57:38.087546 2173940 net.cpp:124] Setting up Mconv3_stage5
I0923 17:57:38.087551 2173940 net.cpp:131] Top shape: 1 128 1 1 (128)
I0923 17:57:38.087553 2173940 net.cpp:139] Memory required for data: 69580
I0923 17:57:38.087555 2173940 layer_factory.hpp:77] Creating layer Mrelu1_4_stage5_3
I0923 17:57:38.087558 2173940 net.cpp:86] Creating Layer Mrelu1_4_stage5_3
I0923 17:57:38.087559 2173940 net.cpp:408] Mrelu1_4_stage5_3 <- Mconv3_stage5
I0923 17:57:38.087563 2173940 net.cpp:369] Mrelu1_4_stage5_3 -> Mconv3_stage5 (in-place)
I0923 17:57:38.090691 2173940 net.cpp:124] Setting up Mrelu1_4_stage5_3
I0923 17:57:38.090696 2173940 net.cpp:131] Top shape: 1 128 1 1 (128)
I0923 17:57:38.090698 2173940 net.cpp:139] Memory required for data: 70092
I0923 17:57:38.090699 2173940 layer_factory.hpp:77] Creating layer Mconv4_stage5
I0923 17:57:38.090703 2173940 net.cpp:86] Creating Layer Mconv4_stage5
I0923 17:57:38.090705 2173940 net.cpp:408] Mconv4_stage5 <- Mconv3_stage5
I0923 17:57:38.090708 2173940 net.cpp:382] Mconv4_stage5 -> Mconv4_stage5
I0923 17:57:38.102399 2173940 net.cpp:124] Setting up Mconv4_stage5
I0923 17:57:38.102406 2173940 net.cpp:131] Top shape: 1 128 1 1 (128)
I0923 17:57:38.102407 2173940 net.cpp:139] Memory required for data: 70604
I0923 17:57:38.102409 2173940 layer_factory.hpp:77] Creating layer Mrelu1_5_stage5_4
I0923 17:57:38.102412 2173940 net.cpp:86] Creating Layer Mrelu1_5_stage5_4
I0923 17:57:38.102413 2173940 net.cpp:408] Mrelu1_5_stage5_4 <- Mconv4_stage5
I0923 17:57:38.102415 2173940 net.cpp:369] Mrelu1_5_stage5_4 -> Mconv4_stage5 (in-place)
I0923 17:57:38.105175 2173940 net.cpp:124] Setting up Mrelu1_5_stage5_4
I0923 17:57:38.105177 2173940 net.cpp:131] Top shape: 1 128 1 1 (128)
I0923 17:57:38.105180 2173940 net.cpp:139] Memory required for data: 71116
I0923 17:57:38.105180 2173940 layer_factory.hpp:77] Creating layer Mconv5_stage5
I0923 17:57:38.105185 2173940 net.cpp:86] Creating Layer Mconv5_stage5
I0923 17:57:38.105186 2173940 net.cpp:408] Mconv5_stage5 <- Mconv4_stage5
I0923 17:57:38.105188 2173940 net.cpp:382] Mconv5_stage5 -> Mconv5_stage5
I0923 17:57:38.117390 2173940 net.cpp:124] Setting up Mconv5_stage5
I0923 17:57:38.117395 2173940 net.cpp:131] Top shape: 1 128 1 1 (128)
I0923 17:57:38.117398 2173940 net.cpp:139] Memory required for data: 71628
I0923 17:57:38.117399 2173940 layer_factory.hpp:77] Creating layer Mrelu1_6_stage5_5
I0923 17:57:38.117403 2173940 net.cpp:86] Creating Layer Mrelu1_6_stage5_5
I0923 17:57:38.117404 2173940 net.cpp:408] Mrelu1_6_stage5_5 <- Mconv5_stage5
I0923 17:57:38.117406 2173940 net.cpp:369] Mrelu1_6_stage5_5 -> Mconv5_stage5 (in-place)
I0923 17:57:38.120172 2173940 net.cpp:124] Setting up Mrelu1_6_stage5_5
I0923 17:57:38.120177 2173940 net.cpp:131] Top shape: 1 128 1 1 (128)
I0923 17:57:38.120178 2173940 net.cpp:139] Memory required for data: 72140
I0923 17:57:38.120180 2173940 layer_factory.hpp:77] Creating layer Mconv6_stage5
I0923 17:57:38.120183 2173940 net.cpp:86] Creating Layer Mconv6_stage5
I0923 17:57:38.120185 2173940 net.cpp:408] Mconv6_stage5 <- Mconv5_stage5
I0923 17:57:38.120187 2173940 net.cpp:382] Mconv6_stage5 -> Mconv6_stage5
I0923 17:57:38.127915 2173940 net.cpp:124] Setting up Mconv6_stage5
I0923 17:57:38.127920 2173940 net.cpp:131] Top shape: 1 128 1 1 (128)
I0923 17:57:38.127923 2173940 net.cpp:139] Memory required for data: 72652
I0923 17:57:38.127924 2173940 layer_factory.hpp:77] Creating layer Mrelu1_7_stage5_6
I0923 17:57:38.127928 2173940 net.cpp:86] Creating Layer Mrelu1_7_stage5_6
I0923 17:57:38.127929 2173940 net.cpp:408] Mrelu1_7_stage5_6 <- Mconv6_stage5
I0923 17:57:38.127931 2173940 net.cpp:369] Mrelu1_7_stage5_6 -> Mconv6_stage5 (in-place)
I0923 17:57:38.132016 2173940 net.cpp:124] Setting up Mrelu1_7_stage5_6
I0923 17:57:38.132020 2173940 net.cpp:131] Top shape: 1 128 1 1 (128)
I0923 17:57:38.132022 2173940 net.cpp:139] Memory required for data: 73164
I0923 17:57:38.132023 2173940 layer_factory.hpp:77] Creating layer Mconv7_stage5
I0923 17:57:38.132027 2173940 net.cpp:86] Creating Layer Mconv7_stage5
I0923 17:57:38.132028 2173940 net.cpp:408] Mconv7_stage5 <- Mconv6_stage5
I0923 17:57:38.132030 2173940 net.cpp:382] Mconv7_stage5 -> Mconv7_stage5
I0923 17:57:38.139631 2173940 net.cpp:124] Setting up Mconv7_stage5
I0923 17:57:38.139635 2173940 net.cpp:131] Top shape: 1 22 1 1 (22)
I0923 17:57:38.139637 2173940 net.cpp:139] Memory required for data: 73252
I0923 17:57:38.139639 2173940 layer_factory.hpp:77] Creating layer concat_stage6
I0923 17:57:38.139642 2173940 net.cpp:86] Creating Layer concat_stage6
I0923 17:57:38.139643 2173940 net.cpp:408] concat_stage6 <- Mconv7_stage5
I0923 17:57:38.139645 2173940 net.cpp:408] concat_stage6 <- conv5_3_CPM_relu5_4_stage1_3_0_split_5
I0923 17:57:38.139647 2173940 net.cpp:382] concat_stage6 -> concat_stage6
I0923 17:57:38.139655 2173940 net.cpp:124] Setting up concat_stage6
I0923 17:57:38.139657 2173940 net.cpp:131] Top shape: 1 150 1 1 (150)
I0923 17:57:38.139658 2173940 net.cpp:139] Memory required for data: 73852
I0923 17:57:38.139659 2173940 layer_factory.hpp:77] Creating layer Mconv1_stage6
I0923 17:57:38.139662 2173940 net.cpp:86] Creating Layer Mconv1_stage6
I0923 17:57:38.139663 2173940 net.cpp:408] Mconv1_stage6 <- concat_stage6
I0923 17:57:38.139665 2173940 net.cpp:382] Mconv1_stage6 -> Mconv1_stage6
I0923 17:57:38.152130 2173940 net.cpp:124] Setting up Mconv1_stage6
I0923 17:57:38.152135 2173940 net.cpp:131] Top shape: 1 128 1 1 (128)
I0923 17:57:38.152137 2173940 net.cpp:139] Memory required for data: 74364
I0923 17:57:38.152140 2173940 layer_factory.hpp:77] Creating layer Mrelu1_2_stage6_1
I0923 17:57:38.152143 2173940 net.cpp:86] Creating Layer Mrelu1_2_stage6_1
I0923 17:57:38.152144 2173940 net.cpp:408] Mrelu1_2_stage6_1 <- Mconv1_stage6
I0923 17:57:38.152146 2173940 net.cpp:369] Mrelu1_2_stage6_1 -> Mconv1_stage6 (in-place)
I0923 17:57:38.154898 2173940 net.cpp:124] Setting up Mrelu1_2_stage6_1
I0923 17:57:38.154901 2173940 net.cpp:131] Top shape: 1 128 1 1 (128)
I0923 17:57:38.154903 2173940 net.cpp:139] Memory required for data: 74876
I0923 17:57:38.154904 2173940 layer_factory.hpp:77] Creating layer Mconv2_stage6
I0923 17:57:38.154908 2173940 net.cpp:86] Creating Layer Mconv2_stage6
I0923 17:57:38.154910 2173940 net.cpp:408] Mconv2_stage6 <- Mconv1_stage6
I0923 17:57:38.154912 2173940 net.cpp:382] Mconv2_stage6 -> Mconv2_stage6
I0923 17:57:38.166558 2173940 net.cpp:124] Setting up Mconv2_stage6
I0923 17:57:38.166563 2173940 net.cpp:131] Top shape: 1 128 1 1 (128)
I0923 17:57:38.166564 2173940 net.cpp:139] Memory required for data: 75388
I0923 17:57:38.166566 2173940 layer_factory.hpp:77] Creating layer Mrelu1_3_stage6_2
I0923 17:57:38.166569 2173940 net.cpp:86] Creating Layer Mrelu1_3_stage6_2
I0923 17:57:38.166571 2173940 net.cpp:408] Mrelu1_3_stage6_2 <- Mconv2_stage6
I0923 17:57:38.166574 2173940 net.cpp:369] Mrelu1_3_stage6_2 -> Mconv2_stage6 (in-place)
I0923 17:57:38.169322 2173940 net.cpp:124] Setting up Mrelu1_3_stage6_2
I0923 17:57:38.169325 2173940 net.cpp:131] Top shape: 1 128 1 1 (128)
I0923 17:57:38.169327 2173940 net.cpp:139] Memory required for data: 75900
I0923 17:57:38.169328 2173940 layer_factory.hpp:77] Creating layer Mconv3_stage6
I0923 17:57:38.169332 2173940 net.cpp:86] Creating Layer Mconv3_stage6
I0923 17:57:38.169333 2173940 net.cpp:408] Mconv3_stage6 <- Mconv2_stage6
I0923 17:57:38.169335 2173940 net.cpp:382] Mconv3_stage6 -> Mconv3_stage6
I0923 17:57:38.180996 2173940 net.cpp:124] Setting up Mconv3_stage6
I0923 17:57:38.181001 2173940 net.cpp:131] Top shape: 1 128 1 1 (128)
I0923 17:57:38.181003 2173940 net.cpp:139] Memory required for data: 76412
I0923 17:57:38.181006 2173940 layer_factory.hpp:77] Creating layer Mrelu1_4_stage6_3
I0923 17:57:38.181008 2173940 net.cpp:86] Creating Layer Mrelu1_4_stage6_3
I0923 17:57:38.181010 2173940 net.cpp:408] Mrelu1_4_stage6_3 <- Mconv3_stage6
I0923 17:57:38.181012 2173940 net.cpp:369] Mrelu1_4_stage6_3 -> Mconv3_stage6 (in-place)
I0923 17:57:38.183794 2173940 net.cpp:124] Setting up Mrelu1_4_stage6_3
I0923 17:57:38.183799 2173940 net.cpp:131] Top shape: 1 128 1 1 (128)
I0923 17:57:38.183799 2173940 net.cpp:139] Memory required for data: 76924
I0923 17:57:38.183801 2173940 layer_factory.hpp:77] Creating layer Mconv4_stage6
I0923 17:57:38.183805 2173940 net.cpp:86] Creating Layer Mconv4_stage6
I0923 17:57:38.183806 2173940 net.cpp:408] Mconv4_stage6 <- Mconv3_stage6
I0923 17:57:38.183808 2173940 net.cpp:382] Mconv4_stage6 -> Mconv4_stage6
I0923 17:57:38.195725 2173940 net.cpp:124] Setting up Mconv4_stage6
I0923 17:57:38.195730 2173940 net.cpp:131] Top shape: 1 128 1 1 (128)
I0923 17:57:38.195732 2173940 net.cpp:139] Memory required for data: 77436
I0923 17:57:38.195735 2173940 layer_factory.hpp:77] Creating layer Mrelu1_5_stage6_4
I0923 17:57:38.195739 2173940 net.cpp:86] Creating Layer Mrelu1_5_stage6_4
I0923 17:57:38.195739 2173940 net.cpp:408] Mrelu1_5_stage6_4 <- Mconv4_stage6
I0923 17:57:38.195741 2173940 net.cpp:369] Mrelu1_5_stage6_4 -> Mconv4_stage6 (in-place)
I0923 17:57:38.198503 2173940 net.cpp:124] Setting up Mrelu1_5_stage6_4
I0923 17:57:38.198506 2173940 net.cpp:131] Top shape: 1 128 1 1 (128)
I0923 17:57:38.198508 2173940 net.cpp:139] Memory required for data: 77948
I0923 17:57:38.198509 2173940 layer_factory.hpp:77] Creating layer Mconv5_stage6
I0923 17:57:38.198513 2173940 net.cpp:86] Creating Layer Mconv5_stage6
I0923 17:57:38.198515 2173940 net.cpp:408] Mconv5_stage6 <- Mconv4_stage6
I0923 17:57:38.198518 2173940 net.cpp:382] Mconv5_stage6 -> Mconv5_stage6
I0923 17:57:38.210050 2173940 net.cpp:124] Setting up Mconv5_stage6
I0923 17:57:38.210057 2173940 net.cpp:131] Top shape: 1 128 1 1 (128)
I0923 17:57:38.210058 2173940 net.cpp:139] Memory required for data: 78460
I0923 17:57:38.210060 2173940 layer_factory.hpp:77] Creating layer Mrelu1_6_stage6_5
I0923 17:57:38.210063 2173940 net.cpp:86] Creating Layer Mrelu1_6_stage6_5
I0923 17:57:38.210064 2173940 net.cpp:408] Mrelu1_6_stage6_5 <- Mconv5_stage6
I0923 17:57:38.210067 2173940 net.cpp:369] Mrelu1_6_stage6_5 -> Mconv5_stage6 (in-place)
I0923 17:57:38.213515 2173940 net.cpp:124] Setting up Mrelu1_6_stage6_5
I0923 17:57:38.213518 2173940 net.cpp:131] Top shape: 1 128 1 1 (128)
I0923 17:57:38.213521 2173940 net.cpp:139] Memory required for data: 78972
I0923 17:57:38.213521 2173940 layer_factory.hpp:77] Creating layer Mconv6_stage6
I0923 17:57:38.213526 2173940 net.cpp:86] Creating Layer Mconv6_stage6
I0923 17:57:38.213526 2173940 net.cpp:408] Mconv6_stage6 <- Mconv5_stage6
I0923 17:57:38.213528 2173940 net.cpp:382] Mconv6_stage6 -> Mconv6_stage6
I0923 17:57:38.221474 2173940 net.cpp:124] Setting up Mconv6_stage6
I0923 17:57:38.221479 2173940 net.cpp:131] Top shape: 1 128 1 1 (128)
I0923 17:57:38.221481 2173940 net.cpp:139] Memory required for data: 79484
I0923 17:57:38.221484 2173940 layer_factory.hpp:77] Creating layer Mrelu1_7_stage6_6
I0923 17:57:38.221486 2173940 net.cpp:86] Creating Layer Mrelu1_7_stage6_6
I0923 17:57:38.221488 2173940 net.cpp:408] Mrelu1_7_stage6_6 <- Mconv6_stage6
I0923 17:57:38.221489 2173940 net.cpp:369] Mrelu1_7_stage6_6 -> Mconv6_stage6 (in-place)
I0923 17:57:38.223996 2173940 net.cpp:124] Setting up Mrelu1_7_stage6_6
I0923 17:57:38.223999 2173940 net.cpp:131] Top shape: 1 128 1 1 (128)
I0923 17:57:38.224001 2173940 net.cpp:139] Memory required for data: 79996
I0923 17:57:38.224002 2173940 layer_factory.hpp:77] Creating layer Mconv7_stage6
I0923 17:57:38.224006 2173940 net.cpp:86] Creating Layer Mconv7_stage6
I0923 17:57:38.224007 2173940 net.cpp:408] Mconv7_stage6 <- Mconv6_stage6
I0923 17:57:38.224009 2173940 net.cpp:382] Mconv7_stage6 -> net_output
I0923 17:57:38.233196 2173940 net.cpp:124] Setting up Mconv7_stage6
I0923 17:57:38.233201 2173940 net.cpp:131] Top shape: 1 22 1 1 (22)
I0923 17:57:38.233202 2173940 net.cpp:139] Memory required for data: 80084
I0923 17:57:38.233206 2173940 net.cpp:202] Mconv7_stage6 does not need backward computation.
I0923 17:57:38.233206 2173940 net.cpp:202] Mrelu1_7_stage6_6 does not need backward computation.
I0923 17:57:38.233207 2173940 net.cpp:202] Mconv6_stage6 does not need backward computation.
I0923 17:57:38.233208 2173940 net.cpp:202] Mrelu1_6_stage6_5 does not need backward computation.
I0923 17:57:38.233209 2173940 net.cpp:202] Mconv5_stage6 does not need backward computation.
I0923 17:57:38.233210 2173940 net.cpp:202] Mrelu1_5_stage6_4 does not need backward computation.
I0923 17:57:38.233211 2173940 net.cpp:202] Mconv4_stage6 does not need backward computation.
I0923 17:57:38.233212 2173940 net.cpp:202] Mrelu1_4_stage6_3 does not need backward computation.
I0923 17:57:38.233214 2173940 net.cpp:202] Mconv3_stage6 does not need backward computation.
I0923 17:57:38.233215 2173940 net.cpp:202] Mrelu1_3_stage6_2 does not need backward computation.
I0923 17:57:38.233217 2173940 net.cpp:202] Mconv2_stage6 does not need backward computation.
I0923 17:57:38.233217 2173940 net.cpp:202] Mrelu1_2_stage6_1 does not need backward computation.
I0923 17:57:38.233218 2173940 net.cpp:202] Mconv1_stage6 does not need backward computation.
I0923 17:57:38.233219 2173940 net.cpp:202] concat_stage6 does not need backward computation.
I0923 17:57:38.233220 2173940 net.cpp:202] Mconv7_stage5 does not need backward computation.
I0923 17:57:38.233222 2173940 net.cpp:202] Mrelu1_7_stage5_6 does not need backward computation.
I0923 17:57:38.233223 2173940 net.cpp:202] Mconv6_stage5 does not need backward computation.
I0923 17:57:38.233224 2173940 net.cpp:202] Mrelu1_6_stage5_5 does not need backward computation.
I0923 17:57:38.233225 2173940 net.cpp:202] Mconv5_stage5 does not need backward computation.
I0923 17:57:38.233227 2173940 net.cpp:202] Mrelu1_5_stage5_4 does not need backward computation.
I0923 17:57:38.233227 2173940 net.cpp:202] Mconv4_stage5 does not need backward computation.
I0923 17:57:38.233228 2173940 net.cpp:202] Mrelu1_4_stage5_3 does not need backward computation.
I0923 17:57:38.233229 2173940 net.cpp:202] Mconv3_stage5 does not need backward computation.
I0923 17:57:38.233230 2173940 net.cpp:202] Mrelu1_3_stage5_2 does not need backward computation.
I0923 17:57:38.233232 2173940 net.cpp:202] Mconv2_stage5 does not need backward computation.
I0923 17:57:38.233233 2173940 net.cpp:202] Mrelu1_2_stage5_1 does not need backward computation.
I0923 17:57:38.233234 2173940 net.cpp:202] Mconv1_stage5 does not need backward computation.
I0923 17:57:38.233235 2173940 net.cpp:202] concat_stage5 does not need backward computation.
I0923 17:57:38.233237 2173940 net.cpp:202] Mconv7_stage4 does not need backward computation.
I0923 17:57:38.233238 2173940 net.cpp:202] Mrelu1_7_stage4_6 does not need backward computation.
I0923 17:57:38.233239 2173940 net.cpp:202] Mconv6_stage4 does not need backward computation.
I0923 17:57:38.233240 2173940 net.cpp:202] Mrelu1_6_stage4_5 does not need backward computation.
I0923 17:57:38.233242 2173940 net.cpp:202] Mconv5_stage4 does not need backward computation.
I0923 17:57:38.233242 2173940 net.cpp:202] Mrelu1_5_stage4_4 does not need backward computation.
I0923 17:57:38.233243 2173940 net.cpp:202] Mconv4_stage4 does not need backward computation.
I0923 17:57:38.233245 2173940 net.cpp:202] Mrelu1_4_stage4_3 does not need backward computation.
I0923 17:57:38.233246 2173940 net.cpp:202] Mconv3_stage4 does not need backward computation.
I0923 17:57:38.233247 2173940 net.cpp:202] Mrelu1_3_stage4_2 does not need backward computation.
I0923 17:57:38.233248 2173940 net.cpp:202] Mconv2_stage4 does not need backward computation.
I0923 17:57:38.233249 2173940 net.cpp:202] Mrelu1_2_stage4_1 does not need backward computation.
I0923 17:57:38.233250 2173940 net.cpp:202] Mconv1_stage4 does not need backward computation.
I0923 17:57:38.233253 2173940 net.cpp:202] concat_stage4 does not need backward computation.
I0923 17:57:38.233253 2173940 net.cpp:202] Mconv7_stage3 does not need backward computation.
I0923 17:57:38.233254 2173940 net.cpp:202] Mrelu1_7_stage3_6 does not need backward computation.
I0923 17:57:38.233256 2173940 net.cpp:202] Mconv6_stage3 does not need backward computation.
I0923 17:57:38.233258 2173940 net.cpp:202] Mrelu1_6_stage3_5 does not need backward computation.
I0923 17:57:38.233258 2173940 net.cpp:202] Mconv5_stage3 does not need backward computation.
I0923 17:57:38.233260 2173940 net.cpp:202] Mrelu1_5_stage3_4 does not need backward computation.
I0923 17:57:38.233261 2173940 net.cpp:202] Mconv4_stage3 does not need backward computation.
I0923 17:57:38.233263 2173940 net.cpp:202] Mrelu1_4_stage3_3 does not need backward computation.
I0923 17:57:38.233263 2173940 net.cpp:202] Mconv3_stage3 does not need backward computation.
I0923 17:57:38.233264 2173940 net.cpp:202] Mrelu1_3_stage3_2 does not need backward computation.
I0923 17:57:38.233268 2173940 net.cpp:202] Mconv2_stage3 does not need backward computation.
I0923 17:57:38.233268 2173940 net.cpp:202] Mrelu1_2_stage3_1 does not need backward computation.
I0923 17:57:38.233269 2173940 net.cpp:202] Mconv1_stage3 does not need backward computation.
I0923 17:57:38.233271 2173940 net.cpp:202] concat_stage3 does not need backward computation.
I0923 17:57:38.233273 2173940 net.cpp:202] Mconv7_stage2 does not need backward computation.
I0923 17:57:38.233274 2173940 net.cpp:202] Mrelu1_7_stage2_6 does not need backward computation.
I0923 17:57:38.233275 2173940 net.cpp:202] Mconv6_stage2 does not need backward computation.
I0923 17:57:38.233276 2173940 net.cpp:202] Mrelu1_6_stage2_5 does not need backward computation.
I0923 17:57:38.233278 2173940 net.cpp:202] Mconv5_stage2 does not need backward computation.
I0923 17:57:38.233278 2173940 net.cpp:202] Mrelu1_5_stage2_4 does not need backward computation.
I0923 17:57:38.233280 2173940 net.cpp:202] Mconv4_stage2 does not need backward computation.
I0923 17:57:38.233281 2173940 net.cpp:202] Mrelu1_4_stage2_3 does not need backward computation.
I0923 17:57:38.233282 2173940 net.cpp:202] Mconv3_stage2 does not need backward computation.
I0923 17:57:38.233283 2173940 net.cpp:202] Mrelu1_3_stage2_2 does not need backward computation.
I0923 17:57:38.233285 2173940 net.cpp:202] Mconv2_stage2 does not need backward computation.
I0923 17:57:38.233286 2173940 net.cpp:202] Mrelu1_2_stage2_1 does not need backward computation.
I0923 17:57:38.233287 2173940 net.cpp:202] Mconv1_stage2 does not need backward computation.
I0923 17:57:38.233289 2173940 net.cpp:202] concat_stage2 does not need backward computation.
I0923 17:57:38.233290 2173940 net.cpp:202] conv6_2_CPM does not need backward computation.
I0923 17:57:38.233292 2173940 net.cpp:202] relu6_4_stage1_1 does not need backward computation.
I0923 17:57:38.233294 2173940 net.cpp:202] conv6_1_CPM does not need backward computation.
I0923 17:57:38.233295 2173940 net.cpp:202] conv5_3_CPM_relu5_4_stage1_3_0_split does not need backward computation.
I0923 17:57:38.233296 2173940 net.cpp:202] relu5_4_stage1_3 does not need backward computation.
I0923 17:57:38.233299 2173940 net.cpp:202] conv5_3_CPM does not need backward computation.
I0923 17:57:38.233299 2173940 net.cpp:202] relu5_2 does not need backward computation.
I0923 17:57:38.233300 2173940 net.cpp:202] conv5_2 does not need backward computation.
I0923 17:57:38.233302 2173940 net.cpp:202] relu5_1 does not need backward computation.
I0923 17:57:38.233304 2173940 net.cpp:202] conv5_1 does not need backward computation.
I0923 17:57:38.233304 2173940 net.cpp:202] relu4_4 does not need backward computation.
I0923 17:57:38.233305 2173940 net.cpp:202] conv4_4 does not need backward computation.
I0923 17:57:38.233307 2173940 net.cpp:202] relu4_3 does not need backward computation.
I0923 17:57:38.233309 2173940 net.cpp:202] conv4_3 does not need backward computation.
I0923 17:57:38.233309 2173940 net.cpp:202] relu4_2 does not need backward computation.
I0923 17:57:38.233311 2173940 net.cpp:202] conv4_2 does not need backward computation.
I0923 17:57:38.233312 2173940 net.cpp:202] relu4_1 does not need backward computation.
I0923 17:57:38.233314 2173940 net.cpp:202] conv4_1 does not need backward computation.
I0923 17:57:38.233315 2173940 net.cpp:202] pool3_stage1 does not need backward computation.
I0923 17:57:38.233316 2173940 net.cpp:202] relu3_4 does not need backward computation.
I0923 17:57:38.233317 2173940 net.cpp:202] conv3_4 does not need backward computation.
I0923 17:57:38.233319 2173940 net.cpp:202] relu3_3 does not need backward computation.
I0923 17:57:38.233320 2173940 net.cpp:202] conv3_3 does not need backward computation.
I0923 17:57:38.233321 2173940 net.cpp:202] relu3_2 does not need backward computation.
I0923 17:57:38.233322 2173940 net.cpp:202] conv3_2 does not need backward computation.
I0923 17:57:38.233323 2173940 net.cpp:202] relu3_1 does not need backward computation.
I0923 17:57:38.233325 2173940 net.cpp:202] conv3_1 does not need backward computation.
I0923 17:57:38.233327 2173940 net.cpp:202] pool2_stage1 does not need backward computation.
I0923 17:57:38.233328 2173940 net.cpp:202] relu2_2 does not need backward computation.
I0923 17:57:38.233330 2173940 net.cpp:202] conv2_2 does not need backward computation.
I0923 17:57:38.233330 2173940 net.cpp:202] relu2_1 does not need backward computation.
I0923 17:57:38.233331 2173940 net.cpp:202] conv2_1 does not need backward computation.
I0923 17:57:38.233333 2173940 net.cpp:202] pool1_stage1 does not need backward computation.
I0923 17:57:38.233335 2173940 net.cpp:202] relu1_2 does not need backward computation.
I0923 17:57:38.233335 2173940 net.cpp:202] conv1_2 does not need backward computation.
I0923 17:57:38.233336 2173940 net.cpp:202] relu1_1 does not need backward computation.
I0923 17:57:38.233338 2173940 net.cpp:202] conv1_1 does not need backward computation.
I0923 17:57:38.233340 2173940 net.cpp:202] input does not need backward computation.
I0923 17:57:38.233340 2173940 net.cpp:244] This network produces output net_output
I0923 17:57:38.233356 2173940 net.cpp:257] Network initialization done.
I0923 17:57:38.330039 2173940 net.cpp:746] Ignoring source layer data
I0923 17:57:38.330050 2173940 net.cpp:746] Ignoring source layer label_lower
I0923 17:57:38.330051 2173940 net.cpp:746] Ignoring source layer label_lower_label_lower_0_split
I0923 17:57:38.330052 2173940 net.cpp:746] Ignoring source layer label_1st_lower_label_lower_1_split
I0923 17:57:38.330053 2173940 net.cpp:746] Ignoring source layer silence_loss0
I0923 17:57:38.330054 2173940 net.cpp:746] Ignoring source layer image
I0923 17:57:38.333585 2173940 net.cpp:746] Ignoring source layer conv6_2_CPM_conv6_2_CPM_0_split
I0923 17:57:38.333590 2173940 net.cpp:746] Ignoring source layer loss_prod_stage1
I0923 17:57:38.333590 2173940 net.cpp:746] Ignoring source layer loss_stage1
I0923 17:57:38.334589 2173940 net.cpp:746] Ignoring source layer Mconv7_stage2_Mconv7_stage2_0_split
I0923 17:57:38.334590 2173940 net.cpp:746] Ignoring source layer loss_prod_stage2
I0923 17:57:38.334591 2173940 net.cpp:746] Ignoring source layer loss_stage2
I0923 17:57:38.335585 2173940 net.cpp:746] Ignoring source layer Mconv7_stage3_Mconv7_stage3_0_split
I0923 17:57:38.335588 2173940 net.cpp:746] Ignoring source layer loss_prod_stage3
I0923 17:57:38.335589 2173940 net.cpp:746] Ignoring source layer loss_stage3
I0923 17:57:38.336580 2173940 net.cpp:746] Ignoring source layer Mconv7_stage4_Mconv7_stage4_0_split
I0923 17:57:38.336582 2173940 net.cpp:746] Ignoring source layer loss_prod_stage4
I0923 17:57:38.336583 2173940 net.cpp:746] Ignoring source layer loss_stage4
I0923 17:57:38.337558 2173940 net.cpp:746] Ignoring source layer Mconv7_stage5_Mconv7_stage5_0_split
I0923 17:57:38.337560 2173940 net.cpp:746] Ignoring source layer loss_prod_stage5
I0923 17:57:38.337563 2173940 net.cpp:746] Ignoring source layer loss_stage5
I0923 17:57:38.338552 2173940 net.cpp:746] Ignoring source layer loss_prod_stage6
I0923 17:57:38.338554 2173940 net.cpp:746] Ignoring source layer loss_stage6
I0923 17:57:38.338557 2173940 net.cpp:746] Ignoring source layer silence
OpenPose demo successfully finished. Total time: 11.922238 seconds.
[exit=0 timed_out=False duration=12.4s]
2026-09-23 17:57:47,626 INFO    OpenPose normalisation: 299 frames -> body=0 rows, hands=0 rows, face=0 rows
2026-09-23 17:57:47,816 INFO    completed
