2026-09-23 17:58:23,424 INFO    start (status is pending)
2026-09-23 17:58:23,775 INFO    running OpenPose (model=BODY_25, hands=True, face=True, gpu=0)

$ /opt/openpose/build/examples/openpose/openpose.bin --video /data/home/raulagent/miscosas/repos/storytel-pipeline/data/input_videos/person_demo.avi --model_folder /opt/openpose/models --write_json /data/home/raulagent/miscosas/repos/storytel-pipeline/data/processed/person_demo/pose/raw --num_gpu 1 --num_gpu_start 0 --display 0 --render_pose 0 --disable_multi_thread --model_pose BODY_25 --hand --face --logtostderr --alsologtostderr
(cwd=/data/home/raulagent/miscosas/repos/storytel-pipeline/data/processed/person_demo)
Starting OpenPose demo...
Configuring OpenPose...
Starting thread(s)...
I0923 17:58:24.082700 2175012 upgrade_proto.cpp:69] Attempting to upgrade input file specified using deprecated input fields: /opt/openpose/models/pose/body_25/pose_deploy.prototxt
I0923 17:58:24.082744 2175012 upgrade_proto.cpp:72] Successfully upgraded file specified using deprecated input fields.
W0923 17:58:24.082747 2175012 upgrade_proto.cpp:74] Note that future Caffe releases will only support input layers and not input fields.
I0923 17:58:24.082926 2175012 net.cpp:53] Initializing net from parameters: 
name: "OpenPose - BODY_25"
state {
  phase: TEST
  level: 0
}
layer {
  name: "input"
  type: "Input"
  top: "image"
  input_param {
    shape {
      dim: 1
      dim: 3
      dim: 16
      dim: 16
    }
  }
}
layer {
  name: "conv1_1"
  type: "Convolution"
  bottom: "image"
  top: "conv1_1"
  convolution_param {
    num_output: 64
    pad: 1
    kernel_size: 3
  }
}
layer {
  name: "relu1_1"
  type: "ReLU"
  bottom: "conv1_1"
  top: "conv1_1"
}
layer {
  name: "conv1_2"
  type: "Convolution"
  bottom: "conv1_1"
  top: "conv1_2"
  convolution_param {
    num_output: 64
    pad: 1
    kernel_size: 3
  }
}
layer {
  name: "relu1_2"
  type: "ReLU"
  bottom: "conv1_2"
  top: "conv1_2"
}
layer {
  name: "pool1_stage1"
  type: "Pooling"
  bottom: "conv1_2"
  top: "pool1_stage1"
  pooling_param {
    pool: MAX
    kernel_size: 2
    stride: 2
  }
}
layer {
  name: "conv2_1"
  type: "Convolution"
  bottom: "pool1_stage1"
  top: "conv2_1"
  convolution_param {
    num_output: 128
    pad: 1
    kernel_size: 3
  }
}
layer {
  name: "relu2_1"
  type: "ReLU"
  bottom: "conv2_1"
  top: "conv2_1"
}
layer {
  name: "conv2_2"
  type: "Convolution"
  bottom: "conv2_1"
  top: "conv2_2"
  convolution_param {
    num_output: 128
    pad: 1
    kernel_size: 3
  }
}
layer {
  name: "relu2_2"
  type: "ReLU"
  bottom: "conv2_2"
  top: "conv2_2"
}
layer {
  name: "pool2_stage1"
  type: "Pooling"
  bottom: "conv2_2"
  top: "pool2_stage1"
  pooling_param {
    pool: MAX
    kernel_size: 2
    stride: 2
  }
}
layer {
  name: "conv3_1"
  type: "Convolution"
  bottom: "pool2_stage1"
  top: "conv3_1"
  convolution_param {
    num_output: 256
    pad: 1
    kernel_size: 3
  }
}
layer {
  name: "relu3_1"
  type: "ReLU"
  bottom: "conv3_1"
  top: "conv3_1"
}
layer {
  name: "conv3_2"
  type: "Convolution"
  bottom: "conv3_1"
  top: "conv3_2"
  convolution_param {
    num_output: 256
    pad: 1
    kernel_size: 3
  }
}
layer {
  name: "relu3_2"
  type: "ReLU"
  bottom: "conv3_2"
  top: "conv3_2"
}
layer {
  name: "conv3_3"
  type: "Convolution"
  bottom: "conv3_2"
  top: "conv3_3"
  convolution_param {
    num_output: 256
    pad: 1
    kernel_size: 3
  }
}
layer {
  name: "relu3_3"
  type: "ReLU"
  bottom: "conv3_3"
  top: "conv3_3"
}
layer {
  name: "conv3_4"
  type: "Convolution"
  bottom: "conv3_3"
  top: "conv3_4"
  convolution_param {
    num_output: 256
    pad: 1
    kernel_size: 3
  }
}
layer {
  name: "relu3_4"
  type: "ReLU"
  bottom: "conv3_4"
  top: "conv3_4"
}
layer {
  name: "pool3_stage1"
  type: "Pooling"
  bottom: "conv3_4"
  top: "pool3_stage1"
  pooling_param {
    pool: MAX
    kernel_size: 2
    stride: 2
  }
}
layer {
  name: "conv4_1"
  type: "Convolution"
  bottom: "pool3_stage1"
  top: "conv4_1"
  convolution_param {
    num_output: 512
    pad: 1
    kernel_size: 3
  }
}
layer {
  name: "relu4_1"
  type: "ReLU"
  bottom: "conv4_1"
  top: "conv4_1"
}
layer {
  name: "conv4_2"
  type: "Convolution"
  bottom: "conv4_1"
  top: "conv4_2"
  convolution_param {
    num_output: 512
    pad: 1
    kernel_size: 3
  }
}
layer {
  name: "prelu4_2"
  type: "PReLU"
  bottom: "conv4_2"
  top: "conv4_2"
}
layer {
  name: "conv4_3_CPM"
  type: "Convolution"
  bottom: "conv4_2"
  top: "conv4_3_CPM"
  convolution_param {
    num_output: 256
    pad: 1
    kernel_size: 3
  }
}
layer {
  name: "prelu4_3_CPM"
  type: "PReLU"
  bottom: "conv4_3_CPM"
  top: "conv4_3_CPM"
}
layer {
  name: "conv4_4_CPM"
  type: "Convolution"
  bottom: "conv4_3_CPM"
  top: "conv4_4_CPM"
  convolution_param {
    num_output: 128
    pad: 1
    kernel_size: 3
  }
}
layer {
  name: "prelu4_4_CPM"
  type: "PReLU"
  bottom: "conv4_4_CPM"
  top: "conv4_4_CPM"
}
layer {
  name: "Mconv1_stage0_L2_0"
  type: "Convolution"
  bottom: "conv4_4_CPM"
  top: "Mconv1_stage0_L2_0"
  convolution_param {
    num_output: 96
    pad: 1
    kernel_size: 3
  }
}
layer {
  name: "Mprelu1_stage0_L2_0"
  type: "PReLU"
  bottom: "Mconv1_stage0_L2_0"
  top: "Mconv1_stage0_L2_0"
}
layer {
  name: "Mconv1_stage0_L2_1"
  type: "Convolution"
  bottom: "Mconv1_stage0_L2_0"
  top: "Mconv1_stage0_L2_1"
  convolution_param {
    num_output: 96
    pad: 1
    kernel_size: 3
  }
}
layer {
  name: "Mprelu1_stage0_L2_1"
  type: "PReLU"
  bottom: "Mconv1_stage0_L2_1"
  top: "Mconv1_stage0_L2_1"
}
layer {
  name: "Mconv1_stage0_L2_2"
  type: "Convolution"
  bottom: "Mconv1_stage0_L2_1"
  top: "Mconv1_stage0_L2_2"
  convolution_param {
    num_output: 96
    pad: 1
    kernel_size: 3
  }
}
layer {
  name: "Mprelu1_stage0_L2_2"
  type: "PReLU"
  bottom: "Mconv1_stage0_L2_2"
  top: "Mconv1_stage0_L2_2"
}
layer {
  name: "Mconv1_stage0_L2_concat"
  type: "Concat"
  bottom: "Mconv1_stage0_L2_0"
  bottom: "Mconv1_stage0_L2_1"
  bottom: "Mconv1_stage0_L2_2"
  top: "Mconv1_stage0_L2_concat"
  concat_param {
    axis: 1
  }
}
layer {
  name: "Mconv2_stage0_L2_0"
  type: "Convolution"
  bottom: "Mconv1_stage0_L2_concat"
  top: "Mconv2_stage0_L2_0"
  convolution_param {
    num_output: 96
    pad: 1
    kernel_size: 3
  }
}
layer {
  name: "Mprelu2_stage0_L2_0"
  type: "PReLU"
  bottom: "Mconv2_stage0_L2_0"
  top: "Mconv2_stage0_L2_0"
}
layer {
  name: "Mconv2_stage0_L2_1"
  type: "Convolution"
  bottom: "Mconv2_stage0_L2_0"
  top: "Mconv2_stage0_L2_1"
  convolution_param {
    num_output: 96
    pad: 1
    kernel_size: 3
  }
}
layer {
  name: "Mprelu2_stage0_L2_1"
  type: "PReLU"
  bottom: "Mconv2_stage0_L2_1"
  top: "Mconv2_stage0_L2_1"
}
layer {
  name: "Mconv2_stage0_L2_2"
  type: "Convolution"
  bottom: "Mconv2_stage0_L2_1"
  top: "Mconv2_stage0_L2_2"
  convolution_param {
    num_output: 96
    pad: 1
    kernel_size: 3
  }
}
layer {
  name: "Mprelu2_stage0_L2_2"
  type: "PReLU"
  bottom: "Mconv2_stage0_L2_2"
  top: "Mconv2_stage0_L2_2"
}
layer {
  name: "Mconv2_stage0_L2_concat"
  type: "Concat"
  bottom: "Mconv2_stage0_L2_0"
  bottom: "Mconv2_stage0_L2_1"
  bottom: "Mconv2_stage0_L2_2"
  top: "Mconv2_stage0_L2_concat"
  concat_param {
    axis: 1
  }
}
layer {
  name: "Mconv3_stage0_L2_0"
  type: "Convolution"
  bottom: "Mconv2_stage0_L2_concat"
  top: "Mconv3_stage0_L2_0"
  convolution_param {
    num_output: 96
    pad: 1
    kernel_size: 3
  }
}
layer {
  name: "Mprelu3_stage0_L2_0"
  type: "PReLU"
  bottom: "Mconv3_stage0_L2_0"
  top: "Mconv3_stage0_L2_0"
}
layer {
  name: "Mconv3_stage0_L2_1"
  type: "Convolution"
  bottom: "Mconv3_stage0_L2_0"
  top: "Mconv3_stage0_L2_1"
  convolution_param {
    num_output: 96
    pad: 1
    kernel_size: 3
  }
}
layer {
  name: "Mprelu3_stage0_L2_1"
  type: "PReLU"
  bottom: "Mconv3_stage0_L2_1"
  top: "Mconv3_stage0_L2_1"
}
layer {
  name: "Mconv3_stage0_L2_2"
  type: "Convolution"
  bottom: "Mconv3_stage0_L2_1"
  top: "Mconv3_stage0_L2_2"
  convolution_param {
    num_output: 96
    pad: 1
    kernel_size: 3
  }
}
layer {
  name: "Mprelu3_stage0_L2_2"
  type: "PReLU"
  bottom: "Mconv3_stage0_L2_2"
  top: "Mconv3_stage0_L2_2"
}
layer {
  name: "Mconv3_stage0_L2_concat"
  type: "Concat"
  bottom: "Mconv3_stage0_L2_0"
  bottom: "Mconv3_stage0_L2_1"
  bottom: "Mconv3_stage0_L2_2"
  top: "Mconv3_stage0_L2_concat"
  concat_param {
    axis: 1
  }
}
layer {
  name: "Mconv4_stage0_L2_0"
  type: "Convolution"
  bottom: "Mconv3_stage0_L2_concat"
  top: "Mconv4_stage0_L2_0"
  convolution_param {
    num_output: 96
    pad: 1
    kernel_size: 3
  }
}
layer {
  name: "Mprelu4_stage0_L2_0"
  type: "PReLU"
  bottom: "Mconv4_stage0_L2_0"
  top: "Mconv4_stage0_L2_0"
}
layer {
  name: "Mconv4_stage0_L2_1"
  type: "Convolution"
  bottom: "Mconv4_stage0_L2_0"
  top: "Mconv4_stage0_L2_1"
  convolution_param {
    num_output: 96
    pad: 1
    kernel_size: 3
  }
}
layer {
  name: "Mprelu4_stage0_L2_1"
  type: "PReLU"
  bottom: "Mconv4_stage0_L2_1"
  top: "Mconv4_stage0_L2_1"
}
layer {
  name: "Mconv4_stage0_L2_2"
  type: "Convolution"
  bottom: "Mconv4_stage0_L2_1"
  top: "Mconv4_stage0_L2_2"
  convolution_param {
    num_output: 96
    pad: 1
    kernel_size: 3
  }
}
layer {
  name: "Mprelu4_stage0_L2_2"
  type: "PReLU"
  bottom: "Mconv4_stage0_L2_2"
  top: "Mconv4_stage0_L2_2"
}
layer {
  name: "Mconv4_stage0_L2_concat"
  type: "Concat"
  bottom: "Mconv4_stage0_L2_0"
  bottom: "Mconv4_stage0_L2_1"
  bottom: "Mconv4_stage0_L2_2"
  top: "Mconv4_stage0_L2_concat"
  concat_param {
    axis: 1
  }
}
layer {
  name: "Mconv5_stage0_L2_0"
  type: "Convolution"
  bottom: "Mconv4_stage0_L2_concat"
  top: "Mconv5_stage0_L2_0"
  convolution_param {
    num_output: 96
    pad: 1
    kernel_size: 3
  }
}
layer {
  name: "Mprelu5_stage0_L2_0"
  type: "PReLU"
  bottom: "Mconv5_stage0_L2_0"
  top: "Mconv5_stage0_L2_0"
}
layer {
  name: "Mconv5_stage0_L2_1"
  type: "Convolution"
  bottom: "Mconv5_stage0_L2_0"
  top: "Mconv5_stage0_L2_1"
  convolution_param {
    num_output: 96
    pad: 1
    kernel_size: 3
  }
}
layer {
  name: "Mprelu5_stage0_L2_1"
  type: "PReLU"
  bottom: "Mconv5_stage0_L2_1"
  top: "Mconv5_stage0_L2_1"
}
layer {
  name: "Mconv5_stage0_L2_2"
  type: "Convolution"
  bottom: "Mconv5_stage0_L2_1"
  top: "Mconv5_stage0_L2_2"
  convolution_param {
    num_output: 96
    pad: 1
    kernel_size: 3
  }
}
layer {
  name: "Mprelu5_stage0_L2_2"
  type: "PReLU"
  bottom: "Mconv5_stage0_L2_2"
  top: "Mconv5_stage0_L2_2"
}
layer {
  name: "Mconv5_stage0_L2_concat"
  type: "Concat"
  bottom: "Mconv5_stage0_L2_0"
  bottom: "Mconv5_stage0_L2_1"
  bottom: "Mconv5_stage0_L2_2"
  top: "Mconv5_stage0_L2_concat"
  concat_param {
    axis: 1
  }
}
layer {
  name: "Mconv6_stage0_L2"
  type: "Convolution"
  bottom: "Mconv5_stage0_L2_concat"
  top: "Mconv6_stage0_L2"
  convolution_param {
    num_output: 256
    pad: 0
    kernel_size: 1
  }
}
layer {
  name: "Mprelu6_stage0_L2"
  type: "PReLU"
  bottom: "Mconv6_stage0_L2"
  top: "Mconv6_stage0_L2"
}
layer {
  name: "Mconv7_stage0_L2"
  type: "Convolution"
  bottom: "Mconv6_stage0_L2"
  top: "Mconv7_stage0_L2"
  convolution_param {
    num_output: 52
    pad: 0
    kernel_size: 1
  }
}
layer {
  name: "concat_stage1_L2"
  type: "Concat"
  bottom: "conv4_4_CPM"
  bottom: "Mconv7_stage0_L2"
  top: "concat_stage1_L2"
  concat_param {
    axis: 1
  }
}
layer {
  name: "Mconv1_stage1_L2_0"
  type: "Convolution"
  bottom: "concat_stage1_L2"
  top: "Mconv1_stage1_L2_0"
  convolution_param {
    num_output: 128
    pad: 1
    kernel_size: 3
  }
}
layer {
  name: "Mprelu1_stage1_L2_0"
  type: "PReLU"
  bottom: "Mconv1_stage1_L2_0"
  top: "Mconv1_stage1_L2_0"
}
layer {
  name: "Mconv1_stage1_L2_1"
  type: "Convolution"
  bottom: "Mconv1_stage1_L2_0"
  top: "Mconv1_stage1_L2_1"
  convolution_param {
    num_output: 128
    pad: 1
    kernel_size: 3
  }
}
layer {
  name: "Mprelu1_stage1_L2_1"
  type: "PReLU"
  bottom: "Mconv1_stage1_L2_1"
  top: "Mconv1_stage1_L2_1"
}
layer {
  name: "Mconv1_stage1_L2_2"
  type: "Convolution"
  bottom: "Mconv1_stage1_L2_1"
  top: "Mconv1_stage1_L2_2"
  convolution_param {
    num_output: 128
    pad: 1
    kernel_size: 3
  }
}
layer {
  name: "Mprelu1_stage1_L2_2"
  type: "PReLU"
  bottom: "Mconv1_stage1_L2_2"
  top: "Mconv1_stage1_L2_2"
}
layer {
  name: "Mconv1_stage1_L2_concat"
  type: "Concat"
  bottom: "Mconv1_stage1_L2_0"
  bottom: "Mconv1_stage1_L2_1"
  bottom: "Mconv1_stage1_L2_2"
  top: "Mconv1_stage1_L2_concat"
  concat_param {
    axis: 1
  }
}
layer {
  name: "Mconv2_stage1_L2_0"
  type: "Convolution"
  bottom: "Mconv1_stage1_L2_concat"
  top: "Mconv2_stage1_L2_0"
  convolution_param {
    num_output: 128
    pad: 1
    kernel_size: 3
  }
}
layer {
  name: "Mprelu2_stage1_L2_0"
  type: "PReLU"
  bottom: "Mconv2_stage1_L2_0"
  top: "Mconv2_stage1_L2_0"
}
layer {
  name: "Mconv2_stage1_L2_1"
  type: "Convolution"
  bottom: "Mconv2_stage1_L2_0"
  top: "Mconv2_stage1_L2_1"
  convolution_param {
    num_output: 128
    pad: 1
    kernel_size: 3
  }
}
layer {
  name: "Mprelu2_stage1_L2_1"
  type: "PReLU"
  bottom: "Mconv2_stage1_L2_1"
  top: "Mconv2_stage1_L2_1"
}
layer {
  name: "Mconv2_stage1_L2_2"
  type: "Convolution"
  bottom: "Mconv2_stage1_L2_1"
  top: "Mconv2_stage1_L2_2"
  convolution_param {
    num_output: 128
    pad: 1
    kernel_size: 3
  }
}
layer {
  name: "Mprelu2_stage1_L2_2"
  type: "PReLU"
  bottom: "Mconv2_stage1_L2_2"
  top: "Mconv2_stage1_L2_2"
}
layer {
  name: "Mconv2_stage1_L2_concat"
  type: "Concat"
  bottom: "Mconv2_stage1_L2_0"
  bottom: "Mconv2_stage1_L2_1"
  bottom: "Mconv2_stage1_L2_2"
  top: "Mconv2_stage1_L2_concat"
  concat_param {
    axis: 1
  }
}
layer {
  name: "Mconv3_stage1_L2_0"
  type: "Convolution"
  bottom: "Mconv2_stage1_L2_concat"
  top: "Mconv3_stage1_L2_0"
  convolution_param {
    num_output: 128
    pad: 1
    kernel_size: 3
  }
}
layer {
  name: "Mprelu3_stage1_L2_0"
  type: "PReLU"
  bottom: "Mconv3_stage1_L2_0"
  top: "Mconv3_stage1_L2_0"
}
layer {
  name: "Mconv3_stage1_L2_1"
  type: "Convolution"
  bottom: "Mconv3_stage1_L2_0"
  top: "Mconv3_stage1_L2_1"
  convolution_param {
    num_output: 128
    pad: 1
    kernel_size: 3
  }
}
layer {
  name: "Mprelu3_stage1_L2_1"
  type: "PReLU"
  bottom: "Mconv3_stage1_L2_1"
  top: "Mconv3_stage1_L2_1"
}
layer {
  name: "Mconv3_stage1_L2_2"
  type: "Convolution"
  bottom: "Mconv3_stage1_L2_1"
  top: "Mconv3_stage1_L2_2"
  convolution_param {
    num_output: 128
    pad: 1
    kernel_size: 3
  }
}
layer {
  name: "Mprelu3_stage1_L2_2"
  type: "PReLU"
  bottom: "Mconv3_stage1_L2_2"
  top: "Mconv3_stage1_L2_2"
}
layer {
  name: "Mconv3_stage1_L2_concat"
  type: "Concat"
  bottom: "Mconv3_stage1_L2_0"
  bottom: "Mconv3_stage1_L2_1"
  bottom: "Mconv3_stage1_L2_2"
  top: "Mconv3_stage1_L2_concat"
  concat_param {
    axis: 1
  }
}
layer {
  name: "Mconv4_stage1_L2_0"
  type: "Convolution"
  bottom: "Mconv3_stage1_L2_concat"
  top: "Mconv4_stage1_L2_0"
  convolution_param {
    num_output: 128
    pad: 1
    kernel_size: 3
  }
}
layer {
  name: "Mprelu4_stage1_L2_0"
  type: "PReLU"
  bottom: "Mconv4_stage1_L2_0"
  top: "Mconv4_stage1_L2_0"
}
layer {
  name: "Mconv4_stage1_L2_1"
  type: "Convolution"
  bottom: "Mconv4_stage1_L2_0"
  top: "Mconv4_stage1_L2_1"
  convolution_param {
    num_output: 128
    pad: 1
    kernel_size: 3
  }
}
layer {
  name: "Mprelu4_stage1_L2_1"
  type: "PReLU"
  bottom: "Mconv4_stage1_L2_1"
  top: "Mconv4_stage1_L2_1"
}
layer {
  name: "Mconv4_stage1_L2_2"
  type: "Convolution"
  bottom: "Mconv4_stage1_L2_1"
  top: "Mconv4_stage1_L2_2"
  convolution_param {
    num_output: 128
    pad: 1
    kernel_size: 3
  }
}
layer {
  name: "Mprelu4_stage1_L2_2"
  type: "PReLU"
  bottom: "Mconv4_stage1_L2_2"
  top: "Mconv4_stage1_L2_2"
}
layer {
  name: "Mconv4_stage1_L2_concat"
  type: "Concat"
  bottom: "Mconv4_stage1_L2_0"
  bottom: "Mconv4_stage1_L2_1"
  bottom: "Mconv4_stage1_L2_2"
  top: "Mconv4_stage1_L2_concat"
  concat_param {
    axis: 1
  }
}
layer {
  name: "Mconv5_stage1_L2_0"
  type: "Convolution"
  bottom: "Mconv4_stage1_L2_concat"
  top: "Mconv5_stage1_L2_0"
  convolution_param {
    num_output: 128
    pad: 1
    kernel_size: 3
  }
}
layer {
  name: "Mprelu5_stage1_L2_0"
  type: "PReLU"
  bottom: "Mconv5_stage1_L2_0"
  top: "Mconv5_stage1_L2_0"
}
layer {
  name: "Mconv5_stage1_L2_1"
  type: "Convolution"
  bottom: "Mconv5_stage1_L2_0"
  top: "Mconv5_stage1_L2_1"
  convolution_param {
    num_output: 128
    pad: 1
    kernel_size: 3
  }
}
layer {
  name: "Mprelu5_stage1_L2_1"
  type: "PReLU"
  bottom: "Mconv5_stage1_L2_1"
  top: "Mconv5_stage1_L2_1"
}
layer {
  name: "Mconv5_stage1_L2_2"
  type: "Convolution"
  bottom: "Mconv5_stage1_L2_1"
  top: "Mconv5_stage1_L2_2"
  convolution_param {
    num_output: 128
    pad: 1
    kernel_size: 3
  }
}
layer {
  name: "Mprelu5_stage1_L2_2"
  type: "PReLU"
  bottom: "Mconv5_stage1_L2_2"
  top: "Mconv5_stage1_L2_2"
}
layer {
  name: "Mconv5_stage1_L2_concat"
  type: "Concat"
  bottom: "Mconv5_stage1_L2_0"
  bottom: "Mconv5_stage1_L2_1"
  bottom: "Mconv5_stage1_L2_2"
  top: "Mconv5_stage1_L2_concat"
  concat_param {
    axis: 1
  }
}
layer {
  name: "Mconv6_stage1_L2"
  type: "Convolution"
  bottom: "Mconv5_stage1_L2_concat"
  top: "Mconv6_stage1_L2"
  convolution_param {
    num_output: 512
    pad: 0
    kernel_size: 1
  }
}
layer {
  name: "Mprelu6_stage1_L2"
  type: "PReLU"
  bottom: "Mconv6_stage1_L2"
  top: "Mconv6_stage1_L2"
}
layer {
  name: "Mconv7_stage1_L2"
  type: "Convolution"
  bottom: "Mconv6_stage1_L2"
  top: "Mconv7_stage1_L2"
  convolution_param {
    num_output: 52
    pad: 0
    kernel_size: 1
  }
}
layer {
  name: "concat_stage2_L2"
  type: "Concat"
  bottom: "conv4_4_CPM"
  bottom: "Mconv7_stage1_L2"
  top: "concat_stage2_L2"
  concat_param {
    axis: 1
  }
}
layer {
  name: "Mconv1_stage2_L2_0"
  type: "Convolution"
  bottom: "concat_stage2_L2"
  top: "Mconv1_stage2_L2_0"
  convolution_param {
    num_output: 128
    pad: 1
    kernel_size: 3
  }
}
layer {
  name: "Mprelu1_stage2_L2_0"
  type: "PReLU"
  bottom: "Mconv1_stage2_L2_0"
  top: "Mconv1_stage2_L2_0"
}
layer {
  name: "Mconv1_stage2_L2_1"
  type: "Convolution"
  bottom: "Mconv1_stage2_L2_0"
  top: "Mconv1_stage2_L2_1"
  convolution_param {
    num_output: 128
    pad: 1
    kernel_size: 3
  }
}
layer {
  name: "Mprelu1_stage2_L2_1"
  type: "PReLU"
  bottom: "Mconv1_stage2_L2_1"
  top: "Mconv1_stage2_L2_1"
}
layer {
  name: "Mconv1_stage2_L2_2"
  type: "Convolution"
  bottom: "Mconv1_stage2_L2_1"
  top: "Mconv1_stage2_L2_2"
  convolution_param {
    num_output: 128
    pad: 1
    kernel_size: 3
  }
}
layer {
  name: "Mprelu1_stage2_L2_2"
  type: "PReLU"
  bottom: "Mconv1_stage2_L2_2"
  top: "Mconv1_stage2_L2_2"
}
layer {
  name: "Mconv1_stage2_L2_concat"
  type: "Concat"
  bottom: "Mconv1_stage2_L2_0"
  bottom: "Mconv1_stage2_L2_1"
  bottom: "Mconv1_stage2_L2_2"
  top: "Mconv1_stage2_L2_concat"
  concat_param {
    axis: 1
  }
}
layer {
  name: "Mconv2_stage2_L2_0"
  type: "Convolution"
  bottom: "Mconv1_stage2_L2_concat"
  top: "Mconv2_stage2_L2_0"
  convolution_param {
    num_output: 128
    pad: 1
    kernel_size: 3
  }
}
layer {
  name: "Mprelu2_stage2_L2_0"
  type: "PReLU"
  bottom: "Mconv2_stage2_L2_0"
  top: "Mconv2_stage2_L2_0"
}
layer {
  name: "Mconv2_stage2_L2_1"
  type: "Convolution"
  bottom: "Mconv2_stage2_L2_0"
  top: "Mconv2_stage2_L2_1"
  convolution_param {
    num_output: 128
    pad: 1
    kernel_size: 3
  }
}
layer {
  name: "Mprelu2_stage2_L2_1"
  type: "PReLU"
  bottom: "Mconv2_stage2_L2_1"
  top: "Mconv2_stage2_L2_1"
}
layer {
  name: "Mconv2_stage2_L2_2"
  type: "Convolution"
  bottom: "Mconv2_stage2_L2_1"
  top: "Mconv2_stage2_L2_2"
  convolution_param {
    num_output: 128
    pad: 1
    kernel_size: 3
  }
}
layer {
  name: "Mprelu2_stage2_L2_2"
  type: "PReLU"
  bottom: "Mconv2_stage2_L2_2"
  top: "Mconv2_stage2_L2_2"
}
layer {
  name: "Mconv2_stage2_L2_concat"
  type: "Concat"
  bottom: "Mconv2_stage2_L2_0"
  bottom: "Mconv2_stage2_L2_1"
  bottom: "Mconv2_stage2_L2_2"
  top: "Mconv2_stage2_L2_concat"
  concat_param {
    axis: 1
  }
}
layer {
  name: "Mconv3_stage2_L2_0"
  type: "Convolution"
  bottom: "Mconv2_stage2_L2_concat"
  top: "Mconv3_stage2_L2_0"
  convolution_param {
    num_output: 128
    pad: 1
    kernel_size: 3
  }
}
layer {
  name: "Mprelu3_stage2_L2_0"
  type: "PReLU"
  bottom: "Mconv3_stage2_L2_0"
  top: "Mconv3_stage2_L2_0"
}
layer {
  name: "Mconv3_stage2_L2_1"
  type: "Convolution"
  bottom: "Mconv3_stage2_L2_0"
  top: "Mconv3_stage2_L2_1"
  convolution_param {
    num_output: 128
    pad: 1
    kernel_size: 3
  }
}
layer {
  name: "Mprelu3_stage2_L2_1"
  type: "PReLU"
  bottom: "Mconv3_stage2_L2_1"
  top: "Mconv3_stage2_L2_1"
}
layer {
  name: "Mconv3_stage2_L2_2"
  type: "Convolution"
  bottom: "Mconv3_stage2_L2_1"
  top: "Mconv3_stage2_L2_2"
  convolution_param {
    num_output: 128
    pad: 1
    kernel_size: 3
  }
}
layer {
  name: "Mprelu3_stage2_L2_2"
  type: "PReLU"
  bottom: "Mconv3_stage2_L2_2"
  top: "Mconv3_stage2_L2_2"
}
layer {
  name: "Mconv3_stage2_L2_concat"
  type: "Concat"
  bottom: "Mconv3_stage2_L2_0"
  bottom: "Mconv3_stage2_L2_1"
  bottom: "Mconv3_stage2_L2_2"
  top: "Mconv3_stage2_L2_concat"
  concat_param {
    axis: 1
  }
}
layer {
  name: "Mconv4_stage2_L2_0"
  type: "Convolution"
  bottom: "Mconv3_stage2_L2_concat"
  top: "Mconv4_stage2_L2_0"
  convolution_param {
    num_output: 128
    pad: 1
    kernel_size: 3
  }
}
layer {
  name: "Mprelu4_stage2_L2_0"
  type: "PReLU"
  bottom: "Mconv4_stage2_L2_0"
  top: "Mconv4_stage2_L2_0"
}
layer {
  name: "Mconv4_stage2_L2_1"
  type: "Convolution"
  bottom: "Mconv4_stage2_L2_0"
  top: "Mconv4_stage2_L2_1"
  convolution_param {
    num_output: 128
    pad: 1
    kernel_size: 3
  }
}
layer {
  name: "Mprelu4_stage2_L2_1"
  type: "PReLU"
  bottom: "Mconv4_stage2_L2_1"
  top: "Mconv4_stage2_L2_1"
}
layer {
  name: "Mconv4_stage2_L2_2"
  type: "Convolution"
  bottom: "Mconv4_stage2_L2_1"
  top: "Mconv4_stage2_L2_2"
  convolution_param {
    num_output: 128
    pad: 1
    kernel_size: 3
  }
}
layer {
  name: "Mprelu4_stage2_L2_2"
  type: "PReLU"
  bottom: "Mconv4_stage2_L2_2"
  top: "Mconv4_stage2_L2_2"
}
layer {
  name: "Mconv4_stage2_L2_concat"
  type: "Concat"
  bottom: "Mconv4_stage2_L2_0"
  bottom: "Mconv4_stage2_L2_1"
  bottom: "Mconv4_stage2_L2_2"
  top: "Mconv4_stage2_L2_concat"
  concat_param {
    axis: 1
  }
}
layer {
  name: "Mconv5_stage2_L2_0"
  type: "Convolution"
  bottom: "Mconv4_stage2_L2_concat"
  top: "Mconv5_stage2_L2_0"
  convolution_param {
    num_output: 128
    pad: 1
    kernel_size: 3
  }
}
layer {
  name: "Mprelu5_stage2_L2_0"
  type: "PReLU"
  bottom: "Mconv5_stage2_L2_0"
  top: "Mconv5_stage2_L2_0"
}
layer {
  name: "Mconv5_stage2_L2_1"
  type: "Convolution"
  bottom: "Mconv5_stage2_L2_0"
  top: "Mconv5_stage2_L2_1"
  convolution_param {
    num_output: 128
    pad: 1
    kernel_size: 3
  }
}
layer {
  name: "Mprelu5_stage2_L2_1"
  type: "PReLU"
  bottom: "Mconv5_stage2_L2_1"
  top: "Mconv5_stage2_L2_1"
}
layer {
  name: "Mconv5_stage2_L2_2"
  type: "Convolution"
  bottom: "Mconv5_stage2_L2_1"
  top: "Mconv5_stage2_L2_2"
  convolution_param {
    num_output: 128
    pad: 1
    kernel_size: 3
  }
}
layer {
  name: "Mprelu5_stage2_L2_2"
  type: "PReLU"
  bottom: "Mconv5_stage2_L2_2"
  top: "Mconv5_stage2_L2_2"
}
layer {
  name: "Mconv5_stage2_L2_concat"
  type: "Concat"
  bottom: "Mconv5_stage2_L2_0"
  bottom: "Mconv5_stage2_L2_1"
  bottom: "Mconv5_stage2_L2_2"
  top: "Mconv5_stage2_L2_concat"
  concat_param {
    axis: 1
  }
}
layer {
  name: "Mconv6_stage2_L2"
  type: "Convolution"
  bottom: "Mconv5_stage2_L2_concat"
  top: "Mconv6_stage2_L2"
  convolution_param {
    num_output: 512
    pad: 0
    kernel_size: 1
  }
}
layer {
  name: "Mprelu6_stage2_L2"
  type: "PReLU"
  bottom: "Mconv6_stage2_L2"
  top: "Mconv6_stage2_L2"
}
layer {
  name: "Mconv7_stage2_L2"
  type: "Convolution"
  bottom: "Mconv6_stage2_L2"
  top: "Mconv7_stage2_L2"
  convolution_param {
    num_output: 52
    pad: 0
    kernel_size: 1
  }
}
layer {
  name: "concat_stage3_L2"
  type: "Concat"
  bottom: "conv4_4_CPM"
  bottom: "Mconv7_stage2_L2"
  top: "concat_stage3_L2"
  concat_param {
    axis: 1
  }
}
layer {
  name: "Mconv1_stage3_L2_0"
  type: "Convolution"
  bottom: "concat_stage3_L2"
  top: "Mconv1_stage3_L2_0"
  convolution_param {
    num_output: 128
    pad: 1
    kernel_size: 3
  }
}
layer {
  name: "Mprelu1_stage3_L2_0"
  type: "PReLU"
  bottom: "Mconv1_stage3_L2_0"
  top: "Mconv1_stage3_L2_0"
}
layer {
  name: "Mconv1_stage3_L2_1"
  type: "Convolution"
  bottom: "Mconv1_stage3_L2_0"
  top: "Mconv1_stage3_L2_1"
  convolution_param {
    num_output: 128
    pad: 1
    kernel_size: 3
  }
}
layer {
  name: "Mprelu1_stage3_L2_1"
  type: "PReLU"
  bottom: "Mconv1_stage3_L2_1"
  top: "Mconv1_stage3_L2_1"
}
layer {
  name: "Mconv1_stage3_L2_2"
  type: "Convolution"
  bottom: "Mconv1_stage3_L2_1"
  top: "Mconv1_stage3_L2_2"
  convolution_param {
    num_output: 128
    pad: 1
    kernel_size: 3
  }
}
layer {
  name: "Mprelu1_stage3_L2_2"
  type: "PReLU"
  bottom: "Mconv1_stage3_L2_2"
  top: "Mconv1_stage3_L2_2"
}
layer {
  name: "Mconv1_stage3_L2_concat"
  type: "Concat"
  bottom: "Mconv1_stage3_L2_0"
  bottom: "Mconv1_stage3_L2_1"
  bottom: "Mconv1_stage3_L2_2"
  top: "Mconv1_stage3_L2_concat"
  concat_param {
    axis: 1
  }
}
layer {
  name: "Mconv2_stage3_L2_0"
  type: "Convolution"
  bottom: "Mconv1_stage3_L2_concat"
  top: "Mconv2_stage3_L2_0"
  convolution_param {
    num_output: 128
    pad: 1
    kernel_size: 3
  }
}
layer {
  name: "Mprelu2_stage3_L2_0"
  type: "PReLU"
  bottom: "Mconv2_stage3_L2_0"
  top: "Mconv2_stage3_L2_0"
}
layer {
  name: "Mconv2_stage3_L2_1"
  type: "Convolution"
  bottom: "Mconv2_stage3_L2_0"
  top: "Mconv2_stage3_L2_1"
  convolution_param {
    num_output: 128
    pad: 1
    kernel_size: 3
  }
}
layer {
  name: "Mprelu2_stage3_L2_1"
  type: "PReLU"
  bottom: "Mconv2_stage3_L2_1"
  top: "Mconv2_stage3_L2_1"
}
layer {
  name: "Mconv2_stage3_L2_2"
  type: "Convolution"
  bottom: "Mconv2_stage3_L2_1"
  top: "Mconv2_stage3_L2_2"
  convolution_param {
    num_output: 128
    pad: 1
    kernel_size: 3
  }
}
layer {
  name: "Mprelu2_stage3_L2_2"
  type: "PReLU"
  bottom: "Mconv2_stage3_L2_2"
  top: "Mconv2_stage3_L2_2"
}
layer {
  name: "Mconv2_stage3_L2_concat"
  type: "Concat"
  bottom: "Mconv2_stage3_L2_0"
  bottom: "Mconv2_stage3_L2_1"
  bottom: "Mconv2_stage3_L2_2"
  top: "Mconv2_stage3_L2_concat"
  concat_param {
    axis: 1
  }
}
layer {
  name: "Mconv3_stage3_L2_0"
  type: "Convolution"
  bottom: "Mconv2_stage3_L2_concat"
  top: "Mconv3_stage3_L2_0"
  convolution_param {
    num_output: 128
    pad: 1
    kernel_size: 3
  }
}
layer {
  name: "Mprelu3_stage3_L2_0"
  type: "PReLU"
  bottom: "Mconv3_stage3_L2_0"
  top: "Mconv3_stage3_L2_0"
}
layer {
  name: "Mconv3_stage3_L2_1"
  type: "Convolution"
  bottom: "Mconv3_stage3_L2_0"
  top: "Mconv3_stage3_L2_1"
  convolution_param {
    num_output: 128
    pad: 1
    kernel_size: 3
  }
}
layer {
  name: "Mprelu3_stage3_L2_1"
  type: "PReLU"
  bottom: "Mconv3_stage3_L2_1"
  top: "Mconv3_stage3_L2_1"
}
layer {
  name: "Mconv3_stage3_L2_2"
  type: "Convolution"
  bottom: "Mconv3_stage3_L2_1"
  top: "Mconv3_stage3_L2_2"
  convolution_param {
    num_output: 128
    pad: 1
    kernel_size: 3
  }
}
layer {
  name: "Mprelu3_stage3_L2_2"
  type: "PReLU"
  bottom: "Mconv3_stage3_L2_2"
  top: "Mconv3_stage3_L2_2"
}
layer {
  name: "Mconv3_stage3_L2_concat"
  type: "Concat"
  bottom: "Mconv3_stage3_L2_0"
  bottom: "Mconv3_stage3_L2_1"
  bottom: "Mconv3_stage3_L2_2"
  top: "Mconv3_stage3_L2_concat"
  concat_param {
    axis: 1
  }
}
layer {
  name: "Mconv4_stage3_L2_0"
  type: "Convolution"
  bottom: "Mconv3_stage3_L2_concat"
  top: "Mconv4_stage3_L2_0"
  convolution_param {
    num_output: 128
    pad: 1
    kernel_size: 3
  }
}
layer {
  name: "Mprelu4_stage3_L2_0"
  type: "PReLU"
  bottom: "Mconv4_stage3_L2_0"
  top: "Mconv4_stage3_L2_0"
}
layer {
  name: "Mconv4_stage3_L2_1"
  type: "Convolution"
  bottom: "Mconv4_stage3_L2_0"
  top: "Mconv4_stage3_L2_1"
  convolution_param {
    num_output: 128
    pad: 1
    kernel_size: 3
  }
}
layer {
  name: "Mprelu4_stage3_L2_1"
  type: "PReLU"
  bottom: "Mconv4_stage3_L2_1"
  top: "Mconv4_stage3_L2_1"
}
layer {
  name: "Mconv4_stage3_L2_2"
  type: "Convolution"
  bottom: "Mconv4_stage3_L2_1"
  top: "Mconv4_stage3_L2_2"
  convolution_param {
    num_output: 128
    pad: 1
    kernel_size: 3
  }
}
layer {
  name: "Mprelu4_stage3_L2_2"
  type: "PReLU"
  bottom: "Mconv4_stage3_L2_2"
  top: "Mconv4_stage3_L2_2"
}
layer {
  name: "Mconv4_stage3_L2_concat"
  type: "Concat"
  bottom: "Mconv4_stage3_L2_0"
  bottom: "Mconv4_stage3_L2_1"
  bottom: "Mconv4_stage3_L2_2"
  top: "Mconv4_stage3_L2_concat"
  concat_param {
    axis: 1
  }
}
layer {
  name: "Mconv5_stage3_L2_0"
  type: "Convolution"
  bottom: "Mconv4_stage3_L2_concat"
  top: "Mconv5_stage3_L2_0"
  convolution_param {
    num_output: 128
    pad: 1
    kernel_size: 3
  }
}
layer {
  name: "Mprelu5_stage3_L2_0"
  type: "PReLU"
  bottom: "Mconv5_stage3_L2_0"
  top: "Mconv5_stage3_L2_0"
}
layer {
  name: "Mconv5_stage3_L2_1"
  type: "Convolution"
  bottom: "Mconv5_stage3_L2_0"
  top: "Mconv5_stage3_L2_1"
  convolution_param {
    num_output: 128
    pad: 1
    kernel_size: 3
  }
}
layer {
  name: "Mprelu5_stage3_L2_1"
  type: "PReLU"
  bottom: "Mconv5_stage3_L2_1"
  top: "Mconv5_stage3_L2_1"
}
layer {
  name: "Mconv5_stage3_L2_2"
  type: "Convolution"
  bottom: "Mconv5_stage3_L2_1"
  top: "Mconv5_stage3_L2_2"
  convolution_param {
    num_output: 128
    pad: 1
    kernel_size: 3
  }
}
layer {
  name: "Mprelu5_stage3_L2_2"
  type: "PReLU"
  bottom: "Mconv5_stage3_L2_2"
  top: "Mconv5_stage3_L2_2"
}
layer {
  name: "Mconv5_stage3_L2_concat"
  type: "Concat"
  bottom: "Mconv5_stage3_L2_0"
  bottom: "Mconv5_stage3_L2_1"
  bottom: "Mconv5_stage3_L2_2"
  top: "Mconv5_stage3_L2_concat"
  concat_param {
    axis: 1
  }
}
layer {
  name: "Mconv6_stage3_L2"
  type: "Convolution"
  bottom: "Mconv5_stage3_L2_concat"
  top: "Mconv6_stage3_L2"
  convolution_param {
    num_output: 512
    pad: 0
    kernel_size: 1
  }
}
layer {
  name: "Mprelu6_stage3_L2"
  type: "PReLU"
  bottom: "Mconv6_stage3_L2"
  top: "Mconv6_stage3_L2"
}
layer {
  name: "Mconv7_stage3_L2"
  type: "Convolution"
  bottom: "Mconv6_stage3_L2"
  top: "Mconv7_stage3_L2"
  convolution_param {
    num_output: 52
    pad: 0
    kernel_size: 1
  }
}
layer {
  name: "concat_stage0_L1"
  type: "Concat"
  bottom: "conv4_4_CPM"
  bottom: "Mconv7_stage3_L2"
  top: "concat_stage0_L1"
  concat_param {
    axis: 1
  }
}
layer {
  name: "Mconv1_stage0_L1_0"
  type: "Convolution"
  bottom: "concat_stage0_L1"
  top: "Mconv1_stage0_L1_0"
  convolution_param {
    num_output: 96
    pad: 1
    kernel_size: 3
  }
}
layer {
  name: "Mprelu1_stage0_L1_0"
  type: "PReLU"
  bottom: "Mconv1_stage0_L1_0"
  top: "Mconv1_stage0_L1_0"
}
layer {
  name: "Mconv1_stage0_L1_1"
  type: "Convolution"
  bottom: "Mconv1_stage0_L1_0"
  top: "Mconv1_stage0_L1_1"
  convolution_param {
    num_output: 96
    pad: 1
    kernel_si
I0923 17:58:24.083606 2175012 layer_factory.hpp:77] Creating layer input
I0923 17:58:24.083616 2175012 net.cpp:86] Creating Layer input
I0923 17:58:24.083618 2175012 net.cpp:382] input -> image
I0923 17:58:24.084617 2175012 net.cpp:124] Setting up input
I0923 17:58:24.084622 2175012 net.cpp:131] Top shape: 1 3 16 16 (768)
I0923 17:58:24.084625 2175012 net.cpp:139] Memory required for data: 3072
I0923 17:58:24.084626 2175012 layer_factory.hpp:77] Creating layer conv1_1
I0923 17:58:24.084638 2175012 net.cpp:86] Creating Layer conv1_1
I0923 17:58:24.084641 2175012 net.cpp:408] conv1_1 <- image
I0923 17:58:24.084645 2175012 net.cpp:382] conv1_1 -> conv1_1
I0923 17:58:24.126204 2175012 net.cpp:124] Setting up conv1_1
I0923 17:58:24.126214 2175012 net.cpp:131] Top shape: 1 64 16 16 (16384)
I0923 17:58:24.126217 2175012 net.cpp:139] Memory required for data: 68608
I0923 17:58:24.126228 2175012 layer_factory.hpp:77] Creating layer relu1_1
I0923 17:58:24.126236 2175012 net.cpp:86] Creating Layer relu1_1
I0923 17:58:24.126238 2175012 net.cpp:408] relu1_1 <- conv1_1
I0923 17:58:24.126240 2175012 net.cpp:369] relu1_1 -> conv1_1 (in-place)
I0923 17:58:24.129083 2175012 net.cpp:124] Setting up relu1_1
I0923 17:58:24.129086 2175012 net.cpp:131] Top shape: 1 64 16 16 (16384)
I0923 17:58:24.129088 2175012 net.cpp:139] Memory required for data: 134144
I0923 17:58:24.129089 2175012 layer_factory.hpp:77] Creating layer conv1_2
I0923 17:58:24.129092 2175012 net.cpp:86] Creating Layer conv1_2
I0923 17:58:24.129094 2175012 net.cpp:408] conv1_2 <- conv1_1
I0923 17:58:24.129097 2175012 net.cpp:382] conv1_2 -> conv1_2
I0923 17:58:24.140470 2175012 net.cpp:124] Setting up conv1_2
I0923 17:58:24.140475 2175012 net.cpp:131] Top shape: 1 64 16 16 (16384)
I0923 17:58:24.140478 2175012 net.cpp:139] Memory required for data: 199680
I0923 17:58:24.140481 2175012 layer_factory.hpp:77] Creating layer relu1_2
I0923 17:58:24.140484 2175012 net.cpp:86] Creating Layer relu1_2
I0923 17:58:24.140486 2175012 net.cpp:408] relu1_2 <- conv1_2
I0923 17:58:24.140487 2175012 net.cpp:369] relu1_2 -> conv1_2 (in-place)
I0923 17:58:24.143124 2175012 net.cpp:124] Setting up relu1_2
I0923 17:58:24.143128 2175012 net.cpp:131] Top shape: 1 64 16 16 (16384)
I0923 17:58:24.143131 2175012 net.cpp:139] Memory required for data: 265216
I0923 17:58:24.143131 2175012 layer_factory.hpp:77] Creating layer pool1_stage1
I0923 17:58:24.143136 2175012 net.cpp:86] Creating Layer pool1_stage1
I0923 17:58:24.143136 2175012 net.cpp:408] pool1_stage1 <- conv1_2
I0923 17:58:24.143138 2175012 net.cpp:382] pool1_stage1 -> pool1_stage1
I0923 17:58:24.143152 2175012 net.cpp:124] Setting up pool1_stage1
I0923 17:58:24.143153 2175012 net.cpp:131] Top shape: 1 64 8 8 (4096)
I0923 17:58:24.143155 2175012 net.cpp:139] Memory required for data: 281600
I0923 17:58:24.143157 2175012 layer_factory.hpp:77] Creating layer conv2_1
I0923 17:58:24.143158 2175012 net.cpp:86] Creating Layer conv2_1
I0923 17:58:24.143159 2175012 net.cpp:408] conv2_1 <- pool1_stage1
I0923 17:58:24.143160 2175012 net.cpp:382] conv2_1 -> conv2_1
I0923 17:58:24.150774 2175012 net.cpp:124] Setting up conv2_1
I0923 17:58:24.150779 2175012 net.cpp:131] Top shape: 1 128 8 8 (8192)
I0923 17:58:24.150781 2175012 net.cpp:139] Memory required for data: 314368
I0923 17:58:24.150784 2175012 layer_factory.hpp:77] Creating layer relu2_1
I0923 17:58:24.150787 2175012 net.cpp:86] Creating Layer relu2_1
I0923 17:58:24.150789 2175012 net.cpp:408] relu2_1 <- conv2_1
I0923 17:58:24.150789 2175012 net.cpp:369] relu2_1 -> conv2_1 (in-place)
I0923 17:58:24.153401 2175012 net.cpp:124] Setting up relu2_1
I0923 17:58:24.153404 2175012 net.cpp:131] Top shape: 1 128 8 8 (8192)
I0923 17:58:24.153406 2175012 net.cpp:139] Memory required for data: 347136
I0923 17:58:24.153409 2175012 layer_factory.hpp:77] Creating layer conv2_2
I0923 17:58:24.153411 2175012 net.cpp:86] Creating Layer conv2_2
I0923 17:58:24.153412 2175012 net.cpp:408] conv2_2 <- conv2_1
I0923 17:58:24.153414 2175012 net.cpp:382] conv2_2 -> conv2_2
I0923 17:58:24.161605 2175012 net.cpp:124] Setting up conv2_2
I0923 17:58:24.161610 2175012 net.cpp:131] Top shape: 1 128 8 8 (8192)
I0923 17:58:24.161612 2175012 net.cpp:139] Memory required for data: 379904
I0923 17:58:24.161614 2175012 layer_factory.hpp:77] Creating layer relu2_2
I0923 17:58:24.161616 2175012 net.cpp:86] Creating Layer relu2_2
I0923 17:58:24.161618 2175012 net.cpp:408] relu2_2 <- conv2_2
I0923 17:58:24.161619 2175012 net.cpp:369] relu2_2 -> conv2_2 (in-place)
I0923 17:58:24.164696 2175012 net.cpp:124] Setting up relu2_2
I0923 17:58:24.164700 2175012 net.cpp:131] Top shape: 1 128 8 8 (8192)
I0923 17:58:24.164701 2175012 net.cpp:139] Memory required for data: 412672
I0923 17:58:24.164702 2175012 layer_factory.hpp:77] Creating layer pool2_stage1
I0923 17:58:24.164706 2175012 net.cpp:86] Creating Layer pool2_stage1
I0923 17:58:24.164707 2175012 net.cpp:408] pool2_stage1 <- conv2_2
I0923 17:58:24.164709 2175012 net.cpp:382] pool2_stage1 -> pool2_stage1
I0923 17:58:24.164717 2175012 net.cpp:124] Setting up pool2_stage1
I0923 17:58:24.164719 2175012 net.cpp:131] Top shape: 1 128 4 4 (2048)
I0923 17:58:24.164721 2175012 net.cpp:139] Memory required for data: 420864
I0923 17:58:24.164721 2175012 layer_factory.hpp:77] Creating layer conv3_1
I0923 17:58:24.164723 2175012 net.cpp:86] Creating Layer conv3_1
I0923 17:58:24.164724 2175012 net.cpp:408] conv3_1 <- pool2_stage1
I0923 17:58:24.164726 2175012 net.cpp:382] conv3_1 -> conv3_1
I0923 17:58:24.173700 2175012 net.cpp:124] Setting up conv3_1
I0923 17:58:24.173705 2175012 net.cpp:131] Top shape: 1 256 4 4 (4096)
I0923 17:58:24.173707 2175012 net.cpp:139] Memory required for data: 437248
I0923 17:58:24.173710 2175012 layer_factory.hpp:77] Creating layer relu3_1
I0923 17:58:24.173712 2175012 net.cpp:86] Creating Layer relu3_1
I0923 17:58:24.173713 2175012 net.cpp:408] relu3_1 <- conv3_1
I0923 17:58:24.173715 2175012 net.cpp:369] relu3_1 -> conv3_1 (in-place)
I0923 17:58:24.176182 2175012 net.cpp:124] Setting up relu3_1
I0923 17:58:24.176184 2175012 net.cpp:131] Top shape: 1 256 4 4 (4096)
I0923 17:58:24.176186 2175012 net.cpp:139] Memory required for data: 453632
I0923 17:58:24.176187 2175012 layer_factory.hpp:77] Creating layer conv3_2
I0923 17:58:24.176189 2175012 net.cpp:86] Creating Layer conv3_2
I0923 17:58:24.176190 2175012 net.cpp:408] conv3_2 <- conv3_1
I0923 17:58:24.176192 2175012 net.cpp:382] conv3_2 -> conv3_2
I0923 17:58:24.185855 2175012 net.cpp:124] Setting up conv3_2
I0923 17:58:24.185860 2175012 net.cpp:131] Top shape: 1 256 4 4 (4096)
I0923 17:58:24.185863 2175012 net.cpp:139] Memory required for data: 470016
I0923 17:58:24.185864 2175012 layer_factory.hpp:77] Creating layer relu3_2
I0923 17:58:24.185868 2175012 net.cpp:86] Creating Layer relu3_2
I0923 17:58:24.185868 2175012 net.cpp:408] relu3_2 <- conv3_2
I0923 17:58:24.185870 2175012 net.cpp:369] relu3_2 -> conv3_2 (in-place)
I0923 17:58:24.188334 2175012 net.cpp:124] Setting up relu3_2
I0923 17:58:24.188337 2175012 net.cpp:131] Top shape: 1 256 4 4 (4096)
I0923 17:58:24.188339 2175012 net.cpp:139] Memory required for data: 486400
I0923 17:58:24.188340 2175012 layer_factory.hpp:77] Creating layer conv3_3
I0923 17:58:24.188344 2175012 net.cpp:86] Creating Layer conv3_3
I0923 17:58:24.188344 2175012 net.cpp:408] conv3_3 <- conv3_2
I0923 17:58:24.188347 2175012 net.cpp:382] conv3_3 -> conv3_3
I0923 17:58:24.197314 2175012 net.cpp:124] Setting up conv3_3
I0923 17:58:24.197319 2175012 net.cpp:131] Top shape: 1 256 4 4 (4096)
I0923 17:58:24.197321 2175012 net.cpp:139] Memory required for data: 502784
I0923 17:58:24.197324 2175012 layer_factory.hpp:77] Creating layer relu3_3
I0923 17:58:24.197325 2175012 net.cpp:86] Creating Layer relu3_3
I0923 17:58:24.197327 2175012 net.cpp:408] relu3_3 <- conv3_3
I0923 17:58:24.197328 2175012 net.cpp:369] relu3_3 -> conv3_3 (in-place)
I0923 17:58:24.199817 2175012 net.cpp:124] Setting up relu3_3
I0923 17:58:24.199820 2175012 net.cpp:131] Top shape: 1 256 4 4 (4096)
I0923 17:58:24.199822 2175012 net.cpp:139] Memory required for data: 519168
I0923 17:58:24.199823 2175012 layer_factory.hpp:77] Creating layer conv3_4
I0923 17:58:24.199826 2175012 net.cpp:86] Creating Layer conv3_4
I0923 17:58:24.199827 2175012 net.cpp:408] conv3_4 <- conv3_3
I0923 17:58:24.199829 2175012 net.cpp:382] conv3_4 -> conv3_4
I0923 17:58:24.210803 2175012 net.cpp:124] Setting up conv3_4
I0923 17:58:24.210808 2175012 net.cpp:131] Top shape: 1 256 4 4 (4096)
I0923 17:58:24.210810 2175012 net.cpp:139] Memory required for data: 535552
I0923 17:58:24.210812 2175012 layer_factory.hpp:77] Creating layer relu3_4
I0923 17:58:24.210815 2175012 net.cpp:86] Creating Layer relu3_4
I0923 17:58:24.210816 2175012 net.cpp:408] relu3_4 <- conv3_4
I0923 17:58:24.210819 2175012 net.cpp:369] relu3_4 -> conv3_4 (in-place)
I0923 17:58:24.213308 2175012 net.cpp:124] Setting up relu3_4
I0923 17:58:24.213311 2175012 net.cpp:131] Top shape: 1 256 4 4 (4096)
I0923 17:58:24.213313 2175012 net.cpp:139] Memory required for data: 551936
I0923 17:58:24.213315 2175012 layer_factory.hpp:77] Creating layer pool3_stage1
I0923 17:58:24.213316 2175012 net.cpp:86] Creating Layer pool3_stage1
I0923 17:58:24.213317 2175012 net.cpp:408] pool3_stage1 <- conv3_4
I0923 17:58:24.213320 2175012 net.cpp:382] pool3_stage1 -> pool3_stage1
I0923 17:58:24.213327 2175012 net.cpp:124] Setting up pool3_stage1
I0923 17:58:24.213328 2175012 net.cpp:131] Top shape: 1 256 2 2 (1024)
I0923 17:58:24.213330 2175012 net.cpp:139] Memory required for data: 556032
I0923 17:58:24.213330 2175012 layer_factory.hpp:77] Creating layer conv4_1
I0923 17:58:24.213333 2175012 net.cpp:86] Creating Layer conv4_1
I0923 17:58:24.213335 2175012 net.cpp:408] conv4_1 <- pool3_stage1
I0923 17:58:24.213336 2175012 net.cpp:382] conv4_1 -> conv4_1
I0923 17:58:24.224114 2175012 net.cpp:124] Setting up conv4_1
I0923 17:58:24.224119 2175012 net.cpp:131] Top shape: 1 512 2 2 (2048)
I0923 17:58:24.224121 2175012 net.cpp:139] Memory required for data: 564224
I0923 17:58:24.224124 2175012 layer_factory.hpp:77] Creating layer relu4_1
I0923 17:58:24.224128 2175012 net.cpp:86] Creating Layer relu4_1
I0923 17:58:24.224128 2175012 net.cpp:408] relu4_1 <- conv4_1
I0923 17:58:24.224130 2175012 net.cpp:369] relu4_1 -> conv4_1 (in-place)
I0923 17:58:24.226624 2175012 net.cpp:124] Setting up relu4_1
I0923 17:58:24.226627 2175012 net.cpp:131] Top shape: 1 512 2 2 (2048)
I0923 17:58:24.226629 2175012 net.cpp:139] Memory required for data: 572416
I0923 17:58:24.226629 2175012 layer_factory.hpp:77] Creating layer conv4_2
I0923 17:58:24.226632 2175012 net.cpp:86] Creating Layer conv4_2
I0923 17:58:24.226634 2175012 net.cpp:408] conv4_2 <- conv4_1
I0923 17:58:24.226635 2175012 net.cpp:382] conv4_2 -> conv4_2
I0923 17:58:24.238611 2175012 net.cpp:124] Setting up conv4_2
I0923 17:58:24.238616 2175012 net.cpp:131] Top shape: 1 512 2 2 (2048)
I0923 17:58:24.238619 2175012 net.cpp:139] Memory required for data: 580608
I0923 17:58:24.238621 2175012 layer_factory.hpp:77] Creating layer prelu4_2
I0923 17:58:24.238624 2175012 net.cpp:86] Creating Layer prelu4_2
I0923 17:58:24.238626 2175012 net.cpp:408] prelu4_2 <- conv4_2
I0923 17:58:24.238626 2175012 net.cpp:369] prelu4_2 -> conv4_2 (in-place)
I0923 17:58:24.238649 2175012 net.cpp:124] Setting up prelu4_2
I0923 17:58:24.238651 2175012 net.cpp:131] Top shape: 1 512 2 2 (2048)
I0923 17:58:24.238652 2175012 net.cpp:139] Memory required for data: 588800
I0923 17:58:24.238653 2175012 layer_factory.hpp:77] Creating layer conv4_3_CPM
I0923 17:58:24.238655 2175012 net.cpp:86] Creating Layer conv4_3_CPM
I0923 17:58:24.238656 2175012 net.cpp:408] conv4_3_CPM <- conv4_2
I0923 17:58:24.238658 2175012 net.cpp:382] conv4_3_CPM -> conv4_3_CPM
I0923 17:58:24.248673 2175012 net.cpp:124] Setting up conv4_3_CPM
I0923 17:58:24.248678 2175012 net.cpp:131] Top shape: 1 256 2 2 (1024)
I0923 17:58:24.248680 2175012 net.cpp:139] Memory required for data: 592896
I0923 17:58:24.248682 2175012 layer_factory.hpp:77] Creating layer prelu4_3_CPM
I0923 17:58:24.248685 2175012 net.cpp:86] Creating Layer prelu4_3_CPM
I0923 17:58:24.248687 2175012 net.cpp:408] prelu4_3_CPM <- conv4_3_CPM
I0923 17:58:24.248687 2175012 net.cpp:369] prelu4_3_CPM -> conv4_3_CPM (in-place)
I0923 17:58:24.248704 2175012 net.cpp:124] Setting up prelu4_3_CPM
I0923 17:58:24.248706 2175012 net.cpp:131] Top shape: 1 256 2 2 (1024)
I0923 17:58:24.248708 2175012 net.cpp:139] Memory required for data: 596992
I0923 17:58:24.248708 2175012 layer_factory.hpp:77] Creating layer conv4_4_CPM
I0923 17:58:24.248711 2175012 net.cpp:86] Creating Layer conv4_4_CPM
I0923 17:58:24.248713 2175012 net.cpp:408] conv4_4_CPM <- conv4_3_CPM
I0923 17:58:24.248713 2175012 net.cpp:382] conv4_4_CPM -> conv4_4_CPM
I0923 17:58:24.257460 2175012 net.cpp:124] Setting up conv4_4_CPM
I0923 17:58:24.257465 2175012 net.cpp:131] Top shape: 1 128 2 2 (512)
I0923 17:58:24.257467 2175012 net.cpp:139] Memory required for data: 599040
I0923 17:58:24.257468 2175012 layer_factory.hpp:77] Creating layer prelu4_4_CPM
I0923 17:58:24.257470 2175012 net.cpp:86] Creating Layer prelu4_4_CPM
I0923 17:58:24.257472 2175012 net.cpp:408] prelu4_4_CPM <- conv4_4_CPM
I0923 17:58:24.257473 2175012 net.cpp:369] prelu4_4_CPM -> conv4_4_CPM (in-place)
I0923 17:58:24.257491 2175012 net.cpp:124] Setting up prelu4_4_CPM
I0923 17:58:24.257493 2175012 net.cpp:131] Top shape: 1 128 2 2 (512)
I0923 17:58:24.257493 2175012 net.cpp:139] Memory required for data: 601088
I0923 17:58:24.257494 2175012 layer_factory.hpp:77] Creating layer conv4_4_CPM_prelu4_4_CPM_0_split
I0923 17:58:24.257503 2175012 net.cpp:86] Creating Layer conv4_4_CPM_prelu4_4_CPM_0_split
I0923 17:58:24.257504 2175012 net.cpp:408] conv4_4_CPM_prelu4_4_CPM_0_split <- conv4_4_CPM
I0923 17:58:24.257506 2175012 net.cpp:382] conv4_4_CPM_prelu4_4_CPM_0_split -> conv4_4_CPM_prelu4_4_CPM_0_split_0
I0923 17:58:24.257509 2175012 net.cpp:382] conv4_4_CPM_prelu4_4_CPM_0_split -> conv4_4_CPM_prelu4_4_CPM_0_split_1
I0923 17:58:24.257511 2175012 net.cpp:382] conv4_4_CPM_prelu4_4_CPM_0_split -> conv4_4_CPM_prelu4_4_CPM_0_split_2
I0923 17:58:24.257512 2175012 net.cpp:382] conv4_4_CPM_prelu4_4_CPM_0_split -> conv4_4_CPM_prelu4_4_CPM_0_split_3
I0923 17:58:24.257514 2175012 net.cpp:382] conv4_4_CPM_prelu4_4_CPM_0_split -> conv4_4_CPM_prelu4_4_CPM_0_split_4
I0923 17:58:24.257516 2175012 net.cpp:382] conv4_4_CPM_prelu4_4_CPM_0_split -> conv4_4_CPM_prelu4_4_CPM_0_split_5
I0923 17:58:24.257532 2175012 net.cpp:124] Setting up conv4_4_CPM_prelu4_4_CPM_0_split
I0923 17:58:24.257534 2175012 net.cpp:131] Top shape: 1 128 2 2 (512)
I0923 17:58:24.257534 2175012 net.cpp:131] Top shape: 1 128 2 2 (512)
I0923 17:58:24.257535 2175012 net.cpp:131] Top shape: 1 128 2 2 (512)
I0923 17:58:24.257536 2175012 net.cpp:131] Top shape: 1 128 2 2 (512)
I0923 17:58:24.257537 2175012 net.cpp:131] Top shape: 1 128 2 2 (512)
I0923 17:58:24.257539 2175012 net.cpp:131] Top shape: 1 128 2 2 (512)
I0923 17:58:24.257539 2175012 net.cpp:139] Memory required for data: 613376
I0923 17:58:24.257540 2175012 layer_factory.hpp:77] Creating layer Mconv1_stage0_L2_0
I0923 17:58:24.257543 2175012 net.cpp:86] Creating Layer Mconv1_stage0_L2_0
I0923 17:58:24.257544 2175012 net.cpp:408] Mconv1_stage0_L2_0 <- conv4_4_CPM_prelu4_4_CPM_0_split_0
I0923 17:58:24.257550 2175012 net.cpp:382] Mconv1_stage0_L2_0 -> Mconv1_stage0_L2_0
I0923 17:58:24.265904 2175012 net.cpp:124] Setting up Mconv1_stage0_L2_0
I0923 17:58:24.265908 2175012 net.cpp:131] Top shape: 1 96 2 2 (384)
I0923 17:58:24.265910 2175012 net.cpp:139] Memory required for data: 614912
I0923 17:58:24.265913 2175012 layer_factory.hpp:77] Creating layer Mprelu1_stage0_L2_0
I0923 17:58:24.265915 2175012 net.cpp:86] Creating Layer Mprelu1_stage0_L2_0
I0923 17:58:24.265916 2175012 net.cpp:408] Mprelu1_stage0_L2_0 <- Mconv1_stage0_L2_0
I0923 17:58:24.265918 2175012 net.cpp:369] Mprelu1_stage0_L2_0 -> Mconv1_stage0_L2_0 (in-place)
I0923 17:58:24.265936 2175012 net.cpp:124] Setting up Mprelu1_stage0_L2_0
I0923 17:58:24.265937 2175012 net.cpp:131] Top shape: 1 96 2 2 (384)
I0923 17:58:24.265938 2175012 net.cpp:139] Memory required for data: 616448
I0923 17:58:24.265940 2175012 layer_factory.hpp:77] Creating layer Mconv1_stage0_L2_0_Mprelu1_stage0_L2_0_0_split
I0923 17:58:24.265941 2175012 net.cpp:86] Creating Layer Mconv1_stage0_L2_0_Mprelu1_stage0_L2_0_0_split
I0923 17:58:24.265942 2175012 net.cpp:408] Mconv1_stage0_L2_0_Mprelu1_stage0_L2_0_0_split <- Mconv1_stage0_L2_0
I0923 17:58:24.265944 2175012 net.cpp:382] Mconv1_stage0_L2_0_Mprelu1_stage0_L2_0_0_split -> Mconv1_stage0_L2_0_Mprelu1_stage0_L2_0_0_split_0
I0923 17:58:24.265946 2175012 net.cpp:382] Mconv1_stage0_L2_0_Mprelu1_stage0_L2_0_0_split -> Mconv1_stage0_L2_0_Mprelu1_stage0_L2_0_0_split_1
I0923 17:58:24.265951 2175012 net.cpp:124] Setting up Mconv1_stage0_L2_0_Mprelu1_stage0_L2_0_0_split
I0923 17:58:24.265952 2175012 net.cpp:131] Top shape: 1 96 2 2 (384)
I0923 17:58:24.265954 2175012 net.cpp:131] Top shape: 1 96 2 2 (384)
I0923 17:58:24.265954 2175012 net.cpp:139] Memory required for data: 619520
I0923 17:58:24.265955 2175012 layer_factory.hpp:77] Creating layer Mconv1_stage0_L2_1
I0923 17:58:24.265959 2175012 net.cpp:86] Creating Layer Mconv1_stage0_L2_1
I0923 17:58:24.265959 2175012 net.cpp:408] Mconv1_stage0_L2_1 <- Mconv1_stage0_L2_0_Mprelu1_stage0_L2_0_0_split_0
I0923 17:58:24.265961 2175012 net.cpp:382] Mconv1_stage0_L2_1 -> Mconv1_stage0_L2_1
I0923 17:58:24.273931 2175012 net.cpp:124] Setting up Mconv1_stage0_L2_1
I0923 17:58:24.273934 2175012 net.cpp:131] Top shape: 1 96 2 2 (384)
I0923 17:58:24.273936 2175012 net.cpp:139] Memory required for data: 621056
I0923 17:58:24.273938 2175012 layer_factory.hpp:77] Creating layer Mprelu1_stage0_L2_1
I0923 17:58:24.273940 2175012 net.cpp:86] Creating Layer Mprelu1_stage0_L2_1
I0923 17:58:24.273942 2175012 net.cpp:408] Mprelu1_stage0_L2_1 <- Mconv1_stage0_L2_1
I0923 17:58:24.273944 2175012 net.cpp:369] Mprelu1_stage0_L2_1 -> Mconv1_stage0_L2_1 (in-place)
I0923 17:58:24.273962 2175012 net.cpp:124] Setting up Mprelu1_stage0_L2_1
I0923 17:58:24.273962 2175012 net.cpp:131] Top shape: 1 96 2 2 (384)
I0923 17:58:24.273964 2175012 net.cpp:139] Memory required for data: 622592
I0923 17:58:24.273967 2175012 layer_factory.hpp:77] Creating layer Mconv1_stage0_L2_1_Mprelu1_stage0_L2_1_0_split
I0923 17:58:24.273968 2175012 net.cpp:86] Creating Layer Mconv1_stage0_L2_1_Mprelu1_stage0_L2_1_0_split
I0923 17:58:24.273969 2175012 net.cpp:408] Mconv1_stage0_L2_1_Mprelu1_stage0_L2_1_0_split <- Mconv1_stage0_L2_1
I0923 17:58:24.273970 2175012 net.cpp:382] Mconv1_stage0_L2_1_Mprelu1_stage0_L2_1_0_split -> Mconv1_stage0_L2_1_Mprelu1_stage0_L2_1_0_split_0
I0923 17:58:24.273972 2175012 net.cpp:382] Mconv1_stage0_L2_1_Mprelu1_stage0_L2_1_0_split -> Mconv1_stage0_L2_1_Mprelu1_stage0_L2_1_0_split_1
I0923 17:58:24.273979 2175012 net.cpp:124] Setting up Mconv1_stage0_L2_1_Mprelu1_stage0_L2_1_0_split
I0923 17:58:24.273980 2175012 net.cpp:131] Top shape: 1 96 2 2 (384)
I0923 17:58:24.273981 2175012 net.cpp:131] Top shape: 1 96 2 2 (384)
I0923 17:58:24.273983 2175012 net.cpp:139] Memory required for data: 625664
I0923 17:58:24.273983 2175012 layer_factory.hpp:77] Creating layer Mconv1_stage0_L2_2
I0923 17:58:24.273985 2175012 net.cpp:86] Creating Layer Mconv1_stage0_L2_2
I0923 17:58:24.273988 2175012 net.cpp:408] Mconv1_stage0_L2_2 <- Mconv1_stage0_L2_1_Mprelu1_stage0_L2_1_0_split_0
I0923 17:58:24.273988 2175012 net.cpp:382] Mconv1_stage0_L2_2 -> Mconv1_stage0_L2_2
I0923 17:58:24.281955 2175012 net.cpp:124] Setting up Mconv1_stage0_L2_2
I0923 17:58:24.281958 2175012 net.cpp:131] Top shape: 1 96 2 2 (384)
I0923 17:58:24.281960 2175012 net.cpp:139] Memory required for data: 627200
I0923 17:58:24.281962 2175012 layer_factory.hpp:77] Creating layer Mprelu1_stage0_L2_2
I0923 17:58:24.281965 2175012 net.cpp:86] Creating Layer Mprelu1_stage0_L2_2
I0923 17:58:24.281966 2175012 net.cpp:408] Mprelu1_stage0_L2_2 <- Mconv1_stage0_L2_2
I0923 17:58:24.281968 2175012 net.cpp:369] Mprelu1_stage0_L2_2 -> Mconv1_stage0_L2_2 (in-place)
I0923 17:58:24.281985 2175012 net.cpp:124] Setting up Mprelu1_stage0_L2_2
I0923 17:58:24.281986 2175012 net.cpp:131] Top shape: 1 96 2 2 (384)
I0923 17:58:24.281987 2175012 net.cpp:139] Memory required for data: 628736
I0923 17:58:24.281989 2175012 layer_factory.hpp:77] Creating layer Mconv1_stage0_L2_concat
I0923 17:58:24.281992 2175012 net.cpp:86] Creating Layer Mconv1_stage0_L2_concat
I0923 17:58:24.281993 2175012 net.cpp:408] Mconv1_stage0_L2_concat <- Mconv1_stage0_L2_0_Mprelu1_stage0_L2_0_0_split_1
I0923 17:58:24.281994 2175012 net.cpp:408] Mconv1_stage0_L2_concat <- Mconv1_stage0_L2_1_Mprelu1_stage0_L2_1_0_split_1
I0923 17:58:24.281996 2175012 net.cpp:408] Mconv1_stage0_L2_concat <- Mconv1_stage0_L2_2
I0923 17:58:24.281997 2175012 net.cpp:382] Mconv1_stage0_L2_concat -> Mconv1_stage0_L2_concat
I0923 17:58:24.282004 2175012 net.cpp:124] Setting up Mconv1_stage0_L2_concat
I0923 17:58:24.282006 2175012 net.cpp:131] Top shape: 1 288 2 2 (1152)
I0923 17:58:24.282007 2175012 net.cpp:139] Memory required for data: 633344
I0923 17:58:24.282008 2175012 layer_factory.hpp:77] Creating layer Mconv2_stage0_L2_0
I0923 17:58:24.282011 2175012 net.cpp:86] Creating Layer Mconv2_stage0_L2_0
I0923 17:58:24.282011 2175012 net.cpp:408] Mconv2_stage0_L2_0 <- Mconv1_stage0_L2_concat
I0923 17:58:24.282013 2175012 net.cpp:382] Mconv2_stage0_L2_0 -> Mconv2_stage0_L2_0
I0923 17:58:24.290892 2175012 net.cpp:124] Setting up Mconv2_stage0_L2_0
I0923 17:58:24.290896 2175012 net.cpp:131] Top shape: 1 96 2 2 (384)
I0923 17:58:24.290898 2175012 net.cpp:139] Memory required for data: 634880
I0923 17:58:24.290900 2175012 layer_factory.hpp:77] Creating layer Mprelu2_stage0_L2_0
I0923 17:58:24.290902 2175012 net.cpp:86] Creating Layer Mprelu2_stage0_L2_0
I0923 17:58:24.290903 2175012 net.cpp:408] Mprelu2_stage0_L2_0 <- Mconv2_stage0_L2_0
I0923 17:58:24.290905 2175012 net.cpp:369] Mprelu2_stage0_L2_0 -> Mconv2_stage0_L2_0 (in-place)
I0923 17:58:24.290923 2175012 net.cpp:124] Setting up Mprelu2_stage0_L2_0
I0923 17:58:24.290925 2175012 net.cpp:131] Top shape: 1 96 2 2 (384)
I0923 17:58:24.290926 2175012 net.cpp:139] Memory required for data: 636416
I0923 17:58:24.290927 2175012 layer_factory.hpp:77] Creating layer Mconv2_stage0_L2_0_Mprelu2_stage0_L2_0_0_split
I0923 17:58:24.290930 2175012 net.cpp:86] Creating Layer Mconv2_stage0_L2_0_Mprelu2_stage0_L2_0_0_split
I0923 17:58:24.290930 2175012 net.cpp:408] Mconv2_stage0_L2_0_Mprelu2_stage0_L2_0_0_split <- Mconv2_stage0_L2_0
I0923 17:58:24.290931 2175012 net.cpp:382] Mconv2_stage0_L2_0_Mprelu2_stage0_L2_0_0_split -> Mconv2_stage0_L2_0_Mprelu2_stage0_L2_0_0_split_0
I0923 17:58:24.290933 2175012 net.cpp:382] Mconv2_stage0_L2_0_Mprelu2_stage0_L2_0_0_split -> Mconv2_stage0_L2_0_Mprelu2_stage0_L2_0_0_split_1
I0923 17:58:24.290939 2175012 net.cpp:124] Setting up Mconv2_stage0_L2_0_Mprelu2_stage0_L2_0_0_split
I0923 17:58:24.290940 2175012 net.cpp:131] Top shape: 1 96 2 2 (384)
I0923 17:58:24.290942 2175012 net.cpp:131] Top shape: 1 96 2 2 (384)
I0923 17:58:24.290943 2175012 net.cpp:139] Memory required for data: 639488
I0923 17:58:24.290944 2175012 layer_factory.hpp:77] Creating layer Mconv2_stage0_L2_1
I0923 17:58:24.290946 2175012 net.cpp:86] Creating Layer Mconv2_stage0_L2_1
I0923 17:58:24.290947 2175012 net.cpp:408] Mconv2_stage0_L2_1 <- Mconv2_stage0_L2_0_Mprelu2_stage0_L2_0_0_split_0
I0923 17:58:24.290949 2175012 net.cpp:382] Mconv2_stage0_L2_1 -> Mconv2_stage0_L2_1
I0923 17:58:24.298619 2175012 net.cpp:124] Setting up Mconv2_stage0_L2_1
I0923 17:58:24.298623 2175012 net.cpp:131] Top shape: 1 96 2 2 (384)
I0923 17:58:24.298625 2175012 net.cpp:139] Memory required for data: 641024
I0923 17:58:24.298627 2175012 layer_factory.hpp:77] Creating layer Mprelu2_stage0_L2_1
I0923 17:58:24.298629 2175012 net.cpp:86] Creating Layer Mprelu2_stage0_L2_1
I0923 17:58:24.298631 2175012 net.cpp:408] Mprelu2_stage0_L2_1 <- Mconv2_stage0_L2_1
I0923 17:58:24.298633 2175012 net.cpp:369] Mprelu2_stage0_L2_1 -> Mconv2_stage0_L2_1 (in-place)
I0923 17:58:24.298650 2175012 net.cpp:124] Setting up Mprelu2_stage0_L2_1
I0923 17:58:24.298651 2175012 net.cpp:131] Top shape: 1 96 2 2 (384)
I0923 17:58:24.298652 2175012 net.cpp:139] Memory required for data: 642560
I0923 17:58:24.298653 2175012 layer_factory.hpp:77] Creating layer Mconv2_stage0_L2_1_Mprelu2_stage0_L2_1_0_split
I0923 17:58:24.298655 2175012 net.cpp:86] Creating Layer Mconv2_stage0_L2_1_Mprelu2_stage0_L2_1_0_split
I0923 17:58:24.298656 2175012 net.cpp:408] Mconv2_stage0_L2_1_Mprelu2_stage0_L2_1_0_split <- Mconv2_stage0_L2_1
I0923 17:58:24.298657 2175012 net.cpp:382] Mconv2_stage0_L2_1_Mprelu2_stage0_L2_1_0_split -> Mconv2_stage0_L2_1_Mprelu2_stage0_L2_1_0_split_0
I0923 17:58:24.298660 2175012 net.cpp:382] Mconv2_stage0_L2_1_Mprelu2_stage0_L2_1_0_split -> Mconv2_stage0_L2_1_Mprelu2_stage0_L2_1_0_split_1
I0923 17:58:24.298666 2175012 net.cpp:124] Setting up Mconv2_stage0_L2_1_Mprelu2_stage0_L2_1_0_split
I0923 17:58:24.298666 2175012 net.cpp:131] Top shape: 1 96 2 2 (384)
I0923 17:58:24.298668 2175012 net.cpp:131] Top shape: 1 96 2 2 (384)
I0923 17:58:24.298669 2175012 net.cpp:139] Memory required for data: 645632
I0923 17:58:24.298671 2175012 layer_factory.hpp:77] Creating layer Mconv2_stage0_L2_2
I0923 17:58:24.298672 2175012 net.cpp:86] Creating Layer Mconv2_stage0_L2_2
I0923 17:58:24.298673 2175012 net.cpp:408] Mconv2_stage0_L2_2 <- Mconv2_stage0_L2_1_Mprelu2_stage0_L2_1_0_split_0
I0923 17:58:24.298676 2175012 net.cpp:382] Mconv2_stage0_L2_2 -> Mconv2_stage0_L2_2
I0923 17:58:24.309523 2175012 net.cpp:124] Setting up Mconv2_stage0_L2_2
I0923 17:58:24.309528 2175012 net.cpp:131] Top shape: 1 96 2 2 (384)
I0923 17:58:24.309530 2175012 net.cpp:139] Memory required for data: 647168
I0923 17:58:24.309532 2175012 layer_factory.hpp:77] Creating layer Mprelu2_stage0_L2_2
I0923 17:58:24.309535 2175012 net.cpp:86] Creating Layer Mprelu2_stage0_L2_2
I0923 17:58:24.309535 2175012 net.cpp:408] Mprelu2_stage0_L2_2 <- Mconv2_stage0_L2_2
I0923 17:58:24.309537 2175012 net.cpp:369] Mprelu2_stage0_L2_2 -> Mconv2_stage0_L2_2 (in-place)
I0923 17:58:24.309556 2175012 net.cpp:124] Setting up Mprelu2_stage0_L2_2
I0923 17:58:24.309557 2175012 net.cpp:131] Top shape: 1 96 2 2 (384)
I0923 17:58:24.309558 2175012 net.cpp:139] Memory required for data: 648704
I0923 17:58:24.309559 2175012 layer_factory.hpp:77] Creating layer Mconv2_stage0_L2_concat
I0923 17:58:24.309561 2175012 net.cpp:86] Creating Layer Mconv2_stage0_L2_concat
I0923 17:58:24.309562 2175012 net.cpp:408] Mconv2_stage0_L2_concat <- Mconv2_stage0_L2_0_Mprelu2_stage0_L2_0_0_split_1
I0923 17:58:24.309564 2175012 net.cpp:408] Mconv2_stage0_L2_concat <- Mconv2_stage0_L2_1_Mprelu2_stage0_L2_1_0_split_1
I0923 17:58:24.309566 2175012 net.cpp:408] Mconv2_stage0_L2_concat <- Mconv2_stage0_L2_2
I0923 17:58:24.309566 2175012 net.cpp:382] Mconv2_stage0_L2_concat -> Mconv2_stage0_L2_concat
I0923 17:58:24.309571 2175012 net.cpp:124] Setting up Mconv2_stage0_L2_concat
I0923 17:58:24.309572 2175012 net.cpp:131] Top shape: 1 288 2 2 (1152)
I0923 17:58:24.309573 2175012 net.cpp:139] Memory required for data: 653312
I0923 17:58:24.309574 2175012 layer_factory.hpp:77] Creating layer Mconv3_stage0_L2_0
I0923 17:58:24.309577 2175012 net.cpp:86] Creating Layer Mconv3_stage0_L2_0
I0923 17:58:24.309578 2175012 net.cpp:408] Mconv3_stage0_L2_0 <- Mconv2_stage0_L2_concat
I0923 17:58:24.309579 2175012 net.cpp:382] Mconv3_stage0_L2_0 -> Mconv3_stage0_L2_0
I0923 17:58:24.317490 2175012 net.cpp:124] Setting up Mconv3_stage0_L2_0
I0923 17:58:24.317495 2175012 net.cpp:131] Top shape: 1 96 2 2 (384)
I0923 17:58:24.317497 2175012 net.cpp:139] Memory required for data: 654848
I0923 17:58:24.317499 2175012 layer_factory.hpp:77] Creating layer Mprelu3_stage0_L2_0
I0923 17:58:24.317502 2175012 net.cpp:86] Creating Layer Mprelu3_stage0_L2_0
I0923 17:58:24.317503 2175012 net.cpp:408] Mprelu3_stage0_L2_0 <- Mconv3_stage0_L2_0
I0923 17:58:24.317505 2175012 net.cpp:369] Mprelu3_stage0_L2_0 -> Mconv3_stage0_L2_0 (in-place)
I0923 17:58:24.317523 2175012 net.cpp:124] Setting up Mprelu3_stage0_L2_0
I0923 17:58:24.317525 2175012 net.cpp:131] Top shape: 1 96 2 2 (384)
I0923 17:58:24.317526 2175012 net.cpp:139] Memory required for data: 656384
I0923 17:58:24.317528 2175012 layer_factory.hpp:77] Creating layer Mconv3_stage0_L2_0_Mprelu3_stage0_L2_0_0_split
I0923 17:58:24.317529 2175012 net.cpp:86] Creating Layer Mconv3_stage0_L2_0_Mprelu3_stage0_L2_0_0_split
I0923 17:58:24.317530 2175012 net.cpp:408] Mconv3_stage0_L2_0_Mprelu3_stage0_L2_0_0_split <- Mconv3_stage0_L2_0
I0923 17:58:24.317531 2175012 net.cpp:382] Mconv3_stage0_L2_0_Mprelu3_stage0_L2_0_0_split -> Mconv3_stage0_L2_0_Mprelu3_stage0_L2_0_0_split_0
I0923 17:58:24.317533 2175012 net.cpp:382] Mconv3_stage0_L2_0_Mprelu3_stage0_L2_0_0_split -> Mconv3_stage0_L2_0_Mprelu3_stage0_L2_0_0_split_1
I0923 17:58:24.317539 2175012 net.cpp:124] Setting up Mconv3_stage0_L2_0_Mprelu3_stage0_L2_0_0_split
I0923 17:58:24.317540 2175012 net.cpp:131] Top shape: 1 96 2 2 (384)
I0923 17:58:24.317541 2175012 net.cpp:131] Top shape: 1 96 2 2 (384)
I0923 17:58:24.317543 2175012 net.cpp:139] Memory required for data: 659456
I0923 17:58:24.317543 2175012 layer_factory.hpp:77] Creating layer Mconv3_stage0_L2_1
I0923 17:58:24.317545 2175012 net.cpp:86] Creating Layer Mconv3_stage0_L2_1
I0923 17:58:24.317548 2175012 net.cpp:408] Mconv3_stage0_L2_1 <- Mconv3_stage0_L2_0_Mprelu3_stage0_L2_0_0_split_0
I0923 17:58:24.317548 2175012 net.cpp:382] Mconv3_stage0_L2_1 -> Mconv3_stage0_L2_1
I0923 17:58:24.325593 2175012 net.cpp:124] Setting up Mconv3_stage0_L2_1
I0923 17:58:24.325598 2175012 net.cpp:131] Top shape: 1 96 2 2 (384)
I0923 17:58:24.325599 2175012 net.cpp:139] Memory required for data: 660992
I0923 17:58:24.325601 2175012 layer_factory.hpp:77] Creating layer Mprelu3_stage0_L2_1
I0923 17:58:24.325604 2175012 net.cpp:86] Creating Layer Mprelu3_stage0_L2_1
I0923 17:58:24.325605 2175012 net.cpp:408] Mprelu3_stage0_L2_1 <- Mconv3_stage0_L2_1
I0923 17:58:24.325608 2175012 net.cpp:369] Mprelu3_stage0_L2_1 -> Mconv3_stage0_L2_1 (in-place)
I0923 17:58:24.325625 2175012 net.cpp:124] Setting up Mprelu3_stage0_L2_1
I0923 17:58:24.325627 2175012 net.cpp:131] Top shape: 1 96 2 2 (384)
I0923 17:58:24.325628 2175012 net.cpp:139] Memory required for data: 662528
I0923 17:58:24.325629 2175012 layer_factory.hpp:77] Creating layer Mconv3_stage0_L2_1_Mprelu3_stage0_L2_1_0_split
I0923 17:58:24.325631 2175012 net.cpp:86] Creating Layer Mconv3_stage0_L2_1_Mprelu3_stage0_L2_1_0_split
I0923 17:58:24.325632 2175012 net.cpp:408] Mconv3_stage0_L2_1_Mprelu3_stage0_L2_1_0_split <- Mconv3_stage0_L2_1
I0923 17:58:24.325634 2175012 net.cpp:382] Mconv3_stage0_L2_1_Mprelu3_stage0_L2_1_0_split -> Mconv3_stage0_L2_1_Mprelu3_stage0_L2_1_0_split_0
I0923 17:58:24.325635 2175012 net.cpp:382] Mconv3_stage0_L2_1_Mprelu3_stage0_L2_1_0_split -> Mconv3_stage0_L2_1_Mprelu3_stage0_L2_1_0_split_1
I0923 17:58:24.325641 2175012 net.cpp:124] Setting up Mconv3_stage0_L2_1_Mprelu3_stage0_L2_1_0_split
I0923 17:58:24.325642 2175012 net.cpp:131] Top shape: 1 96 2 2 (384)
I0923 17:58:24.325644 2175012 net.cpp:131] Top shape: 1 96 2 2 (384)
I0923 17:58:24.325645 2175012 net.cpp:139] Memory required for data: 665600
I0923 17:58:24.325645 2175012 layer_factory.hpp:77] Creating layer Mconv3_stage0_L2_2
I0923 17:58:24.325649 2175012 net.cpp:86] Creating Layer Mconv3_stage0_L2_2
I0923 17:58:24.325649 2175012 net.cpp:408] Mconv3_stage0_L2_2 <- Mconv3_stage0_L2_1_Mprelu3_stage0_L2_1_0_split_0
I0923 17:58:24.325651 2175012 net.cpp:382] Mconv3_stage0_L2_2 -> Mconv3_stage0_L2_2
I0923 17:58:24.333498 2175012 net.cpp:124] Setting up Mconv3_stage0_L2_2
I0923 17:58:24.333501 2175012 net.cpp:131] Top shape: 1 96 2 2 (384)
I0923 17:58:24.333503 2175012 net.cpp:139] Memory required for data: 667136
I0923 17:58:24.333505 2175012 layer_factory.hpp:77] Creating layer Mprelu3_stage0_L2_2
I0923 17:58:24.333508 2175012 net.cpp:86] Creating Layer Mprelu3_stage0_L2_2
I0923 17:58:24.333509 2175012 net.cpp:408] Mprelu3_stage0_L2_2 <- Mconv3_stage0_L2_2
I0923 17:58:24.333511 2175012 net.cpp:369] Mprelu3_stage0_L2_2 -> Mconv3_stage0_L2_2 (in-place)
I0923 17:58:24.333531 2175012 net.cpp:124] Setting up Mprelu3_stage0_L2_2
I0923 17:58:24.333532 2175012 net.cpp:131] Top shape: 1 96 2 2 (384)
I0923 17:58:24.333534 2175012 net.cpp:139] Memory required for data: 668672
I0923 17:58:24.333534 2175012 layer_factory.hpp:77] Creating layer Mconv3_stage0_L2_concat
I0923 17:58:24.333536 2175012 net.cpp:86] Creating Layer Mconv3_stage0_L2_concat
I0923 17:58:24.333537 2175012 net.cpp:408] Mconv3_stage0_L2_concat <- Mconv3_stage0_L2_0_Mprelu3_stage0_L2_0_0_split_1
I0923 17:58:24.333539 2175012 net.cpp:408] Mconv3_stage0_L2_concat <- Mconv3_stage0_L2_1_Mprelu3_stage0_L2_1_0_split_1
I0923 17:58:24.333540 2175012 net.cpp:408] Mconv3_stage0_L2_concat <- Mconv3_stage0_L2_2
I0923 17:58:24.333541 2175012 net.cpp:382] Mconv3_stage0_L2_concat -> Mconv3_stage0_L2_concat
I0923 17:58:24.333546 2175012 net.cpp:124] Setting up Mconv3_stage0_L2_concat
I0923 17:58:24.333547 2175012 net.cpp:131] Top shape: 1 288 2 2 (1152)
I0923 17:58:24.333549 2175012 net.cpp:139] Memory required for data: 673280
I0923 17:58:24.333549 2175012 layer_factory.hpp:77] Creating layer Mconv4_stage0_L2_0
I0923 17:58:24.333552 2175012 net.cpp:86] Creating Layer Mconv4_stage0_L2_0
I0923 17:58:24.333554 2175012 net.cpp:408] Mconv4_stage0_L2_0 <- Mconv3_stage0_L2_concat
I0923 17:58:24.333554 2175012 net.cpp:382] Mconv4_stage0_L2_0 -> Mconv4_stage0_L2_0
I0923 17:58:24.342132 2175012 net.cpp:124] Setting up Mconv4_stage0_L2_0
I0923 17:58:24.342136 2175012 net.cpp:131] Top shape: 1 96 2 2 (384)
I0923 17:58:24.342139 2175012 net.cpp:139] Memory required for data: 674816
I0923 17:58:24.342140 2175012 layer_factory.hpp:77] Creating layer Mprelu4_stage0_L2_0
I0923 17:58:24.342142 2175012 net.cpp:86] Creating Layer Mprelu4_stage0_L2_0
I0923 17:58:24.342144 2175012 net.cpp:408] Mprelu4_stage0_L2_0 <- Mconv4_stage0_L2_0
I0923 17:58:24.342146 2175012 net.cpp:369] Mprelu4_stage0_L2_0 -> Mconv4_stage0_L2_0 (in-place)
I0923 17:58:24.342170 2175012 net.cpp:124] Setting up Mprelu4_stage0_L2_0
I0923 17:58:24.342171 2175012 net.cpp:131] Top shape: 1 96 2 2 (384)
I0923 17:58:24.342172 2175012 net.cpp:139] Memory required for data: 676352
I0923 17:58:24.342173 2175012 layer_factory.hpp:77] Creating layer Mconv4_stage0_L2_0_Mprelu4_stage0_L2_0_0_split
I0923 17:58:24.342175 2175012 net.cpp:86] Creating Layer Mconv4_stage0_L2_0_Mprelu4_stage0_L2_0_0_split
I0923 17:58:24.342177 2175012 net.cpp:408] Mconv4_stage0_L2_0_Mprelu4_stage0_L2_0_0_split <- Mconv4_stage0_L2_0
I0923 17:58:24.342178 2175012 net.cpp:382] Mconv4_stage0_L2_0_Mprelu4_stage0_L2_0_0_split -> Mconv4_stage0_L2_0_Mprelu4_stage0_L2_0_0_split_0
I0923 17:58:24.342180 2175012 net.cpp:382] Mconv4_stage0_L2_0_Mprelu4_stage0_L2_0_0_split -> Mconv4_stage0_L2_0_Mprelu4_stage0_L2_0_0_split_1
I0923 17:58:24.342186 2175012 net.cpp:124] Setting up Mconv4_stage0_L2_0_Mprelu4_stage0_L2_0_0_split
I0923 17:58:24.342187 2175012 net.cpp:131] Top shape: 1 96 2 2 (384)
I0923 17:58:24.342188 2175012 net.cpp:131] Top shape: 1 96 2 2 (384)
I0923 17:58:24.342190 2175012 net.cpp:139] Memory required for data: 679424
I0923 17:58:24.342190 2175012 layer_factory.hpp:77] Creating layer Mconv4_stage0_L2_1
I0923 17:58:24.342193 2175012 net.cpp:86] Creating Layer Mconv4_stage0_L2_1
I0923 17:58:24.342195 2175012 net.cpp:408] Mconv4_stage0_L2_1 <- Mconv4_stage0_L2_0_Mprelu4_stage0_L2_0_0_split_0
I0923 17:58:24.342195 2175012 net.cpp:382] Mconv4_stage0_L2_1 -> Mconv4_stage0_L2_1
I0923 17:58:24.350042 2175012 net.cpp:124] Setting up Mconv4_stage0_L2_1
I0923 17:58:24.350046 2175012 net.cpp:131] Top shape: 1 96 2 2 (384)
I0923 17:58:24.350049 2175012 net.cpp:139] Memory required for data: 680960
I0923 17:58:24.350050 2175012 layer_factory.hpp:77] Creating layer Mprelu4_stage0_L2_1
I0923 17:58:24.350054 2175012 net.cpp:86] Creating Layer Mprelu4_stage0_L2_1
I0923 17:58:24.350054 2175012 net.cpp:408] Mprelu4_stage0_L2_1 <- Mconv4_stage0_L2_1
I0923 17:58:24.350056 2175012 net.cpp:369] Mprelu4_stage0_L2_1 -> Mconv4_stage0_L2_1 (in-place)
I0923 17:58:24.350075 2175012 net.cpp:124] Setting up Mprelu4_stage0_L2_1
I0923 17:58:24.350076 2175012 net.cpp:131] Top shape: 1 96 2 2 (384)
I0923 17:58:24.350077 2175012 net.cpp:139] Memory required for data: 682496
I0923 17:58:24.350080 2175012 layer_factory.hpp:77] Creating layer Mconv4_stage0_L2_1_Mprelu4_stage0_L2_1_0_split
I0923 17:58:24.350080 2175012 net.cpp:86] Creating Layer Mconv4_stage0_L2_1_Mprelu4_stage0_L2_1_0_split
I0923 17:58:24.350081 2175012 net.cpp:408] Mconv4_stage0_L2_1_Mprelu4_stage0_L2_1_0_split <- Mconv4_stage0_L2_1
I0923 17:58:24.350083 2175012 net.cpp:382] Mconv4_stage0_L2_1_Mprelu4_stage0_L2_1_0_split -> Mconv4_stage0_L2_1_Mprelu4_stage0_L2_1_0_split_0
I0923 17:58:24.350085 2175012 net.cpp:382] Mconv4_stage0_L2_1_Mprelu4_stage0_L2_1_0_split -> Mconv4_stage0_L2_1_Mprelu4_stage0_L2_1_0_split_1
I0923 17:58:24.350091 2175012 net.cpp:124] Setting up Mconv4_stage0_L2_1_Mprelu4_stage0_L2_1_0_split
I0923 17:58:24.350092 2175012 net.cpp:131] Top shape: 1 96 2 2 (384)
I0923 17:58:24.350093 2175012 net.cpp:131] Top shape: 1 96 2 2 (384)
I0923 17:58:24.350095 2175012 net.cpp:139] Memory required for data: 685568
I0923 17:58:24.350095 2175012 layer_factory.hpp:77] Creating layer Mconv4_stage0_L2_2
I0923 17:58:24.350097 2175012 net.cpp:86] Creating Layer Mconv4_stage0_L2_2
I0923 17:58:24.350099 2175012 net.cpp:408] Mconv4_stage0_L2_2 <- Mconv4_stage0_L2_1_Mprelu4_stage0_L2_1_0_split_0
I0923 17:58:24.350100 2175012 net.cpp:382] Mconv4_stage0_L2_2 -> Mconv4_stage0_L2_2
I0923 17:58:24.358126 2175012 net.cpp:124] Setting up Mconv4_stage0_L2_2
I0923 17:58:24.358130 2175012 net.cpp:131] Top shape: 1 96 2 2 (384)
I0923 17:58:24.358132 2175012 net.cpp:139] Memory required for data: 687104
I0923 17:58:24.358134 2175012 layer_factory.hpp:77] Creating layer Mprelu4_stage0_L2_2
I0923 17:58:24.358137 2175012 net.cpp:86] Creating Layer Mprelu4_stage0_L2_2
I0923 17:58:24.358139 2175012 net.cpp:408] Mprelu4_stage0_L2_2 <- Mconv4_stage0_L2_2
I0923 17:58:24.358140 2175012 net.cpp:369] Mprelu4_stage0_L2_2 -> Mconv4_stage0_L2_2 (in-place)
I0923 17:58:24.358165 2175012 net.cpp:124] Setting up Mprelu4_stage0_L2_2
I0923 17:58:24.358166 2175012 net.cpp:131] Top shape: 1 96 2 2 (384)
I0923 17:58:24.358167 2175012 net.cpp:139] Memory required for data: 688640
I0923 17:58:24.358168 2175012 layer_factory.hpp:77] Creating layer Mconv4_stage0_L2_concat
I0923 17:58:24.358171 2175012 net.cpp:86] Creating Layer Mconv4_stage0_L2_concat
I0923 17:58:24.358172 2175012 net.cpp:408] Mconv4_stage0_L2_concat <- Mconv4_stage0_L2_0_Mprelu4_stage0_L2_0_0_split_1
I0923 17:58:24.358173 2175012 net.cpp:408] Mconv4_stage0_L2_concat <- Mconv4_stage0_L2_1_Mprelu4_stage0_L2_1_0_split_1
I0923 17:58:24.358174 2175012 net.cpp:408] Mconv4_stage0_L2_concat <- Mconv4_stage0_L2_2
I0923 17:58:24.358176 2175012 net.cpp:382] Mconv4_stage0_L2_concat -> Mconv4_stage0_L2_concat
I0923 17:58:24.358181 2175012 net.cpp:124] Setting up Mconv4_stage0_L2_concat
I0923 17:58:24.358182 2175012 net.cpp:131] Top shape: 1 288 2 2 (1152)
I0923 17:58:24.358184 2175012 net.cpp:139] Memory required for data: 693248
I0923 17:58:24.358186 2175012 layer_factory.hpp:77] Creating layer Mconv5_stage0_L2_0
I0923 17:58:24.358187 2175012 net.cpp:86] Creating Layer Mconv5_stage0_L2_0
I0923 17:58:24.358188 2175012 net.cpp:408] Mconv5_stage0_L2_0 <- Mconv4_stage0_L2_concat
I0923 17:58:24.358191 2175012 net.cpp:382] Mconv5_stage0_L2_0 -> Mconv5_stage0_L2_0
I0923 17:58:24.367580 2175012 net.cpp:124] Setting up Mconv5_stage0_L2_0
I0923 17:58:24.367585 2175012 net.cpp:131] Top shape: 1 96 2 2 (384)
I0923 17:58:24.367586 2175012 net.cpp:139] Memory required for data: 694784
I0923 17:58:24.367590 2175012 layer_factory.hpp:77] Creating layer Mprelu5_stage0_L2_0
I0923 17:58:24.367592 2175012 net.cpp:86] Creating Layer Mprelu5_stage0_L2_0
I0923 17:58:24.367594 2175012 net.cpp:408] Mprelu5_stage0_L2_0 <- Mconv5_stage0_L2_0
I0923 17:58:24.367596 2175012 net.cpp:369] Mprelu5_stage0_L2_0 -> Mconv5_stage0_L2_0 (in-place)
I0923 17:58:24.367615 2175012 net.cpp:124] Setting up Mprelu5_stage0_L2_0
I0923 17:58:24.367616 2175012 net.cpp:131] Top shape: 1 96 2 2 (384)
I0923 17:58:24.367617 2175012 net.cpp:139] Memory required for data: 696320
I0923 17:58:24.367619 2175012 layer_factory.hpp:77] Creating layer Mconv5_stage0_L2_0_Mprelu5_stage0_L2_0_0_split
I0923 17:58:24.367620 2175012 net.cpp:86] Creating Layer Mconv5_stage0_L2_0_Mprelu5_stage0_L2_0_0_split
I0923 17:58:24.367621 2175012 net.cpp:408] Mconv5_stage0_L2_0_Mprelu5_stage0_L2_0_0_split <- Mconv5_stage0_L2_0
I0923 17:58:24.367623 2175012 net.cpp:382] Mconv5_stage0_L2_0_Mprelu5_stage0_L2_0_0_split -> Mconv5_stage0_L2_0_Mprelu5_stage0_L2_0_0_split_0
I0923 17:58:24.367625 2175012 net.cpp:382] Mconv5_stage0_L2_0_Mprelu5_stage0_L2_0_0_split -> Mconv5_stage0_L2_0_Mprelu5_stage0_L2_0_0_split_1
I0923 17:58:24.367631 2175012 net.cpp:124] Setting up Mconv5_stage0_L2_0_Mprelu5_stage0_L2_0_0_split
I0923 17:58:24.367632 2175012 net.cpp:131] Top shape: 1 96 2 2 (384)
I0923 17:58:24.367633 2175012 net.cpp:131] Top shape: 1 96 2 2 (384)
I0923 17:58:24.367635 2175012 net.cpp:139] Memory required for data: 699392
I0923 17:58:24.367635 2175012 layer_factory.hpp:77] Creating layer Mconv5_stage0_L2_1
I0923 17:58:24.367638 2175012 net.cpp:86] Creating Layer Mconv5_stage0_L2_1
I0923 17:58:24.367640 2175012 net.cpp:408] Mconv5_stage0_L2_1 <- Mconv5_stage0_L2_0_Mprelu5_stage0_L2_0_0_split_0
I0923 17:58:24.367641 2175012 net.cpp:382] Mconv5_stage0_L2_1 -> Mconv5_stage0_L2_1
I0923 17:58:24.375610 2175012 net.cpp:124] Setting up Mconv5_stage0_L2_1
I0923 17:58:24.375614 2175012 net.cpp:131] Top shape: 1 96 2 2 (384)
I0923 17:58:24.375617 2175012 net.cpp:139] Memory required for data: 700928
I0923 17:58:24.375618 2175012 layer_factory.hpp:77] Creating layer Mprelu5_stage0_L2_1
I0923 17:58:24.375620 2175012 net.cpp:86] Creating Layer Mprelu5_stage0_L2_1
I0923 17:58:24.375622 2175012 net.cpp:408] Mprelu5_stage0_L2_1 <- Mconv5_stage0_L2_1
I0923 17:58:24.375624 2175012 net.cpp:369] Mprelu5_stage0_L2_1 -> Mconv5_stage0_L2_1 (in-place)
I0923 17:58:24.375643 2175012 net.cpp:124] Setting up Mprelu5_stage0_L2_1
I0923 17:58:24.375643 2175012 net.cpp:131] Top shape: 1 96 2 2 (384)
I0923 17:58:24.375645 2175012 net.cpp:139] Memory required for data: 702464
I0923 17:58:24.375646 2175012 layer_factory.hpp:77] Creating layer Mconv5_stage0_L2_1_Mprelu5_stage0_L2_1_0_split
I0923 17:58:24.375648 2175012 net.cpp:86] Creating Layer Mconv5_stage0_L2_1_Mprelu5_stage0_L2_1_0_split
I0923 17:58:24.375649 2175012 net.cpp:408] Mconv5_stage0_L2_1_Mprelu5_stage0_L2_1_0_split <- Mconv5_stage0_L2_1
I0923 17:58:24.375650 2175012 net.cpp:382] Mconv5_stage0_L2_1_Mprelu5_stage0_L2_1_0_split -> Mconv5_stage0_L2_1_Mprelu5_stage0_L2_1_0_split_0
I0923 17:58:24.375653 2175012 net.cpp:382] Mconv5_stage0_L2_1_Mprelu5_stage0_L2_1_0_split -> Mconv5_stage0_L2_1_Mprelu5_stage0_L2_1_0_split_1
I0923 17:58:24.375658 2175012 net.cpp:124] Setting up Mconv5_stage0_L2_1_Mprelu5_stage0_L2_1_0_split
I0923 17:58:24.375659 2175012 net.cpp:131] Top shape: 1 96 2 2 (384)
I0923 17:58:24.375660 2175012 net.cpp:131] Top shape: 1 96 2 2 (384)
I0923 17:58:24.375662 2175012 net.cpp:139] Memory required for data: 705536
I0923 17:58:24.375663 2175012 layer_factory.hpp:77] Creating layer Mconv5_stage0_L2_2
I0923 17:58:24.375665 2175012 net.cpp:86] Creating Layer Mconv5_stage0_L2_2
I0923 17:58:24.375666 2175012 net.cpp:408] Mconv5_stage0_L2_2 <- Mconv5_stage0_L2_1_Mprelu5_stage0_L2_1_0_split_0
I0923 17:58:24.375669 2175012 net.cpp:382] Mconv5_stage0_L2_2 -> Mconv5_stage0_L2_2
I0923 17:58:24.383235 2175012 net.cpp:124] Setting up Mconv5_stage0_L2_2
I0923 17:58:24.383239 2175012 net.cpp:131] Top shape: 1 96 2 2 (384)
I0923 17:58:24.383241 2175012 net.cpp:139] Memory required for data: 707072
I0923 17:58:24.383244 2175012 layer_factory.hpp:77] Creating layer Mprelu5_stage0_L2_2
I0923 17:58:24.383246 2175012 net.cpp:86] Creating Layer Mprelu5_stage0_L2_2
I0923 17:58:24.383247 2175012 net.cpp:408] Mprelu5_stage0_L2_2 <- Mconv5_stage0_L2_2
I0923 17:58:24.383249 2175012 net.cpp:369] Mprelu5_stage0_L2_2 -> Mconv5_stage0_L2_2 (in-place)
I0923 17:58:24.383268 2175012 net.cpp:124] Setting up Mprelu5_stage0_L2_2
I0923 17:58:24.383270 2175012 net.cpp:131] Top shape: 1 96 2 2 (384)
I0923 17:58:24.383271 2175012 net.cpp:139] Memory required for data: 708608
I0923 17:58:24.383272 2175012 layer_factory.hpp:77] Creating layer Mconv5_stage0_L2_concat
I0923 17:58:24.383273 2175012 net.cpp:86] Creating Layer Mconv5_stage0_L2_concat
I0923 17:58:24.383275 2175012 net.cpp:408] Mconv5_stage0_L2_concat <- Mconv5_stage0_L2_0_Mprelu5_stage0_L2_0_0_split_1
I0923 17:58:24.383276 2175012 net.cpp:408] Mconv5_stage0_L2_concat <- Mconv5_stage0_L2_1_Mprelu5_stage0_L2_1_0_split_1
I0923 17:58:24.383277 2175012 net.cpp:408] Mconv5_stage0_L2_concat <- Mconv5_stage0_L2_2
I0923 17:58:24.383279 2175012 net.cpp:382] Mconv5_stage0_L2_concat -> Mconv5_stage0_L2_concat
I0923 17:58:24.383283 2175012 net.cpp:124] Setting up Mconv5_stage0_L2_concat
I0923 17:58:24.383284 2175012 net.cpp:131] Top shape: 1 288 2 2 (1152)
I0923 17:58:24.383286 2175012 net.cpp:139] Memory required for data: 713216
I0923 17:58:24.383286 2175012 layer_factory.hpp:77] Creating layer Mconv6_stage0_L2
I0923 17:58:24.383289 2175012 net.cpp:86] Creating Layer Mconv6_stage0_L2
I0923 17:58:24.383291 2175012 net.cpp:408] Mconv6_stage0_L2 <- Mconv5_stage0_L2_concat
I0923 17:58:24.383291 2175012 net.cpp:382] Mconv6_stage0_L2 -> Mconv6_stage0_L2
I0923 17:58:24.399621 2175012 net.cpp:124] Setting up Mconv6_stage0_L2
I0923 17:58:24.399631 2175012 net.cpp:131] Top shape: 1 256 2 2 (1024)
I0923 17:58:24.399634 2175012 net.cpp:139] Memory required for data: 717312
I0923 17:58:24.399637 2175012 layer_factory.hpp:77] Creating layer Mprelu6_stage0_L2
I0923 17:58:24.399642 2175012 net.cpp:86] Creating Layer Mprelu6_stage0_L2
I0923 17:58:24.399644 2175012 net.cpp:408] Mprelu6_stage0_L2 <- Mconv6_stage0_L2
I0923 17:58:24.399646 2175012 net.cpp:369] Mprelu6_stage0_L2 -> Mconv6_stage0_L2 (in-place)
I0923 17:58:24.399677 2175012 net.cpp:124] Setting up Mprelu6_stage0_L2
I0923 17:58:24.399677 2175012 net.cpp:131] Top shape: 1 256 2 2 (1024)
I0923 17:58:24.399678 2175012 net.cpp:139] Memory required for data: 721408
I0923 17:58:24.399680 2175012 layer_factory.hpp:77] Creating layer Mconv7_stage0_L2
I0923 17:58:24.399683 2175012 net.cpp:86] Creating Layer Mconv7_stage0_L2
I0923 17:58:24.399684 2175012 net.cpp:408] Mconv7_stage0_L2 <- Mconv6_stage0_L2
I0923 17:58:24.399685 2175012 net.cpp:382] Mconv7_stage0_L2 -> Mconv7_stage0_L2
I0923 17:58:24.409549 2175012 net.cpp:124] Setting up Mconv7_stage0_L2
I0923 17:58:24.409554 2175012 net.cpp:131] Top shape: 1 52 2 2 (208)
I0923 17:58:24.409556 2175012 net.cpp:139] Memory required for data: 722240
I0923 17:58:24.409559 2175012 layer_factory.hpp:77] Creating layer concat_stage1_L2
I0923 17:58:24.409561 2175012 net.cpp:86] Creating Layer concat_stage1_L2
I0923 17:58:24.409564 2175012 net.cpp:408] concat_stage1_L2 <- conv4_4_CPM_prelu4_4_CPM_0_split_1
I0923 17:58:24.409565 2175012 net.cpp:408] concat_stage1_L2 <- Mconv7_stage0_L2
I0923 17:58:24.409567 2175012 net.cpp:382] concat_stage1_L2 -> concat_stage1_L2
I0923 17:58:24.409577 2175012 net.cpp:124] Setting up concat_stage1_L2
I0923 17:58:24.409578 2175012 net.cpp:131] Top shape: 1 180 2 2 (720)
I0923 17:58:24.409580 2175012 net.cpp:139] Memory required for data: 725120
I0923 17:58:24.409580 2175012 layer_factory.hpp:77] Creating layer Mconv1_stage1_L2_0
I0923 17:58:24.409583 2175012 net.cpp:86] Creating Layer Mconv1_stage1_L2_0
I0923 17:58:24.409584 2175012 net.cpp:408] Mconv1_stage1_L2_0 <- concat_stage1_L2
I0923 17:58:24.409586 2175012 net.cpp:382] Mconv1_stage1_L2_0 -> Mconv1_stage1_L2_0
I0923 17:58:24.418182 2175012 net.cpp:124] Setting up Mconv1_stage1_L2_0
I0923 17:58:24.418187 2175012 net.cpp:131] Top shape: 1 128 2 2 (512)
I0923 17:58:24.418190 2175012 net.cpp:139] Memory required for data: 727168
I0923 17:58:24.418191 2175012 layer_factory.hpp:77] Creating layer Mprelu1_stage1_L2_0
I0923 17:58:24.418195 2175012 net.cpp:86] Creating Layer Mprelu1_stage1_L2_0
I0923 17:58:24.418195 2175012 net.cpp:408] Mprelu1_stage1_L2_0 <- Mconv1_stage1_L2_0
I0923 17:58:24.418197 2175012 net.cpp:369] Mprelu1_stage1_L2_0 -> Mconv1_stage1_L2_0 (in-place)
I0923 17:58:24.418216 2175012 net.cpp:124] Setting up Mprelu1_stage1_L2_0
I0923 17:58:24.418217 2175012 net.cpp:131] Top shape: 1 128 2 2 (512)
I0923 17:58:24.418218 2175012 net.cpp:139] Memory required for data: 729216
I0923 17:58:24.418219 2175012 layer_factory.hpp:77] Creating layer Mconv1_stage1_L2_0_Mprelu1_stage1_L2_0_0_split
I0923 17:58:24.418221 2175012 net.cpp:86] Creating Layer Mconv1_stage1_L2_0_Mprelu1_stage1_L2_0_0_split
I0923 17:58:24.418222 2175012 net.cpp:408] Mconv1_stage1_L2_0_Mprelu1_stage1_L2_0_0_split <- Mconv1_stage1_L2_0
I0923 17:58:24.418224 2175012 net.cpp:382] Mconv1_stage1_L2_0_Mprelu1_stage1_L2_0_0_split -> Mconv1_stage1_L2_0_Mprelu1_stage1_L2_0_0_split_0
I0923 17:58:24.418226 2175012 net.cpp:382] Mconv1_stage1_L2_0_Mprelu1_stage1_L2_0_0_split -> Mconv1_stage1_L2_0_Mprelu1_stage1_L2_0_0_split_1
I0923 17:58:24.418234 2175012 net.cpp:124] Setting up Mconv1_stage1_L2_0_Mprelu1_stage1_L2_0_0_split
I0923 17:58:24.418236 2175012 net.cpp:131] Top shape: 1 128 2 2 (512)
I0923 17:58:24.418236 2175012 net.cpp:131] Top shape: 1 128 2 2 (512)
I0923 17:58:24.418237 2175012 net.cpp:139] Memory required for data: 733312
I0923 17:58:24.418238 2175012 layer_factory.hpp:77] Creating layer Mconv1_stage1_L2_1
I0923 17:58:24.418241 2175012 net.cpp:86] Creating Layer Mconv1_stage1_L2_1
I0923 17:58:24.418241 2175012 net.cpp:408] Mconv1_stage1_L2_1 <- Mconv1_stage1_L2_0_Mprelu1_stage1_L2_0_0_split_0
I0923 17:58:24.418243 2175012 net.cpp:382] Mconv1_stage1_L2_1 -> Mconv1_stage1_L2_1
I0923 17:58:24.431025 2175012 net.cpp:124] Setting up Mconv1_stage1_L2_1
I0923 17:58:24.431030 2175012 net.cpp:131] Top shape: 1 128 2 2 (512)
I0923 17:58:24.431031 2175012 net.cpp:139] Memory required for data: 735360
I0923 17:58:24.431033 2175012 layer_factory.hpp:77] Creating layer Mprelu1_stage1_L2_1
I0923 17:58:24.431035 2175012 net.cpp:86] Creating Layer Mprelu1_stage1_L2_1
I0923 17:58:24.431037 2175012 net.cpp:408] Mprelu1_stage1_L2_1 <- Mconv1_stage1_L2_1
I0923 17:58:24.431039 2175012 net.cpp:369] Mprelu1_stage1_L2_1 -> Mconv1_stage1_L2_1 (in-place)
I0923 17:58:24.431066 2175012 net.cpp:124] Setting up Mprelu1_stage1_L2_1
I0923 17:58:24.431066 2175012 net.cpp:131] Top shape: 1 128 2 2 (512)
I0923 17:58:24.431067 2175012 net.cpp:139] Memory required for data: 737408
I0923 17:58:24.431068 2175012 layer_factory.hpp:77] Creating layer Mconv1_stage1_L2_1_Mprelu1_stage1_L2_1_0_split
I0923 17:58:24.431070 2175012 net.cpp:86] Creating Layer Mconv1_stage1_L2_1_Mprelu1_stage1_L2_1_0_split
I0923 17:58:24.431071 2175012 net.cpp:408] Mconv1_stage1_L2_1_Mprelu1_stage1_L2_1_0_split <- Mconv1_stage1_L2_1
I0923 17:58:24.431073 2175012 net.cpp:382] Mconv1_stage1_L2_1_Mprelu1_stage1_L2_1_0_split -> Mconv1_stage1_L2_1_Mprelu1_stage1_L2_1_0_split_0
I0923 17:58:24.431075 2175012 net.cpp:382] Mconv1_stage1_L2_1_Mprelu1_stage1_L2_1_0_split -> Mconv1_stage1_L2_1_Mprelu1_stage1_L2_1_0_split_1
I0923 17:58:24.431082 2175012 net.cpp:124] Setting up Mconv1_stage1_L2_1_Mprelu1_stage1_L2_1_0_split
I0923 17:58:24.431082 2175012 net.cpp:131] Top shape: 1 128 2 2 (512)
I0923 17:58:24.431084 2175012 net.cpp:131] Top shape: 1 128 2 2 (512)
I0923 17:58:24.431085 2175012 net.cpp:139] Memory required for data: 741504
I0923 17:58:24.431087 2175012 layer_factory.hpp:77] Creating layer Mconv1_stage1_L2_2
I0923 17:58:24.431088 2175012 net.cpp:86] Creating Layer Mconv1_stage1_L2_2
I0923 17:58:24.431089 2175012 net.cpp:408] Mconv1_stage1_L2_2 <- Mconv1_stage1_L2_1_Mprelu1_stage1_L2_1_0_split_0
I0923 17:58:24.431092 2175012 net.cpp:382] Mconv1_stage1_L2_2 -> Mconv1_stage1_L2_2
I0923 17:58:24.439113 2175012 net.cpp:124] Setting up Mconv1_stage1_L2_2
I0923 17:58:24.439122 2175012 net.cpp:131] Top shape: 1 128 2 2 (512)
I0923 17:58:24.439126 2175012 net.cpp:139] Memory required for data: 743552
I0923 17:58:24.439128 2175012 layer_factory.hpp:77] Creating layer Mprelu1_stage1_L2_2
I0923 17:58:24.439132 2175012 net.cpp:86] Creating Layer Mprelu1_stage1_L2_2
I0923 17:58:24.439136 2175012 net.cpp:408] Mprelu1_stage1_L2_2 <- Mconv1_stage1_L2_2
I0923 17:58:24.439137 2175012 net.cpp:369] Mprelu1_stage1_L2_2 -> Mconv1_stage1_L2_2 (in-place)
I0923 17:58:24.439162 2175012 net.cpp:124] Setting up Mprelu1_stage1_L2_2
I0923 17:58:24.439163 2175012 net.cpp:131] Top shape: 1 128 2 2 (512)
I0923 17:58:24.439164 2175012 net.cpp:139] Memory required for data: 745600
I0923 17:58:24.439165 2175012 layer_factory.hpp:77] Creating layer Mconv1_stage1_L2_concat
I0923 17:58:24.439168 2175012 net.cpp:86] Creating Layer Mconv1_stage1_L2_concat
I0923 17:58:24.439169 2175012 net.cpp:408] Mconv1_stage1_L2_concat <- Mconv1_stage1_L2_0_Mprelu1_stage1_L2_0_0_split_1
I0923 17:58:24.439172 2175012 net.cpp:408] Mconv1_stage1_L2_concat <- Mconv1_stage1_L2_1_Mprelu1_stage1_L2_1_0_split_1
I0923 17:58:24.439172 2175012 net.cpp:408] Mconv1_stage1_L2_concat <- Mconv1_stage1_L2_2
I0923 17:58:24.439174 2175012 net.cpp:382] Mconv1_stage1_L2_concat -> Mconv1_stage1_L2_concat
I0923 17:58:24.439179 2175012 net.cpp:124] Setting up Mconv1_stage1_L2_concat
I0923 17:58:24.439180 2175012 net.cpp:131] Top shape: 1 384 2 2 (1536)
I0923 17:58:24.439182 2175012 net.cpp:139] Memory required for data: 751744
I0923 17:58:24.439183 2175012 layer_factory.hpp:77] Creating layer Mconv2_stage1_L2_0
I0923 17:58:24.439186 2175012 net.cpp:86] Creating Layer Mconv2_stage1_L2_0
I0923 17:58:24.439188 2175012 net.cpp:408] Mconv2_stage1_L2_0 <- Mconv1_stage1_L2_concat
I0923 17:58:24.439190 2175012 net.cpp:382] Mconv2_stage1_L2_0 -> Mconv2_stage1_L2_0
I0923 17:58:24.448647 2175012 net.cpp:124] Setting up Mconv2_stage1_L2_0
I0923 17:58:24.448652 2175012 net.cpp:131] Top shape: 1 128 2 2 (512)
I0923 17:58:24.448653 2175012 net.cpp:139] Memory required for data: 753792
I0923 17:58:24.448655 2175012 layer_factory.hpp:77] Creating layer Mprelu2_stage1_L2_0
I0923 17:58:24.448657 2175012 net.cpp:86] Creating Layer Mprelu2_stage1_L2_0
I0923 17:58:24.448659 2175012 net.cpp:408] Mprelu2_stage1_L2_0 <- Mconv2_stage1_L2_0
I0923 17:58:24.448661 2175012 net.cpp:369] Mprelu2_stage1_L2_0 -> Mconv2_stage1_L2_0 (in-place)
I0923 17:58:24.448681 2175012 net.cpp:124] Setting up Mprelu2_stage1_L2_0
I0923 17:58:24.448683 2175012 net.cpp:131] Top shape: 1 128 2 2 (512)
I0923 17:58:24.448683 2175012 net.cpp:139] Memory required for data: 755840
I0923 17:58:24.448684 2175012 layer_factory.hpp:77] Creating layer Mconv2_stage1_L2_0_Mprelu2_stage1_L2_0_0_split
I0923 17:58:24.448686 2175012 net.cpp:86] Creating Layer Mconv2_stage1_L2_0_Mprelu2_stage1_L2_0_0_split
I0923 17:58:24.448688 2175012 net.cpp:408] Mconv2_stage1_L2_0_Mprelu2_stage1_L2_0_0_split <- Mconv2_stage1_L2_0
I0923 17:58:24.448689 2175012 net.cpp:382] Mconv2_stage1_L2_0_Mprelu2_stage1_L2_0_0_split -> Mconv2_stage1_L2_0_Mprelu2_stage1_L2_0_0_split_0
I0923 17:58:24.448691 2175012 net.cpp:382] Mconv2_stage1_L2_0_Mprelu2_stage1_L2_0_0_split -> Mconv2_stage1_L2_0_Mprelu2_stage1_L2_0_0_split_1
I0923 17:58:24.448698 2175012 net.cpp:124] Setting up Mconv2_stage1_L2_0_Mprelu2_stage1_L2_0_0_split
I0923 17:58:24.448699 2175012 net.cpp:131] Top shape: 1 128 2 2 (512)
I0923 17:58:24.448700 2175012 net.cpp:131] Top shape: 1 128 2 2 (512)
I0923 17:58:24.448701 2175012 net.cpp:139] Memory required for data: 759936
I0923 17:58:24.448702 2175012 layer_factory.hpp:77] Creating layer Mconv2_stage1_L2_1
I0923 17:58:24.448704 2175012 net.cpp:86] Creating Layer Mconv2_stage1_L2_1
I0923 17:58:24.448706 2175012 net.cpp:408] Mconv2_stage1_L2_1 <- Mconv2_stage1_L2_0_Mprelu2_stage1_L2_0_0_split_0
I0923 17:58:24.448707 2175012 net.cpp:382] Mconv2_stage1_L2_1 -> Mconv2_stage1_L2_1
I0923 17:58:24.457258 2175012 net.cpp:124] Setting up Mconv2_stage1_L2_1
I0923 17:58:24.457263 2175012 net.cpp:131] Top shape: 1 128 2 2 (512)
I0923 17:58:24.457264 2175012 net.cpp:139] Memory required for data: 761984
I0923 17:58:24.457266 2175012 layer_factory.hpp:77] Creating layer Mprelu2_stage1_L2_1
I0923 17:58:24.457269 2175012 net.cpp:86] Creating Layer Mprelu2_stage1_L2_1
I0923 17:58:24.457270 2175012 net.cpp:408] Mprelu2_stage1_L2_1 <- Mconv2_stage1_L2_1
I0923 17:58:24.457273 2175012 net.cpp:369] Mprelu2_stage1_L2_1 -> Mconv2_stage1_L2_1 (in-place)
I0923 17:58:24.457291 2175012 net.cpp:124] Setting up Mprelu2_stage1_L2_1
I0923 17:58:24.457293 2175012 net.cpp:131] Top shape: 1 128 2 2 (512)
I0923 17:58:24.457293 2175012 net.cpp:139] Memory required for data: 764032
I0923 17:58:24.457294 2175012 layer_factory.hpp:77] Creating layer Mconv2_stage1_L2_1_Mprelu2_stage1_L2_1_0_split
I0923 17:58:24.457296 2175012 net.cpp:86] Creating Layer Mconv2_stage1_L2_1_Mprelu2_stage1_L2_1_0_split
I0923 17:58:24.457297 2175012 net.cpp:408] Mconv2_stage1_L2_1_Mprelu2_stage1_L2_1_0_split <- Mconv2_stage1_L2_1
I0923 17:58:24.457298 2175012 net.cpp:382] Mconv2_stage1_L2_1_Mprelu2_stage1_L2_1_0_split -> Mconv2_stage1_L2_1_Mprelu2_stage1_L2_1_0_split_0
I0923 17:58:24.457301 2175012 net.cpp:382] Mconv2_stage1_L2_1_Mprelu2_stage1_L2_1_0_split -> Mconv2_stage1_L2_1_Mprelu2_stage1_L2_1_0_split_1
I0923 17:58:24.457307 2175012 net.cpp:124] Setting up Mconv2_stage1_L2_1_Mprelu2_stage1_L2_1_0_split
I0923 17:58:24.457309 2175012 net.cpp:131] Top shape: 1 128 2 2 (512)
I0923 17:58:24.457309 2175012 net.cpp:131] Top shape: 1 128 2 2 (512)
I0923 17:58:24.457310 2175012 net.cpp:139] Memory required for data: 768128
I0923 17:58:24.457311 2175012 layer_factory.hpp:77] Creating layer Mconv2_stage1_L2_2
I0923 17:58:24.457314 2175012 net.cpp:86] Creating Layer Mconv2_stage1_L2_2
I0923 17:58:24.457314 2175012 net.cpp:408] Mconv2_stage1_L2_2 <- Mconv2_stage1_L2_1_Mprelu2_stage1_L2_1_0_split_0
I0923 17:58:24.457316 2175012 net.cpp:382] Mconv2_stage1_L2_2 -> Mconv2_stage1_L2_2
I0923 17:58:24.465564 2175012 net.cpp:124] Setting up Mconv2_stage1_L2_2
I0923 17:58:24.465567 2175012 net.cpp:131] Top shape: 1 128 2 2 (512)
I0923 17:58:24.465569 2175012 net.cpp:139] Memory required for data: 770176
I0923 17:58:24.465571 2175012 layer_factory.hpp:77] Creating layer Mprelu2_stage1_L2_2
I0923 17:58:24.465574 2175012 net.cpp:86] Creating Layer Mprelu2_stage1_L2_2
I0923 17:58:24.465576 2175012 net.cpp:408] Mprelu2_stage1_L2_2 <- Mconv2_stage1_L2_2
I0923 17:58:24.465579 2175012 net.cpp:369] Mprelu2_stage1_L2_2 -> Mconv2_stage1_L2_2 (in-place)
I0923 17:58:24.465597 2175012 net.cpp:124] Setting up Mprelu2_stage1_L2_2
I0923 17:58:24.465598 2175012 net.cpp:131] Top shape: 1 128 2 2 (512)
I0923 17:58:24.465600 2175012 net.cpp:139] Memory required for data: 772224
I0923 17:58:24.465600 2175012 layer_factory.hpp:77] Creating layer Mconv2_stage1_L2_concat
I0923 17:58:24.465602 2175012 net.cpp:86] Creating Layer Mconv2_stage1_L2_concat
I0923 17:58:24.465603 2175012 net.cpp:408] Mconv2_stage1_L2_concat <- Mconv2_stage1_L2_0_Mprelu2_stage1_L2_0_0_split_1
I0923 17:58:24.465605 2175012 net.cpp:408] Mconv2_stage1_L2_concat <- Mconv2_stage1_L2_1_Mprelu2_stage1_L2_1_0_split_1
I0923 17:58:24.465606 2175012 net.cpp:408] Mconv2_stage1_L2_concat <- Mconv2_stage1_L2_2
I0923 17:58:24.465607 2175012 net.cpp:382] Mconv2_stage1_L2_concat -> Mconv2_stage1_L2_concat
I0923 17:58:24.465612 2175012 net.cpp:124] Setting up Mconv2_stage1_L2_concat
I0923 17:58:24.465613 2175012 net.cpp:131] Top shape: 1 384 2 2 (1536)
I0923 17:58:24.465615 2175012 net.cpp:139] Memory required for data: 778368
I0923 17:58:24.465615 2175012 layer_factory.hpp:77] Creating layer Mconv3_stage1_L2_0
I0923 17:58:24.465618 2175012 net.cpp:86] Creating Layer Mconv3_stage1_L2_0
I0923 17:58:24.465619 2175012 net.cpp:408] Mconv3_stage1_L2_0 <- Mconv2_stage1_L2_concat
I0923 17:58:24.465621 2175012 net.cpp:382] Mconv3_stage1_L2_0 -> Mconv3_stage1_L2_0
I0923 17:58:24.474419 2175012 net.cpp:124] Setting up Mconv3_stage1_L2_0
I0923 17:58:24.474424 2175012 net.cpp:131] Top shape: 1 128 2 2 (512)
I0923 17:58:24.474426 2175012 net.cpp:139] Memory required for data: 780416
I0923 17:58:24.474427 2175012 layer_factory.hpp:77] Creating layer Mprelu3_stage1_L2_0
I0923 17:58:24.474431 2175012 net.cpp:86] Creating Layer Mprelu3_stage1_L2_0
I0923 17:58:24.474431 2175012 net.cpp:408] Mprelu3_stage1_L2_0 <- Mconv3_stage1_L2_0
I0923 17:58:24.474433 2175012 net.cpp:369] Mprelu3_stage1_L2_0 -> Mconv3_stage1_L2_0 (in-place)
I0923 17:58:24.474452 2175012 net.cpp:124] Setting up Mprelu3_stage1_L2_0
I0923 17:58:24.474453 2175012 net.cpp:131] Top shape: 1 128 2 2 (512)
I0923 17:58:24.474454 2175012 net.cpp:139] Memory required for data: 782464
I0923 17:58:24.474455 2175012 layer_factory.hpp:77] Creating layer Mconv3_stage1_L2_0_Mprelu3_stage1_L2_0_0_split
I0923 17:58:24.474457 2175012 net.cpp:86] Creating Layer Mconv3_stage1_L2_0_Mprelu3_stage1_L2_0_0_split
I0923 17:58:24.474458 2175012 net.cpp:408] Mconv3_stage1_L2_0_Mprelu3_stage1_L2_0_0_split <- Mconv3_stage1_L2_0
I0923 17:58:24.474459 2175012 net.cpp:382] Mconv3_stage1_L2_0_Mprelu3_stage1_L2_0_0_split -> Mconv3_stage1_L2_0_Mprelu3_stage1_L2_0_0_split_0
I0923 17:58:24.474462 2175012 net.cpp:382] Mconv3_stage1_L2_0_Mprelu3_stage1_L2_0_0_split -> Mconv3_stage1_L2_0_Mprelu3_stage1_L2_0_0_split_1
I0923 17:58:24.474468 2175012 net.cpp:124] Setting up Mconv3_stage1_L2_0_Mprelu3_stage1_L2_0_0_split
I0923 17:58:24.474469 2175012 net.cpp:131] Top shape: 1 128 2 2 (512)
I0923 17:58:24.474470 2175012 net.cpp:131] Top shape: 1 128 2 2 (512)
I0923 17:58:24.474471 2175012 net.cpp:139] Memory required for data: 786560
I0923 17:58:24.474472 2175012 layer_factory.hpp:77] Creating layer Mconv3_stage1_L2_1
I0923 17:58:24.474474 2175012 net.cpp:86] Creating Layer Mconv3_stage1_L2_1
I0923 17:58:24.474475 2175012 net.cpp:408] Mconv3_stage1_L2_1 <- Mconv3_stage1_L2_0_Mprelu3_stage1_L2_0_0_split_0
I0923 17:58:24.474478 2175012 net.cpp:382] Mconv3_stage1_L2_1 -> Mconv3_stage1_L2_1
I0923 17:58:24.482050 2175012 net.cpp:124] Setting up Mconv3_stage1_L2_1
I0923 17:58:24.482055 2175012 net.cpp:131] Top shape: 1 128 2 2 (512)
I0923 17:58:24.482057 2175012 net.cpp:139] Memory required for data: 788608
I0923 17:58:24.482059 2175012 layer_factory.hpp:77] Creating layer Mprelu3_stage1_L2_1
I0923 17:58:24.482061 2175012 net.cpp:86] Creating Layer Mprelu3_stage1_L2_1
I0923 17:58:24.482064 2175012 net.cpp:408] Mprelu3_stage1_L2_1 <- Mconv3_stage1_L2_1
I0923 17:58:24.482065 2175012 net.cpp:369] Mprelu3_stage1_L2_1 -> Mconv3_stage1_L2_1 (in-place)
I0923 17:58:24.482091 2175012 net.cpp:124] Setting up Mprelu3_stage1_L2_1
I0923 17:58:24.482092 2175012 net.cpp:131] Top shape: 1 128 2 2 (512)
I0923 17:58:24.482095 2175012 net.cpp:139] Memory required for data: 790656
I0923 17:58:24.482095 2175012 layer_factory.hpp:77] Creating layer Mconv3_stage1_L2_1_Mprelu3_stage1_L2_1_0_split
I0923 17:58:24.482097 2175012 net.cpp:86] Creating Layer Mconv3_stage1_L2_1_Mprelu3_stage1_L2_1_0_split
I0923 17:58:24.482098 2175012 net.cpp:408] Mconv3_stage1_L2_1_Mprelu3_stage1_L2_1_0_split <- Mconv3_stage1_L2_1
I0923 17:58:24.482100 2175012 net.cpp:382] Mconv3_stage1_L2_1_Mprelu3_stage1_L2_1_0_split -> Mconv3_stage1_L2_1_Mprelu3_stage1_L2_1_0_split_0
I0923 17:58:24.482101 2175012 net.cpp:382] Mconv3_stage1_L2_1_Mprelu3_stage1_L2_1_0_split -> Mconv3_stage1_L2_1_Mprelu3_stage1_L2_1_0_split_1
I0923 17:58:24.482110 2175012 net.cpp:124] Setting up Mconv3_stage1_L2_1_Mprelu3_stage1_L2_1_0_split
I0923 17:58:24.482110 2175012 net.cpp:131] Top shape: 1 128 2 2 (512)
I0923 17:58:24.482111 2175012 net.cpp:131] Top shape: 1 128 2 2 (512)
I0923 17:58:24.482112 2175012 net.cpp:139] Memory required for data: 794752
I0923 17:58:24.482113 2175012 layer_factory.hpp:77] Creating layer Mconv3_stage1_L2_2
I0923 17:58:24.482116 2175012 net.cpp:86] Creating Layer Mconv3_stage1_L2_2
I0923 17:58:24.482117 2175012 net.cpp:408] Mconv3_stage1_L2_2 <- Mconv3_stage1_L2_1_Mprelu3_stage1_L2_1_0_split_0
I0923 17:58:24.482118 2175012 net.cpp:382] Mconv3_stage1_L2_2 -> Mconv3_stage1_L2_2
I0923 17:58:24.491878 2175012 net.cpp:124] Setting up Mconv3_stage1_L2_2
I0923 17:58:24.491882 2175012 net.cpp:131] Top shape: 1 128 2 2 (512)
I0923 17:58:24.491884 2175012 net.cpp:139] Memory required for data: 796800
I0923 17:58:24.491886 2175012 layer_factory.hpp:77] Creating layer Mprelu3_stage1_L2_2
I0923 17:58:24.491888 2175012 net.cpp:86] Creating Layer Mprelu3_stage1_L2_2
I0923 17:58:24.491889 2175012 net.cpp:408] Mprelu3_stage1_L2_2 <- Mconv3_stage1_L2_2
I0923 17:58:24.491891 2175012 net.cpp:369] Mprelu3_stage1_L2_2 -> Mconv3_stage1_L2_2 (in-place)
I0923 17:58:24.491910 2175012 net.cpp:124] Setting up Mprelu3_stage1_L2_2
I0923 17:58:24.491911 2175012 net.cpp:131] Top shape: 1 128 2 2 (512)
I0923 17:58:24.491912 2175012 net.cpp:139] Memory required for data: 798848
I0923 17:58:24.491914 2175012 layer_factory.hpp:77] Creating layer Mconv3_stage1_L2_concat
I0923 17:58:24.491915 2175012 net.cpp:86] Creating Layer Mconv3_stage1_L2_concat
I0923 17:58:24.491916 2175012 net.cpp:408] Mconv3_stage1_L2_concat <- Mconv3_stage1_L2_0_Mprelu3_stage1_L2_0_0_split_1
I0923 17:58:24.491917 2175012 net.cpp:408] Mconv3_stage1_L2_concat <- Mconv3_stage1_L2_1_Mprelu3_stage1_L2_1_0_split_1
I0923 17:58:24.491918 2175012 net.cpp:408] Mconv3_stage1_L2_concat <- Mconv3_stage1_L2_2
I0923 17:58:24.491920 2175012 net.cpp:382] Mconv3_stage1_L2_concat -> Mconv3_stage1_L2_concat
I0923 17:58:24.491925 2175012 net.cpp:124] Setting up Mconv3_stage1_L2_concat
I0923 17:58:24.491925 2175012 net.cpp:131] Top shape: 1 384 2 2 (1536)
I0923 17:58:24.491927 2175012 net.cpp:139] Memory required for data: 804992
I0923 17:58:24.491928 2175012 layer_factory.hpp:77] Creating layer Mconv4_stage1_L2_0
I0923 17:58:24.491930 2175012 net.cpp:86] Creating Layer Mconv4_stage1_L2_0
I0923 17:58:24.491931 2175012 net.cpp:408] Mconv4_stage1_L2_0 <- Mconv3_stage1_L2_concat
I0923 17:58:24.491933 2175012 net.cpp:382] Mconv4_stage1_L2_0 -> Mconv4_stage1_L2_0
I0923 17:58:24.500440 2175012 net.cpp:124] Setting up Mconv4_stage1_L2_0
I0923 17:58:24.500445 2175012 net.cpp:131] Top shape: 1 128 2 2 (512)
I0923 17:58:24.500447 2175012 net.cpp:139] Memory required for data: 807040
I0923 17:58:24.500449 2175012 layer_factory.hpp:77] Creating layer Mprelu4_stage1_L2_0
I0923 17:58:24.500452 2175012 net.cpp:86] Creating Layer Mprelu4_stage1_L2_0
I0923 17:58:24.500453 2175012 net.cpp:408] Mprelu4_stage1_L2_0 <- Mconv4_stage1_L2_0
I0923 17:58:24.500455 2175012 net.cpp:369] Mprelu4_stage1_L2_0 -> Mconv4_stage1_L2_0 (in-place)
I0923 17:58:24.500474 2175012 net.cpp:124] Setting up Mprelu4_stage1_L2_0
I0923 17:58:24.500475 2175012 net.cpp:131] Top shape: 1 128 2 2 (512)
I0923 17:58:24.500476 2175012 net.cpp:139] Memory required for data: 809088
I0923 17:58:24.500478 2175012 layer_factory.hpp:77] Creating layer Mconv4_stage1_L2_0_Mprelu4_stage1_L2_0_0_split
I0923 17:58:24.500479 2175012 net.cpp:86] Creating Layer Mconv4_stage1_L2_0_Mprelu4_stage1_L2_0_0_split
I0923 17:58:24.500480 2175012 net.cpp:408] Mconv4_stage1_L2_0_Mprelu4_stage1_L2_0_0_split <- Mconv4_stage1_L2_0
I0923 17:58:24.500481 2175012 net.cpp:382] Mconv4_stage1_L2_0_Mprelu4_stage1_L2_0_0_split -> Mconv4_stage1_L2_0_Mprelu4_stage1_L2_0_0_split_0
I0923 17:58:24.500483 2175012 net.cpp:382] Mconv4_stage1_L2_0_Mprelu4_stage1_L2_0_0_split -> Mconv4_stage1_L2_0_Mprelu4_stage1_L2_0_0_split_1
I0923 17:58:24.500490 2175012 net.cpp:124] Setting up Mconv4_stage1_L2_0_Mprelu4_stage1_L2_0_0_split
I0923 17:58:24.500491 2175012 net.cpp:131] Top shape: 1 128 2 2 (512)
I0923 17:58:24.500492 2175012 net.cpp:131] Top shape: 1 128 2 2 (512)
I0923 17:58:24.500494 2175012 net.cpp:139] Memory required for data: 813184
I0923 17:58:24.500494 2175012 layer_factory.hpp:77] Creating layer Mconv4_stage1_L2_1
I0923 17:58:24.500496 2175012 net.cpp:86] Creating Layer Mconv4_stage1_L2_1
I0923 17:58:24.500499 2175012 net.cpp:408] Mconv4_stage1_L2_1 <- Mconv4_stage1_L2_0_Mprelu4_stage1_L2_0_0_split_0
I0923 17:58:24.500499 2175012 net.cpp:382] Mconv4_stage1_L2_1 -> Mconv4_stage1_L2_1
I0923 17:58:24.510118 2175012 net.cpp:124] Setting up Mconv4_stage1_L2_1
I0923 17:58:24.510123 2175012 net.cpp:131] Top shape: 1 128 2 2 (512)
I0923 17:58:24.510124 2175012 net.cpp:139] Memory required for data: 815232
I0923 17:58:24.510126 2175012 layer_factory.hpp:77] Creating layer Mprelu4_stage1_L2_1
I0923 17:58:24.510129 2175012 net.cpp:86] Creating Layer Mprelu4_stage1_L2_1
I0923 17:58:24.510130 2175012 net.cpp:408] Mprelu4_stage1_L2_1 <- Mconv4_stage1_L2_1
I0923 17:58:24.510133 2175012 net.cpp:369] Mprelu4_stage1_L2_1 -> Mconv4_stage1_L2_1 (in-place)
I0923 17:58:24.510157 2175012 net.cpp:124] Setting up Mprelu4_stage1_L2_1
I0923 17:58:24.510159 2175012 net.cpp:131] Top shape: 1 128 2 2 (512)
I0923 17:58:24.510160 2175012 net.cpp:139] Memory required for data: 817280
I0923 17:58:24.510161 2175012 layer_factory.hpp:77] Creating layer Mconv4_stage1_L2_1_Mprelu4_stage1_L2_1_0_split
I0923 17:58:24.510164 2175012 net.cpp:86] Creating Layer Mconv4_stage1_L2_1_Mprelu4_stage1_L2_1_0_split
I0923 17:58:24.510164 2175012 net.cpp:408] Mconv4_stage1_L2_1_Mprelu4_stage1_L2_1_0_split <- Mconv4_stage1_L2_1
I0923 17:58:24.510166 2175012 net.cpp:382] Mconv4_stage1_L2_1_Mprelu4_stage1_L2_1_0_split -> Mconv4_stage1_L2_1_Mprelu4_stage1_L2_1_0_split_0
I0923 17:58:24.510169 2175012 net.cpp:382] Mconv4_stage1_L2_1_Mprelu4_stage1_L2_1_0_split -> Mconv4_stage1_L2_1_Mprelu4_stage1_L2_1_0_split_1
I0923 17:58:24.510174 2175012 net.cpp:124] Setting up Mconv4_stage1_L2_1_Mprelu4_stage1_L2_1_0_split
I0923 17:58:24.510175 2175012 net.cpp:131] Top shape: 1 128 2 2 (512)
I0923 17:58:24.510176 2175012 net.cpp:131] Top shape: 1 128 2 2 (512)
I0923 17:58:24.510177 2175012 net.cpp:139] Memory required for data: 821376
I0923 17:58:24.510178 2175012 layer_factory.hpp:77] Creating layer Mconv4_stage1_L2_2
I0923 17:58:24.510181 2175012 net.cpp:86] Creating Layer Mconv4_stage1_L2_2
I0923 17:58:24.510182 2175012 net.cpp:408] Mconv4_stage1_L2_2 <- Mconv4_stage1_L2_1_Mprelu4_stage1_L2_1_0_split_0
I0923 17:58:24.510183 2175012 net.cpp:382] Mconv4_stage1_L2_2 -> Mconv4_stage1_L2_2
I0923 17:58:24.517879 2175012 net.cpp:124] Setting up Mconv4_stage1_L2_2
I0923 17:58:24.517884 2175012 net.cpp:131] Top shape: 1 128 2 2 (512)
I0923 17:58:24.517886 2175012 net.cpp:139] Memory required for data: 823424
I0923 17:58:24.517889 2175012 layer_factory.hpp:77] Creating layer Mprelu4_stage1_L2_2
I0923 17:58:24.517890 2175012 net.cpp:86] Creating Layer Mprelu4_stage1_L2_2
I0923 17:58:24.517892 2175012 net.cpp:408] Mprelu4_stage1_L2_2 <- Mconv4_stage1_L2_2
I0923 17:58:24.517894 2175012 net.cpp:369] Mprelu4_stage1_L2_2 -> Mconv4_stage1_L2_2 (in-place)
I0923 17:58:24.517912 2175012 net.cpp:124] Setting up Mprelu4_stage1_L2_2
I0923 17:58:24.517913 2175012 net.cpp:131] Top shape: 1 128 2 2 (512)
I0923 17:58:24.517915 2175012 net.cpp:139] Memory required for data: 825472
I0923 17:58:24.517916 2175012 layer_factory.hpp:77] Creating layer Mconv4_stage1_L2_concat
I0923 17:58:24.517918 2175012 net.cpp:86] Creating Layer Mconv4_stage1_L2_concat
I0923 17:58:24.517920 2175012 net.cpp:408] Mconv4_stage1_L2_concat <- Mconv4_stage1_L2_0_Mprelu4_stage1_L2_0_0_split_1
I0923 17:58:24.517920 2175012 net.cpp:408] Mconv4_stage1_L2_concat <- Mconv4_stage1_L2_1_Mprelu4_stage1_L2_1_0_split_1
I0923 17:58:24.517921 2175012 net.cpp:408] Mconv4_stage1_L2_concat <- Mconv4_stage1_L2_2
I0923 17:58:24.517923 2175012 net.cpp:382] Mconv4_stage1_L2_concat -> Mconv4_stage1_L2_concat
I0923 17:58:24.517927 2175012 net.cpp:124] Setting up Mconv4_stage1_L2_concat
I0923 17:58:24.517928 2175012 net.cpp:131] Top shape: 1 384 2 2 (1536)
I0923 17:58:24.517930 2175012 net.cpp:139] Memory required for data: 831616
I0923 17:58:24.517931 2175012 layer_factory.hpp:77] Creating layer Mconv5_stage1_L2_0
I0923 17:58:24.517933 2175012 net.cpp:86] Creating Layer Mconv5_stage1_L2_0
I0923 17:58:24.517935 2175012 net.cpp:408] Mconv5_stage1_L2_0 <- Mconv4_stage1_L2_concat
I0923 17:58:24.517936 2175012 net.cpp:382] Mconv5_stage1_L2_0 -> Mconv5_stage1_L2_0
I0923 17:58:24.526367 2175012 net.cpp:124] Setting up Mconv5_stage1_L2_0
I0923 17:58:24.526372 2175012 net.cpp:131] Top shape: 1 128 2 2 (512)
I0923 17:58:24.526374 2175012 net.cpp:139] Memory required for data: 833664
I0923 17:58:24.526376 2175012 layer_factory.hpp:77] Creating layer Mprelu5_stage1_L2_0
I0923 17:58:24.526378 2175012 net.cpp:86] Creating Layer Mprelu5_stage1_L2_0
I0923 17:58:24.526381 2175012 net.cpp:408] Mprelu5_stage1_L2_0 <- Mconv5_stage1_L2_0
I0923 17:58:24.526381 2175012 net.cpp:369] Mprelu5_stage1_L2_0 -> Mconv5_stage1_L2_0 (in-place)
I0923 17:58:24.526400 2175012 net.cpp:124] Setting up Mprelu5_stage1_L2_0
I0923 17:58:24.526401 2175012 net.cpp:131] Top shape: 1 128 2 2 (512)
I0923 17:58:24.526402 2175012 net.cpp:139] Memory required for data: 835712
I0923 17:58:24.526403 2175012 layer_factory.hpp:77] Creating layer Mconv5_stage1_L2_0_Mprelu5_stage1_L2_0_0_split
I0923 17:58:24.526405 2175012 net.cpp:86] Creating Layer Mconv5_stage1_L2_0_Mprelu5_stage1_L2_0_0_split
I0923 17:58:24.526407 2175012 net.cpp:408] Mconv5_stage1_L2_0_Mprelu5_stage1_L2_0_0_split <- Mconv5_stage1_L2_0
I0923 17:58:24.526407 2175012 net.cpp:382] Mconv5_stage1_L2_0_Mprelu5_stage1_L2_0_0_split -> Mconv5_stage1_L2_0_Mprelu5_stage1_L2_0_0_split_0
I0923 17:58:24.526410 2175012 net.cpp:382] Mconv5_stage1_L2_0_Mprelu5_stage1_L2_0_0_split -> Mconv5_stage1_L2_0_Mprelu5_stage1_L2_0_0_split_1
I0923 17:58:24.526417 2175012 net.cpp:124] Setting up Mconv5_stage1_L2_0_Mprelu5_stage1_L2_0_0_split
I0923 17:58:24.526417 2175012 net.cpp:131] Top shape: 1 128 2 2 (512)
I0923 17:58:24.526418 2175012 net.cpp:131] Top shape: 1 128 2 2 (512)
I0923 17:58:24.526419 2175012 net.cpp:139] Memory required for data: 839808
I0923 17:58:24.526420 2175012 layer_factory.hpp:77] Creating layer Mconv5_stage1_L2_1
I0923 17:58:24.526422 2175012 net.cpp:86] Creating Layer Mconv5_stage1_L2_1
I0923 17:58:24.526423 2175012 net.cpp:408] Mconv5_stage1_L2_1 <- Mconv5_stage1_L2_0_Mprelu5_stage1_L2_0_0_split_0
I0923 17:58:24.526425 2175012 net.cpp:382] Mconv5_stage1_L2_1 -> Mconv5_stage1_L2_1
I0923 17:58:24.534869 2175012 net.cpp:124] Setting up Mconv5_stage1_L2_1
I0923 17:58:24.534873 2175012 net.cpp:131] Top shape: 1 128 2 2 (512)
I0923 17:58:24.534875 2175012 net.cpp:139] Memory required for data: 841856
I0923 17:58:24.534878 2175012 layer_factory.hpp:77] Creating layer Mprelu5_stage1_L2_1
I0923 17:58:24.534879 2175012 net.cpp:86] Creating Layer Mprelu5_stage1_L2_1
I0923 17:58:24.534881 2175012 net.cpp:408] Mprelu5_stage1_L2_1 <- Mconv5_stage1_L2_1
I0923 17:58:24.534883 2175012 net.cpp:369] Mprelu5_stage1_L2_1 -> Mconv5_stage1_L2_1 (in-place)
I0923 17:58:24.534900 2175012 net.cpp:124] Setting up Mprelu5_stage1_L2_1
I0923 17:58:24.534901 2175012 net.cpp:131] Top shape: 1 128 2 2 (512)
I0923 17:58:24.534902 2175012 net.cpp:139] Memory required for data: 843904
I0923 17:58:24.534904 2175012 layer_factory.hpp:77] Creating layer Mconv5_stage1_L2_1_Mprelu5_stage1_L2_1_0_split
I0923 17:58:24.534905 2175012 net.cpp:86] Creating Layer Mconv5_stage1_L2_1_Mprelu5_stage1_L2_1_0_split
I0923 17:58:24.534906 2175012 net.cpp:408] Mconv5_stage1_L2_1_Mprelu5_stage1_L2_1_0_split <- Mconv5_stage1_L2_1
I0923 17:58:24.534907 2175012 net.cpp:382] Mconv5_stage1_L2_1_Mprelu5_stage1_L2_1_0_split -> Mconv5_stage1_L2_1_Mprelu5_stage1_L2_1_0_split_0
I0923 17:58:24.534909 2175012 net.cpp:382] Mconv5_stage1_L2_1_Mprelu5_stage1_L2_1_0_split -> Mconv5_stage1_L2_1_Mprelu5_stage1_L2_1_0_split_1
I0923 17:58:24.534915 2175012 net.cpp:124] Setting up Mconv5_stage1_L2_1_Mprelu5_stage1_L2_1_0_split
I0923 17:58:24.534916 2175012 net.cpp:131] Top shape: 1 128 2 2 (512)
I0923 17:58:24.534917 2175012 net.cpp:131] Top shape: 1 128 2 2 (512)
I0923 17:58:24.534919 2175012 net.cpp:139] Memory required for data: 848000
I0923 17:58:24.534919 2175012 layer_factory.hpp:77] Creating layer Mconv5_stage1_L2_2
I0923 17:58:24.534922 2175012 net.cpp:86] Creating Layer Mconv5_stage1_L2_2
I0923 17:58:24.534924 2175012 net.cpp:408] Mconv5_stage1_L2_2 <- Mconv5_stage1_L2_1_Mprelu5_stage1_L2_1_0_split_0
I0923 17:58:24.534924 2175012 net.cpp:382] Mconv5_stage1_L2_2 -> Mconv5_stage1_L2_2
I0923 17:58:24.542701 2175012 net.cpp:124] Setting up Mconv5_stage1_L2_2
I0923 17:58:24.542706 2175012 net.cpp:131] Top shape: 1 128 2 2 (512)
I0923 17:58:24.542708 2175012 net.cpp:139] Memory required for data: 850048
I0923 17:58:24.542711 2175012 layer_factory.hpp:77] Creating layer Mprelu5_stage1_L2_2
I0923 17:58:24.542712 2175012 net.cpp:86] Creating Layer Mprelu5_stage1_L2_2
I0923 17:58:24.542714 2175012 net.cpp:408] Mprelu5_stage1_L2_2 <- Mconv5_stage1_L2_2
I0923 17:58:24.542716 2175012 net.cpp:369] Mprelu5_stage1_L2_2 -> Mconv5_stage1_L2_2 (in-place)
I0923 17:58:24.542735 2175012 net.cpp:124] Setting up Mprelu5_stage1_L2_2
I0923 17:58:24.542737 2175012 net.cpp:131] Top shape: 1 128 2 2 (512)
I0923 17:58:24.542737 2175012 net.cpp:139] Memory required for data: 852096
I0923 17:58:24.542739 2175012 layer_factory.hpp:77] Creating layer Mconv5_stage1_L2_concat
I0923 17:58:24.542742 2175012 net.cpp:86] Creating Layer Mconv5_stage1_L2_concat
I0923 17:58:24.542742 2175012 net.cpp:408] Mconv5_stage1_L2_concat <- Mconv5_stage1_L2_0_Mprelu5_stage1_L2_0_0_split_1
I0923 17:58:24.542744 2175012 net.cpp:408] Mconv5_stage1_L2_concat <- Mconv5_stage1_L2_1_Mprelu5_stage1_L2_1_0_split_1
I0923 17:58:24.542745 2175012 net.cpp:408] Mconv5_stage1_L2_concat <- Mconv5_stage1_L2_2
I0923 17:58:24.542747 2175012 net.cpp:382] Mconv5_stage1_L2_concat -> Mconv5_stage1_L2_concat
I0923 17:58:24.542752 2175012 net.cpp:124] Setting up Mconv5_stage1_L2_concat
I0923 17:58:24.542752 2175012 net.cpp:131] Top shape: 1 384 2 2 (1536)
I0923 17:58:24.542754 2175012 net.cpp:139] Memory required for data: 858240
I0923 17:58:24.542755 2175012 layer_factory.hpp:77] Creating layer Mconv6_stage1_L2
I0923 17:58:24.542757 2175012 net.cpp:86] Creating Layer Mconv6_stage1_L2
I0923 17:58:24.542759 2175012 net.cpp:408] Mconv6_stage1_L2 <- Mconv5_stage1_L2_concat
I0923 17:58:24.542760 2175012 net.cpp:382] Mconv6_stage1_L2 -> Mconv6_stage1_L2
I0923 17:58:24.550729 2175012 net.cpp:124] Setting up Mconv6_stage1_L2
I0923 17:58:24.550734 2175012 net.cpp:131] Top shape: 1 512 2 2 (2048)
I0923 17:58:24.550736 2175012 net.cpp:139] Memory required for data: 866432
I0923 17:58:24.550738 2175012 layer_factory.hpp:77] Creating layer Mprelu6_stage1_L2
I0923 17:58:24.550741 2175012 net.cpp:86] Creating Layer Mprelu6_stage1_L2
I0923 17:58:24.550742 2175012 net.cpp:408] Mprelu6_stage1_L2 <- Mconv6_stage1_L2
I0923 17:58:24.550745 2175012 net.cpp:369] Mprelu6_stage1_L2 -> Mconv6_stage1_L2 (in-place)
I0923 17:58:24.550765 2175012 net.cpp:124] Setting up Mprelu6_stage1_L2
I0923 17:58:24.550766 2175012 net.cpp:131] Top shape: 1 512 2 2 (2048)
I0923 17:58:24.550767 2175012 net.cpp:139] Memory required for data: 874624
I0923 17:58:24.550768 2175012 layer_factory.hpp:77] Creating layer Mconv7_stage1_L2
I0923 17:58:24.550771 2175012 net.cpp:86] Creating Layer Mconv7_stage1_L2
I0923 17:58:24.550772 2175012 net.cpp:408] Mconv7_stage1_L2 <- Mconv6_stage1_L2
I0923 17:58:24.550774 2175012 net.cpp:382] Mconv7_stage1_L2 -> Mconv7_stage1_L2
I0923 17:58:24.558573 2175012 net.cpp:124] Setting up Mconv7_stage1_L2
I0923 17:58:24.558578 2175012 net.cpp:131] Top shape: 1 52 2 2 (208)
I0923 17:58:24.558580 2175012 net.cpp:139] Memory required for data: 875456
I0923 17:58:24.558583 2175012 layer_factory.hpp:77] Creating layer concat_stage2_L2
I0923 17:58:24.558585 2175012 net.cpp:86] Creating Layer concat_stage2_L2
I0923 17:58:24.558586 2175012 net.cpp:408] concat_stage2_L2 <- conv4_4_CPM_prelu4_4_CPM_0_split_2
I0923 17:58:24.558588 2175012 net.cpp:408] concat_stage2_L2 <- Mconv7_stage1_L2
I0923 17:58:24.558590 2175012 net.cpp:382] concat_stage2_L2 -> concat_stage2_L2
I0923 17:58:24.558598 2175012 net.cpp:124] Setting up concat_stage2_L2
I0923 17:58:24.558599 2175012 net.cpp:131] Top shape: 1 180 2 2 (720)
I0923 17:58:24.558600 2175012 net.cpp:139] Memory required for data: 878336
I0923 17:58:24.558601 2175012 layer_factory.hpp:77] Creating layer Mconv1_stage2_L2_0
I0923 17:58:24.558604 2175012 net.cpp:86] Creating Layer Mconv1_stage2_L2_0
I0923 17:58:24.558605 2175012 net.cpp:408] Mconv1_stage2_L2_0 <- concat_stage2_L2
I0923 17:58:24.558609 2175012 net.cpp:382] Mconv1_stage2_L2_0 -> Mconv1_stage2_L2_0
I0923 17:58:24.567543 2175012 net.cpp:124] Setting up Mconv1_stage2_L2_0
I0923 17:58:24.567548 2175012 net.cpp:131] Top shape: 1 128 2 2 (512)
I0923 17:58:24.567549 2175012 net.cpp:139] Memory required for data: 880384
I0923 17:58:24.567554 2175012 layer_factory.hpp:77] Creating layer Mprelu1_stage2_L2_0
I0923 17:58:24.567559 2175012 net.cpp:86] Creating Layer Mprelu1_stage2_L2_0
I0923 17:58:24.567560 2175012 net.cpp:408] Mprelu1_stage2_L2_0 <- Mconv1_stage2_L2_0
I0923 17:58:24.567562 2175012 net.cpp:369] Mprelu1_stage2_L2_0 -> Mconv1_stage2_L2_0 (in-place)
I0923 17:58:24.567582 2175012 net.cpp:124] Setting up Mprelu1_stage2_L2_0
I0923 17:58:24.567584 2175012 net.cpp:131] Top shape: 1 128 2 2 (512)
I0923 17:58:24.567585 2175012 net.cpp:139] Memory required for data: 882432
I0923 17:58:24.567586 2175012 layer_factory.hpp:77] Creating layer Mconv1_stage2_L2_0_Mprelu1_stage2_L2_0_0_split
I0923 17:58:24.567588 2175012 net.cpp:86] Creating Layer Mconv1_stage2_L2_0_Mprelu1_stage2_L2_0_0_split
I0923 17:58:24.567589 2175012 net.cpp:408] Mconv1_stage2_L2_0_Mprelu1_stage2_L2_0_0_split <- Mconv1_stage2_L2_0
I0923 17:58:24.567591 2175012 net.cpp:382] Mconv1_stage2_L2_0_Mprelu1_stage2_L2_0_0_split -> Mconv1_stage2_L2_0_Mprelu1_stage2_L2_0_0_split_0
I0923 17:58:24.567593 2175012 net.cpp:382] Mconv1_stage2_L2_0_Mprelu1_stage2_L2_0_0_split -> Mconv1_stage2_L2_0_Mprelu1_stage2_L2_0_0_split_1
I0923 17:58:24.567600 2175012 net.cpp:124] Setting up Mconv1_stage2_L2_0_Mprelu1_stage2_L2_0_0_split
I0923 17:58:24.567601 2175012 net.cpp:131] Top shape: 1 128 2 2 (512)
I0923 17:58:24.567602 2175012 net.cpp:131] Top shape: 1 128 2 2 (512)
I0923 17:58:24.567603 2175012 net.cpp:139] Memory required for data: 886528
I0923 17:58:24.567605 2175012 layer_factory.hpp:77] Creating layer Mconv1_stage2_L2_1
I0923 17:58:24.567607 2175012 net.cpp:86] Creating Layer Mconv1_stage2_L2_1
I0923 17:58:24.567608 2175012 net.cpp:408] Mconv1_stage2_L2_1 <- Mconv1_stage2_L2_0_Mprelu1_stage2_L2_0_0_split_0
I0923 17:58:24.567610 2175012 net.cpp:382] Mconv1_stage2_L2_1 -> Mconv1_stage2_L2_1
I0923 17:58:24.575619 2175012 net.cpp:124] Setting up Mconv1_stage2_L2_1
I0923 17:58:24.575623 2175012 net.cpp:131] Top shape: 1 128 2 2 (512)
I0923 17:58:24.575625 2175012 net.cpp:139] Memory required for data: 888576
I0923 17:58:24.575627 2175012 layer_factory.hpp:77] Creating layer Mprelu1_stage2_L2_1
I0923 17:58:24.575630 2175012 net.cpp:86] Creating Layer Mprelu1_stage2_L2_1
I0923 17:58:24.575632 2175012 net.cpp:408] Mprelu1_stage2_L2_1 <- Mconv1_stage2_L2_1
I0923 17:58:24.575634 2175012 net.cpp:369] Mprelu1_stage2_L2_1 -> Mconv1_stage2_L2_1 (in-place)
I0923 17:58:24.575654 2175012 net.cpp:124] Setting up Mprelu1_stage2_L2_1
I0923 17:58:24.575655 2175012 net.cpp:131] Top shape: 1 128 2 2 (512)
I0923 17:58:24.575656 2175012 net.cpp:139] Memory required for data: 890624
I0923 17:58:24.575657 2175012 layer_factory.hpp:77] Creating layer Mconv1_stage2_L2_1_Mprelu1_stage2_L2_1_0_split
I0923 17:58:24.575659 2175012 net.cpp:86] Creating Layer Mconv1_stage2_L2_1_Mprelu1_stage2_L2_1_0_split
I0923 17:58:24.575660 2175012 net.cpp:408] Mconv1_stage2_L2_1_Mprelu1_stage2_L2_1_0_split <- Mconv1_stage2_L2_1
I0923 17:58:24.575662 2175012 net.cpp:382] Mconv1_stage2_L2_1_Mprelu1_stage2_L2_1_0_split -> Mconv1_stage2_L2_1_Mprelu1_stage2_L2_1_0_split_0
I0923 17:58:24.575664 2175012 net.cpp:382] Mconv1_stage2_L2_1_Mprelu1_stage2_L2_1_0_split -> Mconv1_stage2_L2_1_Mprelu1_stage2_L2_1_0_split_1
I0923 17:58:24.575670 2175012 net.cpp:124] Setting up Mconv1_stage2_L2_1_Mprelu1_stage2_L2_1_0_split
I0923 17:58:24.575672 2175012 net.cpp:131] Top shape: 1 128 2 2 (512)
I0923 17:58:24.575673 2175012 net.cpp:131] Top shape: 1 128 2 2 (512)
I0923 17:58:24.575675 2175012 net.cpp:139] Memory required for data: 894720
I0923 17:58:24.575675 2175012 layer_factory.hpp:77] Creating layer Mconv1_stage2_L2_2
I0923 17:58:24.575677 2175012 net.cpp:86] Creating Layer Mconv1_stage2_L2_2
I0923 17:58:24.575678 2175012 net.cpp:408] Mconv1_stage2_L2_2 <- Mconv1_stage2_L2_1_Mprelu1_stage2_L2_1_0_split_0
I0923 17:58:24.575680 2175012 net.cpp:382] Mconv1_stage2_L2_2 -> Mconv1_stage2_L2_2
I0923 17:58:24.583405 2175012 net.cpp:124] Setting up Mconv1_stage2_L2_2
I0923 17:58:24.583410 2175012 net.cpp:131] Top shape: 1 128 2 2 (512)
I0923 17:58:24.583411 2175012 net.cpp:139] Memory required for data: 896768
I0923 17:58:24.583413 2175012 layer_factory.hpp:77] Creating layer Mprelu1_stage2_L2_2
I0923 17:58:24.583416 2175012 net.cpp:86] Creating Layer Mprelu1_stage2_L2_2
I0923 17:58:24.583417 2175012 net.cpp:408] Mprelu1_stage2_L2_2 <- Mconv1_stage2_L2_2
I0923 17:58:24.583420 2175012 net.cpp:369] Mprelu1_stage2_L2_2 -> Mconv1_stage2_L2_2 (in-place)
I0923 17:58:24.583441 2175012 net.cpp:124] Setting up Mprelu1_stage2_L2_2
I0923 17:58:24.583441 2175012 net.cpp:131] Top shape: 1 128 2 2 (512)
I0923 17:58:24.583442 2175012 net.cpp:139] Memory required for data: 898816
I0923 17:58:24.583443 2175012 layer_factory.hpp:77] Creating layer Mconv1_stage2_L2_concat
I0923 17:58:24.583446 2175012 net.cpp:86] Creating Layer Mconv1_stage2_L2_concat
I0923 17:58:24.583447 2175012 net.cpp:408] Mconv1_stage2_L2_concat <- Mconv1_stage2_L2_0_Mprelu1_stage2_L2_0_0_split_1
I0923 17:58:24.583448 2175012 net.cpp:408] Mconv1_stage2_L2_concat <- Mconv1_stage2_L2_1_Mprelu1_stage2_L2_1_0_split_1
I0923 17:58:24.583451 2175012 net.cpp:408] Mconv1_stage2_L2_concat <- Mconv1_stage2_L2_2
I0923 17:58:24.583451 2175012 net.cpp:382] Mconv1_stage2_L2_concat -> Mconv1_stage2_L2_concat
I0923 17:58:24.583456 2175012 net.cpp:124] Setting up Mconv1_stage2_L2_concat
I0923 17:58:24.583457 2175012 net.cpp:131] Top shape: 1 384 2 2 (1536)
I0923 17:58:24.583459 2175012 net.cpp:139] Memory required for data: 904960
I0923 17:58:24.583460 2175012 layer_factory.hpp:77] Creating layer Mconv2_stage2_L2_0
I0923 17:58:24.583462 2175012 net.cpp:86] Creating Layer Mconv2_stage2_L2_0
I0923 17:58:24.583463 2175012 net.cpp:408] Mconv2_stage2_L2_0 <- Mconv1_stage2_L2_concat
I0923 17:58:24.583465 2175012 net.cpp:382] Mconv2_stage2_L2_0 -> Mconv2_stage2_L2_0
I0923 17:58:24.593257 2175012 net.cpp:124] Setting up Mconv2_stage2_L2_0
I0923 17:58:24.593262 2175012 net.cpp:131] Top shape: 1 128 2 2 (512)
I0923 17:58:24.593264 2175012 net.cpp:139] Memory required for data: 907008
I0923 17:58:24.593266 2175012 layer_factory.hpp:77] Creating layer Mprelu2_stage2_L2_0
I0923 17:58:24.593268 2175012 net.cpp:86] Creating Layer Mprelu2_stage2_L2_0
I0923 17:58:24.593271 2175012 net.cpp:408] Mprelu2_stage2_L2_0 <- Mconv2_stage2_L2_0
I0923 17:58:24.593272 2175012 net.cpp:369] Mprelu2_stage2_L2_0 -> Mconv2_stage2_L2_0 (in-place)
I0923 17:58:24.593291 2175012 net.cpp:124] Setting up Mprelu2_stage2_L2_0
I0923 17:58:24.593292 2175012 net.cpp:131] Top shape: 1 128 2 2 (512)
I0923 17:58:24.593293 2175012 net.cpp:139] Memory required for data: 909056
I0923 17:58:24.593294 2175012 layer_factory.hpp:77] Creating layer Mconv2_stage2_L2_0_Mprelu2_stage2_L2_0_0_split
I0923 17:58:24.593297 2175012 net.cpp:86] Creating Layer Mconv2_stage2_L2_0_Mprelu2_stage2_L2_0_0_split
I0923 17:58:24.593297 2175012 net.cpp:408] Mconv2_stage2_L2_0_Mprelu2_stage2_L2_0_0_split <- Mconv2_stage2_L2_0
I0923 17:58:24.593299 2175012 net.cpp:382] Mconv2_stage2_L2_0_Mprelu2_stage2_L2_0_0_split -> Mconv2_stage2_L2_0_Mprelu2_stage2_L2_0_0_split_0
I0923 17:58:24.593302 2175012 net.cpp:382] Mconv2_stage2_L2_0_Mprelu2_stage2_L2_0_0_split -> Mconv2_stage2_L2_0_Mprelu2_stage2_L2_0_0_split_1
I0923 17:58:24.593308 2175012 net.cpp:124] Setting up Mconv2_stage2_L2_0_Mprelu2_stage2_L2_0_0_split
I0923 17:58:24.593309 2175012 net.cpp:131] Top shape: 1 128 2 2 (512)
I0923 17:58:24.593310 2175012 net.cpp:131] Top shape: 1 128 2 2 (512)
I0923 17:58:24.593312 2175012 net.cpp:139] Memory required for data: 913152
I0923 17:58:24.593312 2175012 layer_factory.hpp:77] Creating layer Mconv2_stage2_L2_1
I0923 17:58:24.593314 2175012 net.cpp:86] Creating Layer Mconv2_stage2_L2_1
I0923 17:58:24.593315 2175012 net.cpp:408] Mconv2_stage2_L2_1 <- Mconv2_stage2_L2_0_Mprelu2_stage2_L2_0_0_split_0
I0923 17:58:24.593317 2175012 net.cpp:382] Mconv2_stage2_L2_1 -> Mconv2_stage2_L2_1
I0923 17:58:24.601620 2175012 net.cpp:124] Setting up Mconv2_stage2_L2_1
I0923 17:58:24.601625 2175012 net.cpp:131] Top shape: 1 128 2 2 (512)
I0923 17:58:24.601627 2175012 net.cpp:139] Memory required for data: 915200
I0923 17:58:24.601629 2175012 layer_factory.hpp:77] Creating layer Mprelu2_stage2_L2_1
I0923 17:58:24.601631 2175012 net.cpp:86] Creating Layer Mprelu2_stage2_L2_1
I0923 17:58:24.601634 2175012 net.cpp:408] Mprelu2_stage2_L2_1 <- Mconv2_stage2_L2_1
I0923 17:58:24.601635 2175012 net.cpp:369] Mprelu2_stage2_L2_1 -> Mconv2_stage2_L2_1 (in-place)
I0923 17:58:24.601655 2175012 net.cpp:124] Setting up Mprelu2_stage2_L2_1
I0923 17:58:24.601655 2175012 net.cpp:131] Top shape: 1 128 2 2 (512)
I0923 17:58:24.601656 2175012 net.cpp:139] Memory required for data: 917248
I0923 17:58:24.601658 2175012 layer_factory.hpp:77] Creating layer Mconv2_stage2_L2_1_Mprelu2_stage2_L2_1_0_split
I0923 17:58:24.601660 2175012 net.cpp:86] Creating Layer Mconv2_stage2_L2_1_Mprelu2_stage2_L2_1_0_split
I0923 17:58:24.601660 2175012 net.cpp:408] Mconv2_stage2_L2_1_Mprelu2_stage2_L2_1_0_split <- Mconv2_stage2_L2_1
I0923 17:58:24.601662 2175012 net.cpp:382] Mconv2_stage2_L2_1_Mprelu2_stage2_L2_1_0_split -> Mconv2_stage2_L2_1_Mprelu2_stage2_L2_1_0_split_0
I0923 17:58:24.601665 2175012 net.cpp:382] Mconv2_stage2_L2_1_Mprelu2_stage2_L2_1_0_split -> Mconv2_stage2_L2_1_Mprelu2_stage2_L2_1_0_split_1
I0923 17:58:24.601671 2175012 net.cpp:124] Setting up Mconv2_stage2_L2_1_Mprelu2_stage2_L2_1_0_split
I0923 17:58:24.601672 2175012 net.cpp:131] Top shape: 1 128 2 2 (512)
I0923 17:58:24.601673 2175012 net.cpp:131] Top shape: 1 128 2 2 (512)
I0923 17:58:24.601675 2175012 net.cpp:139] Memory required for data: 921344
I0923 17:58:24.601675 2175012 layer_factory.hpp:77] Creating layer Mconv2_stage2_L2_2
I0923 17:58:24.601677 2175012 net.cpp:86] Creating Layer Mconv2_stage2_L2_2
I0923 17:58:24.601678 2175012 net.cpp:408] Mconv2_stage2_L2_2 <- Mconv2_stage2_L2_1_Mprelu2_stage2_L2_1_0_split_0
I0923 17:58:24.601680 2175012 net.cpp:382] Mconv2_stage2_L2_2 -> Mconv2_stage2_L2_2
I0923 17:58:24.611533 2175012 net.cpp:124] Setting up Mconv2_stage2_L2_2
I0923 17:58:24.611538 2175012 net.cpp:131] Top shape: 1 128 2 2 (512)
I0923 17:58:24.611541 2175012 net.cpp:139] Memory required for data: 923392
I0923 17:58:24.611542 2175012 layer_factory.hpp:77] Creating layer Mprelu2_stage2_L2_2
I0923 17:58:24.611544 2175012 net.cpp:86] Creating Layer Mprelu2_stage2_L2_2
I0923 17:58:24.611546 2175012 net.cpp:408] Mprelu2_stage2_L2_2 <- Mconv2_stage2_L2_2
I0923 17:58:24.611548 2175012 net.cpp:369] Mprelu2_stage2_L2_2 -> Mconv2_stage2_L2_2 (in-place)
I0923 17:58:24.611567 2175012 net.cpp:124] Setting up Mprelu2_stage2_L2_2
I0923 17:58:24.611568 2175012 net.cpp:131] Top shape: 1 128 2 2 (512)
I0923 17:58:24.611569 2175012 net.cpp:139] Memory required for data: 925440
I0923 17:58:24.611572 2175012 layer_factory.hpp:77] Creating layer Mconv2_stage2_L2_concat
I0923 17:58:24.611573 2175012 net.cpp:86] Creating Layer Mconv2_stage2_L2_concat
I0923 17:58:24.611574 2175012 net.cpp:408] Mconv2_stage2_L2_concat <- Mconv2_stage2_L2_0_Mprelu2_stage2_L2_0_0_split_1
I0923 17:58:24.611577 2175012 net.cpp:408] Mconv2_stage2_L2_concat <- Mconv2_stage2_L2_1_Mprelu2_stage2_L2_1_0_split_1
I0923 17:58:24.611577 2175012 net.cpp:408] Mconv2_stage2_L2_concat <- Mconv2_stage2_L2_2
I0923 17:58:24.611579 2175012 net.cpp:382] Mconv2_stage2_L2_concat -> Mconv2_stage2_L2_concat
I0923 17:58:24.611583 2175012 net.cpp:124] Setting up Mconv2_stage2_L2_concat
I0923 17:58:24.611584 2175012 net.cpp:131] Top shape: 1 384 2 2 (1536)
I0923 17:58:24.611586 2175012 net.cpp:139] Memory required for data: 931584
I0923 17:58:24.611588 2175012 layer_factory.hpp:77] Creating layer Mconv3_stage2_L2_0
I0923 17:58:24.611589 2175012 net.cpp:86] Creating Layer Mconv3_stage2_L2_0
I0923 17:58:24.611590 2175012 net.cpp:408] Mconv3_stage2_L2_0 <- Mconv2_stage2_L2_concat
I0923 17:58:24.611593 2175012 net.cpp:382] Mconv3_stage2_L2_0 -> Mconv3_stage2_L2_0
I0923 17:58:24.620143 2175012 net.cpp:124] Setting up Mconv3_stage2_L2_0
I0923 17:58:24.620148 2175012 net.cpp:131] Top shape: 1 128 2 2 (512)
I0923 17:58:24.620150 2175012 net.cpp:139] Memory required for data: 933632
I0923 17:58:24.620152 2175012 layer_factory.hpp:77] Creating layer Mprelu3_stage2_L2_0
I0923 17:58:24.620154 2175012 net.cpp:86] Creating Layer Mprelu3_stage2_L2_0
I0923 17:58:24.620157 2175012 net.cpp:408] Mprelu3_stage2_L2_0 <- Mconv3_stage2_L2_0
I0923 17:58:24.620158 2175012 net.cpp:369] Mprelu3_stage2_L2_0 -> Mconv3_stage2_L2_0 (in-place)
I0923 17:58:24.620177 2175012 net.cpp:124] Setting up Mprelu3_stage2_L2_0
I0923 17:58:24.620178 2175012 net.cpp:131] Top shape: 1 128 2 2 (512)
I0923 17:58:24.620180 2175012 net.cpp:139] Memory required for data: 935680
I0923 17:58:24.620182 2175012 layer_factory.hpp:77] Creating layer Mconv3_stage2_L2_0_Mprelu3_stage2_L2_0_0_split
I0923 17:58:24.620183 2175012 net.cpp:86] Creating Layer Mconv3_stage2_L2_0_Mprelu3_stage2_L2_0_0_split
I0923 17:58:24.620184 2175012 net.cpp:408] Mconv3_stage2_L2_0_Mprelu3_stage2_L2_0_0_split <- Mconv3_stage2_L2_0
I0923 17:58:24.620186 2175012 net.cpp:382] Mconv3_stage2_L2_0_Mprelu3_stage2_L2_0_0_split -> Mconv3_stage2_L2_0_Mprelu3_stage2_L2_0_0_split_0
I0923 17:58:24.620188 2175012 net.cpp:382] Mconv3_stage2_L2_0_Mprelu3_stage2_L2_0_0_split -> Mconv3_stage2_L2_0_Mprelu3_stage2_L2_0_0_split_1
I0923 17:58:24.620194 2175012 net.cpp:124] Setting up Mconv3_stage2_L2_0_Mprelu3_stage2_L2_0_0_split
I0923 17:58:24.620195 2175012 net.cpp:131] Top shape: 1 128 2 2 (512)
I0923 17:58:24.620196 2175012 net.cpp:131] Top shape: 1 128 2 2 (512)
I0923 17:58:24.620198 2175012 net.cpp:139] Memory required for data: 939776
I0923 17:58:24.620198 2175012 layer_factory.hpp:77] Creating layer Mconv3_stage2_L2_1
I0923 17:58:24.620201 2175012 net.cpp:86] Creating Layer Mconv3_stage2_L2_1
I0923 17:58:24.620203 2175012 net.cpp:408] Mconv3_stage2_L2_1 <- Mconv3_stage2_L2_0_Mprelu3_stage2_L2_0_0_split_0
I0923 17:58:24.620204 2175012 net.cpp:382] Mconv3_stage2_L2_1 -> Mconv3_stage2_L2_1
I0923 17:58:24.628719 2175012 net.cpp:124] Setting up Mconv3_stage2_L2_1
I0923 17:58:24.628723 2175012 net.cpp:131] Top shape: 1 128 2 2 (512)
I0923 17:58:24.628726 2175012 net.cpp:139] Memory required for data: 941824
I0923 17:58:24.628727 2175012 layer_factory.hpp:77] Creating layer Mprelu3_stage2_L2_1
I0923 17:58:24.628729 2175012 net.cpp:86] Creating Layer Mprelu3_stage2_L2_1
I0923 17:58:24.628731 2175012 net.cpp:408] Mprelu3_stage2_L2_1 <- Mconv3_stage2_L2_1
I0923 17:58:24.628733 2175012 net.cpp:369] Mprelu3_stage2_L2_1 -> Mconv3_stage2_L2_1 (in-place)
I0923 17:58:24.628752 2175012 net.cpp:124] Setting up Mprelu3_stage2_L2_1
I0923 17:58:24.628754 2175012 net.cpp:131] Top shape: 1 128 2 2 (512)
I0923 17:58:24.628755 2175012 net.cpp:139] Memory required for data: 943872
I0923 17:58:24.628756 2175012 layer_factory.hpp:77] Creating layer Mconv3_stage2_L2_1_Mprelu3_stage2_L2_1_0_split
I0923 17:58:24.628758 2175012 net.cpp:86] Creating Layer Mconv3_stage2_L2_1_Mprelu3_stage2_L2_1_0_split
I0923 17:58:24.628759 2175012 net.cpp:408] Mconv3_stage2_L2_1_Mprelu3_stage2_L2_1_0_split <- Mconv3_stage2_L2_1
I0923 17:58:24.628760 2175012 net.cpp:382] Mconv3_stage2_L2_1_Mprelu3_stage2_L2_1_0_split -> Mconv3_stage2_L2_1_Mprelu3_stage2_L2_1_0_split_0
I0923 17:58:24.628764 2175012 net.cpp:382] Mconv3_stage2_L2_1_Mprelu3_stage2_L2_1_0_split -> Mconv3_stage2_L2_1_Mprelu3_stage2_L2_1_0_split_1
I0923 17:58:24.628772 2175012 net.cpp:124] Setting up Mconv3_stage2_L2_1_Mprelu3_stage2_L2_1_0_split
I0923 17:58:24.628772 2175012 net.cpp:131] Top shape: 1 128 2 2 (512)
I0923 17:58:24.628774 2175012 net.cpp:131] Top shape: 1 128 2 2 (512)
I0923 17:58:24.628775 2175012 net.cpp:139] Memory required for data: 947968
I0923 17:58:24.628777 2175012 layer_factory.hpp:77] Creating layer Mconv3_stage2_L2_2
I0923 17:58:24.628778 2175012 net.cpp:86] Creating Layer Mconv3_stage2_L2_2
I0923 17:58:24.628779 2175012 net.cpp:408] Mconv3_stage2_L2_2 <- Mconv3_stage2_L2_1_Mprelu3_stage2_L2_1_0_split_0
I0923 17:58:24.628782 2175012 net.cpp:382] Mconv3_stage2_L2_2 -> Mconv3_stage2_L2_2
I0923 17:58:24.637252 2175012 net.cpp:124] Setting up Mconv3_stage2_L2_2
I0923 17:58:24.637257 2175012 net.cpp:131] Top shape: 1 128 2 2 (512)
I0923 17:58:24.637259 2175012 net.cpp:139] Memory required for data: 950016
I0923 17:58:24.637261 2175012 layer_factory.hpp:77] Creating layer Mprelu3_stage2_L2_2
I0923 17:58:24.637264 2175012 net.cpp:86] Creating Layer Mprelu3_stage2_L2_2
I0923 17:58:24.637265 2175012 net.cpp:408] Mprelu3_stage2_L2_2 <- Mconv3_stage2_L2_2
I0923 17:58:24.637267 2175012 net.cpp:369] Mprelu3_stage2_L2_2 -> Mconv3_stage2_L2_2 (in-place)
I0923 17:58:24.637287 2175012 net.cpp:124] Setting up Mprelu3_stage2_L2_2
I0923 17:58:24.637288 2175012 net.cpp:131] Top shape: 1 128 2 2 (512)
I0923 17:58:24.637290 2175012 net.cpp:139] Memory required for data: 952064
I0923 17:58:24.637291 2175012 layer_factory.hpp:77] Creating layer Mconv3_stage2_L2_concat
I0923 17:58:24.637293 2175012 net.cpp:86] Creating Layer Mconv3_stage2_L2_concat
I0923 17:58:24.637295 2175012 net.cpp:408] Mconv3_stage2_L2_concat <- Mconv3_stage2_L2_0_Mprelu3_stage2_L2_0_0_split_1
I0923 17:58:24.637295 2175012 net.cpp:408] Mconv3_stage2_L2_concat <- Mconv3_stage2_L2_1_Mprelu3_stage2_L2_1_0_split_1
I0923 17:58:24.637297 2175012 net.cpp:408] Mconv3_stage2_L2_concat <- Mconv3_stage2_L2_2
I0923 17:58:24.637298 2175012 net.cpp:382] Mconv3_stage2_L2_concat -> Mconv3_stage2_L2_concat
I0923 17:58:24.637303 2175012 net.cpp:124] Setting up Mconv3_stage2_L2_concat
I0923 17:58:24.637305 2175012 net.cpp:131] Top shape: 1 384 2 2 (1536)
I0923 17:58:24.637305 2175012 net.cpp:139] Memory required for data: 958208
I0923 17:58:24.637306 2175012 layer_factory.hpp:77] Creating layer Mconv4_stage2_L2_0
I0923 17:58:24.637310 2175012 net.cpp:86] Creating Layer Mconv4_stage2_L2_0
I0923 17:58:24.637310 2175012 net.cpp:408] Mconv4_stage2_L2_0 <- Mconv3_stage2_L2_concat
I0923 17:58:24.637312 2175012 net.cpp:382] Mconv4_stage2_L2_0 -> Mconv4_stage2_L2_0
I0923 17:58:24.645882 2175012 net.cpp:124] Setting up Mconv4_stage2_L2_0
I0923 17:58:24.645887 2175012 net.cpp:131] Top shape: 1 128 2 2 (512)
I0923 17:58:24.645889 2175012 net.cpp:139] Memory required for data: 960256
I0923 17:58:24.645891 2175012 layer_factory.hpp:77] Creating layer Mprelu4_stage2_L2_0
I0923 17:58:24.645893 2175012 net.cpp:86] Creating Layer Mprelu4_stage2_L2_0
I0923 17:58:24.645895 2175012 net.cpp:408] Mprelu4_stage2_L2_0 <- Mconv4_stage2_L2_0
I0923 17:58:24.645897 2175012 net.cpp:369] Mprelu4_stage2_L2_0 -> Mconv4_stage2_L2_0 (in-place)
I0923 17:58:24.645916 2175012 net.cpp:124] Setting up Mprelu4_stage2_L2_0
I0923 17:58:24.645917 2175012 net.cpp:131] Top shape: 1 128 2 2 (512)
I0923 17:58:24.645918 2175012 net.cpp:139] Memory required for data: 962304
I0923 17:58:24.645919 2175012 layer_factory.hpp:77] Creating layer Mconv4_stage2_L2_0_Mprelu4_stage2_L2_0_0_split
I0923 17:58:24.645921 2175012 net.cpp:86] Creating Layer Mconv4_stage2_L2_0_Mprelu4_stage2_L2_0_0_split
I0923 17:58:24.645922 2175012 net.cpp:408] Mconv4_stage2_L2_0_Mprelu4_stage2_L2_0_0_split <- Mconv4_stage2_L2_0
I0923 17:58:24.645924 2175012 net.cpp:382] Mconv4_stage2_L2_0_Mprelu4_stage2_L2_0_0_split -> Mconv4_stage2_L2_0_Mprelu4_stage2_L2_0_0_split_0
I0923 17:58:24.645926 2175012 net.cpp:382] Mconv4_stage2_L2_0_Mprelu4_stage2_L2_0_0_split -> Mconv4_stage2_L2_0_Mprelu4_stage2_L2_0_0_split_1
I0923 17:58:24.645932 2175012 net.cpp:124] Setting up Mconv4_stage2_L2_0_Mprelu4_stage2_L2_0_0_split
I0923 17:58:24.645933 2175012 net.cpp:131] Top shape: 1 128 2 2 (512)
I0923 17:58:24.645934 2175012 net.cpp:131] Top shape: 1 128 2 2 (512)
I0923 17:58:24.645936 2175012 net.cpp:139] Memory required for data: 966400
I0923 17:58:24.645936 2175012 layer_factory.hpp:77] Creating layer Mconv4_stage2_L2_1
I0923 17:58:24.645939 2175012 net.cpp:86] Creating Layer Mconv4_stage2_L2_1
I0923 17:58:24.645941 2175012 net.cpp:408] Mconv4_stage2_L2_1 <- Mconv4_stage2_L2_0_Mprelu4_stage2_L2_0_0_split_0
I0923 17:58:24.645941 2175012 net.cpp:382] Mconv4_stage2_L2_1 -> Mconv4_stage2_L2_1
I0923 17:58:24.653792 2175012 net.cpp:124] Setting up Mconv4_stage2_L2_1
I0923 17:58:24.653797 2175012 net.cpp:131] Top shape: 1 128 2 2 (512)
I0923 17:58:24.653800 2175012 net.cpp:139] Memory required for data: 968448
I0923 17:58:24.653801 2175012 layer_factory.hpp:77] Creating layer Mprelu4_stage2_L2_1
I0923 17:58:24.653803 2175012 net.cpp:86] Creating Layer Mprelu4_stage2_L2_1
I0923 17:58:24.653805 2175012 net.cpp:408] Mprelu4_stage2_L2_1 <- Mconv4_stage2_L2_1
I0923 17:58:24.653807 2175012 net.cpp:369] Mprelu4_stage2_L2_1 -> Mconv4_stage2_L2_1 (in-place)
I0923 17:58:24.653826 2175012 net.cpp:124] Setting up Mprelu4_stage2_L2_1
I0923 17:58:24.653827 2175012 net.cpp:131] Top shape: 1 128 2 2 (512)
I0923 17:58:24.653828 2175012 net.cpp:139] Memory required for data: 970496
I0923 17:58:24.653829 2175012 layer_factory.hpp:77] Creating layer Mconv4_stage2_L2_1_Mprelu4_stage2_L2_1_0_split
I0923 17:58:24.653831 2175012 net.cpp:86] Creating Layer Mconv4_stage2_L2_1_Mprelu4_stage2_L2_1_0_split
I0923 17:58:24.653832 2175012 net.cpp:408] Mconv4_stage2_L2_1_Mprelu4_stage2_L2_1_0_split <- Mconv4_stage2_L2_1
I0923 17:58:24.653834 2175012 net.cpp:382] Mconv4_stage2_L2_1_Mprelu4_stage2_L2_1_0_split -> Mconv4_stage2_L2_1_Mprelu4_stage2_L2_1_0_split_0
I0923 17:58:24.653836 2175012 net.cpp:382] Mconv4_stage2_L2_1_Mprelu4_stage2_L2_1_0_split -> Mconv4_stage2_L2_1_Mprelu4_stage2_L2_1_0_split_1
I0923 17:58:24.653842 2175012 net.cpp:124] Setting up Mconv4_stage2_L2_1_Mprelu4_stage2_L2_1_0_split
I0923 17:58:24.653843 2175012 net.cpp:131] Top shape: 1 128 2 2 (512)
I0923 17:58:24.653846 2175012 net.cpp:131] Top shape: 1 128 2 2 (512)
I0923 17:58:24.653846 2175012 net.cpp:139] Memory required for data: 974592
I0923 17:58:24.653847 2175012 layer_factory.hpp:77] Creating layer Mconv4_stage2_L2_2
I0923 17:58:24.653849 2175012 net.cpp:86] Creating Layer Mconv4_stage2_L2_2
I0923 17:58:24.653851 2175012 net.cpp:408] Mconv4_stage2_L2_2 <- Mconv4_stage2_L2_1_Mprelu4_stage2_L2_1_0_split_0
I0923 17:58:24.653852 2175012 net.cpp:382] Mconv4_stage2_L2_2 -> Mconv4_stage2_L2_2
I0923 17:58:24.661612 2175012 net.cpp:124] Setting up Mconv4_stage2_L2_2
I0923 17:58:24.661616 2175012 net.cpp:131] Top shape: 1 128 2 2 (512)
I0923 17:58:24.661618 2175012 net.cpp:139] Memory required for data: 976640
I0923 17:58:24.661620 2175012 layer_factory.hpp:77] Creating layer Mprelu4_stage2_L2_2
I0923 17:58:24.661623 2175012 net.cpp:86] Creating Layer Mprelu4_stage2_L2_2
I0923 17:58:24.661623 2175012 net.cpp:408] Mprelu4_stage2_L2_2 <- Mconv4_stage2_L2_2
I0923 17:58:24.661625 2175012 net.cpp:369] Mprelu4_stage2_L2_2 -> Mconv4_stage2_L2_2 (in-place)
I0923 17:58:24.661645 2175012 net.cpp:124] Setting up Mprelu4_stage2_L2_2
I0923 17:58:24.661646 2175012 net.cpp:131] Top shape: 1 128 2 2 (512)
I0923 17:58:24.661648 2175012 net.cpp:139] Memory required for data: 978688
I0923 17:58:24.661648 2175012 layer_factory.hpp:77] Creating layer Mconv4_stage2_L2_concat
I0923 17:58:24.661650 2175012 net.cpp:86] Creating Layer Mconv4_stage2_L2_concat
I0923 17:58:24.661651 2175012 net.cpp:408] Mconv4_stage2_L2_concat <- Mconv4_stage2_L2_0_Mprelu4_stage2_L2_0_0_split_1
I0923 17:58:24.661653 2175012 net.cpp:408] Mconv4_stage2_L2_concat <- Mconv4_stage2_L2_1_Mprelu4_stage2_L2_1_0_split_1
I0923 17:58:24.661654 2175012 net.cpp:408] Mconv4_stage2_L2_concat <- Mconv4_stage2_L2_2
I0923 17:58:24.661655 2175012 net.cpp:382] Mconv4_stage2_L2_concat -> Mconv4_stage2_L2_concat
I0923 17:58:24.661660 2175012 net.cpp:124] Setting up Mconv4_stage2_L2_concat
I0923 17:58:24.661661 2175012 net.cpp:131] Top shape: 1 384 2 2 (1536)
I0923 17:58:24.661662 2175012 net.cpp:139] Memory required for data: 984832
I0923 17:58:24.661664 2175012 layer_factory.hpp:77] Creating layer Mconv5_stage2_L2_0
I0923 17:58:24.661666 2175012 net.cpp:86] Creating Layer Mconv5_stage2_L2_0
I0923 17:58:24.661667 2175012 net.cpp:408] Mconv5_stage2_L2_0 <- Mconv4_stage2_L2_concat
I0923 17:58:24.661669 2175012 net.cpp:382] Mconv5_stage2_L2_0 -> Mconv5_stage2_L2_0
I0923 17:58:24.670809 2175012 net.cpp:124] Setting up Mconv5_stage2_L2_0
I0923 17:58:24.670814 2175012 net.cpp:131] Top shape: 1 128 2 2 (512)
I0923 17:58:24.670816 2175012 net.cpp:139] Memory required for data: 986880
I0923 17:58:24.670818 2175012 layer_factory.hpp:77] Creating layer Mprelu5_stage2_L2_0
I0923 17:58:24.670821 2175012 net.cpp:86] Creating Layer Mprelu5_stage2_L2_0
I0923 17:58:24.670822 2175012 net.cpp:408] Mprelu5_stage2_L2_0 <- Mconv5_stage2_L2_0
I0923 17:58:24.670825 2175012 net.cpp:369] Mprelu5_stage2_L2_0 -> Mconv5_stage2_L2_0 (in-place)
I0923 17:58:24.670845 2175012 net.cpp:124] Setting up Mprelu5_stage2_L2_0
I0923 17:58:24.670846 2175012 net.cpp:131] Top shape: 1 128 2 2 (512)
I0923 17:58:24.670847 2175012 net.cpp:139] Memory required for data: 988928
I0923 17:58:24.670849 2175012 layer_factory.hpp:77] Creating layer Mconv5_stage2_L2_0_Mprelu5_stage2_L2_0_0_split
I0923 17:58:24.670850 2175012 net.cpp:86] Creating Layer Mconv5_stage2_L2_0_Mprelu5_stage2_L2_0_0_split
I0923 17:58:24.670852 2175012 net.cpp:408] Mconv5_stage2_L2_0_Mprelu5_stage2_L2_0_0_split <- Mconv5_stage2_L2_0
I0923 17:58:24.670853 2175012 net.cpp:382] Mconv5_stage2_L2_0_Mprelu5_stage2_L2_0_0_split -> Mconv5_stage2_L2_0_Mprelu5_stage2_L2_0_0_split_0
I0923 17:58:24.670855 2175012 net.cpp:382] Mconv5_stage2_L2_0_Mprelu5_stage2_L2_0_0_split -> Mconv5_stage2_L2_0_Mprelu5_stage2_L2_0_0_split_1
I0923 17:58:24.670862 2175012 net.cpp:124] Setting up Mconv5_stage2_L2_0_Mprelu5_stage2_L2_0_0_split
I0923 17:58:24.670863 2175012 net.cpp:131] Top shape: 1 128 2 2 (512)
I0923 17:58:24.670864 2175012 net.cpp:131] Top shape: 1 128 2 2 (512)
I0923 17:58:24.670866 2175012 net.cpp:139] Memory required for data: 993024
I0923 17:58:24.670866 2175012 layer_factory.hpp:77] Creating layer Mconv5_stage2_L2_1
I0923 17:58:24.670869 2175012 net.cpp:86] Creating Layer Mconv5_stage2_L2_1
I0923 17:58:24.670871 2175012 net.cpp:408] Mconv5_stage2_L2_1 <- Mconv5_stage2_L2_0_Mprelu5_stage2_L2_0_0_split_0
I0923 17:58:24.670871 2175012 net.cpp:382] Mconv5_stage2_L2_1 -> Mconv5_stage2_L2_1
I0923 17:58:24.679551 2175012 net.cpp:124] Setting up Mconv5_stage2_L2_1
I0923 17:58:24.679556 2175012 net.cpp:131] Top shape: 1 128 2 2 (512)
I0923 17:58:24.679558 2175012 net.cpp:139] Memory required for data: 995072
I0923 17:58:24.679560 2175012 layer_factory.hpp:77] Creating layer Mprelu5_stage2_L2_1
I0923 17:58:24.679562 2175012 net.cpp:86] Creating Layer Mprelu5_stage2_L2_1
I0923 17:58:24.679564 2175012 net.cpp:408] Mprelu5_stage2_L2_1 <- Mconv5_stage2_L2_1
I0923 17:58:24.679565 2175012 net.cpp:369] Mprelu5_stage2_L2_1 -> Mconv5_stage2_L2_1 (in-place)
I0923 17:58:24.679585 2175012 net.cpp:124] Setting up Mprelu5_stage2_L2_1
I0923 17:58:24.679586 2175012 net.cpp:131] Top shape: 1 128 2 2 (512)
I0923 17:58:24.679587 2175012 net.cpp:139] Memory required for data: 997120
I0923 17:58:24.679589 2175012 layer_factory.hpp:77] Creating layer Mconv5_stage2_L2_1_Mprelu5_stage2_L2_1_0_split
I0923 17:58:24.679591 2175012 net.cpp:86] Creating Layer Mconv5_stage2_L2_1_Mprelu5_stage2_L2_1_0_split
I0923 17:58:24.679592 2175012 net.cpp:408] Mconv5_stage2_L2_1_Mprelu5_stage2_L2_1_0_split <- Mconv5_stage2_L2_1
I0923 17:58:24.679593 2175012 net.cpp:382] Mconv5_stage2_L2_1_Mprelu5_stage2_L2_1_0_split -> Mconv5_stage2_L2_1_Mprelu5_stage2_L2_1_0_split_0
I0923 17:58:24.679595 2175012 net.cpp:382] Mconv5_stage2_L2_1_Mprelu5_stage2_L2_1_0_split -> Mconv5_stage2_L2_1_Mprelu5_stage2_L2_1_0_split_1
I0923 17:58:24.679602 2175012 net.cpp:124] Setting up Mconv5_stage2_L2_1_Mprelu5_stage2_L2_1_0_split
I0923 17:58:24.679603 2175012 net.cpp:131] Top shape: 1 128 2 2 (512)
I0923 17:58:24.679605 2175012 net.cpp:131] Top shape: 1 128 2 2 (512)
I0923 17:58:24.679605 2175012 net.cpp:139] Memory required for data: 1001216
I0923 17:58:24.679606 2175012 layer_factory.hpp:77] Creating layer Mconv5_stage2_L2_2
I0923 17:58:24.679610 2175012 net.cpp:86] Creating Layer Mconv5_stage2_L2_2
I0923 17:58:24.679610 2175012 net.cpp:408] Mconv5_stage2_L2_2 <- Mconv5_stage2_L2_1_Mprelu5_stage2_L2_1_0_split_0
I0923 17:58:24.679611 2175012 net.cpp:382] Mconv5_stage2_L2_2 -> Mconv5_stage2_L2_2
I0923 17:58:24.687793 2175012 net.cpp:124] Setting up Mconv5_stage2_L2_2
I0923 17:58:24.687798 2175012 net.cpp:131] Top shape: 1 128 2 2 (512)
I0923 17:58:24.687800 2175012 net.cpp:139] Memory required for data: 1003264
I0923 17:58:24.687803 2175012 layer_factory.hpp:77] Creating layer Mprelu5_stage2_L2_2
I0923 17:58:24.687804 2175012 net.cpp:86] Creating Layer Mprelu5_stage2_L2_2
I0923 17:58:24.687805 2175012 net.cpp:408] Mprelu5_stage2_L2_2 <- Mconv5_stage2_L2_2
I0923 17:58:24.687808 2175012 net.cpp:369] Mprelu5_stage2_L2_2 -> Mconv5_stage2_L2_2 (in-place)
I0923 17:58:24.687826 2175012 net.cpp:124] Setting up Mprelu5_stage2_L2_2
I0923 17:58:24.687827 2175012 net.cpp:131] Top shape: 1 128 2 2 (512)
I0923 17:58:24.687829 2175012 net.cpp:139] Memory required for data: 1005312
I0923 17:58:24.687829 2175012 layer_factory.hpp:77] Creating layer Mconv5_stage2_L2_concat
I0923 17:58:24.687831 2175012 net.cpp:86] Creating Layer Mconv5_stage2_L2_concat
I0923 17:58:24.687832 2175012 net.cpp:408] Mconv5_stage2_L2_concat <- Mconv5_stage2_L2_0_Mprelu5_stage2_L2_0_0_split_1
I0923 17:58:24.687834 2175012 net.cpp:408] Mconv5_stage2_L2_concat <- Mconv5_stage2_L2_1_Mprelu5_stage2_L2_1_0_split_1
I0923 17:58:24.687835 2175012 net.cpp:408] Mconv5_stage2_L2_concat <- Mconv5_stage2_L2_2
I0923 17:58:24.687836 2175012 net.cpp:382] Mconv5_stage2_L2_concat -> Mconv5_stage2_L2_concat
I0923 17:58:24.687841 2175012 net.cpp:124] Setting up Mconv5_stage2_L2_concat
I0923 17:58:24.687842 2175012 net.cpp:131] Top shape: 1 384 2 2 (1536)
I0923 17:58:24.687844 2175012 net.cpp:139] Memory required for data: 1011456
I0923 17:58:24.687844 2175012 layer_factory.hpp:77] Creating layer Mconv6_stage2_L2
I0923 17:58:24.687846 2175012 net.cpp:86] Creating Layer Mconv6_stage2_L2
I0923 17:58:24.687847 2175012 net.cpp:408] Mconv6_stage2_L2 <- Mconv5_stage2_L2_concat
I0923 17:58:24.687849 2175012 net.cpp:382] Mconv6_stage2_L2 -> Mconv6_stage2_L2
I0923 17:58:24.695716 2175012 net.cpp:124] Setting up Mconv6_stage2_L2
I0923 17:58:24.695721 2175012 net.cpp:131] Top shape: 1 512 2 2 (2048)
I0923 17:58:24.695724 2175012 net.cpp:139] Memory required for data: 1019648
I0923 17:58:24.695725 2175012 layer_factory.hpp:77] Creating layer Mprelu6_stage2_L2
I0923 17:58:24.695729 2175012 net.cpp:86] Creating Layer Mprelu6_stage2_L2
I0923 17:58:24.695730 2175012 net.cpp:408] Mprelu6_stage2_L2 <- Mconv6_stage2_L2
I0923 17:58:24.695731 2175012 net.cpp:369] Mprelu6_stage2_L2 -> Mconv6_stage2_L2 (in-place)
I0923 17:58:24.695751 2175012 net.cpp:124] Setting up Mprelu6_stage2_L2
I0923 17:58:24.695752 2175012 net.cpp:131] Top shape: 1 512 2 2 (2048)
I0923 17:58:24.695753 2175012 net.cpp:139] Memory required for data: 1027840
I0923 17:58:24.695755 2175012 layer_factory.hpp:77] Creating layer Mconv7_stage2_L2
I0923 17:58:24.695757 2175012 net.cpp:86] Creating Layer Mconv7_stage2_L2
I0923 17:58:24.695758 2175012 net.cpp:408] Mconv7_stage2_L2 <- Mconv6_stage2_L2
I0923 17:58:24.695760 2175012 net.cpp:382] Mconv7_stage2_L2 -> Mconv7_stage2_L2
I0923 17:58:24.703404 2175012 net.cpp:124] Setting up Mconv7_stage2_L2
I0923 17:58:24.703409 2175012 net.cpp:131] Top shape: 1 52 2 2 (208)
I0923 17:58:24.703411 2175012 net.cpp:139] Memory required for data: 1028672
I0923 17:58:24.703413 2175012 layer_factory.hpp:77] Creating layer concat_stage3_L2
I0923 17:58:24.703415 2175012 net.cpp:86] Creating Layer concat_stage3_L2
I0923 17:58:24.703418 2175012 net.cpp:408] concat_stage3_L2 <- conv4_4_CPM_prelu4_4_CPM_0_split_3
I0923 17:58:24.703419 2175012 net.cpp:408] concat_stage3_L2 <- Mconv7_stage2_L2
I0923 17:58:24.703421 2175012 net.cpp:382] concat_stage3_L2 -> concat_stage3_L2
I0923 17:58:24.703429 2175012 net.cpp:124] Setting up concat_stage3_L2
I0923 17:58:24.703430 2175012 net.cpp:131] Top shape: 1 180 2 2 (720)
I0923 17:58:24.703433 2175012 net.cpp:139] Memory required for data: 1031552
I0923 17:58:24.703433 2175012 layer_factory.hpp:77] Creating layer Mconv1_stage3_L2_0
I0923 17:58:24.703435 2175012 net.cpp:86] Creating Layer Mconv1_stage3_L2_0
I0923 17:58:24.703436 2175012 net.cpp:408] Mconv1_stage3_L2_0 <- concat_stage3_L2
I0923 17:58:24.703439 2175012 net.cpp:382] Mconv1_stage3_L2_0 -> Mconv1_stage3_L2_0
I0923 17:58:24.718345 2175012 net.cpp:124] Setting up Mconv1_stage3_L2_0
I0923 17:58:24.718350 2175012 net.cpp:131] Top shape: 1 128 2 2 (512)
I0923 17:58:24.718353 2175012 net.cpp:139] Memory required for data: 1033600
I0923 17:58:24.718354 2175012 layer_factory.hpp:77] Creating layer Mprelu1_stage3_L2_0
I0923 17:58:24.718356 2175012 net.cpp:86] Creating Layer Mprelu1_stage3_L2_0
I0923 17:58:24.718358 2175012 net.cpp:408] Mprelu1_stage3_L2_0 <- Mconv1_stage3_L2_0
I0923 17:58:24.718360 2175012 net.cpp:369] Mprelu1_stage3_L2_0 -> Mconv1_stage3_L2_0 (in-place)
I0923 17:58:24.718380 2175012 net.cpp:124] Setting up Mprelu1_stage3_L2_0
I0923 17:58:24.718381 2175012 net.cpp:131] Top shape: 1 128 2 2 (512)
I0923 17:58:24.718384 2175012 net.cpp:139] Memory required for data: 1035648
I0923 17:58:24.718384 2175012 layer_factory.hpp:77] Creating layer Mconv1_stage3_L2_0_Mprelu1_stage3_L2_0_0_split
I0923 17:58:24.718386 2175012 net.cpp:86] Creating Layer Mconv1_stage3_L2_0_Mprelu1_stage3_L2_0_0_split
I0923 17:58:24.718387 2175012 net.cpp:408] Mconv1_stage3_L2_0_Mprelu1_stage3_L2_0_0_split <- Mconv1_stage3_L2_0
I0923 17:58:24.718389 2175012 net.cpp:382] Mconv1_stage3_L2_0_Mprelu1_stage3_L2_0_0_split -> Mconv1_stage3_L2_0_Mprelu1_stage3_L2_0_0_split_0
I0923 17:58:24.718391 2175012 net.cpp:382] Mconv1_stage3_L2_0_Mprelu1_stage3_L2_0_0_split -> Mconv1_stage3_L2_0_Mprelu1_stage3_L2_0_0_split_1
I0923 17:58:24.718398 2175012 net.cpp:124] Setting up Mconv1_stage3_L2_0_Mprelu1_stage3_L2_0_0_split
I0923 17:58:24.718400 2175012 net.cpp:131] Top shape: 1 128 2 2 (512)
I0923 17:58:24.718400 2175012 net.cpp:131] Top shape: 1 128 2 2 (512)
I0923 17:58:24.718401 2175012 net.cpp:139] Memory required for data: 1039744
I0923 17:58:24.718402 2175012 layer_factory.hpp:77] Creating layer Mconv1_stage3_L2_1
I0923 17:58:24.718405 2175012 net.cpp:86] Creating Layer Mconv1_stage3_L2_1
I0923 17:58:24.718406 2175012 net.cpp:408] Mconv1_stage3_L2_1 <- Mconv1_stage3_L2_0_Mprelu1_stage3_L2_0_0_split_0
I0923 17:58:24.718407 2175012 net.cpp:382] Mconv1_stage3_L2_1 -> Mconv1_stage3_L2_1
I0923 17:58:24.726259 2175012 net.cpp:124] Setting up Mconv1_stage3_L2_1
I0923 17:58:24.726264 2175012 net.cpp:131] Top shape: 1 128 2 2 (512)
I0923 17:58:24.726266 2175012 net.cpp:139] Memory required for data: 1041792
I0923 17:58:24.726269 2175012 layer_factory.hpp:77] Creating layer Mprelu1_stage3_L2_1
I0923 17:58:24.726271 2175012 net.cpp:86] Creating Layer Mprelu1_stage3_L2_1
I0923 17:58:24.726272 2175012 net.cpp:408] Mprelu1_stage3_L2_1 <- Mconv1_stage3_L2_1
I0923 17:58:24.726274 2175012 net.cpp:369] Mprelu1_stage3_L2_1 -> Mconv1_stage3_L2_1 (in-place)
I0923 17:58:24.726294 2175012 net.cpp:124] Setting up Mprelu1_stage3_L2_1
I0923 17:58:24.726295 2175012 net.cpp:131] Top shape: 1 128 2 2 (512)
I0923 17:58:24.726296 2175012 net.cpp:139] Memory required for data: 1043840
I0923 17:58:24.726297 2175012 layer_factory.hpp:77] Creating layer Mconv1_stage3_L2_1_Mprelu1_stage3_L2_1_0_split
I0923 17:58:24.726300 2175012 net.cpp:86] Creating Layer Mconv1_stage3_L2_1_Mprelu1_stage3_L2_1_0_split
I0923 17:58:24.726301 2175012 net.cpp:408] Mconv1_stage3_L2_1_Mprelu1_stage3_L2_1_0_split <- Mconv1_stage3_L2_1
I0923 17:58:24.726302 2175012 net.cpp:382] Mconv1_stage3_L2_1_Mprelu1_stage3_L2_1_0_split -> Mconv1_stage3_L2_1_Mprelu1_stage3_L2_1_0_split_0
I0923 17:58:24.726305 2175012 net.cpp:382] Mconv1_stage3_L2_1_Mprelu1_stage3_L2_1_0_split -> Mconv1_stage3_L2_1_Mprelu1_stage3_L2_1_0_split_1
I0923 17:58:24.726311 2175012 net.cpp:124] Setting up Mconv1_stage3_L2_1_Mprelu1_stage3_L2_1_0_split
I0923 17:58:24.726312 2175012 net.cpp:131] Top shape: 1 128 2 2 (512)
I0923 17:58:24.726313 2175012 net.cpp:131] Top shape: 1 128 2 2 (512)
I0923 17:58:24.726315 2175012 net.cpp:139] Memory required for data: 1047936
I0923 17:58:24.726315 2175012 layer_factory.hpp:77] Creating layer Mconv1_stage3_L2_2
I0923 17:58:24.726318 2175012 net.cpp:86] Creating Layer Mconv1_stage3_L2_2
I0923 17:58:24.726320 2175012 net.cpp:408] Mconv1_stage3_L2_2 <- Mconv1_stage3_L2_1_Mprelu1_stage3_L2_1_0_split_0
I0923 17:58:24.726321 2175012 net.cpp:382] Mconv1_stage3_L2_2 -> Mconv1_stage3_L2_2
I0923 17:58:24.734091 2175012 net.cpp:124] Setting up Mconv1_stage3_L2_2
I0923 17:58:24.734097 2175012 net.cpp:131] Top shape: 1 128 2 2 (512)
I0923 17:58:24.734098 2175012 net.cpp:139] Memory required for data: 1049984
I0923 17:58:24.734100 2175012 layer_factory.hpp:77] Creating layer Mprelu1_stage3_L2_2
I0923 17:58:24.734102 2175012 net.cpp:86] Creating Layer Mprelu1_stage3_L2_2
I0923 17:58:24.734104 2175012 net.cpp:408] Mprelu1_stage3_L2_2 <- Mconv1_stage3_L2_2
I0923 17:58:24.734107 2175012 net.cpp:369] Mprelu1_stage3_L2_2 -> Mconv1_stage3_L2_2 (in-place)
I0923 17:58:24.734126 2175012 net.cpp:124] Setting up Mprelu1_stage3_L2_2
I0923 17:58:24.734127 2175012 net.cpp:131] Top shape: 1 128 2 2 (512)
I0923 17:58:24.734128 2175012 net.cpp:139] Memory required for data: 1052032
I0923 17:58:24.734129 2175012 layer_factory.hpp:77] Creating layer Mconv1_stage3_L2_concat
I0923 17:58:24.734133 2175012 net.cpp:86] Creating Layer Mconv1_stage3_L2_concat
I0923 17:58:24.734133 2175012 net.cpp:408] Mconv1_stage3_L2_concat <- Mconv1_stage3_L2_0_Mprelu1_stage3_L2_0_0_split_1
I0923 17:58:24.734134 2175012 net.cpp:408] Mconv1_stage3_L2_concat <- Mconv1_stage3_L2_1_Mprelu1_stage3_L2_1_0_split_1
I0923 17:58:24.734135 2175012 net.cpp:408] Mconv1_stage3_L2_concat <- Mconv1_stage3_L2_2
I0923 17:58:24.734138 2175012 net.cpp:382] Mconv1_stage3_L2_concat -> Mconv1_stage3_L2_concat
I0923 17:58:24.734143 2175012 net.cpp:124] Setting up Mconv1_stage3_L2_concat
I0923 17:58:24.734143 2175012 net.cpp:131] Top shape: 1 384 2 2 (1536)
I0923 17:58:24.734145 2175012 net.cpp:139] Memory required for data: 1058176
I0923 17:58:24.734146 2175012 layer_factory.hpp:77] Creating layer Mconv2_stage3_L2_0
I0923 17:58:24.734153 2175012 net.cpp:86] Creating Layer Mconv2_stage3_L2_0
I0923 17:58:24.734154 2175012 net.cpp:408] Mconv2_stage3_L2_0 <- Mconv1_stage3_L2_concat
I0923 17:58:24.734157 2175012 net.cpp:382] Mconv2_stage3_L2_0 -> Mconv2_stage3_L2_0
I0923 17:58:24.742869 2175012 net.cpp:124] Setting up Mconv2_stage3_L2_0
I0923 17:58:24.742874 2175012 net.cpp:131] Top shape: 1 128 2 2 (512)
I0923 17:58:24.742877 2175012 net.cpp:139] Memory required for data: 1060224
I0923 17:58:24.742878 2175012 layer_factory.hpp:77] Creating layer Mprelu2_stage3_L2_0
I0923 17:58:24.742880 2175012 net.cpp:86] Creating Layer Mprelu2_stage3_L2_0
I0923 17:58:24.742882 2175012 net.cpp:408] Mprelu2_stage3_L2_0 <- Mconv2_stage3_L2_0
I0923 17:58:24.742884 2175012 net.cpp:369] Mprelu2_stage3_L2_0 -> Mconv2_stage3_L2_0 (in-place)
I0923 17:58:24.742904 2175012 net.cpp:124] Setting up Mprelu2_stage3_L2_0
I0923 17:58:24.742905 2175012 net.cpp:131] Top shape: 1 128 2 2 (512)
I0923 17:58:24.742906 2175012 net.cpp:139] Memory required for data: 1062272
I0923 17:58:24.742908 2175012 layer_factory.hpp:77] Creating layer Mconv2_stage3_L2_0_Mprelu2_stage3_L2_0_0_split
I0923 17:58:24.742910 2175012 net.cpp:86] Creating Layer Mconv2_stage3_L2_0_Mprelu2_stage3_L2_0_0_split
I0923 17:58:24.742911 2175012 net.cpp:408] Mconv2_stage3_L2_0_Mprelu2_stage3_L2_0_0_split <- Mconv2_stage3_L2_0
I0923 17:58:24.742913 2175012 net.cpp:382] Mconv2_stage3_L2_0_Mprelu2_stage3_L2_0_0_split -> Mconv2_stage3_L2_0_Mprelu2_stage3_L2_0_0_split_0
I0923 17:58:24.742915 2175012 net.cpp:382] Mconv2_stage3_L2_0_Mprelu2_stage3_L2_0_0_split -> Mconv2_stage3_L2_0_Mprelu2_stage3_L2_0_0_split_1
I0923 17:58:24.742923 2175012 net.cpp:124] Setting up Mconv2_stage3_L2_0_Mprelu2_stage3_L2_0_0_split
I0923 17:58:24.742923 2175012 net.cpp:131] Top shape: 1 128 2 2 (512)
I0923 17:58:24.742924 2175012 net.cpp:131] Top shape: 1 128 2 2 (512)
I0923 17:58:24.742925 2175012 net.cpp:139] Memory required for data: 1066368
I0923 17:58:24.742926 2175012 layer_factory.hpp:77] Creating layer Mconv2_stage3_L2_1
I0923 17:58:24.742928 2175012 net.cpp:86] Creating Layer Mconv2_stage3_L2_1
I0923 17:58:24.742929 2175012 net.cpp:408] Mconv2_stage3_L2_1 <- Mconv2_stage3_L2_0_Mprelu2_stage3_L2_0_0_split_0
I0923 17:58:24.742931 2175012 net.cpp:382] Mconv2_stage3_L2_1 -> Mconv2_stage3_L2_1
I0923 17:58:24.751646 2175012 net.cpp:124] Setting up Mconv2_stage3_L2_1
I0923 17:58:24.751652 2175012 net.cpp:131] Top shape: 1 128 2 2 (512)
I0923 17:58:24.751653 2175012 net.cpp:139] Memory required for data: 1068416
I0923 17:58:24.751655 2175012 layer_factory.hpp:77] Creating layer Mprelu2_stage3_L2_1
I0923 17:58:24.751657 2175012 net.cpp:86] Creating Layer Mprelu2_stage3_L2_1
I0923 17:58:24.751659 2175012 net.cpp:408] Mprelu2_stage3_L2_1 <- Mconv2_stage3_L2_1
I0923 17:58:24.751662 2175012 net.cpp:369] Mprelu2_stage3_L2_1 -> Mconv2_stage3_L2_1 (in-place)
I0923 17:58:24.751682 2175012 net.cpp:124] Setting up Mprelu2_stage3_L2_1
I0923 17:58:24.751683 2175012 net.cpp:131] Top shape: 1 128 2 2 (512)
I0923 17:58:24.751684 2175012 net.cpp:139] Memory required for data: 1070464
I0923 17:58:24.751686 2175012 layer_factory.hpp:77] Creating layer Mconv2_stage3_L2_1_Mprelu2_stage3_L2_1_0_split
I0923 17:58:24.751688 2175012 net.cpp:86] Creating Layer Mconv2_stage3_L2_1_Mprelu2_stage3_L2_1_0_split
I0923 17:58:24.751689 2175012 net.cpp:408] Mconv2_stage3_L2_1_Mprelu2_stage3_L2_1_0_split <- Mconv2_stage3_L2_1
I0923 17:58:24.751690 2175012 net.cpp:382] Mconv2_stage3_L2_1_Mprelu2_stage3_L2_1_0_split -> Mconv2_stage3_L2_1_Mprelu2_stage3_L2_1_0_split_0
I0923 17:58:24.751693 2175012 net.cpp:382] Mconv2_stage3_L2_1_Mprelu2_stage3_L2_1_0_split -> Mconv2_stage3_L2_1_Mprelu2_stage3_L2_1_0_split_1
I0923 17:58:24.751699 2175012 net.cpp:124] Setting up Mconv2_stage3_L2_1_Mprelu2_stage3_L2_1_0_split
I0923 17:58:24.751700 2175012 net.cpp:131] Top shape: 1 128 2 2 (512)
I0923 17:58:24.751701 2175012 net.cpp:131] Top shape: 1 128 2 2 (512)
I0923 17:58:24.751703 2175012 net.cpp:139] Memory required for data: 1074560
I0923 17:58:24.751703 2175012 layer_factory.hpp:77] Creating layer Mconv2_stage3_L2_2
I0923 17:58:24.751706 2175012 net.cpp:86] Creating Layer Mconv2_stage3_L2_2
I0923 17:58:24.751708 2175012 net.cpp:408] Mconv2_stage3_L2_2 <- Mconv2_stage3_L2_1_Mprelu2_stage3_L2_1_0_split_0
I0923 17:58:24.751709 2175012 net.cpp:382] Mconv2_stage3_L2_2 -> Mconv2_stage3_L2_2
I0923 17:58:24.759491 2175012 net.cpp:124] Setting up Mconv2_stage3_L2_2
I0923 17:58:24.759495 2175012 net.cpp:131] Top shape: 1 128 2 2 (512)
I0923 17:58:24.759497 2175012 net.cpp:139] Memory required for data: 1076608
I0923 17:58:24.759500 2175012 layer_factory.hpp:77] Creating layer Mprelu2_stage3_L2_2
I0923 17:58:24.759502 2175012 net.cpp:86] Creating Layer Mprelu2_stage3_L2_2
I0923 17:58:24.759503 2175012 net.cpp:408] Mprelu2_stage3_L2_2 <- Mconv2_stage3_L2_2
I0923 17:58:24.759505 2175012 net.cpp:369] Mprelu2_stage3_L2_2 -> Mconv2_stage3_L2_2 (in-place)
I0923 17:58:24.759526 2175012 net.cpp:124] Setting up Mprelu2_stage3_L2_2
I0923 17:58:24.759526 2175012 net.cpp:131] Top shape: 1 128 2 2 (512)
I0923 17:58:24.759527 2175012 net.cpp:139] Memory required for data: 1078656
I0923 17:58:24.759529 2175012 layer_factory.hpp:77] Creating layer Mconv2_stage3_L2_concat
I0923 17:58:24.759531 2175012 net.cpp:86] Creating Layer Mconv2_stage3_L2_concat
I0923 17:58:24.759532 2175012 net.cpp:408] Mconv2_stage3_L2_concat <- Mconv2_stage3_L2_0_Mprelu2_stage3_L2_0_0_split_1
I0923 17:58:24.759534 2175012 net.cpp:408] Mconv2_stage3_L2_concat <- Mconv2_stage3_L2_1_Mprelu2_stage3_L2_1_0_split_1
I0923 17:58:24.759536 2175012 net.cpp:408] Mconv2_stage3_L2_concat <- Mconv2_stage3_L2_2
I0923 17:58:24.759537 2175012 net.cpp:382] Mconv2_stage3_L2_concat -> Mconv2_stage3_L2_concat
I0923 17:58:24.759541 2175012 net.cpp:124] Setting up Mconv2_stage3_L2_concat
I0923 17:58:24.759543 2175012 net.cpp:131] Top shape: 1 384 2 2 (1536)
I0923 17:58:24.759544 2175012 net.cpp:139] Memory required for data: 1084800
I0923 17:58:24.759545 2175012 layer_factory.hpp:77] Creating layer Mconv3_stage3_L2_0
I0923 17:58:24.759548 2175012 net.cpp:86] Creating Layer Mconv3_stage3_L2_0
I0923 17:58:24.759549 2175012 net.cpp:408] Mconv3_stage3_L2_0 <- Mconv2_stage3_L2_concat
I0923 17:58:24.759552 2175012 net.cpp:382] Mconv3_stage3_L2_0 -> Mconv3_stage3_L2_0
I0923 17:58:24.768863 2175012 net.cpp:124] Setting up Mconv3_stage3_L2_0
I0923 17:58:24.768868 2175012 net.cpp:131] Top shape: 1 128 2 2 (512)
I0923 17:58:24.768870 2175012 net.cpp:139] Memory required for data: 1086848
I0923 17:58:24.768872 2175012 layer_factory.hpp:77] Creating layer Mprelu3_stage3_L2_0
I0923 17:58:24.768874 2175012 net.cpp:86] Creating Layer Mprelu3_stage3_L2_0
I0923 17:58:24.768877 2175012 net.cpp:408] Mprelu3_stage3_L2_0 <- Mconv3_stage3_L2_0
I0923 17:58:24.768878 2175012 net.cpp:369] Mprelu3_stage3_L2_0 -> Mconv3_stage3_L2_0 (in-place)
I0923 17:58:24.768898 2175012 net.cpp:124] Setting up Mprelu3_stage3_L2_0
I0923 17:58:24.768898 2175012 net.cpp:131] Top shape: 1 128 2 2 (512)
I0923 17:58:24.768899 2175012 net.cpp:139] Memory required for data: 1088896
I0923 17:58:24.768901 2175012 layer_factory.hpp:77] Creating layer Mconv3_stage3_L2_0_Mprelu3_stage3_L2_0_0_split
I0923 17:58:24.768903 2175012 net.cpp:86] Creating Layer Mconv3_stage3_L2_0_Mprelu3_stage3_L2_0_0_split
I0923 17:58:24.768904 2175012 net.cpp:408] Mconv3_stage3_L2_0_Mprelu3_stage3_L2_0_0_split <- Mconv3_stage3_L2_0
I0923 17:58:24.768905 2175012 net.cpp:382] Mconv3_stage3_L2_0_Mprelu3_stage3_L2_0_0_split -> Mconv3_stage3_L2_0_Mprelu3_stage3_L2_0_0_split_0
I0923 17:58:24.768908 2175012 net.cpp:382] Mconv3_stage3_L2_0_Mprelu3_stage3_L2_0_0_split -> Mconv3_stage3_L2_0_Mprelu3_stage3_L2_0_0_split_1
I0923 17:58:24.768914 2175012 net.cpp:124] Setting up Mconv3_stage3_L2_0_Mprelu3_stage3_L2_0_0_split
I0923 17:58:24.768915 2175012 net.cpp:131] Top shape: 1 128 2 2 (512)
I0923 17:58:24.768916 2175012 net.cpp:131] Top shape: 1 128 2 2 (512)
I0923 17:58:24.768918 2175012 net.cpp:139] Memory required for data: 1092992
I0923 17:58:24.768918 2175012 layer_factory.hpp:77] Creating layer Mconv3_stage3_L2_1
I0923 17:58:24.768921 2175012 net.cpp:86] Creating Layer Mconv3_stage3_L2_1
I0923 17:58:24.768922 2175012 net.cpp:408] Mconv3_stage3_L2_1 <- Mconv3_stage3_L2_0_Mprelu3_stage3_L2_0_0_split_0
I0923 17:58:24.768924 2175012 net.cpp:382] Mconv3_stage3_L2_1 -> Mconv3_stage3_L2_1
I0923 17:58:24.776499 2175012 net.cpp:124] Setting up Mconv3_stage3_L2_1
I0923 17:58:24.776503 2175012 net.cpp:131] Top shape: 1 128 2 2 (512)
I0923 17:58:24.776504 2175012 net.cpp:139] Memory required for data: 1095040
I0923 17:58:24.776506 2175012 layer_factory.hpp:77] Creating layer Mprelu3_stage3_L2_1
I0923 17:58:24.776510 2175012 net.cpp:86] Creating Layer Mprelu3_stage3_L2_1
I0923 17:58:24.776511 2175012 net.cpp:408] Mprelu3_stage3_L2_1 <- Mconv3_stage3_L2_1
I0923 17:58:24.776513 2175012 net.cpp:369] Mprelu3_stage3_L2_1 -> Mconv3_stage3_L2_1 (in-place)
I0923 17:58:24.776536 2175012 net.cpp:124] Setting up Mprelu3_stage3_L2_1
I0923 17:58:24.776537 2175012 net.cpp:131] Top shape: 1 128 2 2 (512)
I0923 17:58:24.776538 2175012 net.cpp:139] Memory required for data: 1097088
I0923 17:58:24.776539 2175012 layer_factory.hpp:77] Creating layer Mconv3_stage3_L2_1_Mprelu3_stage3_L2_1_0_split
I0923 17:58:24.776542 2175012 net.cpp:86] Creating Layer Mconv3_stage3_L2_1_Mprelu3_stage3_L2_1_0_split
I0923 17:58:24.776543 2175012 net.cpp:408] Mconv3_stage3_L2_1_Mprelu3_stage3_L2_1_0_split <- Mconv3_stage3_L2_1
I0923 17:58:24.776544 2175012 net.cpp:382] Mconv3_stage3_L2_1_Mprelu3_stage3_L2_1_0_split -> Mconv3_stage3_L2_1_Mprelu3_stage3_L2_1_0_split_0
I0923 17:58:24.776546 2175012 net.cpp:382] Mconv3_stage3_L2_1_Mprelu3_stage3_L2_1_0_split -> Mconv3_stage3_L2_1_Mprelu3_stage3_L2_1_0_split_1
I0923 17:58:24.776554 2175012 net.cpp:124] Setting up Mconv3_stage3_L2_1_Mprelu3_stage3_L2_1_0_split
I0923 17:58:24.776556 2175012 net.cpp:131] Top shape: 1 128 2 2 (512)
I0923 17:58:24.776556 2175012 net.cpp:131] Top shape: 1 128 2 2 (512)
I0923 17:58:24.776557 2175012 net.cpp:139] Memory required for data: 1101184
I0923 17:58:24.776558 2175012 layer_factory.hpp:77] Creating layer Mconv3_stage3_L2_2
I0923 17:58:24.776561 2175012 net.cpp:86] Creating Layer Mconv3_stage3_L2_2
I0923 17:58:24.776561 2175012 net.cpp:408] Mconv3_stage3_L2_2 <- Mconv3_stage3_L2_1_Mprelu3_stage3_L2_1_0_split_0
I0923 17:58:24.776563 2175012 net.cpp:382] Mconv3_stage3_L2_2 -> Mconv3_stage3_L2_2
I0923 17:58:24.786167 2175012 net.cpp:124] Setting up Mconv3_stage3_L2_2
I0923 17:58:24.786172 2175012 net.cpp:131] Top shape: 1 128 2 2 (512)
I0923 17:58:24.786175 2175012 net.cpp:139] Memory required for data: 1103232
I0923 17:58:24.786176 2175012 layer_factory.hpp:77] Creating layer Mprelu3_stage3_L2_2
I0923 17:58:24.786178 2175012 net.cpp:86] Creating Layer Mprelu3_stage3_L2_2
I0923 17:58:24.786180 2175012 net.cpp:408] Mprelu3_stage3_L2_2 <- Mconv3_stage3_L2_2
I0923 17:58:24.786182 2175012 net.cpp:369] Mprelu3_stage3_L2_2 -> Mconv3_stage3_L2_2 (in-place)
I0923 17:58:24.786202 2175012 net.cpp:124] Setting up Mprelu3_stage3_L2_2
I0923 17:58:24.786203 2175012 net.cpp:131] Top shape: 1 128 2 2 (512)
I0923 17:58:24.786204 2175012 net.cpp:139] Memory required for data: 1105280
I0923 17:58:24.786206 2175012 layer_factory.hpp:77] Creating layer Mconv3_stage3_L2_concat
I0923 17:58:24.786207 2175012 net.cpp:86] Creating Layer Mconv3_stage3_L2_concat
I0923 17:58:24.786209 2175012 net.cpp:408] Mconv3_stage3_L2_concat <- Mconv3_stage3_L2_0_Mprelu3_stage3_L2_0_0_split_1
I0923 17:58:24.786211 2175012 net.cpp:408] Mconv3_stage3_L2_concat <- Mconv3_stage3_L2_1_Mprelu3_stage3_L2_1_0_split_1
I0923 17:58:24.786211 2175012 net.cpp:408] Mconv3_stage3_L2_concat <- Mconv3_stage3_L2_2
I0923 17:58:24.786213 2175012 net.cpp:382] Mconv3_stage3_L2_concat -> Mconv3_stage3_L2_concat
I0923 17:58:24.786217 2175012 net.cpp:124] Setting up Mconv3_stage3_L2_concat
I0923 17:58:24.786218 2175012 net.cpp:131] Top shape: 1 384 2 2 (1536)
I0923 17:58:24.786221 2175012 net.cpp:139] Memory required for data: 1111424
I0923 17:58:24.786221 2175012 layer_factory.hpp:77] Creating layer Mconv4_stage3_L2_0
I0923 17:58:24.786224 2175012 net.cpp:86] Creating Layer Mconv4_stage3_L2_0
I0923 17:58:24.786226 2175012 net.cpp:408] Mconv4_stage3_L2_0 <- Mconv3_stage3_L2_concat
I0923 17:58:24.786228 2175012 net.cpp:382] Mconv4_stage3_L2_0 -> Mconv4_stage3_L2_0
I0923 17:58:24.795570 2175012 net.cpp:124] Setting up Mconv4_stage3_L2_0
I0923 17:58:24.795574 2175012 net.cpp:131] Top shape: 1 128 2 2 (512)
I0923 17:58:24.795576 2175012 net.cpp:139] Memory required for data: 1113472
I0923 17:58:24.795578 2175012 layer_factory.hpp:77] Creating layer Mprelu4_stage3_L2_0
I0923 17:58:24.795581 2175012 net.cpp:86] Creating Layer Mprelu4_stage3_L2_0
I0923 17:58:24.795583 2175012 net.cpp:408] Mprelu4_stage3_L2_0 <- Mconv4_stage3_L2_0
I0923 17:58:24.795584 2175012 net.cpp:369] Mprelu4_stage3_L2_0 -> Mconv4_stage3_L2_0 (in-place)
I0923 17:58:24.795604 2175012 net.cpp:124] Setting up Mprelu4_stage3_L2_0
I0923 17:58:24.795605 2175012 net.cpp:131] Top shape: 1 128 2 2 (512)
I0923 17:58:24.795606 2175012 net.cpp:139] Memory required for data: 1115520
I0923 17:58:24.795607 2175012 layer_factory.hpp:77] Creating layer Mconv4_stage3_L2_0_Mprelu4_stage3_L2_0_0_split
I0923 17:58:24.795609 2175012 net.cpp:86] Creating Layer Mconv4_stage3_L2_0_Mprelu4_stage3_L2_0_0_split
I0923 17:58:24.795610 2175012 net.cpp:408] Mconv4_stage3_L2_0_Mprelu4_stage3_L2_0_0_split <- Mconv4_stage3_L2_0
I0923 17:58:24.795612 2175012 net.cpp:382] Mconv4_stage3_L2_0_Mprelu4_stage3_L2_0_0_split -> Mconv4_stage3_L2_0_Mprelu4_stage3_L2_0_0_split_0
I0923 17:58:24.795614 2175012 net.cpp:382] Mconv4_stage3_L2_0_Mprelu4_stage3_L2_0_0_split -> Mconv4_stage3_L2_0_Mprelu4_stage3_L2_0_0_split_1
I0923 17:58:24.795620 2175012 net.cpp:124] Setting up Mconv4_stage3_L2_0_Mprelu4_stage3_L2_0_0_split
I0923 17:58:24.795621 2175012 net.cpp:131] Top shape: 1 128 2 2 (512)
I0923 17:58:24.795624 2175012 net.cpp:131] Top shape: 1 128 2 2 (512)
I0923 17:58:24.795624 2175012 net.cpp:139] Memory required for data: 1119616
I0923 17:58:24.795625 2175012 layer_factory.hpp:77] Creating layer Mconv4_stage3_L2_1
I0923 17:58:24.795627 2175012 net.cpp:86] Creating Layer Mconv4_stage3_L2_1
I0923 17:58:24.795629 2175012 net.cpp:408] Mconv4_stage3_L2_1 <- Mconv4_stage3_L2_0_Mprelu4_stage3_L2_0_0_split_0
I0923 17:58:24.795630 2175012 net.cpp:382] Mconv4_stage3_L2_1 -> Mconv4_stage3_L2_1
I0923 17:58:24.803484 2175012 net.cpp:124] Setting up Mconv4_stage3_L2_1
I0923 17:58:24.803489 2175012 net.cpp:131] Top shape: 1 128 2 2 (512)
I0923 17:58:24.803491 2175012 net.cpp:139] Memory required for data: 1121664
I0923 17:58:24.803493 2175012 layer_factory.hpp:77] Creating layer Mprelu4_stage3_L2_1
I0923 17:58:24.803495 2175012 net.cpp:86] Creating Layer Mprelu4_stage3_L2_1
I0923 17:58:24.803498 2175012 net.cpp:408] Mprelu4_stage3_L2_1 <- Mconv4_stage3_L2_1
I0923 17:58:24.803499 2175012 net.cpp:369] Mprelu4_stage3_L2_1 -> Mconv4_stage3_L2_1 (in-place)
I0923 17:58:24.803520 2175012 net.cpp:124] Setting up Mprelu4_stage3_L2_1
I0923 17:58:24.803521 2175012 net.cpp:131] Top shape: 1 128 2 2 (512)
I0923 17:58:24.803522 2175012 net.cpp:139] Memory required for data: 1123712
I0923 17:58:24.803524 2175012 layer_factory.hpp:77] Creating layer Mconv4_stage3_L2_1_Mprelu4_stage3_L2_1_0_split
I0923 17:58:24.803525 2175012 net.cpp:86] Creating Layer Mconv4_stage3_L2_1_Mprelu4_stage3_L2_1_0_split
I0923 17:58:24.803526 2175012 net.cpp:408] Mconv4_stage3_L2_1_Mprelu4_stage3_L2_1_0_split <- Mconv4_stage3_L2_1
I0923 17:58:24.803529 2175012 net.cpp:382] Mconv4_stage3_L2_1_Mprelu4_stage3_L2_1_0_split -> Mconv4_stage3_L2_1_Mprelu4_stage3_L2_1_0_split_0
I0923 17:58:24.803530 2175012 net.cpp:382] Mconv4_stage3_L2_1_Mprelu4_stage3_L2_1_0_split -> Mconv4_stage3_L2_1_Mprelu4_stage3_L2_1_0_split_1
I0923 17:58:24.803537 2175012 net.cpp:124] Setting up Mconv4_stage3_L2_1_Mprelu4_stage3_L2_1_0_split
I0923 17:58:24.803539 2175012 net.cpp:131] Top shape: 1 128 2 2 (512)
I0923 17:58:24.803539 2175012 net.cpp:131] Top shape: 1 128 2 2 (512)
I0923 17:58:24.803540 2175012 net.cpp:139] Memory required for data: 1127808
I0923 17:58:24.803541 2175012 layer_factory.hpp:77] Creating layer Mconv4_stage3_L2_2
I0923 17:58:24.803544 2175012 net.cpp:86] Creating Layer Mconv4_stage3_L2_2
I0923 17:58:24.803545 2175012 net.cpp:408] Mconv4_stage3_L2_2 <- Mconv4_stage3_L2_1_Mprelu4_stage3_L2_1_0_split_0
I0923 17:58:24.803546 2175012 net.cpp:382] Mconv4_stage3_L2_2 -> Mconv4_stage3_L2_2
I0923 17:58:24.817678 2175012 net.cpp:124] Setting up Mconv4_stage3_L2_2
I0923 17:58:24.817683 2175012 net.cpp:131] Top shape: 1 128 2 2 (512)
I0923 17:58:24.817685 2175012 net.cpp:139] Memory required for data: 1129856
I0923 17:58:24.817687 2175012 layer_factory.hpp:77] Creating layer Mprelu4_stage3_L2_2
I0923 17:58:24.817689 2175012 net.cpp:86] Creating Layer Mprelu4_stage3_L2_2
I0923 17:58:24.817691 2175012 net.cpp:408] Mprelu4_stage3_L2_2 <- Mconv4_stage3_L2_2
I0923 17:58:24.817693 2175012 net.cpp:369] Mprelu4_stage3_L2_2 -> Mconv4_stage3_L2_2 (in-place)
I0923 17:58:24.817713 2175012 net.cpp:124] Setting up Mprelu4_stage3_L2_2
I0923 17:58:24.817714 2175012 net.cpp:131] Top shape: 1 128 2 2 (512)
I0923 17:58:24.817715 2175012 net.cpp:139] Memory required for data: 1131904
I0923 17:58:24.817716 2175012 layer_factory.hpp:77] Creating layer Mconv4_stage3_L2_concat
I0923 17:58:24.817718 2175012 net.cpp:86] Creating Layer Mconv4_stage3_L2_concat
I0923 17:58:24.817719 2175012 net.cpp:408] Mconv4_stage3_L2_concat <- Mconv4_stage3_L2_0_Mprelu4_stage3_L2_0_0_split_1
I0923 17:58:24.817720 2175012 net.cpp:408] Mconv4_stage3_L2_concat <- Mconv4_stage3_L2_1_Mprelu4_stage3_L2_1_0_split_1
I0923 17:58:24.817723 2175012 net.cpp:408] Mconv4_stage3_L2_concat <- Mconv4_stage3_L2_2
I0923 17:58:24.817723 2175012 net.cpp:382] Mconv4_stage3_L2_concat -> Mconv4_stage3_L2_concat
I0923 17:58:24.817728 2175012 net.cpp:124] Setting up Mconv4_stage3_L2_concat
I0923 17:58:24.817729 2175012 net.cpp:131] Top shape: 1 384 2 2 (1536)
I0923 17:58:24.817730 2175012 net.cpp:139] Memory required for data: 1138048
I0923 17:58:24.817731 2175012 layer_factory.hpp:77] Creating layer Mconv5_stage3_L2_0
I0923 17:58:24.817734 2175012 net.cpp:86] Creating Layer Mconv5_stage3_L2_0
I0923 17:58:24.817735 2175012 net.cpp:408] Mconv5_stage3_L2_0 <- Mconv4_stage3_L2_concat
I0923 17:58:24.817737 2175012 net.cpp:382] Mconv5_stage3_L2_0 -> Mconv5_stage3_L2_0
I0923 17:58:24.827090 2175012 net.cpp:124] Setting up Mconv5_stage3_L2_0
I0923 17:58:24.827095 2175012 net.cpp:131] Top shape: 1 128 2 2 (512)
I0923 17:58:24.827096 2175012 net.cpp:139] Memory required for data: 1140096
I0923 17:58:24.827098 2175012 layer_factory.hpp:77] Creating layer Mprelu5_stage3_L2_0
I0923 17:58:24.827101 2175012 net.cpp:86] Creating Layer Mprelu5_stage3_L2_0
I0923 17:58:24.827102 2175012 net.cpp:408] Mprelu5_stage3_L2_0 <- Mconv5_stage3_L2_0
I0923 17:58:24.827105 2175012 net.cpp:369] Mprelu5_stage3_L2_0 -> Mconv5_stage3_L2_0 (in-place)
I0923 17:58:24.827124 2175012 net.cpp:124] Setting up Mprelu5_stage3_L2_0
I0923 17:58:24.827126 2175012 net.cpp:131] Top shape: 1 128 2 2 (512)
I0923 17:58:24.827126 2175012 net.cpp:139] Memory required for data: 1142144
I0923 17:58:24.827127 2175012 layer_factory.hpp:77] Creating layer Mconv5_stage3_L2_0_Mprelu5_stage3_L2_0_0_split
I0923 17:58:24.827129 2175012 net.cpp:86] Creating Layer Mconv5_stage3_L2_0_Mprelu5_stage3_L2_0_0_split
I0923 17:58:24.827131 2175012 net.cpp:408] Mconv5_stage3_L2_0_Mprelu5_stage3_L2_0_0_split <- Mconv5_stage3_L2_0
I0923 17:58:24.827132 2175012 net.cpp:382] Mconv5_stage3_L2_0_Mprelu5_stage3_L2_0_0_split -> Mconv5_stage3_L2_0_Mprelu5_stage3_L2_0_0_split_0
I0923 17:58:24.827134 2175012 net.cpp:382] Mconv5_stage3_L2_0_Mprelu5_stage3_L2_0_0_split -> Mconv5_stage3_L2_0_Mprelu5_stage3_L2_0_0_split_1
I0923 17:58:24.827140 2175012 net.cpp:124] Setting up Mconv5_stage3_L2_0_Mprelu5_stage3_L2_0_0_split
I0923 17:58:24.827142 2175012 net.cpp:131] Top shape: 1 128 2 2 (512)
I0923 17:58:24.827143 2175012 net.cpp:131] Top shape: 1 128 2 2 (512)
I0923 17:58:24.827144 2175012 net.cpp:139] Memory required for data: 1146240
I0923 17:58:24.827145 2175012 layer_factory.hpp:77] Creating layer Mconv5_stage3_L2_1
I0923 17:58:24.827147 2175012 net.cpp:86] Creating Layer Mconv5_stage3_L2_1
I0923 17:58:24.827148 2175012 net.cpp:408] Mconv5_stage3_L2_1 <- Mconv5_stage3_L2_0_Mprelu5_stage3_L2_0_0_split_0
I0923 17:58:24.827150 2175012 net.cpp:382] Mconv5_stage3_L2_1 -> Mconv5_stage3_L2_1
I0923 17:58:24.835691 2175012 net.cpp:124] Setting up Mconv5_stage3_L2_1
I0923 17:58:24.835696 2175012 net.cpp:131] Top shape: 1 128 2 2 (512)
I0923 17:58:24.835698 2175012 net.cpp:139] Memory required for data: 1148288
I0923 17:58:24.835700 2175012 layer_factory.hpp:77] Creating layer Mprelu5_stage3_L2_1
I0923 17:58:24.835702 2175012 net.cpp:86] Creating Layer Mprelu5_stage3_L2_1
I0923 17:58:24.835704 2175012 net.cpp:408] Mprelu5_stage3_L2_1 <- Mconv5_stage3_L2_1
I0923 17:58:24.835706 2175012 net.cpp:369] Mprelu5_stage3_L2_1 -> Mconv5_stage3_L2_1 (in-place)
I0923 17:58:24.835726 2175012 net.cpp:124] Setting up Mprelu5_stage3_L2_1
I0923 17:58:24.835727 2175012 net.cpp:131] Top shape: 1 128 2 2 (512)
I0923 17:58:24.835728 2175012 net.cpp:139] Memory required for data: 1150336
I0923 17:58:24.835729 2175012 layer_factory.hpp:77] Creating layer Mconv5_stage3_L2_1_Mprelu5_stage3_L2_1_0_split
I0923 17:58:24.835731 2175012 net.cpp:86] Creating Layer Mconv5_stage3_L2_1_Mprelu5_stage3_L2_1_0_split
I0923 17:58:24.835732 2175012 net.cpp:408] Mconv5_stage3_L2_1_Mprelu5_stage3_L2_1_0_split <- Mconv5_stage3_L2_1
I0923 17:58:24.835734 2175012 net.cpp:382] Mconv5_stage3_L2_1_Mprelu5_stage3_L2_1_0_split -> Mconv5_stage3_L2_1_Mprelu5_stage3_L2_1_0_split_0
I0923 17:58:24.835736 2175012 net.cpp:382] Mconv5_stage3_L2_1_Mprelu5_stage3_L2_1_0_split -> Mconv5_stage3_L2_1_Mprelu5_stage3_L2_1_0_split_1
I0923 17:58:24.835742 2175012 net.cpp:124] Setting up Mconv5_stage3_L2_1_Mprelu5_stage3_L2_1_0_split
I0923 17:58:24.835743 2175012 net.cpp:131] Top shape: 1 128 2 2 (512)
I0923 17:58:24.835744 2175012 net.cpp:131] Top shape: 1 128 2 2 (512)
I0923 17:58:24.835745 2175012 net.cpp:139] Memory required for data: 1154432
I0923 17:58:24.835747 2175012 layer_factory.hpp:77] Creating layer Mconv5_stage3_L2_2
I0923 17:58:24.835748 2175012 net.cpp:86] Creating Layer Mconv5_stage3_L2_2
I0923 17:58:24.835750 2175012 net.cpp:408] Mconv5_stage3_L2_2 <- Mconv5_stage3_L2_1_Mprelu5_stage3_L2_1_0_split_0
I0923 17:58:24.835752 2175012 net.cpp:382] Mconv5_stage3_L2_2 -> Mconv5_stage3_L2_2
I0923 17:58:24.843770 2175012 net.cpp:124] Setting up Mconv5_stage3_L2_2
I0923 17:58:24.843775 2175012 net.cpp:131] Top shape: 1 128 2 2 (512)
I0923 17:58:24.843776 2175012 net.cpp:139] Memory required for data: 1156480
I0923 17:58:24.843778 2175012 layer_factory.hpp:77] Creating layer Mprelu5_stage3_L2_2
I0923 17:58:24.843781 2175012 net.cpp:86] Creating Layer Mprelu5_stage3_L2_2
I0923 17:58:24.843782 2175012 net.cpp:408] Mprelu5_stage3_L2_2 <- Mconv5_stage3_L2_2
I0923 17:58:24.843786 2175012 net.cpp:369] Mprelu5_stage3_L2_2 -> Mconv5_stage3_L2_2 (in-place)
I0923 17:58:24.843804 2175012 net.cpp:124] Setting up Mprelu5_stage3_L2_2
I0923 17:58:24.843806 2175012 net.cpp:131] Top shape: 1 128 2 2 (512)
I0923 17:58:24.843806 2175012 net.cpp:139] Memory required for data: 1158528
I0923 17:58:24.843807 2175012 layer_factory.hpp:77] Creating layer Mconv5_stage3_L2_concat
I0923 17:58:24.843811 2175012 net.cpp:86] Creating Layer Mconv5_stage3_L2_concat
I0923 17:58:24.843811 2175012 net.cpp:408] Mconv5_stage3_L2_concat <- Mconv5_stage3_L2_0_Mprelu5_stage3_L2_0_0_split_1
I0923 17:58:24.843812 2175012 net.cpp:408] Mconv5_stage3_L2_concat <- Mconv5_stage3_L2_1_Mprelu5_stage3_L2_1_0_split_1
I0923 17:58:24.843813 2175012 net.cpp:408] Mconv5_stage3_L2_concat <- Mconv5_stage3_L2_2
I0923 17:58:24.843815 2175012 net.cpp:382] Mconv5_stage3_L2_concat -> Mconv5_stage3_L2_concat
I0923 17:58:24.843819 2175012 net.cpp:124] Setting up Mconv5_stage3_L2_concat
I0923 17:58:24.843822 2175012 net.cpp:131] Top shape: 1 384 2 2 (1536)
I0923 17:58:24.843822 2175012 net.cpp:139] Memory required for data: 1164672
I0923 17:58:24.843823 2175012 layer_factory.hpp:77] Creating layer Mconv6_stage3_L2
I0923 17:58:24.843825 2175012 net.cpp:86] Creating Layer Mconv6_stage3_L2
I0923 17:58:24.843827 2175012 net.cpp:408] Mconv6_stage3_L2 <- Mconv5_stage3_L2_concat
I0923 17:58:24.843828 2175012 net.cpp:382] Mconv6_stage3_L2 -> Mconv6_stage3_L2
I0923 17:58:24.851809 2175012 net.cpp:124] Setting up Mconv6_stage3_L2
I0923 17:58:24.851814 2175012 net.cpp:131] Top shape: 1 512 2 2 (2048)
I0923 17:58:24.851815 2175012 net.cpp:139] Memory required for data: 1172864
I0923 17:58:24.851817 2175012 layer_factory.hpp:77] Creating layer Mprelu6_stage3_L2
I0923 17:58:24.851819 2175012 net.cpp:86] Creating Layer Mprelu6_stage3_L2
I0923 17:58:24.851821 2175012 net.cpp:408] Mprelu6_stage3_L2 <- Mconv6_stage3_L2
I0923 17:58:24.851823 2175012 net.cpp:369] Mprelu6_stage3_L2 -> Mconv6_stage3_L2 (in-place)
I0923 17:58:24.851843 2175012 net.cpp:124] Setting up Mprelu6_stage3_L2
I0923 17:58:24.851845 2175012 net.cpp:131] Top shape: 1 512 2 2 (2048)
I0923 17:58:24.851846 2175012 net.cpp:139] Memory required for data: 1181056
I0923 17:58:24.851847 2175012 layer_factory.hpp:77] Creating layer Mconv7_stage3_L2
I0923 17:58:24.851850 2175012 net.cpp:86] Creating Layer Mconv7_stage3_L2
I0923 17:58:24.851850 2175012 net.cpp:408] Mconv7_stage3_L2 <- Mconv6_stage3_L2
I0923 17:58:24.851852 2175012 net.cpp:382] Mconv7_stage3_L2 -> Mconv7_stage3_L2
I0923 17:58:24.859458 2175012 net.cpp:124] Setting up Mconv7_stage3_L2
I0923 17:58:24.859463 2175012 net.cpp:131] Top shape: 1 52 2 2 (208)
I0923 17:58:24.859465 2175012 net.cpp:139] Memory required for data: 1181888
I0923 17:58:24.859467 2175012 layer_factory.hpp:77] Creating layer Mconv7_stage3_L2_Mconv7_stage3_L2_0_split
I0923 17:58:24.859469 2175012 net.cpp:86] Creating Layer Mconv7_stage3_L2_Mconv7_stage3_L2_0_split
I0923 17:58:24.859472 2175012 net.cpp:408] Mconv7_stage3_L2_Mconv7_stage3_L2_0_split <- Mconv7_stage3_L2
I0923 17:58:24.859473 2175012 net.cpp:382] Mconv7_stage3_L2_Mconv7_stage3_L2_0_split -> Mconv7_stage3_L2_Mconv7_stage3_L2_0_split_0
I0923 17:58:24.859476 2175012 net.cpp:382] Mconv7_stage3_L2_Mconv7_stage3_L2_0_split -> Mconv7_stage3_L2_Mconv7_stage3_L2_0_split_1
I0923 17:58:24.859478 2175012 net.cpp:382] Mconv7_stage3_L2_Mconv7_stage3_L2_0_split -> Mconv7_stage3_L2_Mconv7_stage3_L2_0_split_2
I0923 17:58:24.859490 2175012 net.cpp:124] Setting up Mconv7_stage3_L2_Mconv7_stage3_L2_0_split
I0923 17:58:24.859491 2175012 net.cpp:131] Top shape: 1 52 2 2 (208)
I0923 17:58:24.859493 2175012 net.cpp:131] Top shape: 1 52 2 2 (208)
I0923 17:58:24.859493 2175012 net.cpp:131] Top shape: 1 52 2 2 (208)
I0923 17:58:24.859494 2175012 net.cpp:139] Memory required for data: 1184384
I0923 17:58:24.859495 2175012 layer_factory.hpp:77] Creating layer concat_stage0_L1
I0923 17:58:24.859498 2175012 net.cpp:86] Creating Layer concat_stage0_L1
I0923 17:58:24.859498 2175012 net.cpp:408] concat_stage0_L1 <- conv4_4_CPM_prelu4_4_CPM_0_split_4
I0923 17:58:24.859500 2175012 net.cpp:408] concat_stage0_L1 <- Mconv7_stage3_L2_Mconv7_stage3_L2_0_split_0
I0923 17:58:24.859501 2175012 net.cpp:382] concat_stage0_L1 -> concat_stage0_L1
I0923 17:58:24.859505 2175012 net.cpp:124] Setting up concat_stage0_L1
I0923 17:58:24.859508 2175012 net.cpp:131] Top shape: 1 180 2 2 (720)
I0923 17:58:24.859508 2175012 net.cpp:139] Memory required for data: 1187264
I0923 17:58:24.859509 2175012 layer_factory.hpp:77] Creating layer Mconv1_stage0_L1_0
I0923 17:58:24.859511 2175012 net.cpp:86] Creating Layer Mconv1_stage0_L1_0
I0923 17:58:24.859512 2175012 net.cpp:408] Mconv1_stage0_L1_0 <- concat_stage0_L1
I0923 17:58:24.859514 2175012 net.cpp:382] Mconv1_stage0_L1_0 -> Mconv1_stage0_L1_0
I0923 17:58:24.868644 2175012 net.cpp:124] Setting up Mconv1_stage0_L1_0
I0923 17:58:24.868649 2175012 net.cpp:131] Top shape: 1 96 2 2 (384)
I0923 17:58:24.868651 2175012 net.cpp:139] Memory required for data: 1188800
I0923 17:58:24.868654 2175012 layer_factory.hpp:77] Creating layer Mprelu1_stage0_L1_0
I0923 17:58:24.868656 2175012 net.cpp:86] Creating Layer Mprelu1_stage0_L1_0
I0923 17:58:24.868657 2175012 net.cpp:408] Mprelu1_stage0_L1_0 <- Mconv1_stage0_L1_0
I0923 17:58:24.868659 2175012 net.cpp:369] Mprelu1_stage0_L1_0 -> Mconv1_stage0_L1_0 (in-place)
I0923 17:58:24.868681 2175012 net.cpp:124] Setting up Mprelu1_stage0_L1_0
I0923 17:58:24.868682 2175012 net.cpp:131] Top shape: 1 96 2 2 (384)
I0923 17:58:24.868683 2175012 net.cpp:139] Memory required for data: 1190336
I0923 17:58:24.868685 2175012 layer_factory.hpp:77] Creating layer Mconv1_stage0_L1_0_Mprelu1_stage0_L1_0_0_split
I0923 17:58:24.868687 2175012 net.cpp:86] Creating Layer Mconv1_stage0_L1_0_Mprelu1_stage0_L1_0_0_split
I0923 17:58:24.868688 2175012 net.cpp:408] Mconv1_stage0_L1_0_Mprelu1_stage0_L1_0_0_split <- Mconv1_stage0_L1_0
I0923 17:58:24.868690 2175012 net.cpp:382] Mconv1_stage0_L1_0_Mprelu1_stage0_L1_0_0_split -> Mconv1_stage0_L1_0_Mprelu1_stage0_L1_0_0_split_0
I0923 17:58:24.868692 2175012 net.cpp:382] Mconv1_stage0_L1_0_Mprelu1_stage0_L1_0_0_split -> Mconv1_stage0_L1_0_Mprelu1_stage0_L1_0_0_split_1
I0923 17:58:24.868698 2175012 net.cpp:124] Setting up Mconv1_stage0_L1_0_Mprelu1_stage0_L1_0_0_split
I0923 17:58:24.868700 2175012 net.cpp:131] Top shape: 1 96 2 2 (384)
I0923 17:58:24.868701 2175012 net.cpp:131] Top shape: 1 96 2 2 (384)
I0923 17:58:24.868702 2175012 net.cpp:139] Memory required for data: 1193408
I0923 17:58:24.868703 2175012 layer_factory.hpp:77] Creating layer Mconv1_stage0_L1_1
I0923 17:58:24.868705 2175012 net.cpp:86] Creating Layer Mconv1_stage0_L1_1
I0923 17:58:24.868706 2175012 net.cpp:408] Mconv1_stage0_L1_1 <- Mconv1_stage0_L1_0_Mprelu1_stage0_L1_0_0_split_0
I0923 17:58:24.868708 2175012 net.cpp:382] Mconv1_stage0_L1_1 -> Mconv1_stage0_L1_1
I0923 17:58:24.876572 2175012 net.cpp:124] Setting up Mconv1_stage0_L1_1
I0923 17:58:24.876577 2175012 net.cpp:131] Top shape: 1 96 2 2 (384)
I0923 17:58:24.876579 2175012 net.cpp:139] Memory required for data: 1194944
I0923 17:58:24.876581 2175012 layer_factory.hpp:77] Creating layer Mprelu1_stage0_L1_1
I0923 17:58:24.876583 2175012 net.cpp:86] Creating Layer Mprelu1_stage0_L1_1
I0923 17:58:24.876585 2175012 net.cpp:408] Mprelu1_stage0_L1_1 <- Mconv1_stage0_L1_1
I0923 17:58:24.876587 2175012 net.cpp:369] Mprelu1_stage0_L1_1 -> Mconv1_stage0_L1_1 (in-place)
I0923 17:58:24.876609 2175012 net.cpp:124] Setting up Mprelu1_stage0_L1_1
I0923 17:58:24.876610 2175012 net.cpp:131] Top shape: 1 96 2 2 (384)
I0923 17:58:24.876611 2175012 net.cpp:139] Memory required for data: 1196480
I0923 17:58:24.876612 2175012 layer_factory.hpp:77] Creating layer Mconv1_stage0_L1_1_Mprelu1_stage0_L1_1_0_split
I0923 17:58:24.876614 2175012 net.cpp:86] Creating Layer Mconv1_stage0_L1_1_Mprelu1_stage0_L1_1_0_split
I0923 17:58:24.876616 2175012 net.cpp:408] Mconv1_stage0_L1_1_Mprelu1_stage0_L1_1_0_split <- Mconv1_stage0_L1_1
I0923 17:58:24.876617 2175012 net.cpp:382] Mconv1_stage0_L1_1_Mprelu1_stage0_L1_1_0_split -> Mconv1_stage0_L1_1_Mprelu1_stage0_L1_1_0_split_0
I0923 17:58:24.876619 2175012 net.cpp:382] Mconv1_stage0_L1_1_Mprelu1_stage0_L1_1_0_split -> Mconv1_stage0_L1_1_Mprelu1_stage0_L1_1_0_split_1
I0923 17:58:24.876626 2175012 net.cpp:124] Setting up Mconv1_stage0_L1_1_Mprelu1_stage0_L1_1_0_split
I0923 17:58:24.876627 2175012 net.cpp:131] Top shape: 1 96 2 2 (384)
I0923 17:58:24.876628 2175012 net.cpp:131] Top shape: 1 96 2 2 (384)
I0923 17:58:24.876629 2175012 net.cpp:139] Memory required for data: 1199552
I0923 17:58:24.876631 2175012 layer_factory.hpp:77] Creating layer Mconv1_stage0_L1_2
I0923 17:58:24.876632 2175012 net.cpp:86] Creating Layer Mconv1_stage0_L1_2
I0923 17:58:24.876633 2175012 net.cpp:408] Mconv1_stage0_L1_2 <- Mconv1_stage0_L1_1_Mprelu1_stage0_L1_1_0_split_0
I0923 17:58:24.876636 2175012 net.cpp:382] Mconv1_stage0_L1_2 -> Mconv1_stage0_L1_2
I0923 17:58:24.885705 2175012 net.cpp:124] Setting up Mconv1_stage0_L1_2
I0923 17:58:24.885710 2175012 net.cpp:131] Top shape: 1 96 2 2 (384)
I0923 17:58:24.885712 2175012 net.cpp:139] Memory required for data: 1201088
I0923 17:58:24.885715 2175012 layer_factory.hpp:77] Creating layer Mprelu1_stage0_L1_2
I0923 17:58:24.885716 2175012 net.cpp:86] Creating Layer Mprelu1_stage0_L1_2
I0923 17:58:24.885718 2175012 net.cpp:408] Mprelu1_stage0_L1_2 <- Mconv1_stage0_L1_2
I0923 17:58:24.885720 2175012 net.cpp:369] Mprelu1_stage0_L1_2 -> Mconv1_stage0_L1_2 (in-place)
I0923 17:58:24.885742 2175012 net.cpp:124] Setting up Mprelu1_stage0_L1_2
I0923 17:58:24.885743 2175012 net.cpp:131] Top shape: 1 96 2 2 (384)
I0923 17:58:24.885744 2175012 net.cpp:139] Memory required for data: 1202624
I0923 17:58:24.885746 2175012 layer_factory.hpp:77] Creating layer Mconv1_stage0_L1_concat
I0923 17:58:24.885748 2175012 net.cpp:86] Creating Layer Mconv1_stage0_L1_concat
I0923 17:58:24.885749 2175012 net.cpp:408] Mconv1_stage0_L1_concat <- Mconv1_stage0_L1_0_Mprelu1_stage0_L1_0_0_split_1
I0923 17:58:24.885751 2175012 net.cpp:408] Mconv1_stage0_L1_concat <- Mconv1_stage0_L1_1_Mprelu1_stage0_L1_1_0_split_1
I0923 17:58:24.885752 2175012 net.cpp:408] Mconv1_stage0_L1_concat <- Mconv1_stage0_L1_2
I0923 17:58:24.885753 2175012 net.cpp:382] Mconv1_stage0_L1_concat -> Mconv1_stage0_L1_concat
I0923 17:58:24.885758 2175012 net.cpp:124] Setting up Mconv1_stage0_L1_concat
I0923 17:58:24.885759 2175012 net.cpp:131] Top shape: 1 288 2 2 (1152)
I0923 17:58:24.885761 2175012 net.cpp:139] Memory required for data: 1207232
I0923 17:58:24.885762 2175012 layer_factory.hpp:77] Creating layer Mconv2_stage0_L1_0
I0923 17:58:24.885764 2175012 net.cpp:86] Creating Layer Mconv2_stage0_L1_0
I0923 17:58:24.885766 2175012 net.cpp:408] Mconv2_stage0_L1_0 <- Mconv1_stage0_L1_concat
I0923 17:58:24.885768 2175012 net.cpp:382] Mconv2_stage0_L1_0 -> Mconv2_stage0_L1_0
I0923 17:58:24.893648 2175012 net.cpp:124] Setting up Mconv2_stage0_L1_0
I0923 17:58:24.893653 2175012 net.cpp:131] Top shape: 1 96 2 2 (384)
I0923 17:58:24.893656 2175012 net.cpp:139] Memory required for data: 1208768
I0923 17:58:24.893657 2175012 layer_factory.hpp:77] Creating layer Mprelu2_stage0_L1_0
I0923 17:58:24.893659 2175012 net.cpp:86] Creating Layer Mprelu2_stage0_L1_0
I0923 17:58:24.893661 2175012 net.cpp:408] Mprelu2_stage0_L1_0 <- Mconv2_stage0_L1_0
I0923 17:58:24.893663 2175012 net.cpp:369] Mprelu2_stage0_L1_0 -> Mconv2_stage0_L1_0 (in-place)
I0923 17:58:24.893687 2175012 net.cpp:124] Setting up Mprelu2_stage0_L1_0
I0923 17:58:24.893687 2175012 net.cpp:131] Top shape: 1 96 2 2 (384)
I0923 17:58:24.893689 2175012 net.cpp:139] Memory required for data: 1210304
I0923 17:58:24.893690 2175012 layer_factory.hpp:77] Creating layer Mconv2_stage0_L1_0_Mprelu2_stage0_L1_0_0_split
I0923 17:58:24.893692 2175012 net.cpp:86] Creating Layer Mconv2_stage0_L1_0_Mprelu2_stage0_L1_0_0_split
I0923 17:58:24.893693 2175012 net.cpp:408] Mconv2_stage0_L1_0_Mprelu2_stage0_L1_0_0_split <- Mconv2_stage0_L1_0
I0923 17:58:24.893694 2175012 net.cpp:382] Mconv2_stage0_L1_0_Mprelu2_stage0_L1_0_0_split -> Mconv2_stage0_L1_0_Mprelu2_stage0_L1_0_0_split_0
I0923 17:58:24.893697 2175012 net.cpp:382] Mconv2_stage0_L1_0_Mprelu2_stage0_L1_0_0_split -> Mconv2_stage0_L1_0_Mprelu2_stage0_L1_0_0_split_1
I0923 17:58:24.893703 2175012 net.cpp:124] Setting up Mconv2_stage0_L1_0_Mprelu2_stage0_L1_0_0_split
I0923 17:58:24.893704 2175012 net.cpp:131] Top shape: 1 96 2 2 (384)
I0923 17:58:24.893705 2175012 net.cpp:131] Top shape: 1 96 2 2 (384)
I0923 17:58:24.893707 2175012 net.cpp:139] Memory required for data: 1213376
I0923 17:58:24.893708 2175012 layer_factory.hpp:77] Creating layer Mconv2_stage0_L1_1
I0923 17:58:24.893710 2175012 net.cpp:86] Creating Layer Mconv2_stage0_L1_1
I0923 17:58:24.893711 2175012 net.cpp:408] Mconv2_stage0_L1_1 <- Mconv2_stage0_L1_0_Mprelu2_stage0_L1_0_0_split_0
I0923 17:58:24.893713 2175012 net.cpp:382] Mconv2_stage0_L1_1 -> Mconv2_stage0_L1_1
I0923 17:58:24.902410 2175012 net.cpp:124] Setting up Mconv2_stage0_L1_1
I0923 17:58:24.902415 2175012 net.cpp:131] Top shape: 1 96 2 2 (384)
I0923 17:58:24.902416 2175012 net.cpp:139] Memory required for data: 1214912
I0923 17:58:24.902418 2175012 layer_factory.hpp:77] Creating layer Mprelu2_stage0_L1_1
I0923 17:58:24.902421 2175012 net.cpp:86] Creating Layer Mprelu2_stage0_L1_1
I0923 17:58:24.902422 2175012 net.cpp:408] Mprelu2_stage0_L1_1 <- Mconv2_stage0_L1_1
I0923 17:58:24.902424 2175012 net.cpp:369] Mprelu2_stage0_L1_1 -> Mconv2_stage0_L1_1 (in-place)
I0923 17:58:24.902446 2175012 net.cpp:124] Setting up Mprelu2_stage0_L1_1
I0923 17:58:24.902447 2175012 net.cpp:131] Top shape: 1 96 2 2 (384)
I0923 17:58:24.902448 2175012 net.cpp:139] Memory required for data: 1216448
I0923 17:58:24.902449 2175012 layer_factory.hpp:77] Creating layer Mconv2_stage0_L1_1_Mprelu2_stage0_L1_1_0_split
I0923 17:58:24.902451 2175012 net.cpp:86] Creating Layer Mconv2_stage0_L1_1_Mprelu2_stage0_L1_1_0_split
I0923 17:58:24.902452 2175012 net.cpp:408] Mconv2_stage0_L1_1_Mprelu2_stage0_L1_1_0_split <- Mconv2_stage0_L1_1
I0923 17:58:24.902454 2175012 net.cpp:382] Mconv2_stage0_L1_1_Mprelu2_stage0_L1_1_0_split -> Mconv2_stage0_L1_1_Mprelu2_stage0_L1_1_0_split_0
I0923 17:58:24.902456 2175012 net.cpp:382] Mconv2_stage0_L1_1_Mprelu2_stage0_L1_1_0_split -> Mconv2_stage0_L1_1_Mprelu2_stage0_L1_1_0_split_1
I0923 17:58:24.902463 2175012 net.cpp:124] Setting up Mconv2_stage0_L1_1_Mprelu2_stage0_L1_1_0_split
I0923 17:58:24.902464 2175012 net.cpp:131] Top shape: 1 96 2 2 (384)
I0923 17:58:24.902465 2175012 net.cpp:131] Top shape: 1 96 2 2 (384)
I0923 17:58:24.902467 2175012 net.cpp:139] Memory required for data: 1219520
I0923 17:58:24.902467 2175012 layer_factory.hpp:77] Creating layer Mconv2_stage0_L1_2
I0923 17:58:24.902470 2175012 net.cpp:86] Creating Layer Mconv2_stage0_L1_2
I0923 17:58:24.902472 2175012 net.cpp:408] Mconv2_stage0_L1_2 <- Mconv2_stage0_L1_1_Mprelu2_stage0_L1_1_0_split_0
I0923 17:58:24.902473 2175012 net.cpp:382] Mconv2_stage0_L1_2 -> Mconv2_stage0_L1_2
I0923 17:58:24.916056 2175012 net.cpp:124] Setting up Mconv2_stage0_L1_2
I0923 17:58:24.916061 2175012 net.cpp:131] Top shape: 1 96 2 2 (384)
I0923 17:58:24.916064 2175012 net.cpp:139] Memory required for data: 1221056
I0923 17:58:24.916065 2175012 layer_factory.hpp:77] Creating layer Mprelu2_stage0_L1_2
I0923 17:58:24.916069 2175012 net.cpp:86] Creating Layer Mprelu2_stage0_L1_2
I0923 17:58:24.916069 2175012 net.cpp:408] Mprelu2_stage0_L1_2 <- Mconv2_stage0_L1_2
I0923 17:58:24.916071 2175012 net.cpp:369] Mprelu2_stage0_L1_2 -> Mconv2_stage0_L1_2 (in-place)
I0923 17:58:24.916092 2175012 net.cpp:124] Setting up Mprelu2_stage0_L1_2
I0923 17:58:24.916093 2175012 net.cpp:131] Top shape: 1 96 2 2 (384)
I0923 17:58:24.916095 2175012 net.cpp:139] Memory required for data: 1222592
I0923 17:58:24.916096 2175012 layer_factory.hpp:77] Creating layer Mconv2_stage0_L1_concat
I0923 17:58:24.916098 2175012 net.cpp:86] Creating Layer Mconv2_stage0_L1_concat
I0923 17:58:24.916100 2175012 net.cpp:408] Mconv2_stage0_L1_concat <- Mconv2_stage0_L1_0_Mprelu2_stage0_L1_0_0_split_1
I0923 17:58:24.916100 2175012 net.cpp:408] Mconv2_stage0_L1_concat <- Mconv2_stage0_L1_1_Mprelu2_stage0_L1_1_0_split_1
I0923 17:58:24.916102 2175012 net.cpp:408] Mconv2_stage0_L1_concat <- Mconv2_stage0_L1_2
I0923 17:58:24.916103 2175012 net.cpp:382] Mconv2_stage0_L1_concat -> Mconv2_stage0_L1_concat
I0923 17:58:24.916108 2175012 net.cpp:124] Setting up Mconv2_stage0_L1_concat
I0923 17:58:24.916109 2175012 net.cpp:131] Top shape: 1 288 2 2 (1152)
I0923 17:58:24.916110 2175012 net.cpp:139] Memory required for data: 1227200
I0923 17:58:24.916111 2175012 layer_factory.hpp:77] Creating layer Mconv3_stage0_L1_0
I0923 17:58:24.916114 2175012 net.cpp:86] Creating Layer Mconv3_stage0_L1_0
I0923 17:58:24.916115 2175012 net.cpp:408] Mconv3_stage0_L1_0 <- Mconv2_stage0_L1_concat
I0923 17:58:24.916117 2175012 net.cpp:382] Mconv3_stage0_L1_0 -> Mconv3_stage0_L1_0
I0923 17:58:24.924057 2175012 net.cpp:124] Setting up Mconv3_stage0_L1_0
I0923 17:58:24.924062 2175012 net.cpp:131] Top shape: 1 96 2 2 (384)
I0923 17:58:24.924063 2175012 net.cpp:139] Memory required for data: 1228736
I0923 17:58:24.924065 2175012 layer_factory.hpp:77] Creating layer Mprelu3_stage0_L1_0
I0923 17:58:24.924068 2175012 net.cpp:86] Creating Layer Mprelu3_stage0_L1_0
I0923 17:58:24.924069 2175012 net.cpp:408] Mprelu3_stage0_L1_0 <- Mconv3_stage0_L1_0
I0923 17:58:24.924072 2175012 net.cpp:369] Mprelu3_stage0_L1_0 -> Mconv3_stage0_L1_0 (in-place)
I0923 17:58:24.924093 2175012 net.cpp:124] Setting up Mprelu3_stage0_L1_0
I0923 17:58:24.924094 2175012 net.cpp:131] Top shape: 1 96 2 2 (384)
I0923 17:58:24.924095 2175012 net.cpp:139] Memory required for data: 1230272
I0923 17:58:24.924096 2175012 layer_factory.hpp:77] Creating layer Mconv3_stage0_L1_0_Mprelu3_stage0_L1_0_0_split
I0923 17:58:24.924098 2175012 net.cpp:86] Creating Layer Mconv3_stage0_L1_0_Mprelu3_stage0_L1_0_0_split
I0923 17:58:24.924100 2175012 net.cpp:408] Mconv3_stage0_L1_0_Mprelu3_stage0_L1_0_0_split <- Mconv3_stage0_L1_0
I0923 17:58:24.924101 2175012 net.cpp:382] Mconv3_stage0_L1_0_Mprelu3_stage0_L1_0_0_split -> Mconv3_stage0_L1_0_Mprelu3_stage0_L1_0_0_split_0
I0923 17:58:24.924103 2175012 net.cpp:382] Mconv3_stage0_L1_0_Mprelu3_stage0_L1_0_0_split -> Mconv3_stage0_L1_0_Mprelu3_stage0_L1_0_0_split_1
I0923 17:58:24.924113 2175012 net.cpp:124] Setting up Mconv3_stage0_L1_0_Mprelu3_stage0_L1_0_0_split
I0923 17:58:24.924114 2175012 net.cpp:131] Top shape: 1 96 2 2 (384)
I0923 17:58:24.924116 2175012 net.cpp:131] Top shape: 1 96 2 2 (384)
I0923 17:58:24.924117 2175012 net.cpp:139] Memory required for data: 1233344
I0923 17:58:24.924118 2175012 layer_factory.hpp:77] Creating layer Mconv3_stage0_L1_1
I0923 17:58:24.924121 2175012 net.cpp:86] Creating Layer Mconv3_stage0_L1_1
I0923 17:58:24.924122 2175012 net.cpp:408] Mconv3_stage0_L1_1 <- Mconv3_stage0_L1_0_Mprelu3_stage0_L1_0_0_split_0
I0923 17:58:24.924124 2175012 net.cpp:382] Mconv3_stage0_L1_1 -> Mconv3_stage0_L1_1
I0923 17:58:24.931874 2175012 net.cpp:124] Setting up Mconv3_stage0_L1_1
I0923 17:58:24.931879 2175012 net.cpp:131] Top shape: 1 96 2 2 (384)
I0923 17:58:24.931880 2175012 net.cpp:139] Memory required for data: 1234880
I0923 17:58:24.931882 2175012 layer_factory.hpp:77] Creating layer Mprelu3_stage0_L1_1
I0923 17:58:24.931885 2175012 net.cpp:86] Creating Layer Mprelu3_stage0_L1_1
I0923 17:58:24.931886 2175012 net.cpp:408] Mprelu3_stage0_L1_1 <- Mconv3_stage0_L1_1
I0923 17:58:24.931888 2175012 net.cpp:369] Mprelu3_stage0_L1_1 -> Mconv3_stage0_L1_1 (in-place)
I0923 17:58:24.931910 2175012 net.cpp:124] Setting up Mprelu3_stage0_L1_1
I0923 17:58:24.931911 2175012 net.cpp:131] Top shape: 1 96 2 2 (384)
I0923 17:58:24.931912 2175012 net.cpp:139] Memory required for data: 1236416
I0923 17:58:24.931913 2175012 layer_factory.hpp:77] Creating layer Mconv3_stage0_L1_1_Mprelu3_stage0_L1_1_0_split
I0923 17:58:24.931915 2175012 net.cpp:86] Creating Layer Mconv3_stage0_L1_1_Mprelu3_stage0_L1_1_0_split
I0923 17:58:24.931916 2175012 net.cpp:408] Mconv3_stage0_L1_1_Mprelu3_stage0_L1_1_0_split <- Mconv3_stage0_L1_1
I0923 17:58:24.931917 2175012 net.cpp:382] Mconv3_stage0_L1_1_Mprelu3_stage0_L1_1_0_split -> Mconv3_stage0_L1_1_Mprelu3_stage0_L1_1_0_split_0
I0923 17:58:24.931919 2175012 net.cpp:382] Mconv3_stage0_L1_1_Mprelu3_stage0_L1_1_0_split -> Mconv3_stage0_L1_1_Mprelu3_stage0_L1_1_0_split_1
I0923 17:58:24.931926 2175012 net.cpp:124] Setting up Mconv3_stage0_L1_1_Mprelu3_stage0_L1_1_0_split
I0923 17:58:24.931927 2175012 net.cpp:131] Top shape: 1 96 2 2 (384)
I0923 17:58:24.931929 2175012 net.cpp:131] Top shape: 1 96 2 2 (384)
I0923 17:58:24.931931 2175012 net.cpp:139] Memory required for data: 1239488
I0923 17:58:24.931931 2175012 layer_factory.hpp:77] Creating layer Mconv3_stage0_L1_2
I0923 17:58:24.931933 2175012 net.cpp:86] Creating Layer Mconv3_stage0_L1_2
I0923 17:58:24.931934 2175012 net.cpp:408] Mconv3_stage0_L1_2 <- Mconv3_stage0_L1_1_Mprelu3_stage0_L1_1_0_split_0
I0923 17:58:24.931936 2175012 net.cpp:382] Mconv3_stage0_L1_2 -> Mconv3_stage0_L1_2
I0923 17:58:24.940495 2175012 net.cpp:124] Setting up Mconv3_stage0_L1_2
I0923 17:58:24.940500 2175012 net.cpp:131] Top shape: 1 96 2 2 (384)
I0923 17:58:24.940502 2175012 net.cpp:139] Memory required for data: 1241024
I0923 17:58:24.940505 2175012 layer_factory.hpp:77] Creating layer Mprelu3_stage0_L1_2
I0923 17:58:24.940507 2175012 net.cpp:86] Creating Layer Mprelu3_stage0_L1_2
I0923 17:58:24.940508 2175012 net.cpp:408] Mprelu3_stage0_L1_2 <- Mconv3_stage0_L1_2
I0923 17:58:24.940510 2175012 net.cpp:369] Mprelu3_stage0_L1_2 -> Mconv3_stage0_L1_2 (in-place)
I0923 17:58:24.940533 2175012 net.cpp:124] Setting up Mprelu3_stage0_L1_2
I0923 17:58:24.940534 2175012 net.cpp:131] Top shape: 1 96 2 2 (384)
I0923 17:58:24.940536 2175012 net.cpp:139] Memory required for data: 1242560
I0923 17:58:24.940536 2175012 layer_factory.hpp:77] Creating layer Mconv3_stage0_L1_concat
I0923 17:58:24.940539 2175012 net.cpp:86] Creating Layer Mconv3_stage0_L1_concat
I0923 17:58:24.940541 2175012 net.cpp:408] Mconv3_stage0_L1_concat <- Mconv3_stage0_L1_0_Mprelu3_stage0_L1_0_0_split_1
I0923 17:58:24.940541 2175012 net.cpp:408] Mconv3_stage0_L1_concat <- Mconv3_stage0_L1_1_Mprelu3_stage0_L1_1_0_split_1
I0923 17:58:24.940542 2175012 net.cpp:408] Mconv3_stage0_L1_concat <- Mconv3_stage0_L1_2
I0923 17:58:24.940544 2175012 net.cpp:382] Mconv3_stage0_L1_concat -> Mconv3_stage0_L1_concat
I0923 17:58:24.940549 2175012 net.cpp:124] Setting up Mconv3_stage0_L1_concat
I0923 17:58:24.940550 2175012 net.cpp:131] Top shape: 1 288 2 2 (1152)
I0923 17:58:24.940552 2175012 net.cpp:139] Memory required for data: 1247168
I0923 17:58:24.940553 2175012 layer_factory.hpp:77] Creating layer Mconv4_stage0_L1_0
I0923 17:58:24.940555 2175012 net.cpp:86] Creating Layer Mconv4_stage0_L1_0
I0923 17:58:24.940557 2175012 net.cpp:408] Mconv4_stage0_L1_0 <- Mconv3_stage0_L1_concat
I0923 17:58:24.940559 2175012 net.cpp:382] Mconv4_stage0_L1_0 -> Mconv4_stage0_L1_0
I0923 17:58:24.948417 2175012 net.cpp:124] Setting up Mconv4_stage0_L1_0
I0923 17:58:24.948422 2175012 net.cpp:131] Top shape: 1 96 2 2 (384)
I0923 17:58:24.948424 2175012 net.cpp:139] Memory required for data: 1248704
I0923 17:58:24.948426 2175012 layer_factory.hpp:77] Creating layer Mprelu4_stage0_L1_0
I0923 17:58:24.948428 2175012 net.cpp:86] Creating Layer Mprelu4_stage0_L1_0
I0923 17:58:24.948431 2175012 net.cpp:408] Mprelu4_stage0_L1_0 <- Mconv4_stage0_L1_0
I0923 17:58:24.948432 2175012 net.cpp:369] Mprelu4_stage0_L1_0 -> Mconv4_stage0_L1_0 (in-place)
I0923 17:58:24.948453 2175012 net.cpp:124] Setting up Mprelu4_stage0_L1_0
I0923 17:58:24.948454 2175012 net.cpp:131] Top shape: 1 96 2 2 (384)
I0923 17:58:24.948455 2175012 net.cpp:139] Memory required for data: 1250240
I0923 17:58:24.948462 2175012 layer_factory.hpp:77] Creating layer Mconv4_stage0_L1_0_Mprelu4_stage0_L1_0_0_split
I0923 17:58:24.948463 2175012 net.cpp:86] Creating Layer Mconv4_stage0_L1_0_Mprelu4_stage0_L1_0_0_split
I0923 17:58:24.948464 2175012 net.cpp:408] Mconv4_stage0_L1_0_Mprelu4_stage0_L1_0_0_split <- Mconv4_stage0_L1_0
I0923 17:58:24.948465 2175012 net.cpp:382] Mconv4_stage0_L1_0_Mprelu4_stage0_L1_0_0_split -> Mconv4_stage0_L1_0_Mprelu4_stage0_L1_0_0_split_0
I0923 17:58:24.948468 2175012 net.cpp:382] Mconv4_stage0_L1_0_Mprelu4_stage0_L1_0_0_split -> Mconv4_stage0_L1_0_Mprelu4_stage0_L1_0_0_split_1
I0923 17:58:24.948474 2175012 net.cpp:124] Setting up Mconv4_stage0_L1_0_Mprelu4_stage0_L1_0_0_split
I0923 17:58:24.948475 2175012 net.cpp:131] Top shape: 1 96 2 2 (384)
I0923 17:58:24.948477 2175012 net.cpp:131] Top shape: 1 96 2 2 (384)
I0923 17:58:24.948478 2175012 net.cpp:139] Memory required for data: 1253312
I0923 17:58:24.948479 2175012 layer_factory.hpp:77] Creating layer Mconv4_stage0_L1_1
I0923 17:58:24.948486 2175012 net.cpp:86] Creating Layer Mconv4_stage0_L1_1
I0923 17:58:24.948487 2175012 net.cpp:408] Mconv4_stage0_L1_1 <- Mconv4_stage0_L1_0_Mprelu4_stage0_L1_0_0_split_0
I0923 17:58:24.948488 2175012 net.cpp:382] Mconv4_stage0_L1_1 -> Mconv4_stage0_L1_1
I0923 17:58:24.955971 2175012 net.cpp:124] Setting up Mconv4_stage0_L1_1
I0923 17:58:24.955974 2175012 net.cpp:131] Top shape: 1 96 2 2 (384)
I0923 17:58:24.955976 2175012 net.cpp:139] Memory required for data: 1254848
I0923 17:58:24.955978 2175012 layer_factory.hpp:77] Creating layer Mprelu4_stage0_L1_1
I0923 17:58:24.955981 2175012 net.cpp:86] Creating Layer Mprelu4_stage0_L1_1
I0923 17:58:24.955983 2175012 net.cpp:408] Mprelu4_stage0_L1_1 <- Mconv4_stage0_L1_1
I0923 17:58:24.955986 2175012 net.cpp:369] Mprelu4_stage0_L1_1 -> Mconv4_stage0_L1_1 (in-place)
I0923 17:58:24.956007 2175012 net.cpp:124] Setting up Mprelu4_stage0_L1_1
I0923 17:58:24.956009 2175012 net.cpp:131] Top shape: 1 96 2 2 (384)
I0923 17:58:24.956010 2175012 net.cpp:139] Memory required for data: 1256384
I0923 17:58:24.956012 2175012 layer_factory.hpp:77] Creating layer Mconv4_stage0_L1_1_Mprelu4_stage0_L1_1_0_split
I0923 17:58:24.956013 2175012 net.cpp:86] Creating Layer Mconv4_stage0_L1_1_Mprelu4_stage0_L1_1_0_split
I0923 17:58:24.956014 2175012 net.cpp:408] Mconv4_stage0_L1_1_Mprelu4_stage0_L1_1_0_split <- Mconv4_stage0_L1_1
I0923 17:58:24.956015 2175012 net.cpp:382] Mconv4_stage0_L1_1_Mprelu4_stage0_L1_1_0_split -> Mconv4_stage0_L1_1_Mprelu4_stage0_L1_1_0_split_0
I0923 17:58:24.956018 2175012 net.cpp:382] Mconv4_stage0_L1_1_Mprelu4_stage0_L1_1_0_split -> Mconv4_stage0_L1_1_Mprelu4_stage0_L1_1_0_split_1
I0923 17:58:24.956024 2175012 net.cpp:124] Setting up Mconv4_stage0_L1_1_Mprelu4_stage0_L1_1_0_split
I0923 17:58:24.956027 2175012 net.cpp:131] Top shape: 1 96 2 2 (384)
I0923 17:58:24.956027 2175012 net.cpp:131] Top shape: 1 96 2 2 (384)
I0923 17:58:24.956028 2175012 net.cpp:139] Memory required for data: 1259456
I0923 17:58:24.956029 2175012 layer_factory.hpp:77] Creating layer Mconv4_stage0_L1_2
I0923 17:58:24.956032 2175012 net.cpp:86] Creating Layer Mconv4_stage0_L1_2
I0923 17:58:24.956032 2175012 net.cpp:408] Mconv4_stage0_L1_2 <- Mconv4_stage0_L1_1_Mprelu4_stage0_L1_1_0_split_0
I0923 17:58:24.956034 2175012 net.cpp:382] Mconv4_stage0_L1_2 -> Mconv4_stage0_L1_2
I0923 17:58:24.963816 2175012 net.cpp:124] Setting up Mconv4_stage0_L1_2
I0923 17:58:24.963821 2175012 net.cpp:131] Top shape: 1 96 2 2 (384)
I0923 17:58:24.963822 2175012 net.cpp:139] Memory required for data: 1260992
I0923 17:58:24.963824 2175012 layer_factory.hpp:77] Creating layer Mprelu4_stage0_L1_2
I0923 17:58:24.963827 2175012 net.cpp:86] Creating Layer Mprelu4_stage0_L1_2
I0923 17:58:24.963828 2175012 net.cpp:408] Mprelu4_stage0_L1_2 <- Mconv4_stage0_L1_2
I0923 17:58:24.963830 2175012 net.cpp:369] Mprelu4_stage0_L1_2 -> Mconv4_stage0_L1_2 (in-place)
I0923 17:58:24.963853 2175012 net.cpp:124] Setting up Mprelu4_stage0_L1_2
I0923 17:58:24.963855 2175012 net.cpp:131] Top shape: 1 96 2 2 (384)
I0923 17:58:24.963855 2175012 net.cpp:139] Memory required for data: 1262528
I0923 17:58:24.963856 2175012 layer_factory.hpp:77] Creating layer Mconv4_stage0_L1_concat
I0923 17:58:24.963858 2175012 net.cpp:86] Creating Layer Mconv4_stage0_L1_concat
I0923 17:58:24.963860 2175012 net.cpp:408] Mconv4_stage0_L1_concat <- Mconv4_stage0_L1_0_Mprelu4_stage0_L1_0_0_split_1
I0923 17:58:24.963861 2175012 net.cpp:408] Mconv4_stage0_L1_concat <- Mconv4_stage0_L1_1_Mprelu4_stage0_L1_1_0_split_1
I0923 17:58:24.963862 2175012 net.cpp:408] Mconv4_stage0_L1_concat <- Mconv4_stage0_L1_2
I0923 17:58:24.963863 2175012 net.cpp:382] Mconv4_stage0_L1_concat -> Mconv4_stage0_L1_concat
I0923 17:58:24.963868 2175012 net.cpp:124] Setting up Mconv4_stage0_L1_concat
I0923 17:58:24.963869 2175012 net.cpp:131] Top shape: 1 288 2 2 (1152)
I0923 17:58:24.963871 2175012 net.cpp:139] Memory required for data: 1267136
I0923 17:58:24.963872 2175012 layer_factory.hpp:77] Creating layer Mconv5_stage0_L1_0
I0923 17:58:24.963874 2175012 net.cpp:86] Creating Layer Mconv5_stage0_L1_0
I0923 17:58:24.963876 2175012 net.cpp:408] Mconv5_stage0_L1_0 <- Mconv4_stage0_L1_concat
I0923 17:58:24.963878 2175012 net.cpp:382] Mconv5_stage0_L1_0 -> Mconv5_stage0_L1_0
I0923 17:58:24.973627 2175012 net.cpp:124] Setting up Mconv5_stage0_L1_0
I0923 17:58:24.973631 2175012 net.cpp:131] Top shape: 1 96 2 2 (384)
I0923 17:58:24.973634 2175012 net.cpp:139] Memory required for data: 1268672
I0923 17:58:24.973635 2175012 layer_factory.hpp:77] Creating layer Mprelu5_stage0_L1_0
I0923 17:58:24.973639 2175012 net.cpp:86] Creating Layer Mprelu5_stage0_L1_0
I0923 17:58:24.973640 2175012 net.cpp:408] Mprelu5_stage0_L1_0 <- Mconv5_stage0_L1_0
I0923 17:58:24.973641 2175012 net.cpp:369] Mprelu5_stage0_L1_0 -> Mconv5_stage0_L1_0 (in-place)
I0923 17:58:24.973666 2175012 net.cpp:124] Setting up Mprelu5_stage0_L1_0
I0923 17:58:24.973667 2175012 net.cpp:131] Top shape: 1 96 2 2 (384)
I0923 17:58:24.973668 2175012 net.cpp:139] Memory required for data: 1270208
I0923 17:58:24.973670 2175012 layer_factory.hpp:77] Creating layer Mconv5_stage0_L1_0_Mprelu5_stage0_L1_0_0_split
I0923 17:58:24.973671 2175012 net.cpp:86] Creating Layer Mconv5_stage0_L1_0_Mprelu5_stage0_L1_0_0_split
I0923 17:58:24.973672 2175012 net.cpp:408] Mconv5_stage0_L1_0_Mprelu5_stage0_L1_0_0_split <- Mconv5_stage0_L1_0
I0923 17:58:24.973675 2175012 net.cpp:382] Mconv5_stage0_L1_0_Mprelu5_stage0_L1_0_0_split -> Mconv5_stage0_L1_0_Mprelu5_stage0_L1_0_0_split_0
I0923 17:58:24.973676 2175012 net.cpp:382] Mconv5_stage0_L1_0_Mprelu5_stage0_L1_0_0_split -> Mconv5_stage0_L1_0_Mprelu5_stage0_L1_0_0_split_1
I0923 17:58:24.973685 2175012 net.cpp:124] Setting up Mconv5_stage0_L1_0_Mprelu5_stage0_L1_0_0_split
I0923 17:58:24.973685 2175012 net.cpp:131] Top shape: 1 96 2 2 (384)
I0923 17:58:24.973686 2175012 net.cpp:131] Top shape: 1 96 2 2 (384)
I0923 17:58:24.973687 2175012 net.cpp:139] Memory required for data: 1273280
I0923 17:58:24.973688 2175012 layer_factory.hpp:77] Creating layer Mconv5_stage0_L1_1
I0923 17:58:24.973691 2175012 net.cpp:86] Creating Layer Mconv5_stage0_L1_1
I0923 17:58:24.973692 2175012 net.cpp:408] Mconv5_stage0_L1_1 <- Mconv5_stage0_L1_0_Mprelu5_stage0_L1_0_0_split_0
I0923 17:58:24.973694 2175012 net.cpp:382] Mconv5_stage0_L1_1 -> Mconv5_stage0_L1_1
I0923 17:58:24.981489 2175012 net.cpp:124] Setting up Mconv5_stage0_L1_1
I0923 17:58:24.981493 2175012 net.cpp:131] Top shape: 1 96 2 2 (384)
I0923 17:58:24.981495 2175012 net.cpp:139] Memory required for data: 1274816
I0923 17:58:24.981498 2175012 layer_factory.hpp:77] Creating layer Mprelu5_stage0_L1_1
I0923 17:58:24.981499 2175012 net.cpp:86] Creating Layer Mprelu5_stage0_L1_1
I0923 17:58:24.981501 2175012 net.cpp:408] Mprelu5_stage0_L1_1 <- Mconv5_stage0_L1_1
I0923 17:58:24.981503 2175012 net.cpp:369] Mprelu5_stage0_L1_1 -> Mconv5_stage0_L1_1 (in-place)
I0923 17:58:24.981524 2175012 net.cpp:124] Setting up Mprelu5_stage0_L1_1
I0923 17:58:24.981525 2175012 net.cpp:131] Top shape: 1 96 2 2 (384)
I0923 17:58:24.981526 2175012 net.cpp:139] Memory required for data: 1276352
I0923 17:58:24.981527 2175012 layer_factory.hpp:77] Creating layer Mconv5_stage0_L1_1_Mprelu5_stage0_L1_1_0_split
I0923 17:58:24.981529 2175012 net.cpp:86] Creating Layer Mconv5_stage0_L1_1_Mprelu5_stage0_L1_1_0_split
I0923 17:58:24.981530 2175012 net.cpp:408] Mconv5_stage0_L1_1_Mprelu5_stage0_L1_1_0_split <- Mconv5_stage0_L1_1
I0923 17:58:24.981532 2175012 net.cpp:382] Mconv5_stage0_L1_1_Mprelu5_stage0_L1_1_0_split -> Mconv5_stage0_L1_1_Mprelu5_stage0_L1_1_0_split_0
I0923 17:58:24.981534 2175012 net.cpp:382] Mconv5_stage0_L1_1_Mprelu5_stage0_L1_1_0_split -> Mconv5_stage0_L1_1_Mprelu5_stage0_L1_1_0_split_1
I0923 17:58:24.981540 2175012 net.cpp:124] Setting up Mconv5_stage0_L1_1_Mprelu5_stage0_L1_1_0_split
I0923 17:58:24.981541 2175012 net.cpp:131] Top shape: 1 96 2 2 (384)
I0923 17:58:24.981544 2175012 net.cpp:131] Top shape: 1 96 2 2 (384)
I0923 17:58:24.981544 2175012 net.cpp:139] Memory required for data: 1279424
I0923 17:58:24.981545 2175012 layer_factory.hpp:77] Creating layer Mconv5_stage0_L1_2
I0923 17:58:24.981547 2175012 net.cpp:86] Creating Layer Mconv5_stage0_L1_2
I0923 17:58:24.981549 2175012 net.cpp:408] Mconv5_stage0_L1_2 <- Mconv5_stage0_L1_1_Mprelu5_stage0_L1_1_0_split_0
I0923 17:58:24.981550 2175012 net.cpp:382] Mconv5_stage0_L1_2 -> Mconv5_stage0_L1_2
I0923 17:58:24.990365 2175012 net.cpp:124] Setting up Mconv5_stage0_L1_2
I0923 17:58:24.990368 2175012 net.cpp:131] Top shape: 1 96 2 2 (384)
I0923 17:58:24.990370 2175012 net.cpp:139] Memory required for data: 1280960
I0923 17:58:24.990372 2175012 layer_factory.hpp:77] Creating layer Mprelu5_stage0_L1_2
I0923 17:58:24.990375 2175012 net.cpp:86] Creating Layer Mprelu5_stage0_L1_2
I0923 17:58:24.990377 2175012 net.cpp:408] Mprelu5_stage0_L1_2 <- Mconv5_stage0_L1_2
I0923 17:58:24.990378 2175012 net.cpp:369] Mprelu5_stage0_L1_2 -> Mconv5_stage0_L1_2 (in-place)
I0923 17:58:24.990399 2175012 net.cpp:124] Setting up Mprelu5_stage0_L1_2
I0923 17:58:24.990401 2175012 net.cpp:131] Top shape: 1 96 2 2 (384)
I0923 17:58:24.990401 2175012 net.cpp:139] Memory required for data: 1282496
I0923 17:58:24.990402 2175012 layer_factory.hpp:77] Creating layer Mconv5_stage0_L1_concat
I0923 17:58:24.990404 2175012 net.cpp:86] Creating Layer Mconv5_stage0_L1_concat
I0923 17:58:24.990406 2175012 net.cpp:408] Mconv5_stage0_L1_concat <- Mconv5_stage0_L1_0_Mprelu5_stage0_L1_0_0_split_1
I0923 17:58:24.990407 2175012 net.cpp:408] Mconv5_stage0_L1_concat <- Mconv5_stage0_L1_1_Mprelu5_stage0_L1_1_0_split_1
I0923 17:58:24.990408 2175012 net.cpp:408] Mconv5_stage0_L1_concat <- Mconv5_stage0_L1_2
I0923 17:58:24.990410 2175012 net.cpp:382] Mconv5_stage0_L1_concat -> Mconv5_stage0_L1_concat
I0923 17:58:24.990414 2175012 net.cpp:124] Setting up Mconv5_stage0_L1_concat
I0923 17:58:24.990415 2175012 net.cpp:131] Top shape: 1 288 2 2 (1152)
I0923 17:58:24.990417 2175012 net.cpp:139] Memory required for data: 1287104
I0923 17:58:24.990418 2175012 layer_factory.hpp:77] Creating layer Mconv6_stage0_L1
I0923 17:58:24.990420 2175012 net.cpp:86] Creating Layer Mconv6_stage0_L1
I0923 17:58:24.990422 2175012 net.cpp:408] Mconv6_stage0_L1 <- Mconv5_stage0_L1_concat
I0923 17:58:24.990424 2175012 net.cpp:382] Mconv6_stage0_L1 -> Mconv6_stage0_L1
I0923 17:58:24.998106 2175012 net.cpp:124] Setting up Mconv6_stage0_L1
I0923 17:58:24.998111 2175012 net.cpp:131] Top shape: 1 256 2 2 (1024)
I0923 17:58:24.998113 2175012 net.cpp:139] Memory required for data: 1291200
I0923 17:58:24.998116 2175012 layer_factory.hpp:77] Creating layer Mprelu6_stage0_L1
I0923 17:58:24.998118 2175012 net.cpp:86] Creating Layer Mprelu6_stage0_L1
I0923 17:58:24.998119 2175012 net.cpp:408] Mprelu6_stage0_L1 <- Mconv6_stage0_L1
I0923 17:58:24.998121 2175012 net.cpp:369] Mprelu6_stage0_L1 -> Mconv6_stage0_L1 (in-place)
I0923 17:58:24.998144 2175012 net.cpp:124] Setting up Mprelu6_stage0_L1
I0923 17:58:24.998145 2175012 net.cpp:131] Top shape: 1 256 2 2 (1024)
I0923 17:58:24.998152 2175012 net.cpp:139] Memory required for data: 1295296
I0923 17:58:24.998152 2175012 layer_factory.hpp:77] Creating layer Mconv7_stage0_L1
I0923 17:58:24.998155 2175012 net.cpp:86] Creating Layer Mconv7_stage0_L1
I0923 17:58:24.998157 2175012 net.cpp:408] Mconv7_stage0_L1 <- Mconv6_stage0_L1
I0923 17:58:24.998157 2175012 net.cpp:382] Mconv7_stage0_L1 -> Mconv7_stage0_L1
I0923 17:58:25.011788 2175012 net.cpp:124] Setting up Mconv7_stage0_L1
I0923 17:58:25.011793 2175012 net.cpp:131] Top shape: 1 26 2 2 (104)
I0923 17:58:25.011795 2175012 net.cpp:139] Memory required for data: 1295712
I0923 17:58:25.011797 2175012 layer_factory.hpp:77] Creating layer concat_stage1_L1
I0923 17:58:25.011801 2175012 net.cpp:86] Creating Layer concat_stage1_L1
I0923 17:58:25.011802 2175012 net.cpp:408] concat_stage1_L1 <- conv4_4_CPM_prelu4_4_CPM_0_split_5
I0923 17:58:25.011804 2175012 net.cpp:408] concat_stage1_L1 <- Mconv7_stage0_L1
I0923 17:58:25.011806 2175012 net.cpp:408] concat_stage1_L1 <- Mconv7_stage3_L2_Mconv7_stage3_L2_0_split_1
I0923 17:58:25.011808 2175012 net.cpp:382] concat_stage1_L1 -> concat_stage1_L1
I0923 17:58:25.011817 2175012 net.cpp:124] Setting up concat_stage1_L1
I0923 17:58:25.011818 2175012 net.cpp:131] Top shape: 1 206 2 2 (824)
I0923 17:58:25.011819 2175012 net.cpp:139] Memory required for data: 1299008
I0923 17:58:25.011821 2175012 layer_factory.hpp:77] Creating layer Mconv1_stage1_L1_0
I0923 17:58:25.011822 2175012 net.cpp:86] Creating Layer Mconv1_stage1_L1_0
I0923 17:58:25.011824 2175012 net.cpp:408] Mconv1_stage1_L1_0 <- concat_stage1_L1
I0923 17:58:25.011826 2175012 net.cpp:382] Mconv1_stage1_L1_0 -> Mconv1_stage1_L1_0
I0923 17:58:25.020670 2175012 net.cpp:124] Setting up Mconv1_stage1_L1_0
I0923 17:58:25.020675 2175012 net.cpp:131] Top shape: 1 128 2 2 (512)
I0923 17:58:25.020677 2175012 net.cpp:139] Memory required for data: 1301056
I0923 17:58:25.020679 2175012 layer_factory.hpp:77] Creating layer Mprelu1_stage1_L1_0
I0923 17:58:25.020682 2175012 net.cpp:86] Creating Layer Mprelu1_stage1_L1_0
I0923 17:58:25.020684 2175012 net.cpp:408] Mprelu1_stage1_L1_0 <- Mconv1_stage1_L1_0
I0923 17:58:25.020686 2175012 net.cpp:369] Mprelu1_stage1_L1_0 -> Mconv1_stage1_L1_0 (in-place)
I0923 17:58:25.020710 2175012 net.cpp:124] Setting up Mprelu1_stage1_L1_0
I0923 17:58:25.020711 2175012 net.cpp:131] Top shape: 1 128 2 2 (512)
I0923 17:58:25.020712 2175012 net.cpp:139] Memory required for data: 1303104
I0923 17:58:25.020713 2175012 layer_factory.hpp:77] Creating layer Mconv1_stage1_L1_0_Mprelu1_stage1_L1_0_0_split
I0923 17:58:25.020715 2175012 net.cpp:86] Creating Layer Mconv1_stage1_L1_0_Mprelu1_stage1_L1_0_0_split
I0923 17:58:25.020716 2175012 net.cpp:408] Mconv1_stage1_L1_0_Mprelu1_stage1_L1_0_0_split <- Mconv1_stage1_L1_0
I0923 17:58:25.020718 2175012 net.cpp:382] Mconv1_stage1_L1_0_Mprelu1_stage1_L1_0_0_split -> Mconv1_stage1_L1_0_Mprelu1_stage1_L1_0_0_split_0
I0923 17:58:25.020720 2175012 net.cpp:382] Mconv1_stage1_L1_0_Mprelu1_stage1_L1_0_0_split -> Mconv1_stage1_L1_0_Mprelu1_stage1_L1_0_0_split_1
I0923 17:58:25.020727 2175012 net.cpp:124] Setting up Mconv1_stage1_L1_0_Mprelu1_stage1_L1_0_0_split
I0923 17:58:25.020728 2175012 net.cpp:131] Top shape: 1 128 2 2 (512)
I0923 17:58:25.020730 2175012 net.cpp:131] Top shape: 1 128 2 2 (512)
I0923 17:58:25.020731 2175012 net.cpp:139] Memory required for data: 1307200
I0923 17:58:25.020732 2175012 layer_factory.hpp:77] Creating layer Mconv1_stage1_L1_1
I0923 17:58:25.020735 2175012 net.cpp:86] Creating Layer Mconv1_stage1_L1_1
I0923 17:58:25.020735 2175012 net.cpp:408] Mconv1_stage1_L1_1 <- Mconv1_stage1_L1_0_Mprelu1_stage1_L1_0_0_split_0
I0923 17:58:25.020737 2175012 net.cpp:382] Mconv1_stage1_L1_1 -> Mconv1_stage1_L1_1
I0923 17:58:25.029541 2175012 net.cpp:124] Setting up Mconv1_stage1_L1_1
I0923 17:58:25.029544 2175012 net.cpp:131] Top shape: 1 128 2 2 (512)
I0923 17:58:25.029546 2175012 net.cpp:139] Memory required for data: 1309248
I0923 17:58:25.029548 2175012 layer_factory.hpp:77] Creating layer Mprelu1_stage1_L1_1
I0923 17:58:25.029551 2175012 net.cpp:86] Creating Layer Mprelu1_stage1_L1_1
I0923 17:58:25.029552 2175012 net.cpp:408] Mprelu1_stage1_L1_1 <- Mconv1_stage1_L1_1
I0923 17:58:25.029554 2175012 net.cpp:369] Mprelu1_stage1_L1_1 -> Mconv1_stage1_L1_1 (in-place)
I0923 17:58:25.029575 2175012 net.cpp:124] Setting up Mprelu1_stage1_L1_1
I0923 17:58:25.029577 2175012 net.cpp:131] Top shape: 1 128 2 2 (512)
I0923 17:58:25.029577 2175012 net.cpp:139] Memory required for data: 1311296
I0923 17:58:25.029578 2175012 layer_factory.hpp:77] Creating layer Mconv1_stage1_L1_1_Mprelu1_stage1_L1_1_0_split
I0923 17:58:25.029580 2175012 net.cpp:86] Creating Layer Mconv1_stage1_L1_1_Mprelu1_stage1_L1_1_0_split
I0923 17:58:25.029582 2175012 net.cpp:408] Mconv1_stage1_L1_1_Mprelu1_stage1_L1_1_0_split <- Mconv1_stage1_L1_1
I0923 17:58:25.029583 2175012 net.cpp:382] Mconv1_stage1_L1_1_Mprelu1_stage1_L1_1_0_split -> Mconv1_stage1_L1_1_Mprelu1_stage1_L1_1_0_split_0
I0923 17:58:25.029585 2175012 net.cpp:382] Mconv1_stage1_L1_1_Mprelu1_stage1_L1_1_0_split -> Mconv1_stage1_L1_1_Mprelu1_stage1_L1_1_0_split_1
I0923 17:58:25.029592 2175012 net.cpp:124] Setting up Mconv1_stage1_L1_1_Mprelu1_stage1_L1_1_0_split
I0923 17:58:25.029593 2175012 net.cpp:131] Top shape: 1 128 2 2 (512)
I0923 17:58:25.029594 2175012 net.cpp:131] Top shape: 1 128 2 2 (512)
I0923 17:58:25.029595 2175012 net.cpp:139] Memory required for data: 1315392
I0923 17:58:25.029596 2175012 layer_factory.hpp:77] Creating layer Mconv1_stage1_L1_2
I0923 17:58:25.029598 2175012 net.cpp:86] Creating Layer Mconv1_stage1_L1_2
I0923 17:58:25.029599 2175012 net.cpp:408] Mconv1_stage1_L1_2 <- Mconv1_stage1_L1_1_Mprelu1_stage1_L1_1_0_split_0
I0923 17:58:25.029601 2175012 net.cpp:382] Mconv1_stage1_L1_2 -> Mconv1_stage1_L1_2
I0923 17:58:25.038339 2175012 net.cpp:124] Setting up Mconv1_stage1_L1_2
I0923 17:58:25.038344 2175012 net.cpp:131] Top shape: 1 128 2 2 (512)
I0923 17:58:25.038345 2175012 net.cpp:139] Memory required for data: 1317440
I0923 17:58:25.038347 2175012 layer_factory.hpp:77] Creating layer Mprelu1_stage1_L1_2
I0923 17:58:25.038350 2175012 net.cpp:86] Creating Layer Mprelu1_stage1_L1_2
I0923 17:58:25.038352 2175012 net.cpp:408] Mprelu1_stage1_L1_2 <- Mconv1_stage1_L1_2
I0923 17:58:25.038353 2175012 net.cpp:369] Mprelu1_stage1_L1_2 -> Mconv1_stage1_L1_2 (in-place)
I0923 17:58:25.038374 2175012 net.cpp:124] Setting up Mprelu1_stage1_L1_2
I0923 17:58:25.038375 2175012 net.cpp:131] Top shape: 1 128 2 2 (512)
I0923 17:58:25.038378 2175012 net.cpp:139] Memory required for data: 1319488
I0923 17:58:25.038378 2175012 layer_factory.hpp:77] Creating layer Mconv1_stage1_L1_concat
I0923 17:58:25.038380 2175012 net.cpp:86] Creating Layer Mconv1_stage1_L1_concat
I0923 17:58:25.038381 2175012 net.cpp:408] Mconv1_stage1_L1_concat <- Mconv1_stage1_L1_0_Mprelu1_stage1_L1_0_0_split_1
I0923 17:58:25.038383 2175012 net.cpp:408] Mconv1_stage1_L1_concat <- Mconv1_stage1_L1_1_Mprelu1_stage1_L1_1_0_split_1
I0923 17:58:25.038383 2175012 net.cpp:408] Mconv1_stage1_L1_concat <- Mconv1_stage1_L1_2
I0923 17:58:25.038385 2175012 net.cpp:382] Mconv1_stage1_L1_concat -> Mconv1_stage1_L1_concat
I0923 17:58:25.038390 2175012 net.cpp:124] Setting up Mconv1_stage1_L1_concat
I0923 17:58:25.038391 2175012 net.cpp:131] Top shape: 1 384 2 2 (1536)
I0923 17:58:25.038393 2175012 net.cpp:139] Memory required for data: 1325632
I0923 17:58:25.038393 2175012 layer_factory.hpp:77] Creating layer Mconv2_stage1_L1_0
I0923 17:58:25.038396 2175012 net.cpp:86] Creating Layer Mconv2_stage1_L1_0
I0923 17:58:25.038398 2175012 net.cpp:408] Mconv2_stage1_L1_0 <- Mconv1_stage1_L1_concat
I0923 17:58:25.038399 2175012 net.cpp:382] Mconv2_stage1_L1_0 -> Mconv2_stage1_L1_0
I0923 17:58:25.046782 2175012 net.cpp:124] Setting up Mconv2_stage1_L1_0
I0923 17:58:25.046787 2175012 net.cpp:131] Top shape: 1 128 2 2 (512)
I0923 17:58:25.046789 2175012 net.cpp:139] Memory required for data: 1327680
I0923 17:58:25.046792 2175012 layer_factory.hpp:77] Creating layer Mprelu2_stage1_L1_0
I0923 17:58:25.046794 2175012 net.cpp:86] Creating Layer Mprelu2_stage1_L1_0
I0923 17:58:25.046795 2175012 net.cpp:408] Mprelu2_stage1_L1_0 <- Mconv2_stage1_L1_0
I0923 17:58:25.046797 2175012 net.cpp:369] Mprelu2_stage1_L1_0 -> Mconv2_stage1_L1_0 (in-place)
I0923 17:58:25.046818 2175012 net.cpp:124] Setting up Mprelu2_stage1_L1_0
I0923 17:58:25.046819 2175012 net.cpp:131] Top shape: 1 128 2 2 (512)
I0923 17:58:25.046820 2175012 net.cpp:139] Memory required for data: 1329728
I0923 17:58:25.046823 2175012 layer_factory.hpp:77] Creating layer Mconv2_stage1_L1_0_Mprelu2_stage1_L1_0_0_split
I0923 17:58:25.046823 2175012 net.cpp:86] Creating Layer Mconv2_stage1_L1_0_Mprelu2_stage1_L1_0_0_split
I0923 17:58:25.046824 2175012 net.cpp:408] Mconv2_stage1_L1_0_Mprelu2_stage1_L1_0_0_split <- Mconv2_stage1_L1_0
I0923 17:58:25.046826 2175012 net.cpp:382] Mconv2_stage1_L1_0_Mprelu2_stage1_L1_0_0_split -> Mconv2_stage1_L1_0_Mprelu2_stage1_L1_0_0_split_0
I0923 17:58:25.046828 2175012 net.cpp:382] Mconv2_stage1_L1_0_Mprelu2_stage1_L1_0_0_split -> Mconv2_stage1_L1_0_Mprelu2_stage1_L1_0_0_split_1
I0923 17:58:25.046835 2175012 net.cpp:124] Setting up Mconv2_stage1_L1_0_Mprelu2_stage1_L1_0_0_split
I0923 17:58:25.046836 2175012 net.cpp:131] Top shape: 1 128 2 2 (512)
I0923 17:58:25.046837 2175012 net.cpp:131] Top shape: 1 128 2 2 (512)
I0923 17:58:25.046838 2175012 net.cpp:139] Memory required for data: 1333824
I0923 17:58:25.046839 2175012 layer_factory.hpp:77] Creating layer Mconv2_stage1_L1_1
I0923 17:58:25.046841 2175012 net.cpp:86] Creating Layer Mconv2_stage1_L1_1
I0923 17:58:25.046842 2175012 net.cpp:408] Mconv2_stage1_L1_1 <- Mconv2_stage1_L1_0_Mprelu2_stage1_L1_0_0_split_0
I0923 17:58:25.046844 2175012 net.cpp:382] Mconv2_stage1_L1_1 -> Mconv2_stage1_L1_1
I0923 17:58:25.054752 2175012 net.cpp:124] Setting up Mconv2_stage1_L1_1
I0923 17:58:25.054757 2175012 net.cpp:131] Top shape: 1 128 2 2 (512)
I0923 17:58:25.054759 2175012 net.cpp:139] Memory required for data: 1335872
I0923 17:58:25.054761 2175012 layer_factory.hpp:77] Creating layer Mprelu2_stage1_L1_1
I0923 17:58:25.054764 2175012 net.cpp:86] Creating Layer Mprelu2_stage1_L1_1
I0923 17:58:25.054765 2175012 net.cpp:408] Mprelu2_stage1_L1_1 <- Mconv2_stage1_L1_1
I0923 17:58:25.054767 2175012 net.cpp:369] Mprelu2_stage1_L1_1 -> Mconv2_stage1_L1_1 (in-place)
I0923 17:58:25.054787 2175012 net.cpp:124] Setting up Mprelu2_stage1_L1_1
I0923 17:58:25.054788 2175012 net.cpp:131] Top shape: 1 128 2 2 (512)
I0923 17:58:25.054790 2175012 net.cpp:139] Memory required for data: 1337920
I0923 17:58:25.054791 2175012 layer_factory.hpp:77] Creating layer Mconv2_stage1_L1_1_Mprelu2_stage1_L1_1_0_split
I0923 17:58:25.054792 2175012 net.cpp:86] Creating Layer Mconv2_stage1_L1_1_Mprelu2_stage1_L1_1_0_split
I0923 17:58:25.054795 2175012 net.cpp:408] Mconv2_stage1_L1_1_Mprelu2_stage1_L1_1_0_split <- Mconv2_stage1_L1_1
I0923 17:58:25.054795 2175012 net.cpp:382] Mconv2_stage1_L1_1_Mprelu2_stage1_L1_1_0_split -> Mconv2_stage1_L1_1_Mprelu2_stage1_L1_1_0_split_0
I0923 17:58:25.054797 2175012 net.cpp:382] Mconv2_stage1_L1_1_Mprelu2_stage1_L1_1_0_split -> Mconv2_stage1_L1_1_Mprelu2_stage1_L1_1_0_split_1
I0923 17:58:25.054804 2175012 net.cpp:124] Setting up Mconv2_stage1_L1_1_Mprelu2_stage1_L1_1_0_split
I0923 17:58:25.054805 2175012 net.cpp:131] Top shape: 1 128 2 2 (512)
I0923 17:58:25.054806 2175012 net.cpp:131] Top shape: 1 128 2 2 (512)
I0923 17:58:25.054807 2175012 net.cpp:139] Memory required for data: 1342016
I0923 17:58:25.054808 2175012 layer_factory.hpp:77] Creating layer Mconv2_stage1_L1_2
I0923 17:58:25.054811 2175012 net.cpp:86] Creating Layer Mconv2_stage1_L1_2
I0923 17:58:25.054811 2175012 net.cpp:408] Mconv2_stage1_L1_2 <- Mconv2_stage1_L1_1_Mprelu2_stage1_L1_1_0_split_0
I0923 17:58:25.054813 2175012 net.cpp:382] Mconv2_stage1_L1_2 -> Mconv2_stage1_L1_2
I0923 17:58:25.062603 2175012 net.cpp:124] Setting up Mconv2_stage1_L1_2
I0923 17:58:25.062608 2175012 net.cpp:131] Top shape: 1 128 2 2 (512)
I0923 17:58:25.062609 2175012 net.cpp:139] Memory required for data: 1344064
I0923 17:58:25.062611 2175012 layer_factory.hpp:77] Creating layer Mprelu2_stage1_L1_2
I0923 17:58:25.062614 2175012 net.cpp:86] Creating Layer Mprelu2_stage1_L1_2
I0923 17:58:25.062615 2175012 net.cpp:408] Mprelu2_stage1_L1_2 <- Mconv2_stage1_L1_2
I0923 17:58:25.062618 2175012 net.cpp:369] Mprelu2_stage1_L1_2 -> Mconv2_stage1_L1_2 (in-place)
I0923 17:58:25.062637 2175012 net.cpp:124] Setting up Mprelu2_stage1_L1_2
I0923 17:58:25.062639 2175012 net.cpp:131] Top shape: 1 128 2 2 (512)
I0923 17:58:25.062640 2175012 net.cpp:139] Memory required for data: 1346112
I0923 17:58:25.062641 2175012 layer_factory.hpp:77] Creating layer Mconv2_stage1_L1_concat
I0923 17:58:25.062644 2175012 net.cpp:86] Creating Layer Mconv2_stage1_L1_concat
I0923 17:58:25.062644 2175012 net.cpp:408] Mconv2_stage1_L1_concat <- Mconv2_stage1_L1_0_Mprelu2_stage1_L1_0_0_split_1
I0923 17:58:25.062645 2175012 net.cpp:408] Mconv2_stage1_L1_concat <- Mconv2_stage1_L1_1_Mprelu2_stage1_L1_1_0_split_1
I0923 17:58:25.062646 2175012 net.cpp:408] Mconv2_stage1_L1_concat <- Mconv2_stage1_L1_2
I0923 17:58:25.062649 2175012 net.cpp:382] Mconv2_stage1_L1_concat -> Mconv2_stage1_L1_concat
I0923 17:58:25.062654 2175012 net.cpp:124] Setting up Mconv2_stage1_L1_concat
I0923 17:58:25.062654 2175012 net.cpp:131] Top shape: 1 384 2 2 (1536)
I0923 17:58:25.062655 2175012 net.cpp:139] Memory required for data: 1352256
I0923 17:58:25.062656 2175012 layer_factory.hpp:77] Creating layer Mconv3_stage1_L1_0
I0923 17:58:25.062659 2175012 net.cpp:86] Creating Layer Mconv3_stage1_L1_0
I0923 17:58:25.062660 2175012 net.cpp:408] Mconv3_stage1_L1_0 <- Mconv2_stage1_L1_concat
I0923 17:58:25.062662 2175012 net.cpp:382] Mconv3_stage1_L1_0 -> Mconv3_stage1_L1_0
I0923 17:58:25.072543 2175012 net.cpp:124] Setting up Mconv3_stage1_L1_0
I0923 17:58:25.072548 2175012 net.cpp:131] Top shape: 1 128 2 2 (512)
I0923 17:58:25.072551 2175012 net.cpp:139] Memory required for data: 1354304
I0923 17:58:25.072552 2175012 layer_factory.hpp:77] Creating layer Mprelu3_stage1_L1_0
I0923 17:58:25.072554 2175012 net.cpp:86] Creating Layer Mprelu3_stage1_L1_0
I0923 17:58:25.072556 2175012 net.cpp:408] Mprelu3_stage1_L1_0 <- Mconv3_stage1_L1_0
I0923 17:58:25.072558 2175012 net.cpp:369] Mprelu3_stage1_L1_0 -> Mconv3_stage1_L1_0 (in-place)
I0923 17:58:25.072577 2175012 net.cpp:124] Setting up Mprelu3_stage1_L1_0
I0923 17:58:25.072578 2175012 net.cpp:131] Top shape: 1 128 2 2 (512)
I0923 17:58:25.072580 2175012 net.cpp:139] Memory required for data: 1356352
I0923 17:58:25.072582 2175012 layer_factory.hpp:77] Creating layer Mconv3_stage1_L1_0_Mprelu3_stage1_L1_0_0_split
I0923 17:58:25.072582 2175012 net.cpp:86] Creating Layer Mconv3_stage1_L1_0_Mprelu3_stage1_L1_0_0_split
I0923 17:58:25.072583 2175012 net.cpp:408] Mconv3_stage1_L1_0_Mprelu3_stage1_L1_0_0_split <- Mconv3_stage1_L1_0
I0923 17:58:25.072585 2175012 net.cpp:382] Mconv3_stage1_L1_0_Mprelu3_stage1_L1_0_0_split -> Mconv3_stage1_L1_0_Mprelu3_stage1_L1_0_0_split_0
I0923 17:58:25.072587 2175012 net.cpp:382] Mconv3_stage1_L1_0_Mprelu3_stage1_L1_0_0_split -> Mconv3_stage1_L1_0_Mprelu3_stage1_L1_0_0_split_1
I0923 17:58:25.072593 2175012 net.cpp:124] Setting up Mconv3_stage1_L1_0_Mprelu3_stage1_L1_0_0_split
I0923 17:58:25.072594 2175012 net.cpp:131] Top shape: 1 128 2 2 (512)
I0923 17:58:25.072597 2175012 net.cpp:131] Top shape: 1 128 2 2 (512)
I0923 17:58:25.072597 2175012 net.cpp:139] Memory required for data: 1360448
I0923 17:58:25.072598 2175012 layer_factory.hpp:77] Creating layer Mconv3_stage1_L1_1
I0923 17:58:25.072600 2175012 net.cpp:86] Creating Layer Mconv3_stage1_L1_1
I0923 17:58:25.072602 2175012 net.cpp:408] Mconv3_stage1_L1_1 <- Mconv3_stage1_L1_0_Mprelu3_stage1_L1_0_0_split_0
I0923 17:58:25.072602 2175012 net.cpp:382] Mconv3_stage1_L1_1 -> Mconv3_stage1_L1_1
I0923 17:58:25.081092 2175012 net.cpp:124] Setting up Mconv3_stage1_L1_1
I0923 17:58:25.081097 2175012 net.cpp:131] Top shape: 1 128 2 2 (512)
I0923 17:58:25.081099 2175012 net.cpp:139] Memory required for data: 1362496
I0923 17:58:25.081101 2175012 layer_factory.hpp:77] Creating layer Mprelu3_stage1_L1_1
I0923 17:58:25.081103 2175012 net.cpp:86] Creating Layer Mprelu3_stage1_L1_1
I0923 17:58:25.081105 2175012 net.cpp:408] Mprelu3_stage1_L1_1 <- Mconv3_stage1_L1_1
I0923 17:58:25.081107 2175012 net.cpp:369] Mprelu3_stage1_L1_1 -> Mconv3_stage1_L1_1 (in-place)
I0923 17:58:25.081128 2175012 net.cpp:124] Setting up Mprelu3_stage1_L1_1
I0923 17:58:25.081130 2175012 net.cpp:131] Top shape: 1 128 2 2 (512)
I0923 17:58:25.081130 2175012 net.cpp:139] Memory required for data: 1364544
I0923 17:58:25.081131 2175012 layer_factory.hpp:77] Creating layer Mconv3_stage1_L1_1_Mprelu3_stage1_L1_1_0_split
I0923 17:58:25.081132 2175012 net.cpp:86] Creating Layer Mconv3_stage1_L1_1_Mprelu3_stage1_L1_1_0_split
I0923 17:58:25.081135 2175012 net.cpp:408] Mconv3_stage1_L1_1_Mprelu3_stage1_L1_1_0_split <- Mconv3_stage1_L1_1
I0923 17:58:25.081135 2175012 net.cpp:382] Mconv3_stage1_L1_1_Mprelu3_stage1_L1_1_0_split -> Mconv3_stage1_L1_1_Mprelu3_stage1_L1_1_0_split_0
I0923 17:58:25.081137 2175012 net.cpp:382] Mconv3_stage1_L1_1_Mprelu3_stage1_L1_1_0_split -> Mconv3_stage1_L1_1_Mprelu3_stage1_L1_1_0_split_1
I0923 17:58:25.081144 2175012 net.cpp:124] Setting up Mconv3_stage1_L1_1_Mprelu3_stage1_L1_1_0_split
I0923 17:58:25.081146 2175012 net.cpp:131] Top shape: 1 128 2 2 (512)
I0923 17:58:25.081147 2175012 net.cpp:131] Top shape: 1 128 2 2 (512)
I0923 17:58:25.081148 2175012 net.cpp:139] Memory required for data: 1368640
I0923 17:58:25.081149 2175012 layer_factory.hpp:77] Creating layer Mconv3_stage1_L1_2
I0923 17:58:25.081151 2175012 net.cpp:86] Creating Layer Mconv3_stage1_L1_2
I0923 17:58:25.081152 2175012 net.cpp:408] Mconv3_stage1_L1_2 <- Mconv3_stage1_L1_1_Mprelu3_stage1_L1_1_0_split_0
I0923 17:58:25.081153 2175012 net.cpp:382] Mconv3_stage1_L1_2 -> Mconv3_stage1_L1_2
I0923 17:58:25.089936 2175012 net.cpp:124] Setting up Mconv3_stage1_L1_2
I0923 17:58:25.089941 2175012 net.cpp:131] Top shape: 1 128 2 2 (512)
I0923 17:58:25.089941 2175012 net.cpp:139] Memory required for data: 1370688
I0923 17:58:25.089943 2175012 layer_factory.hpp:77] Creating layer Mprelu3_stage1_L1_2
I0923 17:58:25.089946 2175012 net.cpp:86] Creating Layer Mprelu3_stage1_L1_2
I0923 17:58:25.089948 2175012 net.cpp:408] Mprelu3_stage1_L1_2 <- Mconv3_stage1_L1_2
I0923 17:58:25.089950 2175012 net.cpp:369] Mprelu3_stage1_L1_2 -> Mconv3_stage1_L1_2 (in-place)
I0923 17:58:25.089969 2175012 net.cpp:124] Setting up Mprelu3_stage1_L1_2
I0923 17:58:25.089972 2175012 net.cpp:131] Top shape: 1 128 2 2 (512)
I0923 17:58:25.089972 2175012 net.cpp:139] Memory required for data: 1372736
I0923 17:58:25.089973 2175012 layer_factory.hpp:77] Creating layer Mconv3_stage1_L1_concat
I0923 17:58:25.089975 2175012 net.cpp:86] Creating Layer Mconv3_stage1_L1_concat
I0923 17:58:25.089977 2175012 net.cpp:408] Mconv3_stage1_L1_concat <- Mconv3_stage1_L1_0_Mprelu3_stage1_L1_0_0_split_1
I0923 17:58:25.089977 2175012 net.cpp:408] Mconv3_stage1_L1_concat <- Mconv3_stage1_L1_1_Mprelu3_stage1_L1_1_0_split_1
I0923 17:58:25.089979 2175012 net.cpp:408] Mconv3_stage1_L1_concat <- Mconv3_stage1_L1_2
I0923 17:58:25.089980 2175012 net.cpp:382] Mconv3_stage1_L1_concat -> Mconv3_stage1_L1_concat
I0923 17:58:25.089985 2175012 net.cpp:124] Setting up Mconv3_stage1_L1_concat
I0923 17:58:25.089986 2175012 net.cpp:131] Top shape: 1 384 2 2 (1536)
I0923 17:58:25.089987 2175012 net.cpp:139] Memory required for data: 1378880
I0923 17:58:25.089988 2175012 layer_factory.hpp:77] Creating layer Mconv4_stage1_L1_0
I0923 17:58:25.089990 2175012 net.cpp:86] Creating Layer Mconv4_stage1_L1_0
I0923 17:58:25.089991 2175012 net.cpp:408] Mconv4_stage1_L1_0 <- Mconv3_stage1_L1_concat
I0923 17:58:25.089994 2175012 net.cpp:382] Mconv4_stage1_L1_0 -> Mconv4_stage1_L1_0
I0923 17:58:25.098520 2175012 net.cpp:124] Setting up Mconv4_stage1_L1_0
I0923 17:58:25.098526 2175012 net.cpp:131] Top shape: 1 128 2 2 (512)
I0923 17:58:25.098527 2175012 net.cpp:139] Memory required for data: 1380928
I0923 17:58:25.098529 2175012 layer_factory.hpp:77] Creating layer Mprelu4_stage1_L1_0
I0923 17:58:25.098531 2175012 net.cpp:86] Creating Layer Mprelu4_stage1_L1_0
I0923 17:58:25.098533 2175012 net.cpp:408] Mprelu4_stage1_L1_0 <- Mconv4_stage1_L1_0
I0923 17:58:25.098536 2175012 net.cpp:369] Mprelu4_stage1_L1_0 -> Mconv4_stage1_L1_0 (in-place)
I0923 17:58:25.098555 2175012 net.cpp:124] Setting up Mprelu4_stage1_L1_0
I0923 17:58:25.098556 2175012 net.cpp:131] Top shape: 1 128 2 2 (512)
I0923 17:58:25.098557 2175012 net.cpp:139] Memory required for data: 1382976
I0923 17:58:25.098559 2175012 layer_factory.hpp:77] Creating layer Mconv4_stage1_L1_0_Mprelu4_stage1_L1_0_0_split
I0923 17:58:25.098560 2175012 net.cpp:86] Creating Layer Mconv4_stage1_L1_0_Mprelu4_stage1_L1_0_0_split
I0923 17:58:25.098562 2175012 net.cpp:408] Mconv4_stage1_L1_0_Mprelu4_stage1_L1_0_0_split <- Mconv4_stage1_L1_0
I0923 17:58:25.098563 2175012 net.cpp:382] Mconv4_stage1_L1_0_Mprelu4_stage1_L1_0_0_split -> Mconv4_stage1_L1_0_Mprelu4_stage1_L1_0_0_split_0
I0923 17:58:25.098565 2175012 net.cpp:382] Mconv4_stage1_L1_0_Mprelu4_stage1_L1_0_0_split -> Mconv4_stage1_L1_0_Mprelu4_stage1_L1_0_0_split_1
I0923 17:58:25.098572 2175012 net.cpp:124] Setting up Mconv4_stage1_L1_0_Mprelu4_stage1_L1_0_0_split
I0923 17:58:25.098573 2175012 net.cpp:131] Top shape: 1 128 2 2 (512)
I0923 17:58:25.098574 2175012 net.cpp:131] Top shape: 1 128 2 2 (512)
I0923 17:58:25.098575 2175012 net.cpp:139] Memory required for data: 1387072
I0923 17:58:25.098577 2175012 layer_factory.hpp:77] Creating layer Mconv4_stage1_L1_1
I0923 17:58:25.098579 2175012 net.cpp:86] Creating Layer Mconv4_stage1_L1_1
I0923 17:58:25.098580 2175012 net.cpp:408] Mconv4_stage1_L1_1 <- Mconv4_stage1_L1_0_Mprelu4_stage1_L1_0_0_split_0
I0923 17:58:25.098582 2175012 net.cpp:382] Mconv4_stage1_L1_1 -> Mconv4_stage1_L1_1
I0923 17:58:25.111908 2175012 net.cpp:124] Setting up Mconv4_stage1_L1_1
I0923 17:58:25.111913 2175012 net.cpp:131] Top shape: 1 128 2 2 (512)
I0923 17:58:25.111915 2175012 net.cpp:139] Memory required for data: 1389120
I0923 17:58:25.111917 2175012 layer_factory.hpp:77] Creating layer Mprelu4_stage1_L1_1
I0923 17:58:25.111919 2175012 net.cpp:86] Creating Layer Mprelu4_stage1_L1_1
I0923 17:58:25.111922 2175012 net.cpp:408] Mprelu4_stage1_L1_1 <- Mconv4_stage1_L1_1
I0923 17:58:25.111923 2175012 net.cpp:369] Mprelu4_stage1_L1_1 -> Mconv4_stage1_L1_1 (in-place)
I0923 17:58:25.111944 2175012 net.cpp:124] Setting up Mprelu4_stage1_L1_1
I0923 17:58:25.111946 2175012 net.cpp:131] Top shape: 1 128 2 2 (512)
I0923 17:58:25.111948 2175012 net.cpp:139] Memory required for data: 1391168
I0923 17:58:25.111948 2175012 layer_factory.hpp:77] Creating layer Mconv4_stage1_L1_1_Mprelu4_stage1_L1_1_0_split
I0923 17:58:25.111950 2175012 net.cpp:86] Creating Layer Mconv4_stage1_L1_1_Mprelu4_stage1_L1_1_0_split
I0923 17:58:25.111951 2175012 net.cpp:408] Mconv4_stage1_L1_1_Mprelu4_stage1_L1_1_0_split <- Mconv4_stage1_L1_1
I0923 17:58:25.111953 2175012 net.cpp:382] Mconv4_stage1_L1_1_Mprelu4_stage1_L1_1_0_split -> Mconv4_stage1_L1_1_Mprelu4_stage1_L1_1_0_split_0
I0923 17:58:25.111955 2175012 net.cpp:382] Mconv4_stage1_L1_1_Mprelu4_stage1_L1_1_0_split -> Mconv4_stage1_L1_1_Mprelu4_stage1_L1_1_0_split_1
I0923 17:58:25.111963 2175012 net.cpp:124] Setting up Mconv4_stage1_L1_1_Mprelu4_stage1_L1_1_0_split
I0923 17:58:25.111963 2175012 net.cpp:131] Top shape: 1 128 2 2 (512)
I0923 17:58:25.111964 2175012 net.cpp:131] Top shape: 1 128 2 2 (512)
I0923 17:58:25.111965 2175012 net.cpp:139] Memory required for data: 1395264
I0923 17:58:25.111966 2175012 layer_factory.hpp:77] Creating layer Mconv4_stage1_L1_2
I0923 17:58:25.111968 2175012 net.cpp:86] Creating Layer Mconv4_stage1_L1_2
I0923 17:58:25.111969 2175012 net.cpp:408] Mconv4_stage1_L1_2 <- Mconv4_stage1_L1_1_Mprelu4_stage1_L1_1_0_split_0
I0923 17:58:25.111971 2175012 net.cpp:382] Mconv4_stage1_L1_2 -> Mconv4_stage1_L1_2
I0923 17:58:25.120759 2175012 net.cpp:124] Setting up Mconv4_stage1_L1_2
I0923 17:58:25.120764 2175012 net.cpp:131] Top shape: 1 128 2 2 (512)
I0923 17:58:25.120765 2175012 net.cpp:139] Memory required for data: 1397312
I0923 17:58:25.120767 2175012 layer_factory.hpp:77] Creating layer Mprelu4_stage1_L1_2
I0923 17:58:25.120769 2175012 net.cpp:86] Creating Layer Mprelu4_stage1_L1_2
I0923 17:58:25.120771 2175012 net.cpp:408] Mprelu4_stage1_L1_2 <- Mconv4_stage1_L1_2
I0923 17:58:25.120774 2175012 net.cpp:369] Mprelu4_stage1_L1_2 -> Mconv4_stage1_L1_2 (in-place)
I0923 17:58:25.120795 2175012 net.cpp:124] Setting up Mprelu4_stage1_L1_2
I0923 17:58:25.120796 2175012 net.cpp:131] Top shape: 1 128 2 2 (512)
I0923 17:58:25.120797 2175012 net.cpp:139] Memory required for data: 1399360
I0923 17:58:25.120798 2175012 layer_factory.hpp:77] Creating layer Mconv4_stage1_L1_concat
I0923 17:58:25.120800 2175012 net.cpp:86] Creating Layer Mconv4_stage1_L1_concat
I0923 17:58:25.120801 2175012 net.cpp:408] Mconv4_stage1_L1_concat <- Mconv4_stage1_L1_0_Mprelu4_stage1_L1_0_0_split_1
I0923 17:58:25.120802 2175012 net.cpp:408] Mconv4_stage1_L1_concat <- Mconv4_stage1_L1_1_Mprelu4_stage1_L1_1_0_split_1
I0923 17:58:25.120805 2175012 net.cpp:408] Mconv4_stage1_L1_concat <- Mconv4_stage1_L1_2
I0923 17:58:25.120805 2175012 net.cpp:382] Mconv4_stage1_L1_concat -> Mconv4_stage1_L1_concat
I0923 17:58:25.120810 2175012 net.cpp:124] Setting up Mconv4_stage1_L1_concat
I0923 17:58:25.120811 2175012 net.cpp:131] Top shape: 1 384 2 2 (1536)
I0923 17:58:25.120813 2175012 net.cpp:139] Memory required for data: 1405504
I0923 17:58:25.120814 2175012 layer_factory.hpp:77] Creating layer Mconv5_stage1_L1_0
I0923 17:58:25.120816 2175012 net.cpp:86] Creating Layer Mconv5_stage1_L1_0
I0923 17:58:25.120818 2175012 net.cpp:408] Mconv5_stage1_L1_0 <- Mconv4_stage1_L1_concat
I0923 17:58:25.120820 2175012 net.cpp:382] Mconv5_stage1_L1_0 -> Mconv5_stage1_L1_0
I0923 17:58:25.129431 2175012 net.cpp:124] Setting up Mconv5_stage1_L1_0
I0923 17:58:25.129436 2175012 net.cpp:131] Top shape: 1 128 2 2 (512)
I0923 17:58:25.129438 2175012 net.cpp:139] Memory required for data: 1407552
I0923 17:58:25.129441 2175012 layer_factory.hpp:77] Creating layer Mprelu5_stage1_L1_0
I0923 17:58:25.129443 2175012 net.cpp:86] Creating Layer Mprelu5_stage1_L1_0
I0923 17:58:25.129444 2175012 net.cpp:408] Mprelu5_stage1_L1_0 <- Mconv5_stage1_L1_0
I0923 17:58:25.129446 2175012 net.cpp:369] Mprelu5_stage1_L1_0 -> Mconv5_stage1_L1_0 (in-place)
I0923 17:58:25.129468 2175012 net.cpp:124] Setting up Mprelu5_stage1_L1_0
I0923 17:58:25.129469 2175012 net.cpp:131] Top shape: 1 128 2 2 (512)
I0923 17:58:25.129470 2175012 net.cpp:139] Memory required for data: 1409600
I0923 17:58:25.129472 2175012 layer_factory.hpp:77] Creating layer Mconv5_stage1_L1_0_Mprelu5_stage1_L1_0_0_split
I0923 17:58:25.129473 2175012 net.cpp:86] Creating Layer Mconv5_stage1_L1_0_Mprelu5_stage1_L1_0_0_split
I0923 17:58:25.129474 2175012 net.cpp:408] Mconv5_stage1_L1_0_Mprelu5_stage1_L1_0_0_split <- Mconv5_stage1_L1_0
I0923 17:58:25.129477 2175012 net.cpp:382] Mconv5_stage1_L1_0_Mprelu5_stage1_L1_0_0_split -> Mconv5_stage1_L1_0_Mprelu5_stage1_L1_0_0_split_0
I0923 17:58:25.129478 2175012 net.cpp:382] Mconv5_stage1_L1_0_Mprelu5_stage1_L1_0_0_split -> Mconv5_stage1_L1_0_Mprelu5_stage1_L1_0_0_split_1
I0923 17:58:25.129485 2175012 net.cpp:124] Setting up Mconv5_stage1_L1_0_Mprelu5_stage1_L1_0_0_split
I0923 17:58:25.129487 2175012 net.cpp:131] Top shape: 1 128 2 2 (512)
I0923 17:58:25.129487 2175012 net.cpp:131] Top shape: 1 128 2 2 (512)
I0923 17:58:25.129488 2175012 net.cpp:139] Memory required for data: 1413696
I0923 17:58:25.129489 2175012 layer_factory.hpp:77] Creating layer Mconv5_stage1_L1_1
I0923 17:58:25.129492 2175012 net.cpp:86] Creating Layer Mconv5_stage1_L1_1
I0923 17:58:25.129493 2175012 net.cpp:408] Mconv5_stage1_L1_1 <- Mconv5_stage1_L1_0_Mprelu5_stage1_L1_0_0_split_0
I0923 17:58:25.129494 2175012 net.cpp:382] Mconv5_stage1_L1_1 -> Mconv5_stage1_L1_1
I0923 17:58:25.136983 2175012 net.cpp:124] Setting up Mconv5_stage1_L1_1
I0923 17:58:25.136988 2175012 net.cpp:131] Top shape: 1 128 2 2 (512)
I0923 17:58:25.136989 2175012 net.cpp:139] Memory required for data: 1415744
I0923 17:58:25.136991 2175012 layer_factory.hpp:77] Creating layer Mprelu5_stage1_L1_1
I0923 17:58:25.136994 2175012 net.cpp:86] Creating Layer Mprelu5_stage1_L1_1
I0923 17:58:25.136996 2175012 net.cpp:408] Mprelu5_stage1_L1_1 <- Mconv5_stage1_L1_1
I0923 17:58:25.136998 2175012 net.cpp:369] Mprelu5_stage1_L1_1 -> Mconv5_stage1_L1_1 (in-place)
I0923 17:58:25.137019 2175012 net.cpp:124] Setting up Mprelu5_stage1_L1_1
I0923 17:58:25.137020 2175012 net.cpp:131] Top shape: 1 128 2 2 (512)
I0923 17:58:25.137022 2175012 net.cpp:139] Memory required for data: 1417792
I0923 17:58:25.137022 2175012 layer_factory.hpp:77] Creating layer Mconv5_stage1_L1_1_Mprelu5_stage1_L1_1_0_split
I0923 17:58:25.137024 2175012 net.cpp:86] Creating Layer Mconv5_stage1_L1_1_Mprelu5_stage1_L1_1_0_split
I0923 17:58:25.137025 2175012 net.cpp:408] Mconv5_stage1_L1_1_Mprelu5_stage1_L1_1_0_split <- Mconv5_stage1_L1_1
I0923 17:58:25.137027 2175012 net.cpp:382] Mconv5_stage1_L1_1_Mprelu5_stage1_L1_1_0_split -> Mconv5_stage1_L1_1_Mprelu5_stage1_L1_1_0_split_0
I0923 17:58:25.137029 2175012 net.cpp:382] Mconv5_stage1_L1_1_Mprelu5_stage1_L1_1_0_split -> Mconv5_stage1_L1_1_Mprelu5_stage1_L1_1_0_split_1
I0923 17:58:25.137036 2175012 net.cpp:124] Setting up Mconv5_stage1_L1_1_Mprelu5_stage1_L1_1_0_split
I0923 17:58:25.137037 2175012 net.cpp:131] Top shape: 1 128 2 2 (512)
I0923 17:58:25.137038 2175012 net.cpp:131] Top shape: 1 128 2 2 (512)
I0923 17:58:25.137039 2175012 net.cpp:139] Memory required for data: 1421888
I0923 17:58:25.137040 2175012 layer_factory.hpp:77] Creating layer Mconv5_stage1_L1_2
I0923 17:58:25.137042 2175012 net.cpp:86] Creating Layer Mconv5_stage1_L1_2
I0923 17:58:25.137043 2175012 net.cpp:408] Mconv5_stage1_L1_2 <- Mconv5_stage1_L1_1_Mprelu5_stage1_L1_1_0_split_0
I0923 17:58:25.137045 2175012 net.cpp:382] Mconv5_stage1_L1_2 -> Mconv5_stage1_L1_2
I0923 17:58:25.144987 2175012 net.cpp:124] Setting up Mconv5_stage1_L1_2
I0923 17:58:25.144992 2175012 net.cpp:131] Top shape: 1 128 2 2 (512)
I0923 17:58:25.144994 2175012 net.cpp:139] Memory required for data: 1423936
I0923 17:58:25.144996 2175012 layer_factory.hpp:77] Creating layer Mprelu5_stage1_L1_2
I0923 17:58:25.144999 2175012 net.cpp:86] Creating Layer Mprelu5_stage1_L1_2
I0923 17:58:25.145000 2175012 net.cpp:408] Mprelu5_stage1_L1_2 <- Mconv5_stage1_L1_2
I0923 17:58:25.145002 2175012 net.cpp:369] Mprelu5_stage1_L1_2 -> Mconv5_stage1_L1_2 (in-place)
I0923 17:58:25.145025 2175012 net.cpp:124] Setting up Mprelu5_stage1_L1_2
I0923 17:58:25.145025 2175012 net.cpp:131] Top shape: 1 128 2 2 (512)
I0923 17:58:25.145026 2175012 net.cpp:139] Memory required for data: 1425984
I0923 17:58:25.145028 2175012 layer_factory.hpp:77] Creating layer Mconv5_stage1_L1_concat
I0923 17:58:25.145030 2175012 net.cpp:86] Creating Layer Mconv5_stage1_L1_concat
I0923 17:58:25.145031 2175012 net.cpp:408] Mconv5_stage1_L1_concat <- Mconv5_stage1_L1_0_Mprelu5_stage1_L1_0_0_split_1
I0923 17:58:25.145032 2175012 net.cpp:408] Mconv5_stage1_L1_concat <- Mconv5_stage1_L1_1_Mprelu5_stage1_L1_1_0_split_1
I0923 17:58:25.145033 2175012 net.cpp:408] Mconv5_stage1_L1_concat <- Mconv5_stage1_L1_2
I0923 17:58:25.145035 2175012 net.cpp:382] Mconv5_stage1_L1_concat -> Mconv5_stage1_L1_concat
I0923 17:58:25.145040 2175012 net.cpp:124] Setting up Mconv5_stage1_L1_concat
I0923 17:58:25.145041 2175012 net.cpp:131] Top shape: 1 384 2 2 (1536)
I0923 17:58:25.145042 2175012 net.cpp:139] Memory required for data: 1432128
I0923 17:58:25.145043 2175012 layer_factory.hpp:77] Creating layer Mconv6_stage1_L1
I0923 17:58:25.145045 2175012 net.cpp:86] Creating Layer Mconv6_stage1_L1
I0923 17:58:25.145047 2175012 net.cpp:408] Mconv6_stage1_L1 <- Mconv5_stage1_L1_concat
I0923 17:58:25.145049 2175012 net.cpp:382] Mconv6_stage1_L1 -> Mconv6_stage1_L1
I0923 17:58:25.153981 2175012 net.cpp:124] Setting up Mconv6_stage1_L1
I0923 17:58:25.153986 2175012 net.cpp:131] Top shape: 1 512 2 2 (2048)
I0923 17:58:25.153988 2175012 net.cpp:139] Memory required for data: 1440320
I0923 17:58:25.153990 2175012 layer_factory.hpp:77] Creating layer Mprelu6_stage1_L1
I0923 17:58:25.153993 2175012 net.cpp:86] Creating Layer Mprelu6_stage1_L1
I0923 17:58:25.153995 2175012 net.cpp:408] Mprelu6_stage1_L1 <- Mconv6_stage1_L1
I0923 17:58:25.153997 2175012 net.cpp:369] Mprelu6_stage1_L1 -> Mconv6_stage1_L1 (in-place)
I0923 17:58:25.154021 2175012 net.cpp:124] Setting up Mprelu6_stage1_L1
I0923 17:58:25.154021 2175012 net.cpp:131] Top shape: 1 512 2 2 (2048)
I0923 17:58:25.154022 2175012 net.cpp:139] Memory required for data: 1448512
I0923 17:58:25.154023 2175012 layer_factory.hpp:77] Creating layer Mconv7_stage1_L1
I0923 17:58:25.154026 2175012 net.cpp:86] Creating Layer Mconv7_stage1_L1
I0923 17:58:25.154027 2175012 net.cpp:408] Mconv7_stage1_L1 <- Mconv6_stage1_L1
I0923 17:58:25.154029 2175012 net.cpp:382] Mconv7_stage1_L1 -> Mconv7_stage1_L1
I0923 17:58:25.161859 2175012 net.cpp:124] Setting up Mconv7_stage1_L1
I0923 17:58:25.161864 2175012 net.cpp:131] Top shape: 1 26 2 2 (104)
I0923 17:58:25.161866 2175012 net.cpp:139] Memory required for data: 1448928
I0923 17:58:25.161868 2175012 layer_factory.hpp:77] Creating layer net_output
I0923 17:58:25.161871 2175012 net.cpp:86] Creating Layer net_output
I0923 17:58:25.161872 2175012 net.cpp:408] net_output <- Mconv7_stage1_L1
I0923 17:58:25.161875 2175012 net.cpp:408] net_output <- Mconv7_stage3_L2_Mconv7_stage3_L2_0_split_2
I0923 17:58:25.161876 2175012 net.cpp:382] net_output -> net_output
I0923 17:58:25.161885 2175012 net.cpp:124] Setting up net_output
I0923 17:58:25.161885 2175012 net.cpp:131] Top shape: 1 78 2 2 (312)
I0923 17:58:25.161887 2175012 net.cpp:139] Memory required for data: 1450176
I0923 17:58:25.161888 2175012 net.cpp:202] net_output does not need backward computation.
I0923 17:58:25.161890 2175012 net.cpp:202] Mconv7_stage1_L1 does not need backward computation.
I0923 17:58:25.161890 2175012 net.cpp:202] Mprelu6_stage1_L1 does not need backward computation.
I0923 17:58:25.161891 2175012 net.cpp:202] Mconv6_stage1_L1 does not need backward computation.
I0923 17:58:25.161892 2175012 net.cpp:202] Mconv5_stage1_L1_concat does not need backward computation.
I0923 17:58:25.161893 2175012 net.cpp:202] Mprelu5_stage1_L1_2 does not need backward computation.
I0923 17:58:25.161895 2175012 net.cpp:202] Mconv5_stage1_L1_2 does not need backward computation.
I0923 17:58:25.161896 2175012 net.cpp:202] Mconv5_stage1_L1_1_Mprelu5_stage1_L1_1_0_split does not need backward computation.
I0923 17:58:25.161897 2175012 net.cpp:202] Mprelu5_stage1_L1_1 does not need backward computation.
I0923 17:58:25.161898 2175012 net.cpp:202] Mconv5_stage1_L1_1 does not need backward computation.
I0923 17:58:25.161899 2175012 net.cpp:202] Mconv5_stage1_L1_0_Mprelu5_stage1_L1_0_0_split does not need backward computation.
I0923 17:58:25.161900 2175012 net.cpp:202] Mprelu5_stage1_L1_0 does not need backward computation.
I0923 17:58:25.161902 2175012 net.cpp:202] Mconv5_stage1_L1_0 does not need backward computation.
I0923 17:58:25.161903 2175012 net.cpp:202] Mconv4_stage1_L1_concat does not need backward computation.
I0923 17:58:25.161904 2175012 net.cpp:202] Mprelu4_stage1_L1_2 does not need backward computation.
I0923 17:58:25.161906 2175012 net.cpp:202] Mconv4_stage1_L1_2 does not need backward computation.
I0923 17:58:25.161906 2175012 net.cpp:202] Mconv4_stage1_L1_1_Mprelu4_stage1_L1_1_0_split does not need backward computation.
I0923 17:58:25.161908 2175012 net.cpp:202] Mprelu4_stage1_L1_1 does not need backward computation.
I0923 17:58:25.161909 2175012 net.cpp:202] Mconv4_stage1_L1_1 does not need backward computation.
I0923 17:58:25.161911 2175012 net.cpp:202] Mconv4_stage1_L1_0_Mprelu4_stage1_L1_0_0_split does not need backward computation.
I0923 17:58:25.161911 2175012 net.cpp:202] Mprelu4_stage1_L1_0 does not need backward computation.
I0923 17:58:25.161912 2175012 net.cpp:202] Mconv4_stage1_L1_0 does not need backward computation.
I0923 17:58:25.161913 2175012 net.cpp:202] Mconv3_stage1_L1_concat does not need backward computation.
I0923 17:58:25.161916 2175012 net.cpp:202] Mprelu3_stage1_L1_2 does not need backward computation.
I0923 17:58:25.161916 2175012 net.cpp:202] Mconv3_stage1_L1_2 does not need backward computation.
I0923 17:58:25.161917 2175012 net.cpp:202] Mconv3_stage1_L1_1_Mprelu3_stage1_L1_1_0_split does not need backward computation.
I0923 17:58:25.161918 2175012 net.cpp:202] Mprelu3_stage1_L1_1 does not need backward computation.
I0923 17:58:25.161921 2175012 net.cpp:202] Mconv3_stage1_L1_1 does not need backward computation.
I0923 17:58:25.161921 2175012 net.cpp:202] Mconv3_stage1_L1_0_Mprelu3_stage1_L1_0_0_split does not need backward computation.
I0923 17:58:25.161922 2175012 net.cpp:202] Mprelu3_stage1_L1_0 does not need backward computation.
I0923 17:58:25.161923 2175012 net.cpp:202] Mconv3_stage1_L1_0 does not need backward computation.
I0923 17:58:25.161924 2175012 net.cpp:202] Mconv2_stage1_L1_concat does not need backward computation.
I0923 17:58:25.161926 2175012 net.cpp:202] Mprelu2_stage1_L1_2 does not need backward computation.
I0923 17:58:25.161927 2175012 net.cpp:202] Mconv2_stage1_L1_2 does not need backward computation.
I0923 17:58:25.161929 2175012 net.cpp:202] Mconv2_stage1_L1_1_Mprelu2_stage1_L1_1_0_split does not need backward computation.
I0923 17:58:25.161931 2175012 net.cpp:202] Mprelu2_stage1_L1_1 does not need backward computation.
I0923 17:58:25.161931 2175012 net.cpp:202] Mconv2_stage1_L1_1 does not need backward computation.
I0923 17:58:25.161933 2175012 net.cpp:202] Mconv2_stage1_L1_0_Mprelu2_stage1_L1_0_0_split does not need backward computation.
I0923 17:58:25.161934 2175012 net.cpp:202] Mprelu2_stage1_L1_0 does not need backward computation.
I0923 17:58:25.161935 2175012 net.cpp:202] Mconv2_stage1_L1_0 does not need backward computation.
I0923 17:58:25.161937 2175012 net.cpp:202] Mconv1_stage1_L1_concat does not need backward computation.
I0923 17:58:25.161938 2175012 net.cpp:202] Mprelu1_stage1_L1_2 does not need backward computation.
I0923 17:58:25.161940 2175012 net.cpp:202] Mconv1_stage1_L1_2 does not need backward computation.
I0923 17:58:25.161942 2175012 net.cpp:202] Mconv1_stage1_L1_1_Mprelu1_stage1_L1_1_0_split does not need backward computation.
I0923 17:58:25.161943 2175012 net.cpp:202] Mprelu1_stage1_L1_1 does not need backward computation.
I0923 17:58:25.161944 2175012 net.cpp:202] Mconv1_stage1_L1_1 does not need backward computation.
I0923 17:58:25.161947 2175012 net.cpp:202] Mconv1_stage1_L1_0_Mprelu1_stage1_L1_0_0_split does not need backward computation.
I0923 17:58:25.161947 2175012 net.cpp:202] Mprelu1_stage1_L1_0 does not need backward computation.
I0923 17:58:25.161948 2175012 net.cpp:202] Mconv1_stage1_L1_0 does not need backward computation.
I0923 17:58:25.161949 2175012 net.cpp:202] concat_stage1_L1 does not need backward computation.
I0923 17:58:25.161952 2175012 net.cpp:202] Mconv7_stage0_L1 does not need backward computation.
I0923 17:58:25.161953 2175012 net.cpp:202] Mprelu6_stage0_L1 does not need backward computation.
I0923 17:58:25.161954 2175012 net.cpp:202] Mconv6_stage0_L1 does not need backward computation.
I0923 17:58:25.161957 2175012 net.cpp:202] Mconv5_stage0_L1_concat does not need backward computation.
I0923 17:58:25.161957 2175012 net.cpp:202] Mprelu5_stage0_L1_2 does not need backward computation.
I0923 17:58:25.161959 2175012 net.cpp:202] Mconv5_stage0_L1_2 does not need backward computation.
I0923 17:58:25.161960 2175012 net.cpp:202] Mconv5_stage0_L1_1_Mprelu5_stage0_L1_1_0_split does not need backward computation.
I0923 17:58:25.161962 2175012 net.cpp:202] Mprelu5_stage0_L1_1 does not need backward computation.
I0923 17:58:25.161963 2175012 net.cpp:202] Mconv5_stage0_L1_1 does not need backward computation.
I0923 17:58:25.161964 2175012 net.cpp:202] Mconv5_stage0_L1_0_Mprelu5_stage0_L1_0_0_split does not need backward computation.
I0923 17:58:25.161966 2175012 net.cpp:202] Mprelu5_stage0_L1_0 does not need backward computation.
I0923 17:58:25.161967 2175012 net.cpp:202] Mconv5_stage0_L1_0 does not need backward computation.
I0923 17:58:25.161968 2175012 net.cpp:202] Mconv4_stage0_L1_concat does not need backward computation.
I0923 17:58:25.161970 2175012 net.cpp:202] Mprelu4_stage0_L1_2 does not need backward computation.
I0923 17:58:25.161971 2175012 net.cpp:202] Mconv4_stage0_L1_2 does not need backward computation.
I0923 17:58:25.161973 2175012 net.cpp:202] Mconv4_stage0_L1_1_Mprelu4_stage0_L1_1_0_split does not need backward computation.
I0923 17:58:25.161974 2175012 net.cpp:202] Mprelu4_stage0_L1_1 does not need backward computation.
I0923 17:58:25.161975 2175012 net.cpp:202] Mconv4_stage0_L1_1 does not need backward computation.
I0923 17:58:25.161978 2175012 net.cpp:202] Mconv4_stage0_L1_0_Mprelu4_stage0_L1_0_0_split does not need backward computation.
I0923 17:58:25.161978 2175012 net.cpp:202] Mprelu4_stage0_L1_0 does not need backward computation.
I0923 17:58:25.161980 2175012 net.cpp:202] Mconv4_stage0_L1_0 does not need backward computation.
I0923 17:58:25.161981 2175012 net.cpp:202] Mconv3_stage0_L1_concat does not need backward computation.
I0923 17:58:25.161983 2175012 net.cpp:202] Mprelu3_stage0_L1_2 does not need backward computation.
I0923 17:58:25.161984 2175012 net.cpp:202] Mconv3_stage0_L1_2 does not need backward computation.
I0923 17:58:25.161985 2175012 net.cpp:202] Mconv3_stage0_L1_1_Mprelu3_stage0_L1_1_0_split does not need backward computation.
I0923 17:58:25.161988 2175012 net.cpp:202] Mprelu3_stage0_L1_1 does not need backward computation.
I0923 17:58:25.161989 2175012 net.cpp:202] Mconv3_stage0_L1_1 does not need backward computation.
I0923 17:58:25.161990 2175012 net.cpp:202] Mconv3_stage0_L1_0_Mprelu3_stage0_L1_0_0_split does not need backward computation.
I0923 17:58:25.161993 2175012 net.cpp:202] Mprelu3_stage0_L1_0 does not need backward computation.
I0923 17:58:25.161993 2175012 net.cpp:202] Mconv3_stage0_L1_0 does not need backward computation.
I0923 17:58:25.161994 2175012 net.cpp:202] Mconv2_stage0_L1_concat does not need backward computation.
I0923 17:58:25.161996 2175012 net.cpp:202] Mprelu2_stage0_L1_2 does not need backward computation.
I0923 17:58:25.161998 2175012 net.cpp:202] Mconv2_stage0_L1_2 does not need backward computation.
I0923 17:58:25.161999 2175012 net.cpp:202] Mconv2_stage0_L1_1_Mprelu2_stage0_L1_1_0_split does not need backward computation.
I0923 17:58:25.162000 2175012 net.cpp:202] Mprelu2_stage0_L1_1 does not need backward computation.
I0923 17:58:25.162001 2175012 net.cpp:202] Mconv2_stage0_L1_1 does not need backward computation.
I0923 17:58:25.162003 2175012 net.cpp:202] Mconv2_stage0_L1_0_Mprelu2_stage0_L1_0_0_split does not need backward computation.
I0923 17:58:25.162004 2175012 net.cpp:202] Mprelu2_stage0_L1_0 does not need backward computation.
I0923 17:58:25.162005 2175012 net.cpp:202] Mconv2_stage0_L1_0 does not need backward computation.
I0923 17:58:25.162007 2175012 net.cpp:202] Mconv1_stage0_L1_concat does not need backward computation.
I0923 17:58:25.162009 2175012 net.cpp:202] Mprelu1_stage0_L1_2 does not need backward computation.
I0923 17:58:25.162009 2175012 net.cpp:202] Mconv1_stage0_L1_2 does not need backward computation.
I0923 17:58:25.162011 2175012 net.cpp:202] Mconv1_stage0_L1_1_Mprelu1_stage0_L1_1_0_split does not need backward computation.
I0923 17:58:25.162012 2175012 net.cpp:202] Mprelu1_stage0_L1_1 does not need backward computation.
I0923 17:58:25.162014 2175012 net.cpp:202] Mconv1_stage0_L1_1 does not need backward computation.
I0923 17:58:25.162015 2175012 net.cpp:202] Mconv1_stage0_L1_0_Mprelu1_stage0_L1_0_0_split does not need backward computation.
I0923 17:58:25.162016 2175012 net.cpp:202] Mprelu1_stage0_L1_0 does not need backward computation.
I0923 17:58:25.162019 2175012 net.cpp:202] Mconv1_stage0_L1_0 does not need backward computation.
I0923 17:58:25.162019 2175012 net.cpp:202] concat_stage0_L1 does not need backward computation.
I0923 17:58:25.162021 2175012 net.cpp:202] Mconv7_stage3_L2_Mconv7_stage3_L2_0_split does not need backward computation.
I0923 17:58:25.162022 2175012 net.cpp:202] Mconv7_stage3_L2 does not need backward computation.
I0923 17:58:25.162024 2175012 net.cpp:202] Mprelu6_stage3_L2 does not need backward computation.
I0923 17:58:25.162025 2175012 net.cpp:202] Mconv6_stage3_L2 does not need backward computation.
I0923 17:58:25.162026 2175012 net.cpp:202] Mconv5_stage3_L2_concat does not need backward computation.
I0923 17:58:25.162029 2175012 net.cpp:202] Mprelu5_stage3_L2_2 does not need backward computation.
I0923 17:58:25.162030 2175012 net.cpp:202] Mconv5_stage3_L2_2 does not need backward computation.
I0923 17:58:25.162031 2175012 net.cpp:202] Mconv5_stage3_L2_1_Mprelu5_stage3_L2_1_0_split does not need backward computation.
I0923 17:58:25.162034 2175012 net.cpp:202] Mprelu5_stage3_L2_1 does not need backward computation.
I0923 17:58:25.162034 2175012 net.cpp:202] Mconv5_stage3_L2_1 does not need backward computation.
I0923 17:58:25.162035 2175012 net.cpp:202] Mconv5_stage3_L2_0_Mprelu5_stage3_L2_0_0_split does not need backward computation.
I0923 17:58:25.162036 2175012 net.cpp:202] Mprelu5_stage3_L2_0 does not need backward computation.
I0923 17:58:25.162038 2175012 net.cpp:202] Mconv5_stage3_L2_0 does not need backward computation.
I0923 17:58:25.162039 2175012 net.cpp:202] Mconv4_stage3_L2_concat does not need backward computation.
I0923 17:58:25.162041 2175012 net.cpp:202] Mprelu4_stage3_L2_2 does not need backward computation.
I0923 17:58:25.162043 2175012 net.cpp:202] Mconv4_stage3_L2_2 does not need backward computation.
I0923 17:58:25.162045 2175012 net.cpp:202] Mconv4_stage3_L2_1_Mprelu4_stage3_L2_1_0_split does not need backward computation.
I0923 17:58:25.162046 2175012 net.cpp:202] Mprelu4_stage3_L2_1 does not need backward computation.
I0923 17:58:25.162047 2175012 net.cpp:202] Mconv4_stage3_L2_1 does not need backward computation.
I0923 17:58:25.162048 2175012 net.cpp:202] Mconv4_stage3_L2_0_Mprelu4_stage3_L2_0_0_split does not need backward computation.
I0923 17:58:25.162050 2175012 net.cpp:202] Mprelu4_stage3_L2_0 does not need backward computation.
I0923 17:58:25.162051 2175012 net.cpp:202] Mconv4_stage3_L2_0 does not need backward computation.
I0923 17:58:25.162052 2175012 net.cpp:202] Mconv3_stage3_L2_concat does not need backward computation.
I0923 17:58:25.162055 2175012 net.cpp:202] Mprelu3_stage3_L2_2 does not need backward computation.
I0923 17:58:25.162055 2175012 net.cpp:202] Mconv3_stage3_L2_2 does not need backward computation.
I0923 17:58:25.162057 2175012 net.cpp:202] Mconv3_stage3_L2_1_Mprelu3_stage3_L2_1_0_split does not need backward computation.
I0923 17:58:25.162058 2175012 net.cpp:202] Mprelu3_stage3_L2_1 does not need backward computation.
I0923 17:58:25.162060 2175012 net.cpp:202] Mconv3_stage3_L2_1 does not need backward computation.
I0923 17:58:25.162061 2175012 net.cpp:202] Mconv3_stage3_L2_0_Mprelu3_stage3_L2_0_0_split does not need backward computation.
I0923 17:58:25.162062 2175012 net.cpp:202] Mprelu3_stage3_L2_0 does not need backward computation.
I0923 17:58:25.162065 2175012 net.cpp:202] Mconv3_stage3_L2_0 does not need backward computation.
I0923 17:58:25.162065 2175012 net.cpp:202] Mconv2_stage3_L2_concat does not need backward computation.
I0923 17:58:25.162067 2175012 net.cpp:202] Mprelu2_stage3_L2_2 does not need backward computation.
I0923 17:58:25.162068 2175012 net.cpp:202] Mconv2_stage3_L2_2 does not need backward computation.
I0923 17:58:25.162070 2175012 net.cpp:202] Mconv2_stage3_L2_1_Mprelu2_stage3_L2_1_0_split does not need backward computation.
I0923 17:58:25.162071 2175012 net.cpp:202] Mprelu2_stage3_L2_1 does not need backward computation.
I0923 17:58:25.162073 2175012 net.cpp:202] Mconv2_stage3_L2_1 does not need backward computation.
I0923 17:58:25.162074 2175012 net.cpp:202] Mconv2_stage3_L2_0_Mprelu2_stage3_L2_0_0_split does not need backward computation.
I0923 17:58:25.162075 2175012 net.cpp:202] Mprelu2_stage3_L2_0 does not need backward computation.
I0923 17:58:25.162077 2175012 net.cpp:202] Mconv2_stage3_L2_0 does not need backward computation.
I0923 17:58:25.162078 2175012 net.cpp:202] Mconv1_stage3_L2_concat does not need backward computation.
I0923 17:58:25.162081 2175012 net.cpp:202] Mprelu1_stage3_L2_2 does not need backward computation.
I0923 17:58:25.162081 2175012 net.cpp:202] Mconv1_stage3_L2_2 does not need backward computation.
I0923 17:58:25.162082 2175012 net.cpp:202] Mconv1_stage3_L2_1_Mprelu1_stage3_L2_1_0_split does not need backward computation.
I0923 17:58:25.162084 2175012 net.cpp:202] Mprelu1_stage3_L2_1 does not need backward computation.
I0923 17:58:25.162086 2175012 net.cpp:202] Mconv1_stage3_L2_1 does not need backward computation.
I0923 17:58:25.162086 2175012 net.cpp:202] Mconv1_stage3_L2_0_Mprelu1_stage3_L2_0_0_split does not need backward computation.
I0923 17:58:25.162088 2175012 net.cpp:202] Mprelu1_stage3_L2_0 does not need backward computation.
I0923 17:58:25.162089 2175012 net.cpp:202] Mconv1_stage3_L2_0 does not need backward computation.
I0923 17:58:25.162091 2175012 net.cpp:202] concat_stage3_L2 does not need backward computation.
I0923 17:58:25.162092 2175012 net.cpp:202] Mconv7_stage2_L2 does not need backward computation.
I0923 17:58:25.162093 2175012 net.cpp:202] Mprelu6_stage2_L2 does not need backward computation.
I0923 17:58:25.162096 2175012 net.cpp:202] Mconv6_stage2_L2 does not need backward computation.
I0923 17:58:25.162096 2175012 net.cpp:202] Mconv5_stage2_L2_concat does not need backward computation.
I0923 17:58:25.162098 2175012 net.cpp:202] Mprelu5_stage2_L2_2 does not need backward computation.
I0923 17:58:25.162099 2175012 net.cpp:202] Mconv5_stage2_L2_2 does not need backward computation.
I0923 17:58:25.162101 2175012 net.cpp:202] Mconv5_stage2_L2_1_Mprelu5_stage2_L2_1_0_split does not need backward computation.
I0923 17:58:25.162102 2175012 net.cpp:202] Mprelu5_stage2_L2_1 does not need backward computation.
I0923 17:58:25.162104 2175012 net.cpp:202] Mconv5_stage2_L2_1 does not need backward computation.
I0923 17:58:25.162106 2175012 net.cpp:202] Mconv5_stage2_L2_0_Mprelu5_stage2_L2_0_0_split does not need backward computation.
I0923 17:58:25.162107 2175012 net.cpp:202] Mprelu5_stage2_L2_0 does not need backward computation.
I0923 17:58:25.162108 2175012 net.cpp:202] Mconv5_stage2_L2_0 does not need backward computation.
I0923 17:58:25.162109 2175012 net.cpp:202] Mconv4_stage2_L2_concat does not need backward computation.
I0923 17:58:25.162111 2175012 net.cpp:202] Mprelu4_stage2_L2_2 does not need backward computation.
I0923 17:58:25.162112 2175012 net.cpp:202] Mconv4_stage2_L2_2 does not need backward computation.
I0923 17:58:25.162114 2175012 net.cpp:202] Mconv4_stage2_L2_1_Mprelu4_stage2_L2_1_0_split does not need backward computation.
I0923 17:58:25.162115 2175012 net.cpp:202] Mprelu4_stage2_L2_1 does not need backward computation.
I0923 17:58:25.162117 2175012 net.cpp:202] Mconv4_stage2_L2_1 does not need backward computation.
I0923 17:58:25.162118 2175012 net.cpp:202] Mconv4_stage2_L2_0_Mprelu4_stage2_L2_0_0_split does not need backward computation.
I0923 17:58:25.162119 2175012 net.cpp:202] Mprelu4_stage2_L2_0 does not need backward computation.
I0923 17:58:25.162120 2175012 net.cpp:202] Mconv4_stage2_L2_0 does not need backward computation.
I0923 17:58:25.162122 2175012 net.cpp:202] Mconv3_stage2_L2_concat does not need backward computation.
I0923 17:58:25.162124 2175012 net.cpp:202] Mprelu3_stage2_L2_2 does not need backward computation.
I0923 17:58:25.162125 2175012 net.cpp:202] Mconv3_stage2_L2_2 does not need backward computation.
I0923 17:58:25.162127 2175012 net.cpp:202] Mconv3_stage2_L2_1_Mprelu3_stage2_L2_1_0_split does not need backward computation.
I0923 17:58:25.162128 2175012 net.cpp:202] Mprelu3_stage2_L2_1 does not need backward computation.
I0923 17:58:25.162129 2175012 net.cpp:202] Mconv3_stage2_L2_1 does not need backward computation.
I0923 17:58:25.162130 2175012 net.cpp:202] Mconv3_stage2_L2_0_Mprelu3_stage2_L2_0_0_split does not need backward computation.
I0923 17:58:25.162132 2175012 net.cpp:202] Mprelu3_stage2_L2_0 does not need backward computation.
I0923 17:58:25.162133 2175012 net.cpp:202] Mconv3_stage2_L2_0 does not need backward computation.
I0923 17:58:25.162135 2175012 net.cpp:202] Mconv2_stage2_L2_concat does not need backward computation.
I0923 17:58:25.162137 2175012 net.cpp:202] Mprelu2_stage2_L2_2 does not need backward computation.
I0923 17:58:25.162138 2175012 net.cpp:202] Mconv2_stage2_L2_2 does not need backward computation.
I0923 17:58:25.162139 2175012 net.cpp:202] Mconv2_stage2_L2_1_Mprelu2_stage2_L2_1_0_split does not need backward computation.
I0923 17:58:25.162141 2175012 net.cpp:202] Mprelu2_stage2_L2_1 does not need backward computation.
I0923 17:58:25.162142 2175012 net.cpp:202] Mconv2_stage2_L2_1 does not need backward computation.
I0923 17:58:25.162143 2175012 net.cpp:202] Mconv2_stage2_L2_0_Mprelu2_stage2_L2_0_0_split does not need backward computation.
I0923 17:58:25.162145 2175012 net.cpp:202] Mprelu2_stage2_L2_0 does not need backward computation.
I0923 17:58:25.162153 2175012 net.cpp:202] Mconv2_stage2_L2_0 does not need backward computation.
I0923 17:58:25.162154 2175012 net.cpp:202] Mconv1_stage2_L2_concat does not need backward computation.
I0923 17:58:25.162156 2175012 net.cpp:202] Mprelu1_stage2_L2_2 does not need backward computation.
I0923 17:58:25.162158 2175012 net.cpp:202] Mconv1_stage2_L2_2 does not need backward computation.
I0923 17:58:25.162159 2175012 net.cpp:202] Mconv1_stage2_L2_1_Mprelu1_stage2_L2_1_0_split does not need backward computation.
I0923 17:58:25.162161 2175012 net.cpp:202] Mprelu1_stage2_L2_1 does not need backward computation.
I0923 17:58:25.162163 2175012 net.cpp:202] Mconv1_stage2_L2_1 does not need backward computation.
I0923 17:58:25.162164 2175012 net.cpp:202] Mconv1_stage2_L2_0_Mprelu1_stage2_L2_0_0_split does not need backward computation.
I0923 17:58:25.162166 2175012 net.cpp:202] Mprelu1_stage2_L2_0 does not need backward computation.
I0923 17:58:25.162168 2175012 net.cpp:202] Mconv1_stage2_L2_0 does not need backward computation.
I0923 17:58:25.162168 2175012 net.cpp:202] concat_stage2_L2 does not need backward computation.
I0923 17:58:25.162170 2175012 net.cpp:202] Mconv7_stage1_L2 does not need backward computation.
I0923 17:58:25.162173 2175012 net.cpp:202] Mprelu6_stage1_L2 does not need backward computation.
I0923 17:58:25.162173 2175012 net.cpp:202] Mconv6_stage1_L2 does not need backward computation.
I0923 17:58:25.162174 2175012 net.cpp:202] Mconv5_stage1_L2_concat does not need backward computation.
I0923 17:58:25.162176 2175012 net.cpp:202] Mprelu5_stage1_L2_2 does not need backward computation.
I0923 17:58:25.162177 2175012 net.cpp:202] Mconv5_stage1_L2_2 does not need backward computation.
I0923 17:58:25.162179 2175012 net.cpp:202] Mconv5_stage1_L2_1_Mprelu5_stage1_L2_1_0_split does not need backward computation.
I0923 17:58:25.162180 2175012 net.cpp:202] Mprelu5_stage1_L2_1 does not need backward computation.
I0923 17:58:25.162181 2175012 net.cpp:202] Mconv5_stage1_L2_1 does not need backward computation.
I0923 17:58:25.162184 2175012 net.cpp:202] Mconv5_stage1_L2_0_Mprelu5_stage1_L2_0_0_split does not need backward computation.
I0923 17:58:25.162185 2175012 net.cpp:202] Mprelu5_stage1_L2_0 does not need backward computation.
I0923 17:58:25.162186 2175012 net.cpp:202] Mconv5_stage1_L2_0 does not need backward computation.
I0923 17:58:25.162187 2175012 net.cpp:202] Mconv4_stage1_L2_concat does not need backward computation.
I0923 17:58:25.162189 2175012 net.cpp:202] Mprelu4_stage1_L2_2 does not need backward computation.
I0923 17:58:25.162190 2175012 net.cpp:202] Mconv4_stage1_L2_2 does not need backward computation.
I0923 17:58:25.162191 2175012 net.cpp:202] Mconv4_stage1_L2_1_Mprelu4_stage1_L2_1_0_split does not need backward computation.
I0923 17:58:25.162194 2175012 net.cpp:202] Mprelu4_stage1_L2_1 does not need backward computation.
I0923 17:58:25.162194 2175012 net.cpp:202] Mconv4_stage1_L2_1 does not need backward computation.
I0923 17:58:25.162196 2175012 net.cpp:202] Mconv4_stage1_L2_0_Mprelu4_stage1_L2_0_0_split does not need backward computation.
I0923 17:58:25.162197 2175012 net.cpp:202] Mprelu4_stage1_L2_0 does not need backward computation.
I0923 17:58:25.162199 2175012 net.cpp:202] Mconv4_stage1_L2_0 does not need backward computation.
I0923 17:58:25.162200 2175012 net.cpp:202] Mconv3_stage1_L2_concat does not need backward computation.
I0923 17:58:25.162201 2175012 net.cpp:202] Mprelu3_stage1_L2_2 does not need backward computation.
I0923 17:58:25.162204 2175012 net.cpp:202] Mconv3_stage1_L2_2 does not need backward computation.
I0923 17:58:25.162204 2175012 net.cpp:202] Mconv3_stage1_L2_1_Mprelu3_stage1_L2_1_0_split does not need backward computation.
I0923 17:58:25.162206 2175012 net.cpp:202] Mprelu3_stage1_L2_1 does not need backward computation.
I0923 17:58:25.162207 2175012 net.cpp:202] Mconv3_stage1_L2_1 does not need backward computation.
I0923 17:58:25.162209 2175012 net.cpp:202] Mconv3_stage1_L2_0_Mprelu3_stage1_L2_0_0_split does not need backward computation.
I0923 17:58:25.162210 2175012 net.cpp:202] Mprelu3_stage1_L2_0 does not need backward computation.
I0923 17:58:25.162211 2175012 net.cpp:202] Mconv3_stage1_L2_0 does not need backward computation.
I0923 17:58:25.162212 2175012 net.cpp:202] Mconv2_stage1_L2_concat does not need backward computation.
I0923 17:58:25.162214 2175012 net.cpp:202] Mprelu2_stage1_L2_2 does not need backward computation.
I0923 17:58:25.162215 2175012 net.cpp:202] Mconv2_stage1_L2_2 does not need backward computation.
I0923 17:58:25.162220 2175012 net.cpp:202] Mconv2_stage1_L2_1_Mprelu2_stage1_L2_1_0_split does not need backward computation.
I0923 17:58:25.162221 2175012 net.cpp:202] Mprelu2_stage1_L2_1 does not need backward computation.
I0923 17:58:25.162222 2175012 net.cpp:202] Mconv2_stage1_L2_1 does not need backward computation.
I0923 17:58:25.162225 2175012 net.cpp:202] Mconv2_stage1_L2_0_Mprelu2_stage1_L2_0_0_split does not need backward computation.
I0923 17:58:25.162226 2175012 net.cpp:202] Mprelu2_stage1_L2_0 does not need backward computation.
I0923 17:58:25.162227 2175012 net.cpp:202] Mconv2_stage1_L2_0 does not need backward computation.
I0923 17:58:25.162230 2175012 net.cpp:202] Mconv1_stage1_L2_concat does not need backward computation.
I0923 17:58:25.162231 2175012 net.cpp:202] Mprelu1_stage1_L2_2 does not need backward computation.
I0923 17:58:25.162232 2175012 net.cpp:202] Mconv1_stage1_L2_2 does not need backward computation.
I0923 17:58:25.162235 2175012 net.cpp:202] Mconv1_stage1_L2_1_Mprelu1_stage1_L2_1_0_split does not need backward computation.
I0923 17:58:25.162235 2175012 net.cpp:202] Mprelu1_stage1_L2_1 does not need backward computation.
I0923 17:58:25.162236 2175012 net.cpp:202] Mconv1_stage1_L2_1 does not need backward computation.
I0923 17:58:25.162238 2175012 net.cpp:202] Mconv1_stage1_L2_0_Mprelu1_stage1_L2_0_0_split does not need backward computation.
I0923 17:58:25.162240 2175012 net.cpp:202] Mprelu1_stage1_L2_0 does not need backward computation.
I0923 17:58:25.162241 2175012 net.cpp:202] Mconv1_stage1_L2_0 does not need backward computation.
I0923 17:58:25.162242 2175012 net.cpp:202] concat_stage1_L2 does not need backward computation.
I0923 17:58:25.162245 2175012 net.cpp:202] Mconv7_stage0_L2 does not need backward computation.
I0923 17:58:25.162245 2175012 net.cpp:202] Mprelu6_stage0_L2 does not need backward computation.
I0923 17:58:25.162247 2175012 net.cpp:202] Mconv6_stage0_L2 does not need backward computation.
I0923 17:58:25.162248 2175012 net.cpp:202] Mconv5_stage0_L2_concat does not need backward computation.
I0923 17:58:25.162250 2175012 net.cpp:202] Mprelu5_stage0_L2_2 does not need backward computation.
I0923 17:58:25.162251 2175012 net.cpp:202] Mconv5_stage0_L2_2 does not need backward computation.
I0923 17:58:25.162253 2175012 net.cpp:202] Mconv5_stage0_L2_1_Mprelu5_stage0_L2_1_0_split does not need backward computation.
I0923 17:58:25.162254 2175012 net.cpp:202] Mprelu5_stage0_L2_1 does not need backward computation.
I0923 17:58:25.162256 2175012 net.cpp:202] Mconv5_stage0_L2_1 does not need backward computation.
I0923 17:58:25.162257 2175012 net.cpp:202] Mconv5_stage0_L2_0_Mprelu5_stage0_L2_0_0_split does not need backward computation.
I0923 17:58:25.162258 2175012 net.cpp:202] Mprelu5_stage0_L2_0 does not need backward computation.
I0923 17:58:25.162261 2175012 net.cpp:202] Mconv5_stage0_L2_0 does not need backward computation.
I0923 17:58:25.162261 2175012 net.cpp:202] Mconv4_stage0_L2_concat does not need backward computation.
I0923 17:58:25.162263 2175012 net.cpp:202] Mprelu4_stage0_L2_2 does not need backward computation.
I0923 17:58:25.162264 2175012 net.cpp:202] Mconv4_stage0_L2_2 does not need backward computation.
I0923 17:58:25.162266 2175012 net.cpp:202] Mconv4_stage0_L2_1_Mprelu4_stage0_L2_1_0_split does not need backward computation.
I0923 17:58:25.162267 2175012 net.cpp:202] Mprelu4_stage0_L2_1 does not need backward computation.
I0923 17:58:25.162268 2175012 net.cpp:202] Mconv4_stage0_L2_1 does not need backward computation.
I0923 17:58:25.162269 2175012 net.cpp:202] Mconv4_stage0_L2_0_Mprelu4_stage0_L2_0_0_split does not need backward computation.
I0923 17:58:25.162271 2175012 net.cpp:202] Mprelu4_stage0_L2_0 does not need backward computation.
I0923 17:58:25.162272 2175012 net.cpp:202] Mconv4_stage0_L2_0 does not need backward computation.
I0923 17:58:25.162273 2175012 net.cpp:202] Mconv3_stage0_L2_concat does not need backward computation.
I0923 17:58:25.162276 2175012 net.cpp:202] Mprelu3_stage0_L2_2 does not need backward computation.
I0923 17:58:25.162277 2175012 net.cpp:202] Mconv3_stage0_L2_2 does not need backward computation.
I0923 17:58:25.162279 2175012 net.cpp:202] Mconv3_stage0_L2_1_Mprelu3_stage0_L2_1_0_split does not need backward computation.
I0923 17:58:25.162281 2175012 net.cpp:202] Mprelu3_stage0_L2_1 does not need backward computation.
I0923 17:58:25.162282 2175012 net.cpp:202] Mconv3_stage0_L2_1 does not need backward computation.
I0923 17:58:25.162283 2175012 net.cpp:202] Mconv3_stage0_L2_0_Mprelu3_stage0_L2_0_0_split does not need backward computation.
I0923 17:58:25.162285 2175012 net.cpp:202] Mprelu3_stage0_L2_0 does not need backward computation.
I0923 17:58:25.162286 2175012 net.cpp:202] Mconv3_stage0_L2_0 does not need backward computation.
I0923 17:58:25.162287 2175012 net.cpp:202] Mconv2_stage0_L2_concat does not need backward computation.
I0923 17:58:25.162289 2175012 net.cpp:202] Mprelu2_stage0_L2_2 does not need backward computation.
I0923 17:58:25.162290 2175012 net.cpp:202] Mconv2_stage0_L2_2 does not need backward computation.
I0923 17:58:25.162292 2175012 net.cpp:202] Mconv2_stage0_L2_1_Mprelu2_stage0_L2_1_0_split does not need backward computation.
I0923 17:58:25.162293 2175012 net.cpp:202] Mprelu2_stage0_L2_1 does not need backward computation.
I0923 17:58:25.162294 2175012 net.cpp:202] Mconv2_stage0_L2_1 does not need backward computation.
I0923 17:58:25.162297 2175012 net.cpp:202] Mconv2_stage0_L2_0_Mprelu2_stage0_L2_0_0_split does not need backward computation.
I0923 17:58:25.162297 2175012 net.cpp:202] Mprelu2_stage0_L2_0 does not need backward computation.
I0923 17:58:25.162299 2175012 net.cpp:202] Mconv2_stage0_L2_0 does not need backward computation.
I0923 17:58:25.162300 2175012 net.cpp:202] Mconv1_stage0_L2_concat does not need backward computation.
I0923 17:58:25.162302 2175012 net.cpp:202] Mprelu1_stage0_L2_2 does not need backward computation.
I0923 17:58:25.162303 2175012 net.cpp:202] Mconv1_stage0_L2_2 does not need backward computation.
I0923 17:58:25.162304 2175012 net.cpp:202] Mconv1_stage0_L2_1_Mprelu1_stage0_L2_1_0_split does not need backward computation.
I0923 17:58:25.162305 2175012 net.cpp:202] Mprelu1_stage0_L2_1 does not need backward computation.
I0923 17:58:25.162307 2175012 net.cpp:202] Mconv1_stage0_L2_1 does not need backward computation.
I0923 17:58:25.162308 2175012 net.cpp:202] Mconv1_stage0_L2_0_Mprelu1_stage0_L2_0_0_split does not need backward computation.
I0923 17:58:25.162309 2175012 net.cpp:202] Mprelu1_stage0_L2_0 does not need backward computation.
I0923 17:58:25.162312 2175012 net.cpp:202] Mconv1_stage0_L2_0 does not need backward computation.
I0923 17:58:25.162313 2175012 net.cpp:202] conv4_4_CPM_prelu4_4_CPM_0_split does not need backward computation.
I0923 17:58:25.162314 2175012 net.cpp:202] prelu4_4_CPM does not need backward computation.
I0923 17:58:25.162315 2175012 net.cpp:202] conv4_4_CPM does not need backward computation.
I0923 17:58:25.162317 2175012 net.cpp:202] prelu4_3_CPM does not need backward computation.
I0923 17:58:25.162318 2175012 net.cpp:202] conv4_3_CPM does not need backward computation.
I0923 17:58:25.162320 2175012 net.cpp:202] prelu4_2 does not need backward computation.
I0923 17:58:25.162321 2175012 net.cpp:202] conv4_2 does not need backward computation.
I0923 17:58:25.162322 2175012 net.cpp:202] relu4_1 does not need backward computation.
I0923 17:58:25.162324 2175012 net.cpp:202] conv4_1 does not need backward computation.
I0923 17:58:25.162325 2175012 net.cpp:202] pool3_stage1 does not need backward computation.
I0923 17:58:25.162326 2175012 net.cpp:202] relu3_4 does not need backward computation.
I0923 17:58:25.162328 2175012 net.cpp:202] conv3_4 does not need backward computation.
I0923 17:58:25.162329 2175012 net.cpp:202] relu3_3 does not need backward computation.
I0923 17:58:25.162330 2175012 net.cpp:202] conv3_3 does not need backward computation.
I0923 17:58:25.162331 2175012 net.cpp:202] relu3_2 does not need backward computation.
I0923 17:58:25.162333 2175012 net.cpp:202] conv3_2 does not need backward computation.
I0923 17:58:25.162334 2175012 net.cpp:202] relu3_1 does not need backward computation.
I0923 17:58:25.162335 2175012 net.cpp:202] conv3_1 does not need backward computation.
I0923 17:58:25.162336 2175012 net.cpp:202] pool2_stage1 does not need backward computation.
I0923 17:58:25.162338 2175012 net.cpp:202] relu2_2 does not need backward computation.
I0923 17:58:25.162339 2175012 net.cpp:202] conv2_2 does not need backward computation.
I0923 17:58:25.162340 2175012 net.cpp:202] relu2_1 does not need backward computation.
I0923 17:58:25.162341 2175012 net.cpp:202] conv2_1 does not need backward computation.
I0923 17:58:25.162343 2175012 net.cpp:202] pool1_stage1 does not need backward computation.
I0923 17:58:25.162344 2175012 net.cpp:202] relu1_2 does not need backward computation.
I0923 17:58:25.162345 2175012 net.cpp:202] conv1_2 does not need backward computation.
I0923 17:58:25.162348 2175012 net.cpp:202] relu1_1 does not need backward computation.
I0923 17:58:25.162348 2175012 net.cpp:202] conv1_1 does not need backward computation.
I0923 17:58:25.162349 2175012 net.cpp:202] input does not need backward computation.
I0923 17:58:25.162350 2175012 net.cpp:244] This network produces output net_output
I0923 17:58:25.162415 2175012 net.cpp:257] Network initialization done.
I0923 17:58:25.219365 2175012 net.cpp:746] Ignoring source layer image
I0923 17:58:25.219378 2175012 net.cpp:746] Ignoring source layer vec_weight
I0923 17:58:25.219379 2175012 net.cpp:746] Ignoring source layer vec_weight_vec_weight_0_split
I0923 17:58:25.219380 2175012 net.cpp:746] Ignoring source layer heat_weight_vec_weight_1_split
I0923 17:58:25.219381 2175012 net.cpp:746] Ignoring source layer label_heat
I0923 17:58:25.219383 2175012 net.cpp:746] Ignoring source layer label_heat_label_heat_0_split
I0923 17:58:25.219383 2175012 net.cpp:746] Ignoring source layer label_vec
I0923 17:58:25.219384 2175012 net.cpp:746] Ignoring source layer label_vec_label_vec_0_split
I0923 17:58:25.221686 2175012 net.cpp:746] Ignoring source layer Mconv7_stage0_L2_Mconv7_stage0_L2_0_split
I0923 17:58:25.221696 2175012 net.cpp:746] Ignoring source layer weight_stage0_L2
I0923 17:58:25.221698 2175012 net.cpp:746] Ignoring source layer loss_stage0_L2
I0923 17:58:25.222620 2175012 net.cpp:746] Ignoring source layer Mconv7_stage1_L2_Mconv7_stage1_L2_0_split
I0923 17:58:25.222625 2175012 net.cpp:746] Ignoring source layer weight_stage1_L2
I0923 17:58:25.222625 2175012 net.cpp:746] Ignoring source layer loss_stage1_L2
I0923 17:58:25.223528 2175012 net.cpp:746] Ignoring source layer Mconv7_stage2_L2_Mconv7_stage2_L2_0_split
I0923 17:58:25.223532 2175012 net.cpp:746] Ignoring source layer weight_stage2_L2
I0923 17:58:25.223533 2175012 net.cpp:746] Ignoring source layer loss_stage2_L2
I0923 17:58:25.224424 2175012 net.cpp:746] Ignoring source layer weight_stage3_L2
I0923 17:58:25.224427 2175012 net.cpp:746] Ignoring source layer loss_stage3_L2
I0923 17:58:25.224949 2175012 net.cpp:746] Ignoring source layer Mconv7_stage0_L1_Mconv7_stage0_L1_0_split
I0923 17:58:25.224952 2175012 net.cpp:746] Ignoring source layer weight_stage0_L1
I0923 17:58:25.224953 2175012 net.cpp:746] Ignoring source layer loss_stage0_L1
I0923 17:58:25.225841 2175012 net.cpp:746] Ignoring source layer weight_stage1_L1
I0923 17:58:25.225843 2175012 net.cpp:746] Ignoring source layer loss_stage1_L1
I0923 17:58:25.228545 2175012 upgrade_proto.cpp:69] Attempting to upgrade input file specified using deprecated input fields: /opt/openpose/models/face/pose_deploy.prototxt
I0923 17:58:25.228554 2175012 upgrade_proto.cpp:72] Successfully upgraded file specified using deprecated input fields.
W0923 17:58:25.228554 2175012 upgrade_proto.cpp:74] Note that future Caffe releases will only support input layers and not input fields.
I0923 17:58:25.228600 2175012 net.cpp:53] Initializing net from parameters: 
state {
  phase: TEST
  level: 0
}
layer {
  name: "input"
  type: "Input"
  top: "image"
  input_param {
    shape {
      dim: 1
      dim: 3
      dim: 1
      dim: 1
    }
  }
}
layer {
  name: "conv1_1"
  type: "Convolution"
  bottom: "image"
  top: "conv1_1"
  param {
    lr_mult: 1
    decay_mult: 1
  }
  param {
    lr_mult: 2
    decay_mult: 0
  }
  convolution_param {
    num_output: 64
    pad: 1
    kernel_size: 3
    weight_filler {
      type: "gaussian"
      std: 0.01
    }
    bias_filler {
      type: "constant"
    }
  }
}
layer {
  name: "conv1_1_re"
  type: "ReLU"
  bottom: "conv1_1"
  top: "conv1_1"
}
layer {
  name: "conv1_2"
  type: "Convolution"
  bottom: "conv1_1"
  top: "conv1_2"
  param {
    lr_mult: 1
    decay_mult: 1
  }
  param {
    lr_mult: 2
    decay_mult: 0
  }
  convolution_param {
    num_output: 64
    pad: 1
    kernel_size: 3
    weight_filler {
      type: "gaussian"
      std: 0.01
    }
    bias_filler {
      type: "constant"
    }
  }
}
layer {
  name: "conv1_2_re"
  type: "ReLU"
  bottom: "conv1_2"
  top: "conv1_2"
}
layer {
  name: "pool1"
  type: "Pooling"
  bottom: "conv1_2"
  top: "pool1"
  pooling_param {
    pool: MAX
    kernel_size: 2
    stride: 2
  }
}
layer {
  name: "conv2_1"
  type: "Convolution"
  bottom: "pool1"
  top: "conv2_1"
  param {
    lr_mult: 1
    decay_mult: 1
  }
  param {
    lr_mult: 2
    decay_mult: 0
  }
  convolution_param {
    num_output: 128
    pad: 1
    kernel_size: 3
    weight_filler {
      type: "gaussian"
      std: 0.01
    }
    bias_filler {
      type: "constant"
    }
  }
}
layer {
  name: "conv2_1_re"
  type: "ReLU"
  bottom: "conv2_1"
  top: "conv2_1"
}
layer {
  name: "conv2_2"
  type: "Convolution"
  bottom: "conv2_1"
  top: "conv2_2"
  param {
    lr_mult: 1
    decay_mult: 1
  }
  param {
    lr_mult: 2
    decay_mult: 0
  }
  convolution_param {
    num_output: 128
    pad: 1
    kernel_size: 3
    weight_filler {
      type: "gaussian"
      std: 0.01
    }
    bias_filler {
      type: "constant"
    }
  }
}
layer {
  name: "conv2_2_re"
  type: "ReLU"
  bottom: "conv2_2"
  top: "conv2_2"
}
layer {
  name: "pool2"
  type: "Pooling"
  bottom: "conv2_2"
  top: "pool2"
  pooling_param {
    pool: MAX
    kernel_size: 2
    stride: 2
  }
}
layer {
  name: "conv3_1"
  type: "Convolution"
  bottom: "pool2"
  top: "conv3_1"
  param {
    lr_mult: 1
    decay_mult: 1
  }
  param {
    lr_mult: 2
    decay_mult: 0
  }
  convolution_param {
    num_output: 256
    pad: 1
    kernel_size: 3
    weight_filler {
      type: "gaussian"
      std: 0.01
    }
    bias_filler {
      type: "constant"
    }
  }
}
layer {
  name: "conv3_1_re"
  type: "ReLU"
  bottom: "conv3_1"
  top: "conv3_1"
}
layer {
  name: "conv3_2"
  type: "Convolution"
  bottom: "conv3_1"
  top: "conv3_2"
  param {
    lr_mult: 1
    decay_mult: 1
  }
  param {
    lr_mult: 2
    decay_mult: 0
  }
  convolution_param {
    num_output: 256
    pad: 1
    kernel_size: 3
    weight_filler {
      type: "gaussian"
      std: 0.01
    }
    bias_filler {
      type: "constant"
    }
  }
}
layer {
  name: "conv3_2_re"
  type: "ReLU"
  bottom: "conv3_2"
  top: "conv3_2"
}
layer {
  name: "conv3_3"
  type: "Convolution"
  bottom: "conv3_2"
  top: "conv3_3"
  param {
    lr_mult: 1
    decay_mult: 1
  }
  param {
    lr_mult: 2
    decay_mult: 0
  }
  convolution_param {
    num_output: 256
    pad: 1
    kernel_size: 3
    weight_filler {
      type: "gaussian"
      std: 0.01
    }
    bias_filler {
      type: "constant"
    }
  }
}
layer {
  name: "conv3_3_re"
  type: "ReLU"
  bottom: "conv3_3"
  top: "conv3_3"
}
layer {
  name: "conv3_4"
  type: "Convolution"
  bottom: "conv3_3"
  top: "conv3_4"
  param {
    lr_mult: 1
    decay_mult: 1
  }
  param {
    lr_mult: 2
    decay_mult: 0
  }
  convolution_param {
    num_output: 256
    pad: 1
    kernel_size: 3
    weight_filler {
      type: "gaussian"
      std: 0.01
    }
    bias_filler {
      type: "constant"
    }
  }
}
layer {
  name: "conv3_4_re"
  type: "ReLU"
  bottom: "conv3_4"
  top: "conv3_4"
}
layer {
  name: "pool3"
  type: "Pooling"
  bottom: "conv3_4"
  top: "pool3"
  pooling_param {
    pool: MAX
    kernel_size: 2
    stride: 2
  }
}
layer {
  name: "conv4_1"
  type: "Convolution"
  bottom: "pool3"
  top: "conv4_1"
  param {
    lr_mult: 1
    decay_mult: 1
  }
  param {
    lr_mult: 2
    decay_mult: 0
  }
  convolution_param {
    num_output: 512
    pad: 1
    kernel_size: 3
    weight_filler {
      type: "gaussian"
      std: 0.01
    }
    bias_filler {
      type: "constant"
    }
  }
}
layer {
  name: "conv4_1_re"
  type: "ReLU"
  bottom: "conv4_1"
  top: "conv4_1"
}
layer {
  name: "conv4_2"
  type: "Convolution"
  bottom: "conv4_1"
  top: "conv4_2"
  param {
    lr_mult: 1
    decay_mult: 1
  }
  param {
    lr_mult: 2
    decay_mult: 0
  }
  convolution_param {
    num_output: 512
    pad: 1
    kernel_size: 3
    weight_filler {
      type: "gaussian"
      std: 0.01
    }
    bias_filler {
      type: "constant"
    }
  }
}
layer {
  name: "conv4_2_re"
  type: "ReLU"
  bottom: "conv4_2"
  top: "conv4_2"
}
layer {
  name: "conv4_3"
  type: "Convolution"
  bottom: "conv4_2"
  top: "conv4_3"
  param {
    lr_mult: 1
    decay_mult: 1
  }
  param {
    lr_mult: 2
    decay_mult: 0
  }
  convolution_param {
    num_output: 512
    pad: 1
    kernel_size: 3
    weight_filler {
      type: "gaussian"
      std: 0.01
    }
    bias_filler {
      type: "constant"
    }
  }
}
layer {
  name: "conv4_3_re"
  type: "ReLU"
  bottom: "conv4_3"
  top: "conv4_3"
}
layer {
  name: "conv4_4"
  type: "Convolution"
  bottom: "conv4_3"
  top: "conv4_4"
  param {
    lr_mult: 1
    decay_mult: 1
  }
  param {
    lr_mult: 2
    decay_mult: 0
  }
  convolution_param {
    num_output: 512
    pad: 1
    kernel_size: 3
    weight_filler {
      type: "gaussian"
      std: 0.01
    }
    bias_filler {
      type: "constant"
    }
  }
}
layer {
  name: "conv4_4_re"
  type: "ReLU"
  bottom: "conv4_4"
  top: "conv4_4"
}
layer {
  name: "conv5_1"
  type: "Convolution"
  bottom: "conv4_4"
  top: "conv5_1"
  param {
    lr_mult: 1
    decay_mult: 1
  }
  param {
    lr_mult: 2
    decay_mult: 0
  }
  convolution_param {
    num_output: 512
    pad: 1
    kernel_size: 3
    weight_filler {
      type: "gaussian"
      std: 0.01
    }
    bias_filler {
      type: "constant"
    }
  }
}
layer {
  name: "conv5_1_re"
  type: "ReLU"
  bottom: "conv5_1"
  top: "conv5_1"
}
layer {
  name: "conv5_2"
  type: "Convolution"
  bottom: "conv5_1"
  top: "conv5_2"
  param {
    lr_mult: 1
    decay_mult: 1
  }
  param {
    lr_mult: 2
    decay_mult: 0
  }
  convolution_param {
    num_output: 512
    pad: 1
    kernel_size: 3
    weight_filler {
      type: "gaussian"
      std: 0.01
    }
    bias_filler {
      type: "constant"
    }
  }
}
layer {
  name: "conv5_2_re"
  type: "ReLU"
  bottom: "conv5_2"
  top: "conv5_2"
}
layer {
  name: "conv5_3_CPM"
  type: "Convolution"
  bottom: "conv5_2"
  top: "conv5_3_CPM"
  param {
    lr_mult: 1
    decay_mult: 1
  }
  param {
    lr_mult: 2
    decay_mult: 0
  }
  convolution_param {
    num_output: 128
    pad: 1
    kernel_size: 3
    weight_filler {
      type: "gaussian"
      std: 0.01
    }
    bias_filler {
      type: "constant"
    }
  }
}
layer {
  name: "conv5_3_CPM_re"
  type: "ReLU"
  bottom: "conv5_3_CPM"
  top: "conv5_3_CPM"
}
layer {
  name: "conv6_1_CPM"
  type: "Convolution"
  bottom: "conv5_3_CPM"
  top: "conv6_1_CPM"
  param {
    lr_mult: 1
    decay_mult: 1
  }
  param {
    lr_mult: 2
    decay_mult: 0
  }
  convolution_param {
    num_output: 512
    pad: 0
    kernel_size: 1
    weight_filler {
      type: "gaussian"
      std: 0.01
    }
    bias_filler {
      type: "constant"
    }
  }
}
layer {
  name: "conv6_1_CPM_re"
  type: "ReLU"
  bottom: "conv6_1_CPM"
  top: "conv6_1_CPM"
}
layer {
  name: "conv6_2_CPM"
  type: "Convolution"
  bottom: "conv6_1_CPM"
  top: "conv6_2_CPM"
  param {
    lr_mult: 1
    decay_mult: 1
  }
  param {
    lr_mult: 2
    decay_mult: 0
  }
  convolution_param {
    num_output: 71
    pad: 0
    kernel_size: 1
    weight_filler {
      type: "gaussian"
      std: 0.01
    }
    bias_filler {
      type: "constant"
    }
  }
}
layer {
  name: "features_in_stage_2"
  type: "Concat"
  bottom: "conv6_2_CPM"
  bottom: "conv5_3_CPM"
  top: "features_in_stage_2"
  concat_param {
    axis: 1
  }
}
layer {
  name: "Mconv1_stage2"
  type: "Convolution"
  bottom: "features_in_stage_2"
  top: "Mconv1_stage2"
  param {
    lr_mult: 4
    decay_mult: 1
  }
  param {
    lr_mult: 8
    decay_mult: 0
  }
  convolution_param {
    num_output: 128
    pad: 3
    kernel_size: 7
    weight_filler {
      type: "gaussian"
      std: 0.01
    }
    bias_filler {
      type: "constant"
    }
  }
}
layer {
  name: "Mconv1_stage2_re"
  type: "ReLU"
  bottom: "Mconv1_stage2"
  top: "Mconv1_stage2"
}
layer {
  name: "Mconv2_stage2"
  type: "Convolution"
  bottom: "Mconv1_stage2"
  top: "Mconv2_stage2"
  param {
    lr_mult: 4
    decay_mult: 1
  }
  param {
    lr_mult: 8
    decay_mult: 0
  }
  convolution_param {
    num_output: 128
    pad: 3
    kernel_size: 7
    weight_filler {
      type: "gaussian"
      std: 0.01
    }
    bias_filler {
      type: "constant"
    }
  }
}
layer {
  name: "Mconv2_stage2_re"
  type: "ReLU"
  bottom: "Mconv2_stage2"
  top: "Mconv2_stage2"
}
layer {
  name: "Mconv3_stage2"
  type: "Convolution"
  bottom: "Mconv2_stage2"
  top: "Mconv3_stage2"
  param {
    lr_mult: 4
    decay_mult: 1
  }
  param {
    lr_mult: 8
    decay_mult: 0
  }
  convolution_param {
    num_output: 128
    pad: 3
    kernel_size: 7
    weight_filler {
      type: "gaussian"
      std: 0.01
    }
    bias_filler {
      type: "constant"
    }
  }
}
layer {
  name: "Mconv3_stage2_re"
  type: "ReLU"
  bottom: "Mconv3_stage2"
  top: "Mconv3_stage2"
}
layer {
  name: "Mconv4_stage2"
  type: "Convolution"
  bottom: "Mconv3_stage2"
  top: "Mconv4_stage2"
  param {
    lr_mult: 4
    decay_mult: 1
  }
  param {
    lr_mult: 8
    decay_mult: 0
  }
  convolution_param {
    num_output: 128
    pad: 3
    kernel_size: 7
    weight_filler {
      type: "gaussian"
      std: 0.01
    }
    bias_filler {
      type: "constant"
    }
  }
}
layer {
  name: "Mconv4_stage2_re"
  type: "ReLU"
  bottom: "Mconv4_stage2"
  top: "Mconv4_stage2"
}
layer {
  name: "Mconv5_stage2"
  type: "Convolution"
  bottom: "Mconv4_stage2"
  top: "Mconv5_stage2"
  param {
    lr_mult: 4
    decay_mult: 1
  }
  param {
    lr_mult: 8
    decay_mult: 0
  }
  convolution_param {
    num_output: 128
    pad: 3
    kernel_size: 7
    weight_filler {
      type: "gaussian"
      std: 0.01
    }
    bias_filler {
      type: "constant"
    }
  }
}
layer {
  name: "Mconv5_stage2_re"
  type: "ReLU"
  bottom: "Mconv5_stage2"
  top: "Mconv5_stage2"
}
layer {
  name: "Mconv6_stage2"
  type: "Convolution"
  bottom: "Mconv5_stage2"
  top: "Mconv6_stage2"
  param {
    lr_mult: 4
    decay_mult: 1
  }
  param {
    lr_mult: 8
    decay_mult: 0
  }
  convolution_param {
    num_output: 128
    pad: 0
    kernel_size: 1
    weight_filler {
      type: "gaussian"
      std: 0.01
    }
    bias_filler {
      type: "constant"
    }
  }
}
layer {
  name: "Mconv6_stage2_re"
  type: "ReLU"
  bottom: "Mconv6_stage2"
  top: "Mconv6_stage2"
}
layer {
  name: "Mconv7_stage2"
  type: "Convolution"
  bottom: "Mconv6_stage2"
  top: "Mconv7_stage2"
  param {
    lr_mult: 4
    decay_mult: 1
  }
  param {
    lr_mult: 8
    decay_mult: 0
  }
  convolution_param {
    num_output: 71
    pad: 0
    kernel_size: 1
    weight_filler {
      type: "gaussian"
      std: 0.01
    }
    bias_filler {
      type: "constant"
    }
  }
}
layer {
  name: "features_in_stage_3"
  type: "Concat"
  bottom: "Mconv7_stage2"
  bottom: "conv5_3_CPM"
  top: "features_in_stage_3"
  concat_param {
    axis: 1
  }
}
layer {
  name: "Mconv1_stage3"
  type: "Convolution"
  bottom: "features_in_stage_3"
  top: "Mconv1_stage3"
  param {
    lr_mult: 4
    decay_mult: 1
  }
  param {
    lr_mult: 8
    decay_mult: 0
  }
  convolution_param {
    num_output: 128
    pad: 3
    kernel_size: 7
    weight_filler {
      type: "gaussian"
      std: 0.01
    }
    bias_filler {
      type: "constant"
    }
  }
}
layer {
  name: "Mconv1_stage3_re"
  type: "ReLU"
  bottom: "Mconv1_stage3"
  top: "Mconv1_stage3"
}
layer {
  name: "Mconv2_stage3"
  type: "Convolution"
  bottom: "Mconv1_stage3"
  top: "Mconv2_stage3"
  param {
    lr_mult: 4
    decay_mult: 1
  }
  param {
    lr_mult: 8
    decay_mult: 0
  }
  convolution_param {
    num_output: 128
    pad: 3
    kernel_size: 7
    weight_filler {
      type: "gaussian"
      std: 0.01
    }
    bias_filler {
      type: "constant"
    }
  }
}
layer {
  name: "Mconv2_stage3_re"
  type: "ReLU"
  bottom: "Mconv2_stage3"
  top: "Mconv2_stage3"
}
layer {
  name: "Mconv3_stage3"
  type: "Convolution"
  bottom: "Mconv2_stage3"
  top: "Mconv3_stage3"
  param {
    lr_mult: 4
    decay_mult: 1
  }
  param {
    lr_mult: 8
    decay_mult: 0
  }
  convolution_param {
    num_output: 128
    pad: 3
    kernel_size: 7
    weight_filler {
      type: "gaussian"
      std: 0.01
    }
    bias_filler {
      type: "constant"
    }
  }
}
layer {
  name: "Mconv3_stage3_re"
  type: "ReLU"
  bottom: "Mconv3_stage3"
  top: "Mconv3_stage3"
}
layer {
  name: "Mconv4_stage3"
  type: "Convolution"
  bottom: "Mconv3_stage3"
  top: "Mconv4_stage3"
  param {
    lr_mult: 4
    decay_mult: 1
  }
  param {
    lr_mult: 8
    decay_mult: 0
  }
  convolution_param {
    num_output: 128
    pad: 3
    kernel_size: 7
    weight_filler {
      type: "gaussian"
      std: 0.01
    }
    bias_filler {
      type: "constant"
    }
  }
}
layer {
  name: "Mconv4_stage3_re"
  type: "ReLU"
  bottom: "Mconv4_stage3"
  top: "Mconv4_stage3"
}
layer {
  name: "Mconv5_stage3"
  type: "Convolution"
  bottom: "Mconv4_stage3"
  top: "Mconv5_stage3"
  param {
    lr_mult: 4
    decay_mult: 1
  }
  param {
    lr_mult: 8
    decay_mult: 0
  }
  convolution_param {
    num_output: 128
    pad: 3
    kernel_size: 7
    weight_filler {
      type: "gaussian"
      std: 0.01
    }
    bias_filler {
      type: "constant"
    }
  }
}
layer {
  name: "Mconv5_stage3_re"
  type: "ReLU"
  bottom: "Mconv5_stage3"
  top: "Mconv5_stage3"
}
layer {
  name: "Mconv6_stage3"
  type: "Convolution"
  bottom: "Mconv5_stage3"
  top: "Mconv6_stage3"
  param {
    lr_mult: 4
    decay_mult: 1
  }
  param {
    lr_mult: 8
    decay_mult: 0
  }
  convolution_param {
    num_output: 128
    pad: 0
    kernel_size: 1
    weight_filler {
      type: "gaussian"
      std: 0.01
    }
    bias_filler {
      type: "constant"
    }
  }
}
layer {
  name: "Mconv6_stage3_re"
  type: "ReLU"
  bottom: "Mconv6_stage3"
  top: "Mconv6_stage3"
}
layer {
  name: "Mconv7_stage3"
  type: "Convolution"
  bottom: "Mconv6_stage3"
  top: "Mconv7_stage3"
  param {
    lr_mult: 4
    decay_mult: 1
  }
  param {
    lr_mult: 8
    decay_mult: 0
  }
  convolution_param {
    num_output: 71
    pad: 0
    kernel_size: 1
    weight_filler {
      type: "gaussian"
      std: 0.01
    }
    bias_filler {
      type: "constant"
    }
  }
}
layer {
  name: "features_in_stage_4"
  type: "Concat"
  bottom: "Mconv7_stage3"
  bottom: "conv5_3_CPM"
  top: "features_in_stage_4"
  concat_param {
    axis: 1
  }
}
layer {
  name: "Mconv1_stage4"
  type: "Convolution"
  bottom: "features_in_stage_4"
  top: "Mconv1_stage4"
  param {
    lr_mult: 4
    decay_mult: 1
  }
  param {
    lr_mult: 8
    decay_mult: 0
  }
  convolution_param {
    num_output: 128
    pad: 3
    kernel_size: 7
    weight_filler {
      type: "gaussian"
      std: 0.01
    }
    bias_filler {
      type: "constant"
    }
  }
}
layer {
  name: "Mconv1_stage4_re"
  type: "ReLU"
  bottom: "Mconv1_stage4"
  top: "Mconv1_stage4"
}
layer {
  name: "Mconv2_stage4"
  type: "Convolution"
  bottom: "Mconv1_stage4"
  top: "Mconv2_stage4"
  param {
    lr_mult: 4
    decay_mult: 1
  }
  param {
    lr_mult: 8
    decay_mult: 0
  }
  convolution_param {
    num_output: 128
    pad: 3
    kernel_size: 7
    weight_filler {
      type: "gaussian"
      std: 0.01
    }
    bias_filler {
      type: "constant"
    }
  }
}
layer {
  name: "Mconv2_stage4_re"
  type: "ReLU"
  bottom: "Mconv2_stage4"
  top: "Mconv2_stage4"
}
layer {
  name: "Mconv3_stage4"
  type: "Convolution"
  bottom: "Mconv2_stage4"
  top: "Mconv3_stage4"
  param {
    lr_mult: 4
    decay_mult: 1
  }
  param {
    lr_mult: 8
    decay_mult: 0
  }
  convolution_param {
    num_output: 128
    pad: 3
    kernel_size: 7
    weight_filler {
      type: "gaussian"
      std: 0.01
    }
    bias_filler {
      type: "constant"
    }
  }
}
layer {
  name: "Mconv3_stage4_re"
  type: "ReLU"
  bottom: "Mconv3_stage4"
  top: "Mconv3_stage4"
}
layer {
  name: "Mconv4_stage4"
  type: "Convolution"
  bottom: "Mconv3_stage4"
  top: "Mconv4_stage4"
  param {
    lr_mult: 4
    decay_mult: 1
  }
  param {
    lr_mult: 8
    decay_mult: 0
  }
  convolution_param {
    num_output: 128
    pad: 3
    kernel_size: 7
    weight_filler {
      type: "gaussian"
      std: 0.01
    }
    bias_filler {
      type: "constant"
    }
  }
}
layer {
  name: "Mconv4_stage4_re"
  type: "ReLU"
  bottom: "Mconv4_stage4"
  top: "Mconv4_stage4"
}
layer {
  name: "Mconv5_stage4"
  type: "Convolution"
  bottom: "Mconv4_stage4"
  top: "Mconv5_stage4"
  param {
    lr_mult: 4
    decay_mult: 1
  }
  param {
    lr_mult: 8
    decay_mult: 0
  }
  convolution_param {
    num_output: 128
    pad: 3
    kernel_size: 7
    weight_filler {
      type: "gaussian"
      std: 0.01
    }
    bias_filler {
      type: "constant"
    }
  }
}
layer {
  name: "Mconv5_stage4_re"
  type: "ReLU"
  bottom: "Mconv5_stage4"
  top: "Mconv5_stage4"
}
layer {
  name: "Mconv6_stage4"
  type: "Convolution"
  bottom: "Mconv5_stage4"
  top: "Mconv6_stage4"
  param {
    lr_mult: 4
    decay_mult: 1
  }
  param {
    lr_mult: 8
    decay_mult: 0
  }
  convolution_param {
    num_output: 128
    pad: 0
    kernel_size: 1
    weight_filler {
      type: "gaussian"
      std: 0.01
    }
    bias_filler {
      type: "constant"
    }
  }
}
layer {
  name: "Mconv6_stage4_re"
  type: "ReLU"
  bottom: "Mconv6_stage4"
  top: "Mconv6_stage4"
}
layer {
  name: "Mconv7_stage4"
  type: "Convolution"
  bottom: "Mconv6_stage4"
  top: "Mconv7_stage4"
  param {
    lr_mult: 4
    decay_mult: 1
  }
  param {
    lr_mult: 8
    decay_mult: 0
  }
  convolution_param {
    num_output: 71
    pad: 0
    kernel_size: 1
    weight_filler {
      type: "gaussian"
      std: 0.01
    }
    bias_filler {
      type: "constant"
    }
  }
}
layer {
  name: "features_in_stage_5"
  type: "Concat"
  bottom: "Mconv7_stage4"
  bottom: "conv5_3_CPM"
  top: "features_in_stage_5"
  concat_param {
    axis: 1
  }
}
layer {
  name: "Mconv1_stage5"
  type: "Convolution"
  bottom: "features_in_stage_5"
  top: "Mconv1_stage5"
  param {
    lr_mult: 4
    decay_mult: 1
  }
  param {
    lr_mult: 8
    decay_mult: 0
  }
  convolution_param {
    num_output: 128
    pad: 3
    kernel_size: 7
    weight_filler {
      type: "gaussian"
      std: 0.01
    }
    bias_filler {
      type: "constant"
    }
  }
}
layer {
  name: "Mconv1_stage5_re"
  type: "ReLU"
  bottom: "Mconv1_stage5"
  top: "Mconv1_stage5"
}
layer {
  name: "Mconv2_stage5"
  type: "Convolution"
  bottom: "Mconv1_stage5"
  top: "Mconv2_stage5"
  param {
    lr_mult: 4
    decay_mult: 1
  }
  param {
    lr_mult: 8
    decay_mult: 0
  }
  convolution_param {
    num_output: 128
    pad: 3
    kernel_size: 7
    weight_filler {
      type: "gaussian"
      std: 0.01
    }
    bias_filler {
      type: "constant"
    }
  }
}
layer {
  name: "Mconv2_stage5_re"
  type: "ReLU"
  bottom: "Mconv2_stage5"
  top: "Mconv2_stage5"
}
layer {
  name: "Mconv3_stage5"
  type: "Convolution"
  bottom: "Mconv2_stage5"
  top: "Mconv3_stage5"
  param {
    lr_mult: 4
    decay_mult: 1
  }
  param {
    lr_mult: 8
    decay_mult: 0
  }
  convolution_param {
    num_output: 128
    pad: 3
    kernel_size: 7
    weight_filler {
      type: "gaussian"
      std: 0.01
    }
    bias_filler {
      type: "constant"
    }
  }
}
layer {
  name: "Mconv3_stage5_re"
  type: "ReLU"
  bottom: "Mconv3_stage5"
  top: "Mconv3_stage5"
}
layer {
  name: "Mconv4_stage5"
  type: "Convolution"
  bottom: "Mconv3_stage5"
  top: "Mconv4_stage5"
  param {
    lr_mult: 4
    decay_mult: 1
  }
  param {
    lr_mult: 8
    decay_mult: 0
  }
  convolution_param {
    num_output: 128
    pad: 3
    kernel_size: 7
    weight_filler {
      type: "gaussian"
      std: 0.01
    }
    bias_filler {
      type: "constant"
    }
  }
}
layer {
  name: "Mconv4_stage5_re"
  type: "ReLU"
  bottom: "Mconv4_stage5"
  top: "Mconv4_stage5"
}
layer {
  name: "Mconv5_stage5"
  type: "Convolution"
  bottom: "Mconv4_stage5"
  top: "Mconv5_stage5"
  param {
    lr_mult: 4
    decay_mult: 1
  }
  param {
    lr_mult: 8
    decay_mult: 0
  }
  convolution_param {
    num_output: 128
    pad: 3
    kernel_size: 7
    weight_filler {
      type: "gaussian"
      std: 0.01
    }
    bias_filler {
      type: "constant"
    }
  }
}
layer {
  name: "Mconv5_stage5_re"
  type: "ReLU"
  bottom: "Mconv5_stage5"
  top: "Mconv5_stage5"
}
layer {
  name: "Mconv6_stage5"
  type: "Convolution"
  bottom: "Mconv5_stage5"
  top: "Mconv6_stage5"
  param {
    lr_mult: 4
    decay_mult: 1
  }
  param {
    lr_mult: 8
    decay_mult: 0
  }
  convolution_param {
    num_output: 128
    pad: 0
    kernel_size: 1
    weight_filler {
      type: "gaussian"
      std: 0.01
    }
    bias_filler {
      type: "constant"
    }
  }
}
layer {
  name: "Mconv6_stage5_re"
  type: "ReLU"
  bottom: "Mconv6_stage5"
  top: "Mconv6_stage5"
}
layer {
  name: "Mconv7_stage5"
  type: "Convolution"
  bottom: "Mconv6_stage5"
  top: "Mconv7_stage5"
  param {
    lr_mult: 4
    decay_mult: 1
  }
  param {
    lr_mult: 8
    decay_mult: 0
  }
  convolution_param {
    num_output: 71
    pad: 0
    kernel_size: 1
    weight_filler {
      type: "gaussian"
      std: 0.01
    }
    bias_filler {
      type: "constant"
    }
  }
}
layer {
  name: "features_in_stage_6"
  type: "Concat"
  bottom: "Mconv7_stage5"
  bottom: "conv5_3_CPM"
  top: "features_in_stage_6"
  concat_param {
    axis: 1
  }
}
layer {
  name: "Mconv1_stage6"
  type: "Convolution"
  bottom: "features_in_stage_6"
  top: "Mconv1_stage6"
  param {
    lr_mult: 4
    decay_mult: 1
  }
  param {
    lr_mult: 8
    decay_mult: 0
  }
  convolution_param {
    num_output: 128
    pad: 3
    kernel_size: 7
    weight_filler {
      type: "gaussian"
      std: 0.01
    }
    bias_filler {
      type: "constant"
    }
  }
}
layer {
  name: "Mconv1_stage6_re"
  type: "ReLU"
  bottom: "Mconv1_stage6"
  top: "Mconv1_stage6"
}
layer {
  name: "Mconv2_stage6"
  type: "Convolution"
  bottom: "Mconv1_stage6"
  top: "Mconv2_stage6"
  param {
    lr_mult: 4
    decay_mult: 1
  }
  param {
    lr_mult: 8
    decay_mult: 0
  }
  convolution_param {
    num_output: 128
    pad: 3
    kernel_size: 7
    weight_filler {
      type: "gaussian"
      std: 0.01
    }
    bias_filler {
      type: "constant"
    }
  }
}
layer {
  name: "Mconv2_stage6_re"
  type: "ReLU"
  bottom: "Mconv2_stage6"
  top: "Mconv2_stage6"
}
layer {
  name: "Mconv3_stage6"
  type: "Convolution"
  bottom: "Mconv2_stage6"
  top: "Mconv3_stage6"
  param {
    lr_mult: 4
    decay_mult: 1
  }
  param {
    lr_mult: 8
    decay_mult: 0
  }
  convolution_param {
    num_output: 128
    pad: 3
    kernel_size: 7
    weight_filler {
      type: "gaussian"
      std: 0.01
    }
    bias_filler {
      type: "constant"
    }
  }
}
layer {
  name: "Mconv3_stage6_re"
  type: "ReLU"
  bottom: "Mconv3_stage6"
  top: "Mconv3_stage6"
}
layer {
  name: "Mconv4_stage6"
  type: "Convolution"
  bottom: "Mconv3_stage6"
  top: "Mconv4_stage6"
  param {
    lr_mult: 4
    decay_mult: 1
  }
  param {
    lr_mult: 8
    decay_mult: 0
  }
  convolution_param {
    num_output: 128
    pad: 3
    kernel_size: 7
    weight_filler {
      type: "gaussian"
      std: 0.01
    }
    bias_filler {
      type: "constant"
    }
  }
}
layer {
  name: "Mconv4_stage6_re"
  type: "ReLU"
  bottom: "Mconv4_stage6"
  top: "Mconv4_stage6"
}
layer {
  name: "Mconv5_stage6"
  type: "Convolution"
  bottom: "Mconv4_stage6"
  top: "Mconv5_stage6"
  param {
    lr_mult: 4
    decay_mult: 1
  }
  param {
    lr_mult: 8
    decay_mult: 0
  }
  convolution_param {
    num_output: 128
    pad: 3
    kernel_size: 7
    weight_filler {
      type: "gaussian"
      std: 0.01
    }
    bias_filler {
      type: "constant"
    }
  }
}
layer {
  name: "Mconv5_stage6_re"
  type: "ReLU"
  bottom: "Mconv5_stage6"
  top: "Mconv5_stage6"
}
layer {
  name: "Mconv6_stage6"
  type: "Convolution"
  bottom: "Mconv5_stage6"
  top: "Mconv6_stage6"
  param {
    lr_mult: 4
    decay_mult: 1
  }
  param {
    lr_mult: 8
    decay_mult: 0
  }
  convolution_param {
    num_output: 128
    pad: 0
    kernel_size: 1
    weight_filler {
      type: "gaussian"
      std: 0.01
    }
    bias_filler {
      type: "constant"
    }
  }
}
layer {
  name: "Mconv6_stage6_re"
  type: "ReLU"
  bottom: "Mconv6_stage6"
  top: "Mconv6_stage6"
}
layer {
  name: "Mconv7_stage6"
  type: "Convolution"
  bottom: "Mconv6_stage6"
  top: "net_output"
  param {
    lr_mult: 4
    decay_mult: 1
  }
  param {
    lr_mult: 8
    decay_mult: 0
  }
  convolution_param {
    num_output: 71
    pad: 0
    kernel_size: 1
    weight_filler {
      type: "gaussian"
      std: 0.01
    }
    bias_filler {
      type: "constant"
    }
  }
}
I0923 17:58:25.228914 2175012 layer_factory.hpp:77] Creating layer input
I0923 17:58:25.228919 2175012 net.cpp:86] Creating Layer input
I0923 17:58:25.228921 2175012 net.cpp:382] input -> image
I0923 17:58:25.228936 2175012 net.cpp:124] Setting up input
I0923 17:58:25.228938 2175012 net.cpp:131] Top shape: 1 3 1 1 (3)
I0923 17:58:25.228940 2175012 net.cpp:139] Memory required for data: 12
I0923 17:58:25.228940 2175012 layer_factory.hpp:77] Creating layer conv1_1
I0923 17:58:25.228945 2175012 net.cpp:86] Creating Layer conv1_1
I0923 17:58:25.228945 2175012 net.cpp:408] conv1_1 <- image
I0923 17:58:25.228948 2175012 net.cpp:382] conv1_1 -> conv1_1
I0923 17:58:25.237478 2175012 net.cpp:124] Setting up conv1_1
I0923 17:58:25.237481 2175012 net.cpp:131] Top shape: 1 64 1 1 (64)
I0923 17:58:25.237484 2175012 net.cpp:139] Memory required for data: 268
I0923 17:58:25.237488 2175012 layer_factory.hpp:77] Creating layer conv1_1_re
I0923 17:58:25.237493 2175012 net.cpp:86] Creating Layer conv1_1_re
I0923 17:58:25.237494 2175012 net.cpp:408] conv1_1_re <- conv1_1
I0923 17:58:25.237495 2175012 net.cpp:369] conv1_1_re -> conv1_1 (in-place)
I0923 17:58:25.240677 2175012 net.cpp:124] Setting up conv1_1_re
I0923 17:58:25.240680 2175012 net.cpp:131] Top shape: 1 64 1 1 (64)
I0923 17:58:25.240682 2175012 net.cpp:139] Memory required for data: 524
I0923 17:58:25.240684 2175012 layer_factory.hpp:77] Creating layer conv1_2
I0923 17:58:25.240689 2175012 net.cpp:86] Creating Layer conv1_2
I0923 17:58:25.240690 2175012 net.cpp:408] conv1_2 <- conv1_1
I0923 17:58:25.240693 2175012 net.cpp:382] conv1_2 -> conv1_2
I0923 17:58:25.249044 2175012 net.cpp:124] Setting up conv1_2
I0923 17:58:25.249048 2175012 net.cpp:131] Top shape: 1 64 1 1 (64)
I0923 17:58:25.249050 2175012 net.cpp:139] Memory required for data: 780
I0923 17:58:25.249053 2175012 layer_factory.hpp:77] Creating layer conv1_2_re
I0923 17:58:25.249056 2175012 net.cpp:86] Creating Layer conv1_2_re
I0923 17:58:25.249058 2175012 net.cpp:408] conv1_2_re <- conv1_2
I0923 17:58:25.249058 2175012 net.cpp:369] conv1_2_re -> conv1_2 (in-place)
I0923 17:58:25.251550 2175012 net.cpp:124] Setting up conv1_2_re
I0923 17:58:25.251554 2175012 net.cpp:131] Top shape: 1 64 1 1 (64)
I0923 17:58:25.251555 2175012 net.cpp:139] Memory required for data: 1036
I0923 17:58:25.251556 2175012 layer_factory.hpp:77] Creating layer pool1
I0923 17:58:25.251559 2175012 net.cpp:86] Creating Layer pool1
I0923 17:58:25.251560 2175012 net.cpp:408] pool1 <- conv1_2
I0923 17:58:25.251562 2175012 net.cpp:382] pool1 -> pool1
I0923 17:58:25.251572 2175012 net.cpp:124] Setting up pool1
I0923 17:58:25.251574 2175012 net.cpp:131] Top shape: 1 64 1 1 (64)
I0923 17:58:25.251575 2175012 net.cpp:139] Memory required for data: 1292
I0923 17:58:25.251576 2175012 layer_factory.hpp:77] Creating layer conv2_1
I0923 17:58:25.251578 2175012 net.cpp:86] Creating Layer conv2_1
I0923 17:58:25.251580 2175012 net.cpp:408] conv2_1 <- pool1
I0923 17:58:25.251581 2175012 net.cpp:382] conv2_1 -> conv2_1
I0923 17:58:25.259925 2175012 net.cpp:124] Setting up conv2_1
I0923 17:58:25.259929 2175012 net.cpp:131] Top shape: 1 128 1 1 (128)
I0923 17:58:25.259931 2175012 net.cpp:139] Memory required for data: 1804
I0923 17:58:25.259933 2175012 layer_factory.hpp:77] Creating layer conv2_1_re
I0923 17:58:25.259936 2175012 net.cpp:86] Creating Layer conv2_1_re
I0923 17:58:25.259938 2175012 net.cpp:408] conv2_1_re <- conv2_1
I0923 17:58:25.259938 2175012 net.cpp:369] conv2_1_re -> conv2_1 (in-place)
I0923 17:58:25.262312 2175012 net.cpp:124] Setting up conv2_1_re
I0923 17:58:25.262315 2175012 net.cpp:131] Top shape: 1 128 1 1 (128)
I0923 17:58:25.262316 2175012 net.cpp:139] Memory required for data: 2316
I0923 17:58:25.262318 2175012 layer_factory.hpp:77] Creating layer conv2_2
I0923 17:58:25.262321 2175012 net.cpp:86] Creating Layer conv2_2
I0923 17:58:25.262322 2175012 net.cpp:408] conv2_2 <- conv2_1
I0923 17:58:25.262324 2175012 net.cpp:382] conv2_2 -> conv2_2
I0923 17:58:25.271502 2175012 net.cpp:124] Setting up conv2_2
I0923 17:58:25.271505 2175012 net.cpp:131] Top shape: 1 128 1 1 (128)
I0923 17:58:25.271507 2175012 net.cpp:139] Memory required for data: 2828
I0923 17:58:25.271509 2175012 layer_factory.hpp:77] Creating layer conv2_2_re
I0923 17:58:25.271512 2175012 net.cpp:86] Creating Layer conv2_2_re
I0923 17:58:25.271513 2175012 net.cpp:408] conv2_2_re <- conv2_2
I0923 17:58:25.271514 2175012 net.cpp:369] conv2_2_re -> conv2_2 (in-place)
I0923 17:58:25.273928 2175012 net.cpp:124] Setting up conv2_2_re
I0923 17:58:25.273931 2175012 net.cpp:131] Top shape: 1 128 1 1 (128)
I0923 17:58:25.273931 2175012 net.cpp:139] Memory required for data: 3340
I0923 17:58:25.273933 2175012 layer_factory.hpp:77] Creating layer pool2
I0923 17:58:25.273934 2175012 net.cpp:86] Creating Layer pool2
I0923 17:58:25.273936 2175012 net.cpp:408] pool2 <- conv2_2
I0923 17:58:25.273937 2175012 net.cpp:382] pool2 -> pool2
I0923 17:58:25.273947 2175012 net.cpp:124] Setting up pool2
I0923 17:58:25.273948 2175012 net.cpp:131] Top shape: 1 128 1 1 (128)
I0923 17:58:25.273950 2175012 net.cpp:139] Memory required for data: 3852
I0923 17:58:25.273950 2175012 layer_factory.hpp:77] Creating layer conv3_1
I0923 17:58:25.273953 2175012 net.cpp:86] Creating Layer conv3_1
I0923 17:58:25.273954 2175012 net.cpp:408] conv3_1 <- pool2
I0923 17:58:25.273957 2175012 net.cpp:382] conv3_1 -> conv3_1
I0923 17:58:25.283331 2175012 net.cpp:124] Setting up conv3_1
I0923 17:58:25.283335 2175012 net.cpp:131] Top shape: 1 256 1 1 (256)
I0923 17:58:25.283337 2175012 net.cpp:139] Memory required for data: 4876
I0923 17:58:25.283340 2175012 layer_factory.hpp:77] Creating layer conv3_1_re
I0923 17:58:25.283342 2175012 net.cpp:86] Creating Layer conv3_1_re
I0923 17:58:25.283344 2175012 net.cpp:408] conv3_1_re <- conv3_1
I0923 17:58:25.283345 2175012 net.cpp:369] conv3_1_re -> conv3_1 (in-place)
I0923 17:58:25.286957 2175012 net.cpp:124] Setting up conv3_1_re
I0923 17:58:25.286959 2175012 net.cpp:131] Top shape: 1 256 1 1 (256)
I0923 17:58:25.286962 2175012 net.cpp:139] Memory required for data: 5900
I0923 17:58:25.286962 2175012 layer_factory.hpp:77] Creating layer conv3_2
I0923 17:58:25.286965 2175012 net.cpp:86] Creating Layer conv3_2
I0923 17:58:25.286967 2175012 net.cpp:408] conv3_2 <- conv3_1
I0923 17:58:25.286968 2175012 net.cpp:382] conv3_2 -> conv3_2
I0923 17:58:25.297132 2175012 net.cpp:124] Setting up conv3_2
I0923 17:58:25.297135 2175012 net.cpp:131] Top shape: 1 256 1 1 (256)
I0923 17:58:25.297137 2175012 net.cpp:139] Memory required for data: 6924
I0923 17:58:25.297139 2175012 layer_factory.hpp:77] Creating layer conv3_2_re
I0923 17:58:25.297142 2175012 net.cpp:86] Creating Layer conv3_2_re
I0923 17:58:25.297143 2175012 net.cpp:408] conv3_2_re <- conv3_2
I0923 17:58:25.297144 2175012 net.cpp:369] conv3_2_re -> conv3_2 (in-place)
I0923 17:58:25.299551 2175012 net.cpp:124] Setting up conv3_2_re
I0923 17:58:25.299553 2175012 net.cpp:131] Top shape: 1 256 1 1 (256)
I0923 17:58:25.299556 2175012 net.cpp:139] Memory required for data: 7948
I0923 17:58:25.299556 2175012 layer_factory.hpp:77] Creating layer conv3_3
I0923 17:58:25.299559 2175012 net.cpp:86] Creating Layer conv3_3
I0923 17:58:25.299561 2175012 net.cpp:408] conv3_3 <- conv3_2
I0923 17:58:25.299562 2175012 net.cpp:382] conv3_3 -> conv3_3
I0923 17:58:25.315003 2175012 net.cpp:124] Setting up conv3_3
I0923 17:58:25.315007 2175012 net.cpp:131] Top shape: 1 256 1 1 (256)
I0923 17:58:25.315008 2175012 net.cpp:139] Memory required for data: 8972
I0923 17:58:25.315011 2175012 layer_factory.hpp:77] Creating layer conv3_3_re
I0923 17:58:25.315013 2175012 net.cpp:86] Creating Layer conv3_3_re
I0923 17:58:25.315016 2175012 net.cpp:408] conv3_3_re <- conv3_3
I0923 17:58:25.315016 2175012 net.cpp:369] conv3_3_re -> conv3_3 (in-place)
I0923 17:58:25.317413 2175012 net.cpp:124] Setting up conv3_3_re
I0923 17:58:25.317415 2175012 net.cpp:131] Top shape: 1 256 1 1 (256)
I0923 17:58:25.317416 2175012 net.cpp:139] Memory required for data: 9996
I0923 17:58:25.317417 2175012 layer_factory.hpp:77] Creating layer conv3_4
I0923 17:58:25.317421 2175012 net.cpp:86] Creating Layer conv3_4
I0923 17:58:25.317422 2175012 net.cpp:408] conv3_4 <- conv3_3
I0923 17:58:25.317425 2175012 net.cpp:382] conv3_4 -> conv3_4
I0923 17:58:25.327821 2175012 net.cpp:124] Setting up conv3_4
I0923 17:58:25.327826 2175012 net.cpp:131] Top shape: 1 256 1 1 (256)
I0923 17:58:25.327828 2175012 net.cpp:139] Memory required for data: 11020
I0923 17:58:25.327831 2175012 layer_factory.hpp:77] Creating layer conv3_4_re
I0923 17:58:25.327833 2175012 net.cpp:86] Creating Layer conv3_4_re
I0923 17:58:25.327834 2175012 net.cpp:408] conv3_4_re <- conv3_4
I0923 17:58:25.327836 2175012 net.cpp:369] conv3_4_re -> conv3_4 (in-place)
I0923 17:58:25.330247 2175012 net.cpp:124] Setting up conv3_4_re
I0923 17:58:25.330250 2175012 net.cpp:131] Top shape: 1 256 1 1 (256)
I0923 17:58:25.330251 2175012 net.cpp:139] Memory required for data: 12044
I0923 17:58:25.330252 2175012 layer_factory.hpp:77] Creating layer pool3
I0923 17:58:25.330255 2175012 net.cpp:86] Creating Layer pool3
I0923 17:58:25.330256 2175012 net.cpp:408] pool3 <- conv3_4
I0923 17:58:25.330258 2175012 net.cpp:382] pool3 -> pool3
I0923 17:58:25.330267 2175012 net.cpp:124] Setting up pool3
I0923 17:58:25.330268 2175012 net.cpp:131] Top shape: 1 256 1 1 (256)
I0923 17:58:25.330269 2175012 net.cpp:139] Memory required for data: 13068
I0923 17:58:25.330271 2175012 layer_factory.hpp:77] Creating layer conv4_1
I0923 17:58:25.330273 2175012 net.cpp:86] Creating Layer conv4_1
I0923 17:58:25.330274 2175012 net.cpp:408] conv4_1 <- pool3
I0923 17:58:25.330276 2175012 net.cpp:382] conv4_1 -> conv4_1
I0923 17:58:25.343168 2175012 net.cpp:124] Setting up conv4_1
I0923 17:58:25.343173 2175012 net.cpp:131] Top shape: 1 512 1 1 (512)
I0923 17:58:25.343175 2175012 net.cpp:139] Memory required for data: 15116
I0923 17:58:25.343178 2175012 layer_factory.hpp:77] Creating layer conv4_1_re
I0923 17:58:25.343180 2175012 net.cpp:86] Creating Layer conv4_1_re
I0923 17:58:25.343182 2175012 net.cpp:408] conv4_1_re <- conv4_1
I0923 17:58:25.343184 2175012 net.cpp:369] conv4_1_re -> conv4_1 (in-place)
I0923 17:58:25.345633 2175012 net.cpp:124] Setting up conv4_1_re
I0923 17:58:25.345636 2175012 net.cpp:131] Top shape: 1 512 1 1 (512)
I0923 17:58:25.345638 2175012 net.cpp:139] Memory required for data: 17164
I0923 17:58:25.345639 2175012 layer_factory.hpp:77] Creating layer conv4_2
I0923 17:58:25.345642 2175012 net.cpp:86] Creating Layer conv4_2
I0923 17:58:25.345644 2175012 net.cpp:408] conv4_2 <- conv4_1
I0923 17:58:25.345646 2175012 net.cpp:382] conv4_2 -> conv4_2
I0923 17:58:25.364255 2175012 net.cpp:124] Setting up conv4_2
I0923 17:58:25.364260 2175012 net.cpp:131] Top shape: 1 512 1 1 (512)
I0923 17:58:25.364262 2175012 net.cpp:139] Memory required for data: 19212
I0923 17:58:25.364264 2175012 layer_factory.hpp:77] Creating layer conv4_2_re
I0923 17:58:25.364267 2175012 net.cpp:86] Creating Layer conv4_2_re
I0923 17:58:25.364269 2175012 net.cpp:408] conv4_2_re <- conv4_2
I0923 17:58:25.364270 2175012 net.cpp:369] conv4_2_re -> conv4_2 (in-place)
I0923 17:58:25.367735 2175012 net.cpp:124] Setting up conv4_2_re
I0923 17:58:25.367738 2175012 net.cpp:131] Top shape: 1 512 1 1 (512)
I0923 17:58:25.367740 2175012 net.cpp:139] Memory required for data: 21260
I0923 17:58:25.367741 2175012 layer_factory.hpp:77] Creating layer conv4_3
I0923 17:58:25.367745 2175012 net.cpp:86] Creating Layer conv4_3
I0923 17:58:25.367746 2175012 net.cpp:408] conv4_3 <- conv4_2
I0923 17:58:25.367748 2175012 net.cpp:382] conv4_3 -> conv4_3
I0923 17:58:25.387379 2175012 net.cpp:124] Setting up conv4_3
I0923 17:58:25.387383 2175012 net.cpp:131] Top shape: 1 512 1 1 (512)
I0923 17:58:25.387385 2175012 net.cpp:139] Memory required for data: 23308
I0923 17:58:25.387388 2175012 layer_factory.hpp:77] Creating layer conv4_3_re
I0923 17:58:25.387390 2175012 net.cpp:86] Creating Layer conv4_3_re
I0923 17:58:25.387392 2175012 net.cpp:408] conv4_3_re <- conv4_3
I0923 17:58:25.387394 2175012 net.cpp:369] conv4_3_re -> conv4_3 (in-place)
I0923 17:58:25.389904 2175012 net.cpp:124] Setting up conv4_3_re
I0923 17:58:25.389907 2175012 net.cpp:131] Top shape: 1 512 1 1 (512)
I0923 17:58:25.389909 2175012 net.cpp:139] Memory required for data: 25356
I0923 17:58:25.389909 2175012 layer_factory.hpp:77] Creating layer conv4_4
I0923 17:58:25.389914 2175012 net.cpp:86] Creating Layer conv4_4
I0923 17:58:25.389914 2175012 net.cpp:408] conv4_4 <- conv4_3
I0923 17:58:25.389916 2175012 net.cpp:382] conv4_4 -> conv4_4
I0923 17:58:25.412784 2175012 net.cpp:124] Setting up conv4_4
I0923 17:58:25.412791 2175012 net.cpp:131] Top shape: 1 512 1 1 (512)
I0923 17:58:25.412792 2175012 net.cpp:139] Memory required for data: 27404
I0923 17:58:25.412796 2175012 layer_factory.hpp:77] Creating layer conv4_4_re
I0923 17:58:25.412798 2175012 net.cpp:86] Creating Layer conv4_4_re
I0923 17:58:25.412799 2175012 net.cpp:408] conv4_4_re <- conv4_4
I0923 17:58:25.412801 2175012 net.cpp:369] conv4_4_re -> conv4_4 (in-place)
I0923 17:58:25.415313 2175012 net.cpp:124] Setting up conv4_4_re
I0923 17:58:25.415316 2175012 net.cpp:131] Top shape: 1 512 1 1 (512)
I0923 17:58:25.415318 2175012 net.cpp:139] Memory required for data: 29452
I0923 17:58:25.415319 2175012 layer_factory.hpp:77] Creating layer conv5_1
I0923 17:58:25.415323 2175012 net.cpp:86] Creating Layer conv5_1
I0923 17:58:25.415324 2175012 net.cpp:408] conv5_1 <- conv4_4
I0923 17:58:25.415326 2175012 net.cpp:382] conv5_1 -> conv5_1
I0923 17:58:25.435654 2175012 net.cpp:124] Setting up conv5_1
I0923 17:58:25.435667 2175012 net.cpp:131] Top shape: 1 512 1 1 (512)
I0923 17:58:25.435671 2175012 net.cpp:139] Memory required for data: 31500
I0923 17:58:25.435675 2175012 layer_factory.hpp:77] Creating layer conv5_1_re
I0923 17:58:25.435680 2175012 net.cpp:86] Creating Layer conv5_1_re
I0923 17:58:25.435683 2175012 net.cpp:408] conv5_1_re <- conv5_1
I0923 17:58:25.435685 2175012 net.cpp:369] conv5_1_re -> conv5_1 (in-place)
I0923 17:58:25.438187 2175012 net.cpp:124] Setting up conv5_1_re
I0923 17:58:25.438190 2175012 net.cpp:131] Top shape: 1 512 1 1 (512)
I0923 17:58:25.438192 2175012 net.cpp:139] Memory required for data: 33548
I0923 17:58:25.438194 2175012 layer_factory.hpp:77] Creating layer conv5_2
I0923 17:58:25.438200 2175012 net.cpp:86] Creating Layer conv5_2
I0923 17:58:25.438201 2175012 net.cpp:408] conv5_2 <- conv5_1
I0923 17:58:25.438203 2175012 net.cpp:382] conv5_2 -> conv5_2
I0923 17:58:25.456957 2175012 net.cpp:124] Setting up conv5_2
I0923 17:58:25.456962 2175012 net.cpp:131] Top shape: 1 512 1 1 (512)
I0923 17:58:25.456965 2175012 net.cpp:139] Memory required for data: 35596
I0923 17:58:25.456967 2175012 layer_factory.hpp:77] Creating layer conv5_2_re
I0923 17:58:25.456970 2175012 net.cpp:86] Creating Layer conv5_2_re
I0923 17:58:25.456972 2175012 net.cpp:408] conv5_2_re <- conv5_2
I0923 17:58:25.456974 2175012 net.cpp:369] conv5_2_re -> conv5_2 (in-place)
I0923 17:58:25.459389 2175012 net.cpp:124] Setting up conv5_2_re
I0923 17:58:25.459393 2175012 net.cpp:131] Top shape: 1 512 1 1 (512)
I0923 17:58:25.459394 2175012 net.cpp:139] Memory required for data: 37644
I0923 17:58:25.459395 2175012 layer_factory.hpp:77] Creating layer conv5_3_CPM
I0923 17:58:25.459400 2175012 net.cpp:86] Creating Layer conv5_3_CPM
I0923 17:58:25.459403 2175012 net.cpp:408] conv5_3_CPM <- conv5_2
I0923 17:58:25.459404 2175012 net.cpp:382] conv5_3_CPM -> conv5_3_CPM
I0923 17:58:25.471184 2175012 net.cpp:124] Setting up conv5_3_CPM
I0923 17:58:25.471189 2175012 net.cpp:131] Top shape: 1 128 1 1 (128)
I0923 17:58:25.471191 2175012 net.cpp:139] Memory required for data: 38156
I0923 17:58:25.471194 2175012 layer_factory.hpp:77] Creating layer conv5_3_CPM_re
I0923 17:58:25.471196 2175012 net.cpp:86] Creating Layer conv5_3_CPM_re
I0923 17:58:25.471199 2175012 net.cpp:408] conv5_3_CPM_re <- conv5_3_CPM
I0923 17:58:25.471199 2175012 net.cpp:369] conv5_3_CPM_re -> conv5_3_CPM (in-place)
I0923 17:58:25.473668 2175012 net.cpp:124] Setting up conv5_3_CPM_re
I0923 17:58:25.473671 2175012 net.cpp:131] Top shape: 1 128 1 1 (128)
I0923 17:58:25.473673 2175012 net.cpp:139] Memory required for data: 38668
I0923 17:58:25.473675 2175012 layer_factory.hpp:77] Creating layer conv5_3_CPM_conv5_3_CPM_re_0_split
I0923 17:58:25.473677 2175012 net.cpp:86] Creating Layer conv5_3_CPM_conv5_3_CPM_re_0_split
I0923 17:58:25.473678 2175012 net.cpp:408] conv5_3_CPM_conv5_3_CPM_re_0_split <- conv5_3_CPM
I0923 17:58:25.473680 2175012 net.cpp:382] conv5_3_CPM_conv5_3_CPM_re_0_split -> conv5_3_CPM_conv5_3_CPM_re_0_split_0
I0923 17:58:25.473682 2175012 net.cpp:382] conv5_3_CPM_conv5_3_CPM_re_0_split -> conv5_3_CPM_conv5_3_CPM_re_0_split_1
I0923 17:58:25.473685 2175012 net.cpp:382] conv5_3_CPM_conv5_3_CPM_re_0_split -> conv5_3_CPM_conv5_3_CPM_re_0_split_2
I0923 17:58:25.473686 2175012 net.cpp:382] conv5_3_CPM_conv5_3_CPM_re_0_split -> conv5_3_CPM_conv5_3_CPM_re_0_split_3
I0923 17:58:25.473688 2175012 net.cpp:382] conv5_3_CPM_conv5_3_CPM_re_0_split -> conv5_3_CPM_conv5_3_CPM_re_0_split_4
I0923 17:58:25.473692 2175012 net.cpp:382] conv5_3_CPM_conv5_3_CPM_re_0_split -> conv5_3_CPM_conv5_3_CPM_re_0_split_5
I0923 17:58:25.473714 2175012 net.cpp:124] Setting up conv5_3_CPM_conv5_3_CPM_re_0_split
I0923 17:58:25.473716 2175012 net.cpp:131] Top shape: 1 128 1 1 (128)
I0923 17:58:25.473716 2175012 net.cpp:131] Top shape: 1 128 1 1 (128)
I0923 17:58:25.473718 2175012 net.cpp:131] Top shape: 1 128 1 1 (128)
I0923 17:58:25.473719 2175012 net.cpp:131] Top shape: 1 128 1 1 (128)
I0923 17:58:25.473721 2175012 net.cpp:131] Top shape: 1 128 1 1 (128)
I0923 17:58:25.473721 2175012 net.cpp:131] Top shape: 1 128 1 1 (128)
I0923 17:58:25.473722 2175012 net.cpp:139] Memory required for data: 41740
I0923 17:58:25.473723 2175012 layer_factory.hpp:77] Creating layer conv6_1_CPM
I0923 17:58:25.473727 2175012 net.cpp:86] Creating Layer conv6_1_CPM
I0923 17:58:25.473728 2175012 net.cpp:408] conv6_1_CPM <- conv5_3_CPM_conv5_3_CPM_re_0_split_0
I0923 17:58:25.473730 2175012 net.cpp:382] conv6_1_CPM -> conv6_1_CPM
I0923 17:58:25.483651 2175012 net.cpp:124] Setting up conv6_1_CPM
I0923 17:58:25.483656 2175012 net.cpp:131] Top shape: 1 512 1 1 (512)
I0923 17:58:25.483659 2175012 net.cpp:139] Memory required for data: 43788
I0923 17:58:25.483660 2175012 layer_factory.hpp:77] Creating layer conv6_1_CPM_re
I0923 17:58:25.483664 2175012 net.cpp:86] Creating Layer conv6_1_CPM_re
I0923 17:58:25.483665 2175012 net.cpp:408] conv6_1_CPM_re <- conv6_1_CPM
I0923 17:58:25.483667 2175012 net.cpp:369] conv6_1_CPM_re -> conv6_1_CPM (in-place)
I0923 17:58:25.487284 2175012 net.cpp:124] Setting up conv6_1_CPM_re
I0923 17:58:25.487288 2175012 net.cpp:131] Top shape: 1 512 1 1 (512)
I0923 17:58:25.487289 2175012 net.cpp:139] Memory required for data: 45836
I0923 17:58:25.487291 2175012 layer_factory.hpp:77] Creating layer conv6_2_CPM
I0923 17:58:25.487295 2175012 net.cpp:86] Creating Layer conv6_2_CPM
I0923 17:58:25.487296 2175012 net.cpp:408] conv6_2_CPM <- conv6_1_CPM
I0923 17:58:25.487298 2175012 net.cpp:382] conv6_2_CPM -> conv6_2_CPM
I0923 17:58:25.495311 2175012 net.cpp:124] Setting up conv6_2_CPM
I0923 17:58:25.495316 2175012 net.cpp:131] Top shape: 1 71 1 1 (71)
I0923 17:58:25.495318 2175012 net.cpp:139] Memory required for data: 46120
I0923 17:58:25.495322 2175012 layer_factory.hpp:77] Creating layer features_in_stage_2
I0923 17:58:25.495325 2175012 net.cpp:86] Creating Layer features_in_stage_2
I0923 17:58:25.495327 2175012 net.cpp:408] features_in_stage_2 <- conv6_2_CPM
I0923 17:58:25.495328 2175012 net.cpp:408] features_in_stage_2 <- conv5_3_CPM_conv5_3_CPM_re_0_split_1
I0923 17:58:25.495330 2175012 net.cpp:382] features_in_stage_2 -> features_in_stage_2
I0923 17:58:25.495338 2175012 net.cpp:124] Setting up features_in_stage_2
I0923 17:58:25.495339 2175012 net.cpp:131] Top shape: 1 199 1 1 (199)
I0923 17:58:25.495342 2175012 net.cpp:139] Memory required for data: 46916
I0923 17:58:25.495342 2175012 layer_factory.hpp:77] Creating layer Mconv1_stage2
I0923 17:58:25.495347 2175012 net.cpp:86] Creating Layer Mconv1_stage2
I0923 17:58:25.495347 2175012 net.cpp:408] Mconv1_stage2 <- features_in_stage_2
I0923 17:58:25.495349 2175012 net.cpp:382] Mconv1_stage2 -> Mconv1_stage2
I0923 17:58:25.513535 2175012 net.cpp:124] Setting up Mconv1_stage2
I0923 17:58:25.513538 2175012 net.cpp:131] Top shape: 1 128 1 1 (128)
I0923 17:58:25.513540 2175012 net.cpp:139] Memory required for data: 47428
I0923 17:58:25.513543 2175012 layer_factory.hpp:77] Creating layer Mconv1_stage2_re
I0923 17:58:25.513546 2175012 net.cpp:86] Creating Layer Mconv1_stage2_re
I0923 17:58:25.513547 2175012 net.cpp:408] Mconv1_stage2_re <- Mconv1_stage2
I0923 17:58:25.513549 2175012 net.cpp:369] Mconv1_stage2_re -> Mconv1_stage2 (in-place)
I0923 17:58:25.516076 2175012 net.cpp:124] Setting up Mconv1_stage2_re
I0923 17:58:25.516079 2175012 net.cpp:131] Top shape: 1 128 1 1 (128)
I0923 17:58:25.516081 2175012 net.cpp:139] Memory required for data: 47940
I0923 17:58:25.516083 2175012 layer_factory.hpp:77] Creating layer Mconv2_stage2
I0923 17:58:25.516086 2175012 net.cpp:86] Creating Layer Mconv2_stage2
I0923 17:58:25.516088 2175012 net.cpp:408] Mconv2_stage2 <- Mconv1_stage2
I0923 17:58:25.516089 2175012 net.cpp:382] Mconv2_stage2 -> Mconv2_stage2
I0923 17:58:25.527805 2175012 net.cpp:124] Setting up Mconv2_stage2
I0923 17:58:25.527810 2175012 net.cpp:131] Top shape: 1 128 1 1 (128)
I0923 17:58:25.527812 2175012 net.cpp:139] Memory required for data: 48452
I0923 17:58:25.527814 2175012 layer_factory.hpp:77] Creating layer Mconv2_stage2_re
I0923 17:58:25.527817 2175012 net.cpp:86] Creating Layer Mconv2_stage2_re
I0923 17:58:25.527818 2175012 net.cpp:408] Mconv2_stage2_re <- Mconv2_stage2
I0923 17:58:25.527820 2175012 net.cpp:369] Mconv2_stage2_re -> Mconv2_stage2 (in-place)
I0923 17:58:25.530211 2175012 net.cpp:124] Setting up Mconv2_stage2_re
I0923 17:58:25.530215 2175012 net.cpp:131] Top shape: 1 128 1 1 (128)
I0923 17:58:25.530216 2175012 net.cpp:139] Memory required for data: 48964
I0923 17:58:25.530217 2175012 layer_factory.hpp:77] Creating layer Mconv3_stage2
I0923 17:58:25.530223 2175012 net.cpp:86] Creating Layer Mconv3_stage2
I0923 17:58:25.530225 2175012 net.cpp:408] Mconv3_stage2 <- Mconv2_stage2
I0923 17:58:25.530227 2175012 net.cpp:382] Mconv3_stage2 -> Mconv3_stage2
I0923 17:58:25.541968 2175012 net.cpp:124] Setting up Mconv3_stage2
I0923 17:58:25.541973 2175012 net.cpp:131] Top shape: 1 128 1 1 (128)
I0923 17:58:25.541975 2175012 net.cpp:139] Memory required for data: 49476
I0923 17:58:25.541977 2175012 layer_factory.hpp:77] Creating layer Mconv3_stage2_re
I0923 17:58:25.541980 2175012 net.cpp:86] Creating Layer Mconv3_stage2_re
I0923 17:58:25.541982 2175012 net.cpp:408] Mconv3_stage2_re <- Mconv3_stage2
I0923 17:58:25.541985 2175012 net.cpp:369] Mconv3_stage2_re -> Mconv3_stage2 (in-place)
I0923 17:58:25.544354 2175012 net.cpp:124] Setting up Mconv3_stage2_re
I0923 17:58:25.544358 2175012 net.cpp:131] Top shape: 1 128 1 1 (128)
I0923 17:58:25.544359 2175012 net.cpp:139] Memory required for data: 49988
I0923 17:58:25.544360 2175012 layer_factory.hpp:77] Creating layer Mconv4_stage2
I0923 17:58:25.544364 2175012 net.cpp:86] Creating Layer Mconv4_stage2
I0923 17:58:25.544365 2175012 net.cpp:408] Mconv4_stage2 <- Mconv3_stage2
I0923 17:58:25.544368 2175012 net.cpp:382] Mconv4_stage2 -> Mconv4_stage2
I0923 17:58:25.555900 2175012 net.cpp:124] Setting up Mconv4_stage2
I0923 17:58:25.555904 2175012 net.cpp:131] Top shape: 1 128 1 1 (128)
I0923 17:58:25.555907 2175012 net.cpp:139] Memory required for data: 50500
I0923 17:58:25.555908 2175012 layer_factory.hpp:77] Creating layer Mconv4_stage2_re
I0923 17:58:25.555912 2175012 net.cpp:86] Creating Layer Mconv4_stage2_re
I0923 17:58:25.555912 2175012 net.cpp:408] Mconv4_stage2_re <- Mconv4_stage2
I0923 17:58:25.555914 2175012 net.cpp:369] Mconv4_stage2_re -> Mconv4_stage2 (in-place)
I0923 17:58:25.558320 2175012 net.cpp:124] Setting up Mconv4_stage2_re
I0923 17:58:25.558323 2175012 net.cpp:131] Top shape: 1 128 1 1 (128)
I0923 17:58:25.558326 2175012 net.cpp:139] Memory required for data: 51012
I0923 17:58:25.558326 2175012 layer_factory.hpp:77] Creating layer Mconv5_stage2
I0923 17:58:25.558329 2175012 net.cpp:86] Creating Layer Mconv5_stage2
I0923 17:58:25.558331 2175012 net.cpp:408] Mconv5_stage2 <- Mconv4_stage2
I0923 17:58:25.558332 2175012 net.cpp:382] Mconv5_stage2 -> Mconv5_stage2
I0923 17:58:25.575384 2175012 net.cpp:124] Setting up Mconv5_stage2
I0923 17:58:25.575389 2175012 net.cpp:131] Top shape: 1 128 1 1 (128)
I0923 17:58:25.575392 2175012 net.cpp:139] Memory required for data: 51524
I0923 17:58:25.575393 2175012 layer_factory.hpp:77] Creating layer Mconv5_stage2_re
I0923 17:58:25.575397 2175012 net.cpp:86] Creating Layer Mconv5_stage2_re
I0923 17:58:25.575397 2175012 net.cpp:408] Mconv5_stage2_re <- Mconv5_stage2
I0923 17:58:25.575400 2175012 net.cpp:369] Mconv5_stage2_re -> Mconv5_stage2 (in-place)
I0923 17:58:25.577809 2175012 net.cpp:124] Setting up Mconv5_stage2_re
I0923 17:58:25.577812 2175012 net.cpp:131] Top shape: 1 128 1 1 (128)
I0923 17:58:25.577814 2175012 net.cpp:139] Memory required for data: 52036
I0923 17:58:25.577816 2175012 layer_factory.hpp:77] Creating layer Mconv6_stage2
I0923 17:58:25.577818 2175012 net.cpp:86] Creating Layer Mconv6_stage2
I0923 17:58:25.577819 2175012 net.cpp:408] Mconv6_stage2 <- Mconv5_stage2
I0923 17:58:25.577821 2175012 net.cpp:382] Mconv6_stage2 -> Mconv6_stage2
I0923 17:58:25.585508 2175012 net.cpp:124] Setting up Mconv6_stage2
I0923 17:58:25.585513 2175012 net.cpp:131] Top shape: 1 128 1 1 (128)
I0923 17:58:25.585515 2175012 net.cpp:139] Memory required for data: 52548
I0923 17:58:25.585517 2175012 layer_factory.hpp:77] Creating layer Mconv6_stage2_re
I0923 17:58:25.585520 2175012 net.cpp:86] Creating Layer Mconv6_stage2_re
I0923 17:58:25.585521 2175012 net.cpp:408] Mconv6_stage2_re <- Mconv6_stage2
I0923 17:58:25.585522 2175012 net.cpp:369] Mconv6_stage2_re -> Mconv6_stage2 (in-place)
I0923 17:58:25.589134 2175012 net.cpp:124] Setting up Mconv6_stage2_re
I0923 17:58:25.589138 2175012 net.cpp:131] Top shape: 1 128 1 1 (128)
I0923 17:58:25.589140 2175012 net.cpp:139] Memory required for data: 53060
I0923 17:58:25.589141 2175012 layer_factory.hpp:77] Creating layer Mconv7_stage2
I0923 17:58:25.589144 2175012 net.cpp:86] Creating Layer Mconv7_stage2
I0923 17:58:25.589146 2175012 net.cpp:408] Mconv7_stage2 <- Mconv6_stage2
I0923 17:58:25.589148 2175012 net.cpp:382] Mconv7_stage2 -> Mconv7_stage2
I0923 17:58:25.596472 2175012 net.cpp:124] Setting up Mconv7_stage2
I0923 17:58:25.596477 2175012 net.cpp:131] Top shape: 1 71 1 1 (71)
I0923 17:58:25.596478 2175012 net.cpp:139] Memory required for data: 53344
I0923 17:58:25.596480 2175012 layer_factory.hpp:77] Creating layer features_in_stage_3
I0923 17:58:25.596483 2175012 net.cpp:86] Creating Layer features_in_stage_3
I0923 17:58:25.596485 2175012 net.cpp:408] features_in_stage_3 <- Mconv7_stage2
I0923 17:58:25.596486 2175012 net.cpp:408] features_in_stage_3 <- conv5_3_CPM_conv5_3_CPM_re_0_split_2
I0923 17:58:25.596488 2175012 net.cpp:382] features_in_stage_3 -> features_in_stage_3
I0923 17:58:25.596496 2175012 net.cpp:124] Setting up features_in_stage_3
I0923 17:58:25.596498 2175012 net.cpp:131] Top shape: 1 199 1 1 (199)
I0923 17:58:25.596498 2175012 net.cpp:139] Memory required for data: 54140
I0923 17:58:25.596499 2175012 layer_factory.hpp:77] Creating layer Mconv1_stage3
I0923 17:58:25.596503 2175012 net.cpp:86] Creating Layer Mconv1_stage3
I0923 17:58:25.596503 2175012 net.cpp:408] Mconv1_stage3 <- features_in_stage_3
I0923 17:58:25.596505 2175012 net.cpp:382] Mconv1_stage3 -> Mconv1_stage3
I0923 17:58:25.614174 2175012 net.cpp:124] Setting up Mconv1_stage3
I0923 17:58:25.614179 2175012 net.cpp:131] Top shape: 1 128 1 1 (128)
I0923 17:58:25.614181 2175012 net.cpp:139] Memory required for data: 54652
I0923 17:58:25.614183 2175012 layer_factory.hpp:77] Creating layer Mconv1_stage3_re
I0923 17:58:25.614187 2175012 net.cpp:86] Creating Layer Mconv1_stage3_re
I0923 17:58:25.614188 2175012 net.cpp:408] Mconv1_stage3_re <- Mconv1_stage3
I0923 17:58:25.614190 2175012 net.cpp:369] Mconv1_stage3_re -> Mconv1_stage3 (in-place)
I0923 17:58:25.616564 2175012 net.cpp:124] Setting up Mconv1_stage3_re
I0923 17:58:25.616565 2175012 net.cpp:131] Top shape: 1 128 1 1 (128)
I0923 17:58:25.616567 2175012 net.cpp:139] Memory required for data: 55164
I0923 17:58:25.616568 2175012 layer_factory.hpp:77] Creating layer Mconv2_stage3
I0923 17:58:25.616571 2175012 net.cpp:86] Creating Layer Mconv2_stage3
I0923 17:58:25.616572 2175012 net.cpp:408] Mconv2_stage3 <- Mconv1_stage3
I0923 17:58:25.616575 2175012 net.cpp:382] Mconv2_stage3 -> Mconv2_stage3
I0923 17:58:25.628631 2175012 net.cpp:124] Setting up Mconv2_stage3
I0923 17:58:25.628636 2175012 net.cpp:131] Top shape: 1 128 1 1 (128)
I0923 17:58:25.628638 2175012 net.cpp:139] Memory required for data: 55676
I0923 17:58:25.628640 2175012 layer_factory.hpp:77] Creating layer Mconv2_stage3_re
I0923 17:58:25.628643 2175012 net.cpp:86] Creating Layer Mconv2_stage3_re
I0923 17:58:25.628644 2175012 net.cpp:408] Mconv2_stage3_re <- Mconv2_stage3
I0923 17:58:25.628646 2175012 net.cpp:369] Mconv2_stage3_re -> Mconv2_stage3 (in-place)
I0923 17:58:25.631038 2175012 net.cpp:124] Setting up Mconv2_stage3_re
I0923 17:58:25.631042 2175012 net.cpp:131] Top shape: 1 128 1 1 (128)
I0923 17:58:25.631044 2175012 net.cpp:139] Memory required for data: 56188
I0923 17:58:25.631047 2175012 layer_factory.hpp:77] Creating layer Mconv3_stage3
I0923 17:58:25.631049 2175012 net.cpp:86] Creating Layer Mconv3_stage3
I0923 17:58:25.631052 2175012 net.cpp:408] Mconv3_stage3 <- Mconv2_stage3
I0923 17:58:25.631053 2175012 net.cpp:382] Mconv3_stage3 -> Mconv3_stage3
I0923 17:58:25.642441 2175012 net.cpp:124] Setting up Mconv3_stage3
I0923 17:58:25.642445 2175012 net.cpp:131] Top shape: 1 128 1 1 (128)
I0923 17:58:25.642447 2175012 net.cpp:139] Memory required for data: 56700
I0923 17:58:25.642449 2175012 layer_factory.hpp:77] Creating layer Mconv3_stage3_re
I0923 17:58:25.642452 2175012 net.cpp:86] Creating Layer Mconv3_stage3_re
I0923 17:58:25.642453 2175012 net.cpp:408] Mconv3_stage3_re <- Mconv3_stage3
I0923 17:58:25.642455 2175012 net.cpp:369] Mconv3_stage3_re -> Mconv3_stage3 (in-place)
I0923 17:58:25.644920 2175012 net.cpp:124] Setting up Mconv3_stage3_re
I0923 17:58:25.644923 2175012 net.cpp:131] Top shape: 1 128 1 1 (128)
I0923 17:58:25.644925 2175012 net.cpp:139] Memory required for data: 57212
I0923 17:58:25.644927 2175012 layer_factory.hpp:77] Creating layer Mconv4_stage3
I0923 17:58:25.644929 2175012 net.cpp:86] Creating Layer Mconv4_stage3
I0923 17:58:25.644930 2175012 net.cpp:408] Mconv4_stage3 <- Mconv3_stage3
I0923 17:58:25.644932 2175012 net.cpp:382] Mconv4_stage3 -> Mconv4_stage3
I0923 17:58:25.656366 2175012 net.cpp:124] Setting up Mconv4_stage3
I0923 17:58:25.656371 2175012 net.cpp:131] Top shape: 1 128 1 1 (128)
I0923 17:58:25.656373 2175012 net.cpp:139] Memory required for data: 57724
I0923 17:58:25.656375 2175012 layer_factory.hpp:77] Creating layer Mconv4_stage3_re
I0923 17:58:25.656378 2175012 net.cpp:86] Creating Layer Mconv4_stage3_re
I0923 17:58:25.656379 2175012 net.cpp:408] Mconv4_stage3_re <- Mconv4_stage3
I0923 17:58:25.656381 2175012 net.cpp:369] Mconv4_stage3_re -> Mconv4_stage3 (in-place)
I0923 17:58:25.659013 2175012 net.cpp:124] Setting up Mconv4_stage3_re
I0923 17:58:25.659015 2175012 net.cpp:131] Top shape: 1 128 1 1 (128)
I0923 17:58:25.659017 2175012 net.cpp:139] Memory required for data: 58236
I0923 17:58:25.659018 2175012 layer_factory.hpp:77] Creating layer Mconv5_stage3
I0923 17:58:25.659021 2175012 net.cpp:86] Creating Layer Mconv5_stage3
I0923 17:58:25.659024 2175012 net.cpp:408] Mconv5_stage3 <- Mconv4_stage3
I0923 17:58:25.659025 2175012 net.cpp:382] Mconv5_stage3 -> Mconv5_stage3
I0923 17:58:25.670711 2175012 net.cpp:124] Setting up Mconv5_stage3
I0923 17:58:25.670717 2175012 net.cpp:131] Top shape: 1 128 1 1 (128)
I0923 17:58:25.670718 2175012 net.cpp:139] Memory required for data: 58748
I0923 17:58:25.670720 2175012 layer_factory.hpp:77] Creating layer Mconv5_stage3_re
I0923 17:58:25.670723 2175012 net.cpp:86] Creating Layer Mconv5_stage3_re
I0923 17:58:25.670725 2175012 net.cpp:408] Mconv5_stage3_re <- Mconv5_stage3
I0923 17:58:25.670727 2175012 net.cpp:369] Mconv5_stage3_re -> Mconv5_stage3 (in-place)
I0923 17:58:25.673576 2175012 net.cpp:124] Setting up Mconv5_stage3_re
I0923 17:58:25.673580 2175012 net.cpp:131] Top shape: 1 128 1 1 (128)
I0923 17:58:25.673581 2175012 net.cpp:139] Memory required for data: 59260
I0923 17:58:25.673583 2175012 layer_factory.hpp:77] Creating layer Mconv6_stage3
I0923 17:58:25.673586 2175012 net.cpp:86] Creating Layer Mconv6_stage3
I0923 17:58:25.673588 2175012 net.cpp:408] Mconv6_stage3 <- Mconv5_stage3
I0923 17:58:25.673589 2175012 net.cpp:382] Mconv6_stage3 -> Mconv6_stage3
I0923 17:58:25.680979 2175012 net.cpp:124] Setting up Mconv6_stage3
I0923 17:58:25.680984 2175012 net.cpp:131] Top shape: 1 128 1 1 (128)
I0923 17:58:25.680985 2175012 net.cpp:139] Memory required for data: 59772
I0923 17:58:25.680987 2175012 layer_factory.hpp:77] Creating layer Mconv6_stage3_re
I0923 17:58:25.680992 2175012 net.cpp:86] Creating Layer Mconv6_stage3_re
I0923 17:58:25.680994 2175012 net.cpp:408] Mconv6_stage3_re <- Mconv6_stage3
I0923 17:58:25.680995 2175012 net.cpp:369] Mconv6_stage3_re -> Mconv6_stage3 (in-place)
I0923 17:58:25.684129 2175012 net.cpp:124] Setting up Mconv6_stage3_re
I0923 17:58:25.684134 2175012 net.cpp:131] Top shape: 1 128 1 1 (128)
I0923 17:58:25.684135 2175012 net.cpp:139] Memory required for data: 60284
I0923 17:58:25.684136 2175012 layer_factory.hpp:77] Creating layer Mconv7_stage3
I0923 17:58:25.684140 2175012 net.cpp:86] Creating Layer Mconv7_stage3
I0923 17:58:25.684142 2175012 net.cpp:408] Mconv7_stage3 <- Mconv6_stage3
I0923 17:58:25.684144 2175012 net.cpp:382] Mconv7_stage3 -> Mconv7_stage3
I0923 17:58:25.692685 2175012 net.cpp:124] Setting up Mconv7_stage3
I0923 17:58:25.692690 2175012 net.cpp:131] Top shape: 1 71 1 1 (71)
I0923 17:58:25.692691 2175012 net.cpp:139] Memory required for data: 60568
I0923 17:58:25.692693 2175012 layer_factory.hpp:77] Creating layer features_in_stage_4
I0923 17:58:25.692696 2175012 net.cpp:86] Creating Layer features_in_stage_4
I0923 17:58:25.692698 2175012 net.cpp:408] features_in_stage_4 <- Mconv7_stage3
I0923 17:58:25.692700 2175012 net.cpp:408] features_in_stage_4 <- conv5_3_CPM_conv5_3_CPM_re_0_split_3
I0923 17:58:25.692703 2175012 net.cpp:382] features_in_stage_4 -> features_in_stage_4
I0923 17:58:25.692710 2175012 net.cpp:124] Setting up features_in_stage_4
I0923 17:58:25.692713 2175012 net.cpp:131] Top shape: 1 199 1 1 (199)
I0923 17:58:25.692713 2175012 net.cpp:139] Memory required for data: 61364
I0923 17:58:25.692714 2175012 layer_factory.hpp:77] Creating layer Mconv1_stage4
I0923 17:58:25.692718 2175012 net.cpp:86] Creating Layer Mconv1_stage4
I0923 17:58:25.692718 2175012 net.cpp:408] Mconv1_stage4 <- features_in_stage_4
I0923 17:58:25.692720 2175012 net.cpp:382] Mconv1_stage4 -> Mconv1_stage4
I0923 17:58:25.706100 2175012 net.cpp:124] Setting up Mconv1_stage4
I0923 17:58:25.706105 2175012 net.cpp:131] Top shape: 1 128 1 1 (128)
I0923 17:58:25.706107 2175012 net.cpp:139] Memory required for data: 61876
I0923 17:58:25.706110 2175012 layer_factory.hpp:77] Creating layer Mconv1_stage4_re
I0923 17:58:25.706112 2175012 net.cpp:86] Creating Layer Mconv1_stage4_re
I0923 17:58:25.706113 2175012 net.cpp:408] Mconv1_stage4_re <- Mconv1_stage4
I0923 17:58:25.706115 2175012 net.cpp:369] Mconv1_stage4_re -> Mconv1_stage4 (in-place)
I0923 17:58:25.712604 2175012 net.cpp:124] Setting up Mconv1_stage4_re
I0923 17:58:25.712608 2175012 net.cpp:131] Top shape: 1 128 1 1 (128)
I0923 17:58:25.712610 2175012 net.cpp:139] Memory required for data: 62388
I0923 17:58:25.712610 2175012 layer_factory.hpp:77] Creating layer Mconv2_stage4
I0923 17:58:25.712615 2175012 net.cpp:86] Creating Layer Mconv2_stage4
I0923 17:58:25.712615 2175012 net.cpp:408] Mconv2_stage4 <- Mconv1_stage4
I0923 17:58:25.712617 2175012 net.cpp:382] Mconv2_stage4 -> Mconv2_stage4
I0923 17:58:25.724110 2175012 net.cpp:124] Setting up Mconv2_stage4
I0923 17:58:25.724115 2175012 net.cpp:131] Top shape: 1 128 1 1 (128)
I0923 17:58:25.724117 2175012 net.cpp:139] Memory required for data: 62900
I0923 17:58:25.724123 2175012 layer_factory.hpp:77] Creating layer Mconv2_stage4_re
I0923 17:58:25.724124 2175012 net.cpp:86] Creating Layer Mconv2_stage4_re
I0923 17:58:25.724126 2175012 net.cpp:408] Mconv2_stage4_re <- Mconv2_stage4
I0923 17:58:25.724128 2175012 net.cpp:369] Mconv2_stage4_re -> Mconv2_stage4 (in-place)
I0923 17:58:25.726549 2175012 net.cpp:124] Setting up Mconv2_stage4_re
I0923 17:58:25.726552 2175012 net.cpp:131] Top shape: 1 128 1 1 (128)
I0923 17:58:25.726554 2175012 net.cpp:139] Memory required for data: 63412
I0923 17:58:25.726555 2175012 layer_factory.hpp:77] Creating layer Mconv3_stage4
I0923 17:58:25.726558 2175012 net.cpp:86] Creating Layer Mconv3_stage4
I0923 17:58:25.726560 2175012 net.cpp:408] Mconv3_stage4 <- Mconv2_stage4
I0923 17:58:25.726562 2175012 net.cpp:382] Mconv3_stage4 -> Mconv3_stage4
I0923 17:58:25.738005 2175012 net.cpp:124] Setting up Mconv3_stage4
I0923 17:58:25.738010 2175012 net.cpp:131] Top shape: 1 128 1 1 (128)
I0923 17:58:25.738013 2175012 net.cpp:139] Memory required for data: 63924
I0923 17:58:25.738015 2175012 layer_factory.hpp:77] Creating layer Mconv3_stage4_re
I0923 17:58:25.738018 2175012 net.cpp:86] Creating Layer Mconv3_stage4_re
I0923 17:58:25.738019 2175012 net.cpp:408] Mconv3_stage4_re <- Mconv3_stage4
I0923 17:58:25.738020 2175012 net.cpp:369] Mconv3_stage4_re -> Mconv3_stage4 (in-place)
I0923 17:58:25.741014 2175012 net.cpp:124] Setting up Mconv3_stage4_re
I0923 17:58:25.741017 2175012 net.cpp:131] Top shape: 1 128 1 1 (128)
I0923 17:58:25.741019 2175012 net.cpp:139] Memory required for data: 64436
I0923 17:58:25.741020 2175012 layer_factory.hpp:77] Creating layer Mconv4_stage4
I0923 17:58:25.741024 2175012 net.cpp:86] Creating Layer Mconv4_stage4
I0923 17:58:25.741025 2175012 net.cpp:408] Mconv4_stage4 <- Mconv3_stage4
I0923 17:58:25.741027 2175012 net.cpp:382] Mconv4_stage4 -> Mconv4_stage4
I0923 17:58:25.752223 2175012 net.cpp:124] Setting up Mconv4_stage4
I0923 17:58:25.752228 2175012 net.cpp:131] Top shape: 1 128 1 1 (128)
I0923 17:58:25.752230 2175012 net.cpp:139] Memory required for data: 64948
I0923 17:58:25.752233 2175012 layer_factory.hpp:77] Creating layer Mconv4_stage4_re
I0923 17:58:25.752234 2175012 net.cpp:86] Creating Layer Mconv4_stage4_re
I0923 17:58:25.752236 2175012 net.cpp:408] Mconv4_stage4_re <- Mconv4_stage4
I0923 17:58:25.752238 2175012 net.cpp:369] Mconv4_stage4_re -> Mconv4_stage4 (in-place)
I0923 17:58:25.755090 2175012 net.cpp:124] Setting up Mconv4_stage4_re
I0923 17:58:25.755095 2175012 net.cpp:131] Top shape: 1 128 1 1 (128)
I0923 17:58:25.755096 2175012 net.cpp:139] Memory required for data: 65460
I0923 17:58:25.755097 2175012 layer_factory.hpp:77] Creating layer Mconv5_stage4
I0923 17:58:25.755101 2175012 net.cpp:86] Creating Layer Mconv5_stage4
I0923 17:58:25.755102 2175012 net.cpp:408] Mconv5_stage4 <- Mconv4_stage4
I0923 17:58:25.755105 2175012 net.cpp:382] Mconv5_stage4 -> Mconv5_stage4
I0923 17:58:25.766273 2175012 net.cpp:124] Setting up Mconv5_stage4
I0923 17:58:25.766278 2175012 net.cpp:131] Top shape: 1 128 1 1 (128)
I0923 17:58:25.766278 2175012 net.cpp:139] Memory required for data: 65972
I0923 17:58:25.766281 2175012 layer_factory.hpp:77] Creating layer Mconv5_stage4_re
I0923 17:58:25.766283 2175012 net.cpp:86] Creating Layer Mconv5_stage4_re
I0923 17:58:25.766285 2175012 net.cpp:408] Mconv5_stage4_re <- Mconv5_stage4
I0923 17:58:25.766286 2175012 net.cpp:369] Mconv5_stage4_re -> Mconv5_stage4 (in-place)
I0923 17:58:25.773993 2175012 net.cpp:124] Setting up Mconv5_stage4_re
I0923 17:58:25.773996 2175012 net.cpp:131] Top shape: 1 128 1 1 (128)
I0923 17:58:25.773998 2175012 net.cpp:139] Memory required for data: 66484
I0923 17:58:25.773999 2175012 layer_factory.hpp:77] Creating layer Mconv6_stage4
I0923 17:58:25.774003 2175012 net.cpp:86] Creating Layer Mconv6_stage4
I0923 17:58:25.774004 2175012 net.cpp:408] Mconv6_stage4 <- Mconv5_stage4
I0923 17:58:25.774006 2175012 net.cpp:382] Mconv6_stage4 -> Mconv6_stage4
I0923 17:58:25.781343 2175012 net.cpp:124] Setting up Mconv6_stage4
I0923 17:58:25.781348 2175012 net.cpp:131] Top shape: 1 128 1 1 (128)
I0923 17:58:25.781350 2175012 net.cpp:139] Memory required for data: 66996
I0923 17:58:25.781352 2175012 layer_factory.hpp:77] Creating layer Mconv6_stage4_re
I0923 17:58:25.781354 2175012 net.cpp:86] Creating Layer Mconv6_stage4_re
I0923 17:58:25.781355 2175012 net.cpp:408] Mconv6_stage4_re <- Mconv6_stage4
I0923 17:58:25.781358 2175012 net.cpp:369] Mconv6_stage4_re -> Mconv6_stage4 (in-place)
I0923 17:58:25.784073 2175012 net.cpp:124] Setting up Mconv6_stage4_re
I0923 17:58:25.784077 2175012 net.cpp:131] Top shape: 1 128 1 1 (128)
I0923 17:58:25.784078 2175012 net.cpp:139] Memory required for data: 67508
I0923 17:58:25.784080 2175012 layer_factory.hpp:77] Creating layer Mconv7_stage4
I0923 17:58:25.784083 2175012 net.cpp:86] Creating Layer Mconv7_stage4
I0923 17:58:25.784085 2175012 net.cpp:408] Mconv7_stage4 <- Mconv6_stage4
I0923 17:58:25.784086 2175012 net.cpp:382] Mconv7_stage4 -> Mconv7_stage4
I0923 17:58:25.792614 2175012 net.cpp:124] Setting up Mconv7_stage4
I0923 17:58:25.792619 2175012 net.cpp:131] Top shape: 1 71 1 1 (71)
I0923 17:58:25.792620 2175012 net.cpp:139] Memory required for data: 67792
I0923 17:58:25.792622 2175012 layer_factory.hpp:77] Creating layer features_in_stage_5
I0923 17:58:25.792626 2175012 net.cpp:86] Creating Layer features_in_stage_5
I0923 17:58:25.792627 2175012 net.cpp:408] features_in_stage_5 <- Mconv7_stage4
I0923 17:58:25.792629 2175012 net.cpp:408] features_in_stage_5 <- conv5_3_CPM_conv5_3_CPM_re_0_split_4
I0923 17:58:25.792631 2175012 net.cpp:382] features_in_stage_5 -> features_in_stage_5
I0923 17:58:25.792639 2175012 net.cpp:124] Setting up features_in_stage_5
I0923 17:58:25.792640 2175012 net.cpp:131] Top shape: 1 199 1 1 (199)
I0923 17:58:25.792641 2175012 net.cpp:139] Memory required for data: 68588
I0923 17:58:25.792642 2175012 layer_factory.hpp:77] Creating layer Mconv1_stage5
I0923 17:58:25.792645 2175012 net.cpp:86] Creating Layer Mconv1_stage5
I0923 17:58:25.792646 2175012 net.cpp:408] Mconv1_stage5 <- features_in_stage_5
I0923 17:58:25.792649 2175012 net.cpp:382] Mconv1_stage5 -> Mconv1_stage5
I0923 17:58:25.805902 2175012 net.cpp:124] Setting up Mconv1_stage5
I0923 17:58:25.805907 2175012 net.cpp:131] Top shape: 1 128 1 1 (128)
I0923 17:58:25.805909 2175012 net.cpp:139] Memory required for data: 69100
I0923 17:58:25.805912 2175012 layer_factory.hpp:77] Creating layer Mconv1_stage5_re
I0923 17:58:25.805914 2175012 net.cpp:86] Creating Layer Mconv1_stage5_re
I0923 17:58:25.805915 2175012 net.cpp:408] Mconv1_stage5_re <- Mconv1_stage5
I0923 17:58:25.805918 2175012 net.cpp:369] Mconv1_stage5_re -> Mconv1_stage5 (in-place)
I0923 17:58:25.812363 2175012 net.cpp:124] Setting up Mconv1_stage5_re
I0923 17:58:25.812367 2175012 net.cpp:131] Top shape: 1 128 1 1 (128)
I0923 17:58:25.812369 2175012 net.cpp:139] Memory required for data: 69612
I0923 17:58:25.812371 2175012 layer_factory.hpp:77] Creating layer Mconv2_stage5
I0923 17:58:25.812373 2175012 net.cpp:86] Creating Layer Mconv2_stage5
I0923 17:58:25.812376 2175012 net.cpp:408] Mconv2_stage5 <- Mconv1_stage5
I0923 17:58:25.812377 2175012 net.cpp:382] Mconv2_stage5 -> Mconv2_stage5
I0923 17:58:25.823402 2175012 net.cpp:124] Setting up Mconv2_stage5
I0923 17:58:25.823407 2175012 net.cpp:131] Top shape: 1 128 1 1 (128)
I0923 17:58:25.823410 2175012 net.cpp:139] Memory required for data: 70124
I0923 17:58:25.823411 2175012 layer_factory.hpp:77] Creating layer Mconv2_stage5_re
I0923 17:58:25.823413 2175012 net.cpp:86] Creating Layer Mconv2_stage5_re
I0923 17:58:25.823415 2175012 net.cpp:408] Mconv2_stage5_re <- Mconv2_stage5
I0923 17:58:25.823417 2175012 net.cpp:369] Mconv2_stage5_re -> Mconv2_stage5 (in-place)
I0923 17:58:25.826188 2175012 net.cpp:124] Setting up Mconv2_stage5_re
I0923 17:58:25.826191 2175012 net.cpp:131] Top shape: 1 128 1 1 (128)
I0923 17:58:25.826193 2175012 net.cpp:139] Memory required for data: 70636
I0923 17:58:25.826195 2175012 layer_factory.hpp:77] Creating layer Mconv3_stage5
I0923 17:58:25.826198 2175012 net.cpp:86] Creating Layer Mconv3_stage5
I0923 17:58:25.826200 2175012 net.cpp:408] Mconv3_stage5 <- Mconv2_stage5
I0923 17:58:25.826202 2175012 net.cpp:382] Mconv3_stage5 -> Mconv3_stage5
I0923 17:58:25.837770 2175012 net.cpp:124] Setting up Mconv3_stage5
I0923 17:58:25.837775 2175012 net.cpp:131] Top shape: 1 128 1 1 (128)
I0923 17:58:25.837777 2175012 net.cpp:139] Memory required for data: 71148
I0923 17:58:25.837779 2175012 layer_factory.hpp:77] Creating layer Mconv3_stage5_re
I0923 17:58:25.837781 2175012 net.cpp:86] Creating Layer Mconv3_stage5_re
I0923 17:58:25.837783 2175012 net.cpp:408] Mconv3_stage5_re <- Mconv3_stage5
I0923 17:58:25.837785 2175012 net.cpp:369] Mconv3_stage5_re -> Mconv3_stage5 (in-place)
I0923 17:58:25.840543 2175012 net.cpp:124] Setting up Mconv3_stage5_re
I0923 17:58:25.840546 2175012 net.cpp:131] Top shape: 1 128 1 1 (128)
I0923 17:58:25.840548 2175012 net.cpp:139] Memory required for data: 71660
I0923 17:58:25.840549 2175012 layer_factory.hpp:77] Creating layer Mconv4_stage5
I0923 17:58:25.840552 2175012 net.cpp:86] Creating Layer Mconv4_stage5
I0923 17:58:25.840553 2175012 net.cpp:408] Mconv4_stage5 <- Mconv3_stage5
I0923 17:58:25.840556 2175012 net.cpp:382] Mconv4_stage5 -> Mconv4_stage5
I0923 17:58:25.851593 2175012 net.cpp:124] Setting up Mconv4_stage5
I0923 17:58:25.851598 2175012 net.cpp:131] Top shape: 1 128 1 1 (128)
I0923 17:58:25.851600 2175012 net.cpp:139] Memory required for data: 72172
I0923 17:58:25.851603 2175012 layer_factory.hpp:77] Creating layer Mconv4_stage5_re
I0923 17:58:25.851604 2175012 net.cpp:86] Creating Layer Mconv4_stage5_re
I0923 17:58:25.851606 2175012 net.cpp:408] Mconv4_stage5_re <- Mconv4_stage5
I0923 17:58:25.851608 2175012 net.cpp:369] Mconv4_stage5_re -> Mconv4_stage5 (in-place)
I0923 17:58:25.854302 2175012 net.cpp:124] Setting up Mconv4_stage5_re
I0923 17:58:25.854306 2175012 net.cpp:131] Top shape: 1 128 1 1 (128)
I0923 17:58:25.854308 2175012 net.cpp:139] Memory required for data: 72684
I0923 17:58:25.854310 2175012 layer_factory.hpp:77] Creating layer Mconv5_stage5
I0923 17:58:25.854312 2175012 net.cpp:86] Creating Layer Mconv5_stage5
I0923 17:58:25.854314 2175012 net.cpp:408] Mconv5_stage5 <- Mconv4_stage5
I0923 17:58:25.854316 2175012 net.cpp:382] Mconv5_stage5 -> Mconv5_stage5
I0923 17:58:25.865262 2175012 net.cpp:124] Setting up Mconv5_stage5
I0923 17:58:25.865266 2175012 net.cpp:131] Top shape: 1 128 1 1 (128)
I0923 17:58:25.865268 2175012 net.cpp:139] Memory required for data: 73196
I0923 17:58:25.865270 2175012 layer_factory.hpp:77] Creating layer Mconv5_stage5_re
I0923 17:58:25.865273 2175012 net.cpp:86] Creating Layer Mconv5_stage5_re
I0923 17:58:25.865275 2175012 net.cpp:408] Mconv5_stage5_re <- Mconv5_stage5
I0923 17:58:25.865276 2175012 net.cpp:369] Mconv5_stage5_re -> Mconv5_stage5 (in-place)
I0923 17:58:25.868819 2175012 net.cpp:124] Setting up Mconv5_stage5_re
I0923 17:58:25.868824 2175012 net.cpp:131] Top shape: 1 128 1 1 (128)
I0923 17:58:25.868824 2175012 net.cpp:139] Memory required for data: 73708
I0923 17:58:25.868826 2175012 layer_factory.hpp:77] Creating layer Mconv6_stage5
I0923 17:58:25.868830 2175012 net.cpp:86] Creating Layer Mconv6_stage5
I0923 17:58:25.868832 2175012 net.cpp:408] Mconv6_stage5 <- Mconv5_stage5
I0923 17:58:25.868834 2175012 net.cpp:382] Mconv6_stage5 -> Mconv6_stage5
I0923 17:58:25.876714 2175012 net.cpp:124] Setting up Mconv6_stage5
I0923 17:58:25.876718 2175012 net.cpp:131] Top shape: 1 128 1 1 (128)
I0923 17:58:25.876720 2175012 net.cpp:139] Memory required for data: 74220
I0923 17:58:25.876722 2175012 layer_factory.hpp:77] Creating layer Mconv6_stage5_re
I0923 17:58:25.876725 2175012 net.cpp:86] Creating Layer Mconv6_stage5_re
I0923 17:58:25.876726 2175012 net.cpp:408] Mconv6_stage5_re <- Mconv6_stage5
I0923 17:58:25.876729 2175012 net.cpp:369] Mconv6_stage5_re -> Mconv6_stage5 (in-place)
I0923 17:58:25.879222 2175012 net.cpp:124] Setting up Mconv6_stage5_re
I0923 17:58:25.879225 2175012 net.cpp:131] Top shape: 1 128 1 1 (128)
I0923 17:58:25.879226 2175012 net.cpp:139] Memory required for data: 74732
I0923 17:58:25.879227 2175012 layer_factory.hpp:77] Creating layer Mconv7_stage5
I0923 17:58:25.879230 2175012 net.cpp:86] Creating Layer Mconv7_stage5
I0923 17:58:25.879232 2175012 net.cpp:408] Mconv7_stage5 <- Mconv6_stage5
I0923 17:58:25.879235 2175012 net.cpp:382] Mconv7_stage5 -> Mconv7_stage5
I0923 17:58:25.886890 2175012 net.cpp:124] Setting up Mconv7_stage5
I0923 17:58:25.886895 2175012 net.cpp:131] Top shape: 1 71 1 1 (71)
I0923 17:58:25.886896 2175012 net.cpp:139] Memory required for data: 75016
I0923 17:58:25.886898 2175012 layer_factory.hpp:77] Creating layer features_in_stage_6
I0923 17:58:25.886901 2175012 net.cpp:86] Creating Layer features_in_stage_6
I0923 17:58:25.886904 2175012 net.cpp:408] features_in_stage_6 <- Mconv7_stage5
I0923 17:58:25.886905 2175012 net.cpp:408] features_in_stage_6 <- conv5_3_CPM_conv5_3_CPM_re_0_split_5
I0923 17:58:25.886907 2175012 net.cpp:382] features_in_stage_6 -> features_in_stage_6
I0923 17:58:25.886914 2175012 net.cpp:124] Setting up features_in_stage_6
I0923 17:58:25.886915 2175012 net.cpp:131] Top shape: 1 199 1 1 (199)
I0923 17:58:25.886917 2175012 net.cpp:139] Memory required for data: 75812
I0923 17:58:25.886919 2175012 layer_factory.hpp:77] Creating layer Mconv1_stage6
I0923 17:58:25.886921 2175012 net.cpp:86] Creating Layer Mconv1_stage6
I0923 17:58:25.886922 2175012 net.cpp:408] Mconv1_stage6 <- features_in_stage_6
I0923 17:58:25.886924 2175012 net.cpp:382] Mconv1_stage6 -> Mconv1_stage6
I0923 17:58:25.899771 2175012 net.cpp:124] Setting up Mconv1_stage6
I0923 17:58:25.899776 2175012 net.cpp:131] Top shape: 1 128 1 1 (128)
I0923 17:58:25.899778 2175012 net.cpp:139] Memory required for data: 76324
I0923 17:58:25.899780 2175012 layer_factory.hpp:77] Creating layer Mconv1_stage6_re
I0923 17:58:25.899783 2175012 net.cpp:86] Creating Layer Mconv1_stage6_re
I0923 17:58:25.899784 2175012 net.cpp:408] Mconv1_stage6_re <- Mconv1_stage6
I0923 17:58:25.899786 2175012 net.cpp:369] Mconv1_stage6_re -> Mconv1_stage6 (in-place)
I0923 17:58:25.902643 2175012 net.cpp:124] Setting up Mconv1_stage6_re
I0923 17:58:25.902647 2175012 net.cpp:131] Top shape: 1 128 1 1 (128)
I0923 17:58:25.902648 2175012 net.cpp:139] Memory required for data: 76836
I0923 17:58:25.902649 2175012 layer_factory.hpp:77] Creating layer Mconv2_stage6
I0923 17:58:25.902653 2175012 net.cpp:86] Creating Layer Mconv2_stage6
I0923 17:58:25.902654 2175012 net.cpp:408] Mconv2_stage6 <- Mconv1_stage6
I0923 17:58:25.902658 2175012 net.cpp:382] Mconv2_stage6 -> Mconv2_stage6
I0923 17:58:25.917052 2175012 net.cpp:124] Setting up Mconv2_stage6
I0923 17:58:25.917057 2175012 net.cpp:131] Top shape: 1 128 1 1 (128)
I0923 17:58:25.917057 2175012 net.cpp:139] Memory required for data: 77348
I0923 17:58:25.917060 2175012 layer_factory.hpp:77] Creating layer Mconv2_stage6_re
I0923 17:58:25.917062 2175012 net.cpp:86] Creating Layer Mconv2_stage6_re
I0923 17:58:25.917064 2175012 net.cpp:408] Mconv2_stage6_re <- Mconv2_stage6
I0923 17:58:25.917066 2175012 net.cpp:369] Mconv2_stage6_re -> Mconv2_stage6 (in-place)
I0923 17:58:25.919729 2175012 net.cpp:124] Setting up Mconv2_stage6_re
I0923 17:58:25.919732 2175012 net.cpp:131] Top shape: 1 128 1 1 (128)
I0923 17:58:25.919734 2175012 net.cpp:139] Memory required for data: 77860
I0923 17:58:25.919735 2175012 layer_factory.hpp:77] Creating layer Mconv3_stage6
I0923 17:58:25.919739 2175012 net.cpp:86] Creating Layer Mconv3_stage6
I0923 17:58:25.919740 2175012 net.cpp:408] Mconv3_stage6 <- Mconv2_stage6
I0923 17:58:25.919742 2175012 net.cpp:382] Mconv3_stage6 -> Mconv3_stage6
I0923 17:58:25.930763 2175012 net.cpp:124] Setting up Mconv3_stage6
I0923 17:58:25.930768 2175012 net.cpp:131] Top shape: 1 128 1 1 (128)
I0923 17:58:25.930770 2175012 net.cpp:139] Memory required for data: 78372
I0923 17:58:25.930773 2175012 layer_factory.hpp:77] Creating layer Mconv3_stage6_re
I0923 17:58:25.930774 2175012 net.cpp:86] Creating Layer Mconv3_stage6_re
I0923 17:58:25.930776 2175012 net.cpp:408] Mconv3_stage6_re <- Mconv3_stage6
I0923 17:58:25.930778 2175012 net.cpp:369] Mconv3_stage6_re -> Mconv3_stage6 (in-place)
I0923 17:58:25.933504 2175012 net.cpp:124] Setting up Mconv3_stage6_re
I0923 17:58:25.933507 2175012 net.cpp:131] Top shape: 1 128 1 1 (128)
I0923 17:58:25.933508 2175012 net.cpp:139] Memory required for data: 78884
I0923 17:58:25.933511 2175012 layer_factory.hpp:77] Creating layer Mconv4_stage6
I0923 17:58:25.933513 2175012 net.cpp:86] Creating Layer Mconv4_stage6
I0923 17:58:25.933514 2175012 net.cpp:408] Mconv4_stage6 <- Mconv3_stage6
I0923 17:58:25.933516 2175012 net.cpp:382] Mconv4_stage6 -> Mconv4_stage6
I0923 17:58:25.944608 2175012 net.cpp:124] Setting up Mconv4_stage6
I0923 17:58:25.944613 2175012 net.cpp:131] Top shape: 1 128 1 1 (128)
I0923 17:58:25.944615 2175012 net.cpp:139] Memory required for data: 79396
I0923 17:58:25.944617 2175012 layer_factory.hpp:77] Creating layer Mconv4_stage6_re
I0923 17:58:25.944619 2175012 net.cpp:86] Creating Layer Mconv4_stage6_re
I0923 17:58:25.944621 2175012 net.cpp:408] Mconv4_stage6_re <- Mconv4_stage6
I0923 17:58:25.944623 2175012 net.cpp:369] Mconv4_stage6_re -> Mconv4_stage6 (in-place)
I0923 17:58:25.947359 2175012 net.cpp:124] Setting up Mconv4_stage6_re
I0923 17:58:25.947362 2175012 net.cpp:131] Top shape: 1 128 1 1 (128)
I0923 17:58:25.947364 2175012 net.cpp:139] Memory required for data: 79908
I0923 17:58:25.947365 2175012 layer_factory.hpp:77] Creating layer Mconv5_stage6
I0923 17:58:25.947369 2175012 net.cpp:86] Creating Layer Mconv5_stage6
I0923 17:58:25.947371 2175012 net.cpp:408] Mconv5_stage6 <- Mconv4_stage6
I0923 17:58:25.947372 2175012 net.cpp:382] Mconv5_stage6 -> Mconv5_stage6
I0923 17:58:25.958727 2175012 net.cpp:124] Setting up Mconv5_stage6
I0923 17:58:25.958734 2175012 net.cpp:131] Top shape: 1 128 1 1 (128)
I0923 17:58:25.958735 2175012 net.cpp:139] Memory required for data: 80420
I0923 17:58:25.958737 2175012 layer_factory.hpp:77] Creating layer Mconv5_stage6_re
I0923 17:58:25.958740 2175012 net.cpp:86] Creating Layer Mconv5_stage6_re
I0923 17:58:25.958742 2175012 net.cpp:408] Mconv5_stage6_re <- Mconv5_stage6
I0923 17:58:25.958745 2175012 net.cpp:369] Mconv5_stage6_re -> Mconv5_stage6 (in-place)
I0923 17:58:25.961246 2175012 net.cpp:124] Setting up Mconv5_stage6_re
I0923 17:58:25.961249 2175012 net.cpp:131] Top shape: 1 128 1 1 (128)
I0923 17:58:25.961251 2175012 net.cpp:139] Memory required for data: 80932
I0923 17:58:25.961252 2175012 layer_factory.hpp:77] Creating layer Mconv6_stage6
I0923 17:58:25.961256 2175012 net.cpp:86] Creating Layer Mconv6_stage6
I0923 17:58:25.961257 2175012 net.cpp:408] Mconv6_stage6 <- Mconv5_stage6
I0923 17:58:25.961258 2175012 net.cpp:382] Mconv6_stage6 -> Mconv6_stage6
I0923 17:58:25.973912 2175012 net.cpp:124] Setting up Mconv6_stage6
I0923 17:58:25.973917 2175012 net.cpp:131] Top shape: 1 128 1 1 (128)
I0923 17:58:25.973918 2175012 net.cpp:139] Memory required for data: 81444
I0923 17:58:25.973920 2175012 layer_factory.hpp:77] Creating layer Mconv6_stage6_re
I0923 17:58:25.973923 2175012 net.cpp:86] Creating Layer Mconv6_stage6_re
I0923 17:58:25.973924 2175012 net.cpp:408] Mconv6_stage6_re <- Mconv6_stage6
I0923 17:58:25.973927 2175012 net.cpp:369] Mconv6_stage6_re -> Mconv6_stage6 (in-place)
I0923 17:58:25.976378 2175012 net.cpp:124] Setting up Mconv6_stage6_re
I0923 17:58:25.976382 2175012 net.cpp:131] Top shape: 1 128 1 1 (128)
I0923 17:58:25.976382 2175012 net.cpp:139] Memory required for data: 81956
I0923 17:58:25.976384 2175012 layer_factory.hpp:77] Creating layer Mconv7_stage6
I0923 17:58:25.976387 2175012 net.cpp:86] Creating Layer Mconv7_stage6
I0923 17:58:25.976388 2175012 net.cpp:408] Mconv7_stage6 <- Mconv6_stage6
I0923 17:58:25.976392 2175012 net.cpp:382] Mconv7_stage6 -> net_output
I0923 17:58:25.984196 2175012 net.cpp:124] Setting up Mconv7_stage6
I0923 17:58:25.984200 2175012 net.cpp:131] Top shape: 1 71 1 1 (71)
I0923 17:58:25.984202 2175012 net.cpp:139] Memory required for data: 82240
I0923 17:58:25.984205 2175012 net.cpp:202] Mconv7_stage6 does not need backward computation.
I0923 17:58:25.984205 2175012 net.cpp:202] Mconv6_stage6_re does not need backward computation.
I0923 17:58:25.984206 2175012 net.cpp:202] Mconv6_stage6 does not need backward computation.
I0923 17:58:25.984207 2175012 net.cpp:202] Mconv5_stage6_re does not need backward computation.
I0923 17:58:25.984208 2175012 net.cpp:202] Mconv5_stage6 does not need backward computation.
I0923 17:58:25.984210 2175012 net.cpp:202] Mconv4_stage6_re does not need backward computation.
I0923 17:58:25.984210 2175012 net.cpp:202] Mconv4_stage6 does not need backward computation.
I0923 17:58:25.984211 2175012 net.cpp:202] Mconv3_stage6_re does not need backward computation.
I0923 17:58:25.984212 2175012 net.cpp:202] Mconv3_stage6 does not need backward computation.
I0923 17:58:25.984215 2175012 net.cpp:202] Mconv2_stage6_re does not need backward computation.
I0923 17:58:25.984215 2175012 net.cpp:202] Mconv2_stage6 does not need backward computation.
I0923 17:58:25.984216 2175012 net.cpp:202] Mconv1_stage6_re does not need backward computation.
I0923 17:58:25.984217 2175012 net.cpp:202] Mconv1_stage6 does not need backward computation.
I0923 17:58:25.984220 2175012 net.cpp:202] features_in_stage_6 does not need backward computation.
I0923 17:58:25.984220 2175012 net.cpp:202] Mconv7_stage5 does not need backward computation.
I0923 17:58:25.984222 2175012 net.cpp:202] Mconv6_stage5_re does not need backward computation.
I0923 17:58:25.984223 2175012 net.cpp:202] Mconv6_stage5 does not need backward computation.
I0923 17:58:25.984225 2175012 net.cpp:202] Mconv5_stage5_re does not need backward computation.
I0923 17:58:25.984225 2175012 net.cpp:202] Mconv5_stage5 does not need backward computation.
I0923 17:58:25.984226 2175012 net.cpp:202] Mconv4_stage5_re does not need backward computation.
I0923 17:58:25.984227 2175012 net.cpp:202] Mconv4_stage5 does not need backward computation.
I0923 17:58:25.984229 2175012 net.cpp:202] Mconv3_stage5_re does not need backward computation.
I0923 17:58:25.984230 2175012 net.cpp:202] Mconv3_stage5 does not need backward computation.
I0923 17:58:25.984231 2175012 net.cpp:202] Mconv2_stage5_re does not need backward computation.
I0923 17:58:25.984233 2175012 net.cpp:202] Mconv2_stage5 does not need backward computation.
I0923 17:58:25.984234 2175012 net.cpp:202] Mconv1_stage5_re does not need backward computation.
I0923 17:58:25.984236 2175012 net.cpp:202] Mconv1_stage5 does not need backward computation.
I0923 17:58:25.984237 2175012 net.cpp:202] features_in_stage_5 does not need backward computation.
I0923 17:58:25.984238 2175012 net.cpp:202] Mconv7_stage4 does not need backward computation.
I0923 17:58:25.984241 2175012 net.cpp:202] Mconv6_stage4_re does not need backward computation.
I0923 17:58:25.984241 2175012 net.cpp:202] Mconv6_stage4 does not need backward computation.
I0923 17:58:25.984242 2175012 net.cpp:202] Mconv5_stage4_re does not need backward computation.
I0923 17:58:25.984243 2175012 net.cpp:202] Mconv5_stage4 does not need backward computation.
I0923 17:58:25.984246 2175012 net.cpp:202] Mconv4_stage4_re does not need backward computation.
I0923 17:58:25.984246 2175012 net.cpp:202] Mconv4_stage4 does not need backward computation.
I0923 17:58:25.984247 2175012 net.cpp:202] Mconv3_stage4_re does not need backward computation.
I0923 17:58:25.984248 2175012 net.cpp:202] Mconv3_stage4 does not need backward computation.
I0923 17:58:25.984251 2175012 net.cpp:202] Mconv2_stage4_re does not need backward computation.
I0923 17:58:25.984251 2175012 net.cpp:202] Mconv2_stage4 does not need backward computation.
I0923 17:58:25.984252 2175012 net.cpp:202] Mconv1_stage4_re does not need backward computation.
I0923 17:58:25.984253 2175012 net.cpp:202] Mconv1_stage4 does not need backward computation.
I0923 17:58:25.984256 2175012 net.cpp:202] features_in_stage_4 does not need backward computation.
I0923 17:58:25.984256 2175012 net.cpp:202] Mconv7_stage3 does not need backward computation.
I0923 17:58:25.984257 2175012 net.cpp:202] Mconv6_stage3_re does not need backward computation.
I0923 17:58:25.984259 2175012 net.cpp:202] Mconv6_stage3 does not need backward computation.
I0923 17:58:25.984261 2175012 net.cpp:202] Mconv5_stage3_re does not need backward computation.
I0923 17:58:25.984261 2175012 net.cpp:202] Mconv5_stage3 does not need backward computation.
I0923 17:58:25.984262 2175012 net.cpp:202] Mconv4_stage3_re does not need backward computation.
I0923 17:58:25.984264 2175012 net.cpp:202] Mconv4_stage3 does not need backward computation.
I0923 17:58:25.984265 2175012 net.cpp:202] Mconv3_stage3_re does not need backward computation.
I0923 17:58:25.984266 2175012 net.cpp:202] Mconv3_stage3 does not need backward computation.
I0923 17:58:25.984267 2175012 net.cpp:202] Mconv2_stage3_re does not need backward computation.
I0923 17:58:25.984268 2175012 net.cpp:202] Mconv2_stage3 does not need backward computation.
I0923 17:58:25.984270 2175012 net.cpp:202] Mconv1_stage3_re does not need backward computation.
I0923 17:58:25.984272 2175012 net.cpp:202] Mconv1_stage3 does not need backward computation.
I0923 17:58:25.984273 2175012 net.cpp:202] features_in_stage_3 does not need backward computation.
I0923 17:58:25.984274 2175012 net.cpp:202] Mconv7_stage2 does not need backward computation.
I0923 17:58:25.984277 2175012 net.cpp:202] Mconv6_stage2_re does not need backward computation.
I0923 17:58:25.984277 2175012 net.cpp:202] Mconv6_stage2 does not need backward computation.
I0923 17:58:25.984278 2175012 net.cpp:202] Mconv5_stage2_re does not need backward computation.
I0923 17:58:25.984279 2175012 net.cpp:202] Mconv5_stage2 does not need backward computation.
I0923 17:58:25.984280 2175012 net.cpp:202] Mconv4_stage2_re does not need backward computation.
I0923 17:58:25.984282 2175012 net.cpp:202] Mconv4_stage2 does not need backward computation.
I0923 17:58:25.984283 2175012 net.cpp:202] Mconv3_stage2_re does not need backward computation.
I0923 17:58:25.984284 2175012 net.cpp:202] Mconv3_stage2 does not need backward computation.
I0923 17:58:25.984285 2175012 net.cpp:202] Mconv2_stage2_re does not need backward computation.
I0923 17:58:25.984287 2175012 net.cpp:202] Mconv2_stage2 does not need backward computation.
I0923 17:58:25.984287 2175012 net.cpp:202] Mconv1_stage2_re does not need backward computation.
I0923 17:58:25.984289 2175012 net.cpp:202] Mconv1_stage2 does not need backward computation.
I0923 17:58:25.984290 2175012 net.cpp:202] features_in_stage_2 does not need backward computation.
I0923 17:58:25.984292 2175012 net.cpp:202] conv6_2_CPM does not need backward computation.
I0923 17:58:25.984293 2175012 net.cpp:202] conv6_1_CPM_re does not need backward computation.
I0923 17:58:25.984294 2175012 net.cpp:202] conv6_1_CPM does not need backward computation.
I0923 17:58:25.984297 2175012 net.cpp:202] conv5_3_CPM_conv5_3_CPM_re_0_split does not need backward computation.
I0923 17:58:25.984297 2175012 net.cpp:202] conv5_3_CPM_re does not need backward computation.
I0923 17:58:25.984298 2175012 net.cpp:202] conv5_3_CPM does not need backward computation.
I0923 17:58:25.984300 2175012 net.cpp:202] conv5_2_re does not need backward computation.
I0923 17:58:25.984301 2175012 net.cpp:202] conv5_2 does not need backward computation.
I0923 17:58:25.984302 2175012 net.cpp:202] conv5_1_re does not need backward computation.
I0923 17:58:25.984304 2175012 net.cpp:202] conv5_1 does not need backward computation.
I0923 17:58:25.984305 2175012 net.cpp:202] conv4_4_re does not need backward computation.
I0923 17:58:25.984306 2175012 net.cpp:202] conv4_4 does not need backward computation.
I0923 17:58:25.984308 2175012 net.cpp:202] conv4_3_re does not need backward computation.
I0923 17:58:25.984309 2175012 net.cpp:202] conv4_3 does not need backward computation.
I0923 17:58:25.984310 2175012 net.cpp:202] conv4_2_re does not need backward computation.
I0923 17:58:25.984311 2175012 net.cpp:202] conv4_2 does not need backward computation.
I0923 17:58:25.984313 2175012 net.cpp:202] conv4_1_re does not need backward computation.
I0923 17:58:25.984314 2175012 net.cpp:202] conv4_1 does not need backward computation.
I0923 17:58:25.984315 2175012 net.cpp:202] pool3 does not need backward computation.
I0923 17:58:25.984316 2175012 net.cpp:202] conv3_4_re does not need backward computation.
I0923 17:58:25.984318 2175012 net.cpp:202] conv3_4 does not need backward computation.
I0923 17:58:25.984318 2175012 net.cpp:202] conv3_3_re does not need backward computation.
I0923 17:58:25.984320 2175012 net.cpp:202] conv3_3 does not need backward computation.
I0923 17:58:25.984321 2175012 net.cpp:202] conv3_2_re does not need backward computation.
I0923 17:58:25.984323 2175012 net.cpp:202] conv3_2 does not need backward computation.
I0923 17:58:25.984323 2175012 net.cpp:202] conv3_1_re does not need backward computation.
I0923 17:58:25.984324 2175012 net.cpp:202] conv3_1 does not need backward computation.
I0923 17:58:25.984326 2175012 net.cpp:202] pool2 does not need backward computation.
I0923 17:58:25.984328 2175012 net.cpp:202] conv2_2_re does not need backward computation.
I0923 17:58:25.984329 2175012 net.cpp:202] conv2_2 does not need backward computation.
I0923 17:58:25.984330 2175012 net.cpp:202] conv2_1_re does not need backward computation.
I0923 17:58:25.984331 2175012 net.cpp:202] conv2_1 does not need backward computation.
I0923 17:58:25.984332 2175012 net.cpp:202] pool1 does not need backward computation.
I0923 17:58:25.984334 2175012 net.cpp:202] conv1_2_re does not need backward computation.
I0923 17:58:25.984335 2175012 net.cpp:202] conv1_2 does not need backward computation.
I0923 17:58:25.984336 2175012 net.cpp:202] conv1_1_re does not need backward computation.
I0923 17:58:25.984338 2175012 net.cpp:202] conv1_1 does not need backward computation.
I0923 17:58:25.984339 2175012 net.cpp:202] input does not need backward computation.
I0923 17:58:25.984340 2175012 net.cpp:244] This network produces output net_output
I0923 17:58:25.984355 2175012 net.cpp:257] Network initialization done.
I0923 17:58:26.059240 2175012 net.cpp:746] Ignoring source layer data
I0923 17:58:26.059253 2175012 net.cpp:746] Ignoring source layer hlabels
I0923 17:58:26.059255 2175012 net.cpp:746] Ignoring source layer weights_hlabels_1_split
I0923 17:58:26.059257 2175012 net.cpp:746] Ignoring source layer labels
I0923 17:58:26.059257 2175012 net.cpp:746] Ignoring source layer labels_labels_0_split
I0923 17:58:26.059258 2175012 net.cpp:746] Ignoring source layer image
I0923 17:58:26.059259 2175012 net.cpp:746] Ignoring source layer silence_center_map
I0923 17:58:26.063086 2175012 net.cpp:746] Ignoring source layer conv6_2_CPM_conv6_2_CPM_0_split
I0923 17:58:26.063098 2175012 net.cpp:746] Ignoring source layer conv6_2_CPM_weighted
I0923 17:58:26.063099 2175012 net.cpp:746] Ignoring source layer loss_stage1
I0923 17:58:26.064180 2175012 net.cpp:746] Ignoring source layer Mconv7_stage2_Mconv7_stage2_0_split
I0923 17:58:26.064185 2175012 net.cpp:746] Ignoring source layer Mconv7_stage2_weighted
I0923 17:58:26.064186 2175012 net.cpp:746] Ignoring source layer loss_stage2
I0923 17:58:26.065289 2175012 net.cpp:746] Ignoring source layer Mconv7_stage3_Mconv7_stage3_0_split
I0923 17:58:26.065294 2175012 net.cpp:746] Ignoring source layer Mconv7_stage3_weighted
I0923 17:58:26.065295 2175012 net.cpp:746] Ignoring source layer loss_stage3
I0923 17:58:26.066368 2175012 net.cpp:746] Ignoring source layer Mconv7_stage4_Mconv7_stage4_0_split
I0923 17:58:26.066372 2175012 net.cpp:746] Ignoring source layer Mconv7_stage4_weighted
I0923 17:58:26.066375 2175012 net.cpp:746] Ignoring source layer loss_stage4
I0923 17:58:26.067433 2175012 net.cpp:746] Ignoring source layer Mconv7_stage5_Mconv7_stage5_0_split
I0923 17:58:26.067437 2175012 net.cpp:746] Ignoring source layer Mconv7_stage5_weighted
I0923 17:58:26.067438 2175012 net.cpp:746] Ignoring source layer loss_stage5
I0923 17:58:26.068471 2175012 net.cpp:746] Ignoring source layer Mconv7_stage6_weighted
I0923 17:58:26.068475 2175012 net.cpp:746] Ignoring source layer loss_stage6
I0923 17:58:26.075019 2175012 upgrade_proto.cpp:69] Attempting to upgrade input file specified using deprecated input fields: /opt/openpose/models/hand/pose_deploy.prototxt
I0923 17:58:26.075028 2175012 upgrade_proto.cpp:72] Successfully upgraded file specified using deprecated input fields.
W0923 17:58:26.075029 2175012 upgrade_proto.cpp:74] Note that future Caffe releases will only support input layers and not input fields.
I0923 17:58:26.075071 2175012 net.cpp:53] Initializing net from parameters: 
state {
  phase: TEST
  level: 0
}
layer {
  name: "input"
  type: "Input"
  top: "image"
  input_param {
    shape {
      dim: 1
      dim: 3
      dim: 1
      dim: 1
    }
  }
}
layer {
  name: "conv1_1"
  type: "Convolution"
  bottom: "image"
  top: "conv1_1"
  param {
    lr_mult: 1
    decay_mult: 1
  }
  param {
    lr_mult: 2
    decay_mult: 0
  }
  convolution_param {
    num_output: 64
    pad: 1
    kernel_size: 3
    weight_filler {
      type: "xavier"
    }
    bias_filler {
      type: "constant"
    }
    dilation: 1
  }
}
layer {
  name: "relu1_1"
  type: "ReLU"
  bottom: "conv1_1"
  top: "conv1_1"
}
layer {
  name: "conv1_2"
  type: "Convolution"
  bottom: "conv1_1"
  top: "conv1_2"
  param {
    lr_mult: 1
    decay_mult: 1
  }
  param {
    lr_mult: 2
    decay_mult: 0
  }
  convolution_param {
    num_output: 64
    pad: 1
    kernel_size: 3
    weight_filler {
      type: "xavier"
    }
    bias_filler {
      type: "constant"
    }
    dilation: 1
  }
}
layer {
  name: "relu1_2"
  type: "ReLU"
  bottom: "conv1_2"
  top: "conv1_2"
}
layer {
  name: "pool1_stage1"
  type: "Pooling"
  bottom: "conv1_2"
  top: "pool1_stage1"
  pooling_param {
    pool: MAX
    kernel_size: 2
    stride: 2
  }
}
layer {
  name: "conv2_1"
  type: "Convolution"
  bottom: "pool1_stage1"
  top: "conv2_1"
  param {
    lr_mult: 1
    decay_mult: 1
  }
  param {
    lr_mult: 2
    decay_mult: 0
  }
  convolution_param {
    num_output: 128
    pad: 1
    kernel_size: 3
    weight_filler {
      type: "xavier"
    }
    bias_filler {
      type: "constant"
    }
    dilation: 1
  }
}
layer {
  name: "relu2_1"
  type: "ReLU"
  bottom: "conv2_1"
  top: "conv2_1"
}
layer {
  name: "conv2_2"
  type: "Convolution"
  bottom: "conv2_1"
  top: "conv2_2"
  param {
    lr_mult: 1
    decay_mult: 1
  }
  param {
    lr_mult: 2
    decay_mult: 0
  }
  convolution_param {
    num_output: 128
    pad: 1
    kernel_size: 3
    weight_filler {
      type: "xavier"
    }
    bias_filler {
      type: "constant"
    }
    dilation: 1
  }
}
layer {
  name: "relu2_2"
  type: "ReLU"
  bottom: "conv2_2"
  top: "conv2_2"
}
layer {
  name: "pool2_stage1"
  type: "Pooling"
  bottom: "conv2_2"
  top: "pool2_stage1"
  pooling_param {
    pool: MAX
    kernel_size: 2
    stride: 2
  }
}
layer {
  name: "conv3_1"
  type: "Convolution"
  bottom: "pool2_stage1"
  top: "conv3_1"
  param {
    lr_mult: 1
    decay_mult: 1
  }
  param {
    lr_mult: 2
    decay_mult: 0
  }
  convolution_param {
    num_output: 256
    pad: 1
    kernel_size: 3
    weight_filler {
      type: "xavier"
    }
    bias_filler {
      type: "constant"
    }
    dilation: 1
  }
}
layer {
  name: "relu3_1"
  type: "ReLU"
  bottom: "conv3_1"
  top: "conv3_1"
}
layer {
  name: "conv3_2"
  type: "Convolution"
  bottom: "conv3_1"
  top: "conv3_2"
  param {
    lr_mult: 1
    decay_mult: 1
  }
  param {
    lr_mult: 2
    decay_mult: 0
  }
  convolution_param {
    num_output: 256
    pad: 1
    kernel_size: 3
    weight_filler {
      type: "xavier"
    }
    bias_filler {
      type: "constant"
    }
    dilation: 1
  }
}
layer {
  name: "relu3_2"
  type: "ReLU"
  bottom: "conv3_2"
  top: "conv3_2"
}
layer {
  name: "conv3_3"
  type: "Convolution"
  bottom: "conv3_2"
  top: "conv3_3"
  param {
    lr_mult: 1
    decay_mult: 1
  }
  param {
    lr_mult: 2
    decay_mult: 0
  }
  convolution_param {
    num_output: 256
    pad: 1
    kernel_size: 3
    weight_filler {
      type: "xavier"
    }
    bias_filler {
      type: "constant"
    }
    dilation: 1
  }
}
layer {
  name: "relu3_3"
  type: "ReLU"
  bottom: "conv3_3"
  top: "conv3_3"
}
layer {
  name: "conv3_4"
  type: "Convolution"
  bottom: "conv3_3"
  top: "conv3_4"
  param {
    lr_mult: 1
    decay_mult: 1
  }
  param {
    lr_mult: 2
    decay_mult: 0
  }
  convolution_param {
    num_output: 256
    pad: 1
    kernel_size: 3
    weight_filler {
      type: "xavier"
    }
    bias_filler {
      type: "constant"
    }
    dilation: 1
  }
}
layer {
  name: "relu3_4"
  type: "ReLU"
  bottom: "conv3_4"
  top: "conv3_4"
}
layer {
  name: "pool3_stage1"
  type: "Pooling"
  bottom: "conv3_4"
  top: "pool3_stage1"
  pooling_param {
    pool: MAX
    kernel_size: 2
    stride: 2
  }
}
layer {
  name: "conv4_1"
  type: "Convolution"
  bottom: "pool3_stage1"
  top: "conv4_1"
  param {
    lr_mult: 1
    decay_mult: 1
  }
  param {
    lr_mult: 2
    decay_mult: 0
  }
  convolution_param {
    num_output: 512
    pad: 1
    kernel_size: 3
    weight_filler {
      type: "xavier"
    }
    bias_filler {
      type: "constant"
    }
    dilation: 1
  }
}
layer {
  name: "relu4_1"
  type: "ReLU"
  bottom: "conv4_1"
  top: "conv4_1"
}
layer {
  name: "conv4_2"
  type: "Convolution"
  bottom: "conv4_1"
  top: "conv4_2"
  param {
    lr_mult: 1
    decay_mult: 1
  }
  param {
    lr_mult: 2
    decay_mult: 0
  }
  convolution_param {
    num_output: 512
    pad: 1
    kernel_size: 3
    weight_filler {
      type: "xavier"
    }
    bias_filler {
      type: "constant"
    }
    dilation: 1
  }
}
layer {
  name: "relu4_2"
  type: "ReLU"
  bottom: "conv4_2"
  top: "conv4_2"
}
layer {
  name: "conv4_3"
  type: "Convolution"
  bottom: "conv4_2"
  top: "conv4_3"
  param {
    lr_mult: 1
    decay_mult: 1
  }
  param {
    lr_mult: 2
    decay_mult: 0
  }
  convolution_param {
    num_output: 512
    pad: 1
    kernel_size: 3
    weight_filler {
      type: "xavier"
    }
    bias_filler {
      type: "constant"
    }
    dilation: 1
  }
}
layer {
  name: "relu4_3"
  type: "ReLU"
  bottom: "conv4_3"
  top: "conv4_3"
}
layer {
  name: "conv4_4"
  type: "Convolution"
  bottom: "conv4_3"
  top: "conv4_4"
  param {
    lr_mult: 1
    decay_mult: 1
  }
  param {
    lr_mult: 2
    decay_mult: 0
  }
  convolution_param {
    num_output: 512
    pad: 1
    kernel_size: 3
    weight_filler {
      type: "xavier"
    }
    bias_filler {
      type: "constant"
    }
    dilation: 1
  }
}
layer {
  name: "relu4_4"
  type: "ReLU"
  bottom: "conv4_4"
  top: "conv4_4"
}
layer {
  name: "conv5_1"
  type: "Convolution"
  bottom: "conv4_4"
  top: "conv5_1"
  param {
    lr_mult: 1
    decay_mult: 1
  }
  param {
    lr_mult: 2
    decay_mult: 0
  }
  convolution_param {
    num_output: 512
    pad: 1
    kernel_size: 3
    weight_filler {
      type: "xavier"
    }
    bias_filler {
      type: "constant"
    }
    dilation: 1
  }
}
layer {
  name: "relu5_1"
  type: "ReLU"
  bottom: "conv5_1"
  top: "conv5_1"
}
layer {
  name: "conv5_2"
  type: "Convolution"
  bottom: "conv5_1"
  top: "conv5_2"
  param {
    lr_mult: 1
    decay_mult: 1
  }
  param {
    lr_mult: 2
    decay_mult: 0
  }
  convolution_param {
    num_output: 512
    pad: 1
    kernel_size: 3
    weight_filler {
      type: "xavier"
    }
    bias_filler {
      type: "constant"
    }
    dilation: 1
  }
}
layer {
  name: "relu5_2"
  type: "ReLU"
  bottom: "conv5_2"
  top: "conv5_2"
}
layer {
  name: "conv5_3_CPM"
  type: "Convolution"
  bottom: "conv5_2"
  top: "conv5_3_CPM"
  param {
    lr_mult: 1
    decay_mult: 1
  }
  param {
    lr_mult: 2
    decay_mult: 0
  }
  convolution_param {
    num_output: 128
    pad: 1
    kernel_size: 3
    weight_filler {
      type: "gaussian"
      std: 0.01
    }
    bias_filler {
      type: "constant"
    }
    dilation: 1
  }
}
layer {
  name: "relu5_4_stage1_3"
  type: "ReLU"
  bottom: "conv5_3_CPM"
  top: "conv5_3_CPM"
}
layer {
  name: "conv6_1_CPM"
  type: "Convolution"
  bottom: "conv5_3_CPM"
  top: "conv6_1_CPM"
  param {
    lr_mult: 1
    decay_mult: 1
  }
  param {
    lr_mult: 2
    decay_mult: 0
  }
  convolution_param {
    num_output: 512
    pad: 0
    kernel_size: 1
    weight_filler {
      type: "gaussian"
      std: 0.01
    }
    bias_filler {
      type: "constant"
    }
    dilation: 1
  }
}
layer {
  name: "relu6_4_stage1_1"
  type: "ReLU"
  bottom: "conv6_1_CPM"
  top: "conv6_1_CPM"
}
layer {
  name: "conv6_2_CPM"
  type: "Convolution"
  bottom: "conv6_1_CPM"
  top: "conv6_2_CPM"
  param {
    lr_mult: 1
    decay_mult: 1
  }
  param {
    lr_mult: 2
    decay_mult: 0
  }
  convolution_param {
    num_output: 22
    pad: 0
    kernel_size: 1
    weight_filler {
      type: "gaussian"
      std: 0.01
    }
    bias_filler {
      type: "constant"
    }
    dilation: 1
  }
}
layer {
  name: "concat_stage2"
  type: "Concat"
  bottom: "conv6_2_CPM"
  bottom: "conv5_3_CPM"
  top: "concat_stage2"
  concat_param {
    axis: 1
  }
}
layer {
  name: "Mconv1_stage2"
  type: "Convolution"
  bottom: "concat_stage2"
  top: "Mconv1_stage2"
  param {
    lr_mult: 4
    decay_mult: 1
  }
  param {
    lr_mult: 8
    decay_mult: 0
  }
  convolution_param {
    num_output: 128
    pad: 3
    kernel_size: 7
    weight_filler {
      type: "gaussian"
      std: 0.01
    }
    bias_filler {
      type: "constant"
    }
    dilation: 1
  }
}
layer {
  name: "Mrelu1_2_stage2_1"
  type: "ReLU"
  bottom: "Mconv1_stage2"
  top: "Mconv1_stage2"
}
layer {
  name: "Mconv2_stage2"
  type: "Convolution"
  bottom: "Mconv1_stage2"
  top: "Mconv2_stage2"
  param {
    lr_mult: 4
    decay_mult: 1
  }
  param {
    lr_mult: 8
    decay_mult: 0
  }
  convolution_param {
    num_output: 128
    pad: 3
    kernel_size: 7
    weight_filler {
      type: "gaussian"
      std: 0.01
    }
    bias_filler {
      type: "constant"
    }
    dilation: 1
  }
}
layer {
  name: "Mrelu1_3_stage2_2"
  type: "ReLU"
  bottom: "Mconv2_stage2"
  top: "Mconv2_stage2"
}
layer {
  name: "Mconv3_stage2"
  type: "Convolution"
  bottom: "Mconv2_stage2"
  top: "Mconv3_stage2"
  param {
    lr_mult: 4
    decay_mult: 1
  }
  param {
    lr_mult: 8
    decay_mult: 0
  }
  convolution_param {
    num_output: 128
    pad: 3
    kernel_size: 7
    weight_filler {
      type: "gaussian"
      std: 0.01
    }
    bias_filler {
      type: "constant"
    }
    dilation: 1
  }
}
layer {
  name: "Mrelu1_4_stage2_3"
  type: "ReLU"
  bottom: "Mconv3_stage2"
  top: "Mconv3_stage2"
}
layer {
  name: "Mconv4_stage2"
  type: "Convolution"
  bottom: "Mconv3_stage2"
  top: "Mconv4_stage2"
  param {
    lr_mult: 4
    decay_mult: 1
  }
  param {
    lr_mult: 8
    decay_mult: 0
  }
  convolution_param {
    num_output: 128
    pad: 3
    kernel_size: 7
    weight_filler {
      type: "gaussian"
      std: 0.01
    }
    bias_filler {
      type: "constant"
    }
    dilation: 1
  }
}
layer {
  name: "Mrelu1_5_stage2_4"
  type: "ReLU"
  bottom: "Mconv4_stage2"
  top: "Mconv4_stage2"
}
layer {
  name: "Mconv5_stage2"
  type: "Convolution"
  bottom: "Mconv4_stage2"
  top: "Mconv5_stage2"
  param {
    lr_mult: 4
    decay_mult: 1
  }
  param {
    lr_mult: 8
    decay_mult: 0
  }
  convolution_param {
    num_output: 128
    pad: 3
    kernel_size: 7
    weight_filler {
      type: "gaussian"
      std: 0.01
    }
    bias_filler {
      type: "constant"
    }
    dilation: 1
  }
}
layer {
  name: "Mrelu1_6_stage2_5"
  type: "ReLU"
  bottom: "Mconv5_stage2"
  top: "Mconv5_stage2"
}
layer {
  name: "Mconv6_stage2"
  type: "Convolution"
  bottom: "Mconv5_stage2"
  top: "Mconv6_stage2"
  param {
    lr_mult: 4
    decay_mult: 1
  }
  param {
    lr_mult: 8
    decay_mult: 0
  }
  convolution_param {
    num_output: 128
    pad: 0
    kernel_size: 1
    weight_filler {
      type: "gaussian"
      std: 0.01
    }
    bias_filler {
      type: "constant"
    }
    dilation: 1
  }
}
layer {
  name: "Mrelu1_7_stage2_6"
  type: "ReLU"
  bottom: "Mconv6_stage2"
  top: "Mconv6_stage2"
}
layer {
  name: "Mconv7_stage2"
  type: "Convolution"
  bottom: "Mconv6_stage2"
  top: "Mconv7_stage2"
  param {
    lr_mult: 4
    decay_mult: 1
  }
  param {
    lr_mult: 8
    decay_mult: 0
  }
  convolution_param {
    num_output: 22
    pad: 0
    kernel_size: 1
    weight_filler {
      type: "gaussian"
      std: 0.01
    }
    bias_filler {
      type: "constant"
    }
    dilation: 1
  }
}
layer {
  name: "concat_stage3"
  type: "Concat"
  bottom: "Mconv7_stage2"
  bottom: "conv5_3_CPM"
  top: "concat_stage3"
  concat_param {
    axis: 1
  }
}
layer {
  name: "Mconv1_stage3"
  type: "Convolution"
  bottom: "concat_stage3"
  top: "Mconv1_stage3"
  param {
    lr_mult: 4
    decay_mult: 1
  }
  param {
    lr_mult: 8
    decay_mult: 0
  }
  convolution_param {
    num_output: 128
    pad: 3
    kernel_size: 7
    weight_filler {
      type: "gaussian"
      std: 0.01
    }
    bias_filler {
      type: "constant"
    }
    dilation: 1
  }
}
layer {
  name: "Mrelu1_2_stage3_1"
  type: "ReLU"
  bottom: "Mconv1_stage3"
  top: "Mconv1_stage3"
}
layer {
  name: "Mconv2_stage3"
  type: "Convolution"
  bottom: "Mconv1_stage3"
  top: "Mconv2_stage3"
  param {
    lr_mult: 4
    decay_mult: 1
  }
  param {
    lr_mult: 8
    decay_mult: 0
  }
  convolution_param {
    num_output: 128
    pad: 3
    kernel_size: 7
    weight_filler {
      type: "gaussian"
      std: 0.01
    }
    bias_filler {
      type: "constant"
    }
    dilation: 1
  }
}
layer {
  name: "Mrelu1_3_stage3_2"
  type: "ReLU"
  bottom: "Mconv2_stage3"
  top: "Mconv2_stage3"
}
layer {
  name: "Mconv3_stage3"
  type: "Convolution"
  bottom: "Mconv2_stage3"
  top: "Mconv3_stage3"
  param {
    lr_mult: 4
    decay_mult: 1
  }
  param {
    lr_mult: 8
    decay_mult: 0
  }
  convolution_param {
    num_output: 128
    pad: 3
    kernel_size: 7
    weight_filler {
      type: "gaussian"
      std: 0.01
    }
    bias_filler {
      type: "constant"
    }
    dilation: 1
  }
}
layer {
  name: "Mrelu1_4_stage3_3"
  type: "ReLU"
  bottom: "Mconv3_stage3"
  top: "Mconv3_stage3"
}
layer {
  name: "Mconv4_stage3"
  type: "Convolution"
  bottom: "Mconv3_stage3"
  top: "Mconv4_stage3"
  param {
    lr_mult: 4
    decay_mult: 1
  }
  param {
    lr_mult: 8
    decay_mult: 0
  }
  convolution_param {
    num_output: 128
    pad: 3
    kernel_size: 7
    weight_filler {
      type: "gaussian"
      std: 0.01
    }
    bias_filler {
      type: "constant"
    }
    dilation: 1
  }
}
layer {
  name: "Mrelu1_5_stage3_4"
  type: "ReLU"
  bottom: "Mconv4_stage3"
  top: "Mconv4_stage3"
}
layer {
  name: "Mconv5_stage3"
  type: "Convolution"
  bottom: "Mconv4_stage3"
  top: "Mconv5_stage3"
  param {
    lr_mult: 4
    decay_mult: 1
  }
  param {
    lr_mult: 8
    decay_mult: 0
  }
  convolution_param {
    num_output: 128
    pad: 3
    kernel_size: 7
    weight_filler {
      type: "gaussian"
      std: 0.01
    }
    bias_filler {
      type: "constant"
    }
    dilation: 1
  }
}
layer {
  name: "Mrelu1_6_stage3_5"
  type: "ReLU"
  bottom: "Mconv5_stage3"
  top: "Mconv5_stage3"
}
layer {
  name: "Mconv6_stage3"
  type: "Convolution"
  bottom: "Mconv5_stage3"
  top: "Mconv6_stage3"
  param {
    lr_mult: 4
    decay_mult: 1
  }
  param {
    lr_mult: 8
    decay_mult: 0
  }
  convolution_param {
    num_output: 128
    pad: 0
    kernel_size: 1
    weight_filler {
      type: "gaussian"
      std: 0.01
    }
    bias_filler {
      type: "constant"
    }
    dilation: 1
  }
}
layer {
  name: "Mrelu1_7_stage3_6"
  type: "ReLU"
  bottom: "Mconv6_stage3"
  top: "Mconv6_stage3"
}
layer {
  name: "Mconv7_stage3"
  type: "Convolution"
  bottom: "Mconv6_stage3"
  top: "Mconv7_stage3"
  param {
    lr_mult: 4
    decay_mult: 1
  }
  param {
    lr_mult: 8
    decay_mult: 0
  }
  convolution_param {
    num_output: 22
    pad: 0
    kernel_size: 1
    weight_filler {
      type: "gaussian"
      std: 0.01
    }
    bias_filler {
      type: "constant"
    }
    dilation: 1
  }
}
layer {
  name: "concat_stage4"
  type: "Concat"
  bottom: "Mconv7_stage3"
  bottom: "conv5_3_CPM"
  top: "concat_stage4"
  concat_param {
    axis: 1
  }
}
layer {
  name: "Mconv1_stage4"
  type: "Convolution"
  bottom: "concat_stage4"
  top: "Mconv1_stage4"
  param {
    lr_mult: 4
    decay_mult: 1
  }
  param {
    lr_mult: 8
    decay_mult: 0
  }
  convolution_param {
    num_output: 128
    pad: 3
    kernel_size: 7
    weight_filler {
      type: "gaussian"
      std: 0.01
    }
    bias_filler {
      type: "constant"
    }
    dilation: 1
  }
}
layer {
  name: "Mrelu1_2_stage4_1"
  type: "ReLU"
  bottom: "Mconv1_stage4"
  top: "Mconv1_stage4"
}
layer {
  name: "Mconv2_stage4"
  type: "Convolution"
  bottom: "Mconv1_stage4"
  top: "Mconv2_stage4"
  param {
    lr_mult: 4
    decay_mult: 1
  }
  param {
    lr_mult: 8
    decay_mult: 0
  }
  convolution_param {
    num_output: 128
    pad: 3
    kernel_size: 7
    weight_filler {
      type: "gaussian"
      std: 0.01
    }
    bias_filler {
      type: "constant"
    }
    dilation: 1
  }
}
layer {
  name: "Mrelu1_3_stage4_2"
  type: "ReLU"
  bottom: "Mconv2_stage4"
  top: "Mconv2_stage4"
}
layer {
  name: "Mconv3_stage4"
  type: "Convolution"
  bottom: "Mconv2_stage4"
  top: "Mconv3_stage4"
  param {
    lr_mult: 4
    decay_mult: 1
  }
  param {
    lr_mult: 8
    decay_mult: 0
  }
  convolution_param {
    num_output: 128
    pad: 3
    kernel_size: 7
    weight_filler {
      type: "gaussian"
      std: 0.01
    }
    bias_filler {
      type: "constant"
    }
    dilation: 1
  }
}
layer {
  name: "Mrelu1_4_stage4_3"
  type: "ReLU"
  bottom: "Mconv3_stage4"
  top: "Mconv3_stage4"
}
layer {
  name: "Mconv4_stage4"
  type: "Convolution"
  bottom: "Mconv3_stage4"
  top: "Mconv4_stage4"
  param {
    lr_mult: 4
    decay_mult: 1
  }
  param {
    lr_mult: 8
    decay_mult: 0
  }
  convolution_param {
    num_output: 128
    pad: 3
    kernel_size: 7
    weight_filler {
      type: "gaussian"
      std: 0.01
    }
    bias_filler {
      type: "constant"
    }
    dilation: 1
  }
}
layer {
  name: "Mrelu1_5_stage4_4"
  type: "ReLU"
  bottom: "Mconv4_stage4"
  top: "Mconv4_stage4"
}
layer {
  name: "Mconv5_stage4"
  type: "Convolution"
  bottom: "Mconv4_stage4"
  top: "Mconv5_stage4"
  param {
    lr_mult: 4
    decay_mult: 1
  }
  param {
    lr_mult: 8
    decay_mult: 0
  }
  convolution_param {
    num_output: 128
    pad: 3
    kernel_size: 7
    weight_filler {
      type: "gaussian"
      std: 0.01
    }
    bias_filler {
      type: "constant"
    }
    dilation: 1
  }
}
layer {
  name: "Mrelu1_6_stage4_5"
  type: "ReLU"
  bottom: "Mconv5_stage4"
  top: "Mconv5_stage4"
}
layer {
  name: "Mconv6_stage4"
  type: "Convolution"
  bottom: "Mconv5_stage4"
  top: "Mconv6_stage4"
  param {
    lr_mult: 4
    decay_mult: 1
  }
  param {
    lr_mult: 8
    decay_mult: 0
  }
  convolution_param {
    num_output: 128
    pad: 0
    kernel_size: 1
    weight_filler {
      type: "gaussian"
      std: 0.01
    }
    bias_filler {
      type: "constant"
    }
    dilation: 1
  }
}
layer {
  name: "Mrelu1_7_stage4_6"
  type: "ReLU"
  bottom: "Mconv6_stage4"
  top: "Mconv6_stage4"
}
layer {
  name: "Mconv7_stage4"
  type: "Convolution"
  bottom: "Mconv6_stage4"
  top: "Mconv7_stage4"
  param {
    lr_mult: 4
    decay_mult: 1
  }
  param {
    lr_mult: 8
    decay_mult: 0
  }
  convolution_param {
    num_output: 22
    pad: 0
    kernel_size: 1
    weight_filler {
      type: "gaussian"
      std: 0.01
    }
    bias_filler {
      type: "constant"
    }
    dilation: 1
  }
}
layer {
  name: "concat_stage5"
  type: "Concat"
  bottom: "Mconv7_stage4"
  bottom: "conv5_3_CPM"
  top: "concat_stage5"
  concat_param {
    axis: 1
  }
}
layer {
  name: "Mconv1_stage5"
  type: "Convolution"
  bottom: "concat_stage5"
  top: "Mconv1_stage5"
  param {
    lr_mult: 4
    decay_mult: 1
  }
  param {
    lr_mult: 8
    decay_mult: 0
  }
  convolution_param {
    num_output: 128
    pad: 3
    kernel_size: 7
    weight_filler {
      type: "gaussian"
      std: 0.01
    }
    bias_filler {
      type: "constant"
    }
    dilation: 1
  }
}
layer {
  name: "Mrelu1_2_stage5_1"
  type: "ReLU"
  bottom: "Mconv1_stage5"
  top: "Mconv1_stage5"
}
layer {
  name: "Mconv2_stage5"
  type: "Convolution"
  bottom: "Mconv1_stage5"
  top: "Mconv2_stage5"
  param {
    lr_mult: 4
    decay_mult: 1
  }
  param {
    lr_mult: 8
    decay_mult: 0
  }
  convolution_param {
    num_output: 128
    pad: 3
    kernel_size: 7
    weight_filler {
      type: "gaussian"
      std: 0.01
    }
    bias_filler {
      type: "constant"
    }
    dilation: 1
  }
}
layer {
  name: "Mrelu1_3_stage5_2"
  type: "ReLU"
  bottom: "Mconv2_stage5"
  top: "Mconv2_stage5"
}
layer {
  name: "Mconv3_stage5"
  type: "Convolution"
  bottom: "Mconv2_stage5"
  top: "Mconv3_stage5"
  param {
    lr_mult: 4
    decay_mult: 1
  }
  param {
    lr_mult: 8
    decay_mult: 0
  }
  convolution_param {
    num_output: 128
    pad: 3
    kernel_size: 7
    weight_filler {
      type: "gaussian"
      std: 0.01
    }
    bias_filler {
      type: "constant"
    }
    dilation: 1
  }
}
layer {
  name: "Mrelu1_4_stage5_3"
  type: "ReLU"
  bottom: "Mconv3_stage5"
  top: "Mconv3_stage5"
}
layer {
  name: "Mconv4_stage5"
  type: "Convolution"
  bottom: "Mconv3_stage5"
  top: "Mconv4_stage5"
  param {
    lr_mult: 4
    decay_mult: 1
  }
  param {
    lr_mult: 8
    decay_mult: 0
  }
  convolution_param {
    num_output: 128
    pad: 3
    kernel_size: 7
    weight_filler {
      type: "gaussian"
      std: 0.01
    }
    bias_filler {
      type: "constant"
    }
    dilation: 1
  }
}
layer {
  name: "Mrelu1_5_stage5_4"
  type: "ReLU"
  bottom: "Mconv4_stage5"
  top: "Mconv4_stage5"
}
layer {
  name: "Mconv5_stage5"
  type: "Convolution"
  bottom: "Mconv4_stage5"
  top: "Mconv5_stage5"
  param {
    lr_mult: 4
    decay_mult: 1
  }
  param {
    lr_mult: 8
    decay_mult: 0
  }
  convolution_param {
    num_output: 128
    pad: 3
    kernel_size: 7
    weight_filler {
      type: "gaussian"
      std: 0.01
    }
    bias_filler {
      type: "constant"
    }
    dilation: 1
  }
}
layer {
  name: "Mrelu1_6_stage5_5"
  type: "ReLU"
  bottom: "Mconv5_stage5"
  top: "Mconv5_stage5"
}
layer {
  name: "Mconv6_stage5"
  type: "Convolution"
  bottom: "Mconv5_stage5"
  top: "Mconv6_stage5"
  param {
    lr_mult: 4
    decay_mult: 1
  }
  param {
    lr_mult: 8
    decay_mult: 0
  }
  convolution_param {
    num_output: 128
    pad: 0
    kernel_size: 1
    weight_filler {
      type: "gaussian"
      std: 0.01
    }
    bias_filler {
      type: "constant"
    }
    dilation: 1
  }
}
layer {
  name: "Mrelu1_7_stage5_6"
  type: "ReLU"
  bottom: "Mconv6_stage5"
  top: "Mconv6_stage5"
}
layer {
  name: "Mconv7_stage5"
  type: "Convolution"
  bottom: "Mconv6_stage5"
  top: "Mconv7_stage5"
  param {
    lr_mult: 4
    decay_mult: 1
  }
  param {
    lr_mult: 8
    decay_mult: 0
  }
  convolution_param {
    num_output: 22
    pad: 0
    kernel_size: 1
    weight_filler {
      type: "gaussian"
      std: 0.01
    }
    bias_filler {
      type: "constant"
    }
    dilation: 1
  }
}
layer {
  name: "concat_stage6"
  type: "Concat"
  bottom: "Mconv7_stage5"
  bottom: "conv5_3_CPM"
  top: "concat_stage6"
  concat_param {
    axis: 1
  }
}
layer {
  name: "Mconv1_stage6"
  type: "Convolution"
  bottom: "concat_stage6"
  top: "Mconv1_stage6"
  param {
    lr_mult: 4
    decay_mult: 1
  }
  param {
    lr_mult: 8
    decay_mult: 0
  }
  convolution_param {
    num_output: 128
    pad: 3
    kernel_size: 7
    weight_filler {
      type: "gaussian"
      std: 0.01
    }
    bias_filler {
      type: "constant"
    }
    dilation: 1
  }
}
layer {
  name: "Mrelu1_2_stage6_1"
  type: "ReLU"
  bottom: "Mconv1_stage6"
  top: "Mconv1_stage6"
}
layer {
  name: "Mconv2_stage6"
  type: "Convolution"
  bottom: "Mconv1_stage6"
  top: "Mconv2_stage6"
  param {
    lr_mult: 4
    decay_mult: 1
  }
  param {
    lr_mult: 8
    decay_mult: 0
  }
  convolution_param {
    num_output: 128
    pad: 3
    kernel_size: 7
    weight_filler {
      type: "gaussian"
      std: 0.01
    }
    bias_filler {
      type: "constant"
    }
    dilation: 1
  }
}
layer {
  name: "Mrelu1_3_stage6_2"
  type: "ReLU"
  bottom: "Mconv2_stage6"
  top: "Mconv2_stage6"
}
layer {
  name: "Mconv3_stage6"
  type: "Convolution"
  bottom: "Mconv2_stage6"
  top: "Mconv3_stage6"
  param {
    lr_mult: 4
    decay_mult: 1
  }
  param {
    lr_mult: 8
    decay_mult: 0
  }
  convolution_param {
    num_output: 128
    pad: 3
    kernel_size: 7
    weight_filler {
      type: "gaussian"
      std: 0.01
    }
    bias_filler {
      type: "constant"
    }
    dilation: 1
  }
}
layer {
  name: "Mrelu1_4_stage6_3"
  type: "ReLU"
  bottom: "Mconv3_stage6"
  top: "Mconv3_stage6"
}
layer {
  name: "Mconv4_stage6"
  type: "Convolution"
  bottom: "Mconv3_stage6"
  top: "Mconv4_stage6"
  param {
    lr_mult: 4
    decay_mult: 1
  }
  param {
    lr_mult: 8
    decay_mult: 0
  }
  convolution_param {
    num_output: 128
    pad: 3
    kernel_size: 7
    weight_filler {
      type: "gaussian"
      std: 0.01
    }
    bias_filler {
      type: "constant"
    }
    dilation: 1
  }
}
layer {
  name: "Mrelu1_5_stage6_4"
  type: "ReLU"
  bottom: "Mconv4_stage6"
  top: "Mconv4_stage6"
}
layer {
  name: "Mconv5_stage6"
  type: "Convolution"
  bottom: "Mconv4_stage6"
  top: "Mconv5_stage6"
  param {
    lr_mult: 4
    decay_mult: 1
  }
  param {
    lr_mult: 8
    decay_mult: 0
  }
  convolution_param {
    num_output: 128
    pad: 3
    kernel_size: 7
    weight_filler {
      type: "gaussian"
      std: 0.01
    }
    bias_filler {
      type: "constant"
    }
    dilation: 1
  }
}
layer {
  name: "Mrelu1_6_stage6_5"
  type: "ReLU"
  bottom: "Mconv5_stage6"
  top: "Mconv5_stage6"
}
layer {
  name: "Mconv6_stage6"
  type: "Convolution"
  bottom: "Mconv5_stage6"
  top: "Mconv6_stage6"
  param {
    lr_mult: 4
    decay_mult: 1
  }
  param {
    lr_mult: 8
    decay_mult: 0
  }
  convolution_param {
    num_output: 128
    pad: 0
    kernel_size: 1
    weight_filler {
      type: "gaussian"
      std: 0.01
    }
    bias_filler {
      type: "constant"
    }
    dilation: 1
  }
}
layer {
  name: "Mrelu1_7_stage6_6"
  type: "ReLU"
  bottom: "Mconv6_stage6"
  top: "Mconv6_stage6"
}
layer {
  name: "Mconv7_stage6"
  type: "Convolution"
  bottom: "Mconv6_stage6"
  top: "net_output"
  param {
    lr_mult: 4
    decay_mult: 1
  }
  param {
    lr_mult: 8
    decay_mult: 0
  }
  convolution_param {
    num_output: 22
    pad: 0
    kernel_size: 1
    weight_filler {
      type: "gaussian"
      std: 0.01
    }
    bias_filler {
      type: "constant"
    }
    dilation: 1
  }
}
I0923 17:58:26.075385 2175012 layer_factory.hpp:77] Creating layer input
I0923 17:58:26.075390 2175012 net.cpp:86] Creating Layer input
I0923 17:58:26.075392 2175012 net.cpp:382] input -> image
I0923 17:58:26.075405 2175012 net.cpp:124] Setting up input
I0923 17:58:26.075407 2175012 net.cpp:131] Top shape: 1 3 1 1 (3)
I0923 17:58:26.075408 2175012 net.cpp:139] Memory required for data: 12
I0923 17:58:26.075409 2175012 layer_factory.hpp:77] Creating layer conv1_1
I0923 17:58:26.075412 2175012 net.cpp:86] Creating Layer conv1_1
I0923 17:58:26.075414 2175012 net.cpp:408] conv1_1 <- image
I0923 17:58:26.075416 2175012 net.cpp:382] conv1_1 -> conv1_1
I0923 17:58:26.084059 2175012 net.cpp:124] Setting up conv1_1
I0923 17:58:26.084064 2175012 net.cpp:131] Top shape: 1 64 1 1 (64)
I0923 17:58:26.084065 2175012 net.cpp:139] Memory required for data: 268
I0923 17:58:26.084069 2175012 layer_factory.hpp:77] Creating layer relu1_1
I0923 17:58:26.084072 2175012 net.cpp:86] Creating Layer relu1_1
I0923 17:58:26.084074 2175012 net.cpp:408] relu1_1 <- conv1_1
I0923 17:58:26.084075 2175012 net.cpp:369] relu1_1 -> conv1_1 (in-place)
I0923 17:58:26.087395 2175012 net.cpp:124] Setting up relu1_1
I0923 17:58:26.087399 2175012 net.cpp:131] Top shape: 1 64 1 1 (64)
I0923 17:58:26.087400 2175012 net.cpp:139] Memory required for data: 524
I0923 17:58:26.087401 2175012 layer_factory.hpp:77] Creating layer conv1_2
I0923 17:58:26.087405 2175012 net.cpp:86] Creating Layer conv1_2
I0923 17:58:26.087406 2175012 net.cpp:408] conv1_2 <- conv1_1
I0923 17:58:26.087409 2175012 net.cpp:382] conv1_2 -> conv1_2
I0923 17:58:26.096333 2175012 net.cpp:124] Setting up conv1_2
I0923 17:58:26.096338 2175012 net.cpp:131] Top shape: 1 64 1 1 (64)
I0923 17:58:26.096339 2175012 net.cpp:139] Memory required for data: 780
I0923 17:58:26.096342 2175012 layer_factory.hpp:77] Creating layer relu1_2
I0923 17:58:26.096345 2175012 net.cpp:86] Creating Layer relu1_2
I0923 17:58:26.096346 2175012 net.cpp:408] relu1_2 <- conv1_2
I0923 17:58:26.096347 2175012 net.cpp:369] relu1_2 -> conv1_2 (in-place)
I0923 17:58:26.099112 2175012 net.cpp:124] Setting up relu1_2
I0923 17:58:26.099115 2175012 net.cpp:131] Top shape: 1 64 1 1 (64)
I0923 17:58:26.099117 2175012 net.cpp:139] Memory required for data: 1036
I0923 17:58:26.099118 2175012 layer_factory.hpp:77] Creating layer pool1_stage1
I0923 17:58:26.099121 2175012 net.cpp:86] Creating Layer pool1_stage1
I0923 17:58:26.099123 2175012 net.cpp:408] pool1_stage1 <- conv1_2
I0923 17:58:26.099124 2175012 net.cpp:382] pool1_stage1 -> pool1_stage1
I0923 17:58:26.099134 2175012 net.cpp:124] Setting up pool1_stage1
I0923 17:58:26.099136 2175012 net.cpp:131] Top shape: 1 64 1 1 (64)
I0923 17:58:26.099138 2175012 net.cpp:139] Memory required for data: 1292
I0923 17:58:26.099138 2175012 layer_factory.hpp:77] Creating layer conv2_1
I0923 17:58:26.099141 2175012 net.cpp:86] Creating Layer conv2_1
I0923 17:58:26.099143 2175012 net.cpp:408] conv2_1 <- pool1_stage1
I0923 17:58:26.099143 2175012 net.cpp:382] conv2_1 -> conv2_1
I0923 17:58:26.107118 2175012 net.cpp:124] Setting up conv2_1
I0923 17:58:26.107123 2175012 net.cpp:131] Top shape: 1 128 1 1 (128)
I0923 17:58:26.107125 2175012 net.cpp:139] Memory required for data: 1804
I0923 17:58:26.107128 2175012 layer_factory.hpp:77] Creating layer relu2_1
I0923 17:58:26.107131 2175012 net.cpp:86] Creating Layer relu2_1
I0923 17:58:26.107132 2175012 net.cpp:408] relu2_1 <- conv2_1
I0923 17:58:26.107133 2175012 net.cpp:369] relu2_1 -> conv2_1 (in-place)
I0923 17:58:26.112596 2175012 net.cpp:124] Setting up relu2_1
I0923 17:58:26.112598 2175012 net.cpp:131] Top shape: 1 128 1 1 (128)
I0923 17:58:26.112600 2175012 net.cpp:139] Memory required for data: 2316
I0923 17:58:26.112601 2175012 layer_factory.hpp:77] Creating layer conv2_2
I0923 17:58:26.112605 2175012 net.cpp:86] Creating Layer conv2_2
I0923 17:58:26.112607 2175012 net.cpp:408] conv2_2 <- conv2_1
I0923 17:58:26.112608 2175012 net.cpp:382] conv2_2 -> conv2_2
I0923 17:58:26.120569 2175012 net.cpp:124] Setting up conv2_2
I0923 17:58:26.120573 2175012 net.cpp:131] Top shape: 1 128 1 1 (128)
I0923 17:58:26.120575 2175012 net.cpp:139] Memory required for data: 2828
I0923 17:58:26.120577 2175012 layer_factory.hpp:77] Creating layer relu2_2
I0923 17:58:26.120580 2175012 net.cpp:86] Creating Layer relu2_2
I0923 17:58:26.120581 2175012 net.cpp:408] relu2_2 <- conv2_2
I0923 17:58:26.120584 2175012 net.cpp:369] relu2_2 -> conv2_2 (in-place)
I0923 17:58:26.123006 2175012 net.cpp:124] Setting up relu2_2
I0923 17:58:26.123009 2175012 net.cpp:131] Top shape: 1 128 1 1 (128)
I0923 17:58:26.123011 2175012 net.cpp:139] Memory required for data: 3340
I0923 17:58:26.123013 2175012 layer_factory.hpp:77] Creating layer pool2_stage1
I0923 17:58:26.123014 2175012 net.cpp:86] Creating Layer pool2_stage1
I0923 17:58:26.123016 2175012 net.cpp:408] pool2_stage1 <- conv2_2
I0923 17:58:26.123018 2175012 net.cpp:382] pool2_stage1 -> pool2_stage1
I0923 17:58:26.123027 2175012 net.cpp:124] Setting up pool2_stage1
I0923 17:58:26.123028 2175012 net.cpp:131] Top shape: 1 128 1 1 (128)
I0923 17:58:26.123029 2175012 net.cpp:139] Memory required for data: 3852
I0923 17:58:26.123030 2175012 layer_factory.hpp:77] Creating layer conv3_1
I0923 17:58:26.123034 2175012 net.cpp:86] Creating Layer conv3_1
I0923 17:58:26.123035 2175012 net.cpp:408] conv3_1 <- pool2_stage1
I0923 17:58:26.123036 2175012 net.cpp:382] conv3_1 -> conv3_1
I0923 17:58:26.132244 2175012 net.cpp:124] Setting up conv3_1
I0923 17:58:26.132249 2175012 net.cpp:131] Top shape: 1 256 1 1 (256)
I0923 17:58:26.132251 2175012 net.cpp:139] Memory required for data: 4876
I0923 17:58:26.132254 2175012 layer_factory.hpp:77] Creating layer relu3_1
I0923 17:58:26.132256 2175012 net.cpp:86] Creating Layer relu3_1
I0923 17:58:26.132257 2175012 net.cpp:408] relu3_1 <- conv3_1
I0923 17:58:26.132259 2175012 net.cpp:369] relu3_1 -> conv3_1 (in-place)
I0923 17:58:26.134671 2175012 net.cpp:124] Setting up relu3_1
I0923 17:58:26.134675 2175012 net.cpp:131] Top shape: 1 256 1 1 (256)
I0923 17:58:26.134675 2175012 net.cpp:139] Memory required for data: 5900
I0923 17:58:26.134676 2175012 layer_factory.hpp:77] Creating layer conv3_2
I0923 17:58:26.134680 2175012 net.cpp:86] Creating Layer conv3_2
I0923 17:58:26.134681 2175012 net.cpp:408] conv3_2 <- conv3_1
I0923 17:58:26.134683 2175012 net.cpp:382] conv3_2 -> conv3_2
I0923 17:58:26.144285 2175012 net.cpp:124] Setting up conv3_2
I0923 17:58:26.144289 2175012 net.cpp:131] Top shape: 1 256 1 1 (256)
I0923 17:58:26.144291 2175012 net.cpp:139] Memory required for data: 6924
I0923 17:58:26.144294 2175012 layer_factory.hpp:77] Creating layer relu3_2
I0923 17:58:26.144296 2175012 net.cpp:86] Creating Layer relu3_2
I0923 17:58:26.144297 2175012 net.cpp:408] relu3_2 <- conv3_2
I0923 17:58:26.144299 2175012 net.cpp:369] relu3_2 -> conv3_2 (in-place)
I0923 17:58:26.146889 2175012 net.cpp:124] Setting up relu3_2
I0923 17:58:26.146893 2175012 net.cpp:131] Top shape: 1 256 1 1 (256)
I0923 17:58:26.146893 2175012 net.cpp:139] Memory required for data: 7948
I0923 17:58:26.146894 2175012 layer_factory.hpp:77] Creating layer conv3_3
I0923 17:58:26.146898 2175012 net.cpp:86] Creating Layer conv3_3
I0923 17:58:26.146899 2175012 net.cpp:408] conv3_3 <- conv3_2
I0923 17:58:26.146901 2175012 net.cpp:382] conv3_3 -> conv3_3
I0923 17:58:26.156622 2175012 net.cpp:124] Setting up conv3_3
I0923 17:58:26.156626 2175012 net.cpp:131] Top shape: 1 256 1 1 (256)
I0923 17:58:26.156628 2175012 net.cpp:139] Memory required for data: 8972
I0923 17:58:26.156630 2175012 layer_factory.hpp:77] Creating layer relu3_3
I0923 17:58:26.156633 2175012 net.cpp:86] Creating Layer relu3_3
I0923 17:58:26.156634 2175012 net.cpp:408] relu3_3 <- conv3_3
I0923 17:58:26.156635 2175012 net.cpp:369] relu3_3 -> conv3_3 (in-place)
I0923 17:58:26.159119 2175012 net.cpp:124] Setting up relu3_3
I0923 17:58:26.159122 2175012 net.cpp:131] Top shape: 1 256 1 1 (256)
I0923 17:58:26.159124 2175012 net.cpp:139] Memory required for data: 9996
I0923 17:58:26.159125 2175012 layer_factory.hpp:77] Creating layer conv3_4
I0923 17:58:26.159128 2175012 net.cpp:86] Creating Layer conv3_4
I0923 17:58:26.159129 2175012 net.cpp:408] conv3_4 <- conv3_3
I0923 17:58:26.159132 2175012 net.cpp:382] conv3_4 -> conv3_4
I0923 17:58:26.172188 2175012 net.cpp:124] Setting up conv3_4
I0923 17:58:26.172194 2175012 net.cpp:131] Top shape: 1 256 1 1 (256)
I0923 17:58:26.172195 2175012 net.cpp:139] Memory required for data: 11020
I0923 17:58:26.172199 2175012 layer_factory.hpp:77] Creating layer relu3_4
I0923 17:58:26.172201 2175012 net.cpp:86] Creating Layer relu3_4
I0923 17:58:26.172202 2175012 net.cpp:408] relu3_4 <- conv3_4
I0923 17:58:26.172204 2175012 net.cpp:369] relu3_4 -> conv3_4 (in-place)
I0923 17:58:26.174595 2175012 net.cpp:124] Setting up relu3_4
I0923 17:58:26.174598 2175012 net.cpp:131] Top shape: 1 256 1 1 (256)
I0923 17:58:26.174600 2175012 net.cpp:139] Memory required for data: 12044
I0923 17:58:26.174602 2175012 layer_factory.hpp:77] Creating layer pool3_stage1
I0923 17:58:26.174604 2175012 net.cpp:86] Creating Layer pool3_stage1
I0923 17:58:26.174605 2175012 net.cpp:408] pool3_stage1 <- conv3_4
I0923 17:58:26.174607 2175012 net.cpp:382] pool3_stage1 -> pool3_stage1
I0923 17:58:26.174618 2175012 net.cpp:124] Setting up pool3_stage1
I0923 17:58:26.174619 2175012 net.cpp:131] Top shape: 1 256 1 1 (256)
I0923 17:58:26.174620 2175012 net.cpp:139] Memory required for data: 13068
I0923 17:58:26.174621 2175012 layer_factory.hpp:77] Creating layer conv4_1
I0923 17:58:26.174625 2175012 net.cpp:86] Creating Layer conv4_1
I0923 17:58:26.174626 2175012 net.cpp:408] conv4_1 <- pool3_stage1
I0923 17:58:26.174628 2175012 net.cpp:382] conv4_1 -> conv4_1
I0923 17:58:26.186596 2175012 net.cpp:124] Setting up conv4_1
I0923 17:58:26.186601 2175012 net.cpp:131] Top shape: 1 512 1 1 (512)
I0923 17:58:26.186604 2175012 net.cpp:139] Memory required for data: 15116
I0923 17:58:26.186606 2175012 layer_factory.hpp:77] Creating layer relu4_1
I0923 17:58:26.186609 2175012 net.cpp:86] Creating Layer relu4_1
I0923 17:58:26.186610 2175012 net.cpp:408] relu4_1 <- conv4_1
I0923 17:58:26.186612 2175012 net.cpp:369] relu4_1 -> conv4_1 (in-place)
I0923 17:58:26.190001 2175012 net.cpp:124] Setting up relu4_1
I0923 17:58:26.190003 2175012 net.cpp:131] Top shape: 1 512 1 1 (512)
I0923 17:58:26.190006 2175012 net.cpp:139] Memory required for data: 17164
I0923 17:58:26.190006 2175012 layer_factory.hpp:77] Creating layer conv4_2
I0923 17:58:26.190011 2175012 net.cpp:86] Creating Layer conv4_2
I0923 17:58:26.190011 2175012 net.cpp:408] conv4_2 <- conv4_1
I0923 17:58:26.190013 2175012 net.cpp:382] conv4_2 -> conv4_2
I0923 17:58:26.205730 2175012 net.cpp:124] Setting up conv4_2
I0923 17:58:26.205735 2175012 net.cpp:131] Top shape: 1 512 1 1 (512)
I0923 17:58:26.205737 2175012 net.cpp:139] Memory required for data: 19212
I0923 17:58:26.205739 2175012 layer_factory.hpp:77] Creating layer relu4_2
I0923 17:58:26.205742 2175012 net.cpp:86] Creating Layer relu4_2
I0923 17:58:26.205744 2175012 net.cpp:408] relu4_2 <- conv4_2
I0923 17:58:26.205745 2175012 net.cpp:369] relu4_2 -> conv4_2 (in-place)
I0923 17:58:26.210937 2175012 net.cpp:124] Setting up relu4_2
I0923 17:58:26.210940 2175012 net.cpp:131] Top shape: 1 512 1 1 (512)
I0923 17:58:26.210942 2175012 net.cpp:139] Memory required for data: 21260
I0923 17:58:26.210943 2175012 layer_factory.hpp:77] Creating layer conv4_3
I0923 17:58:26.210947 2175012 net.cpp:86] Creating Layer conv4_3
I0923 17:58:26.210948 2175012 net.cpp:408] conv4_3 <- conv4_2
I0923 17:58:26.210950 2175012 net.cpp:382] conv4_3 -> conv4_3
I0923 17:58:26.226361 2175012 net.cpp:124] Setting up conv4_3
I0923 17:58:26.226367 2175012 net.cpp:131] Top shape: 1 512 1 1 (512)
I0923 17:58:26.226369 2175012 net.cpp:139] Memory required for data: 23308
I0923 17:58:26.226372 2175012 layer_factory.hpp:77] Creating layer relu4_3
I0923 17:58:26.226375 2175012 net.cpp:86] Creating Layer relu4_3
I0923 17:58:26.226377 2175012 net.cpp:408] relu4_3 <- conv4_3
I0923 17:58:26.226378 2175012 net.cpp:369] relu4_3 -> conv4_3 (in-place)
I0923 17:58:26.229830 2175012 net.cpp:124] Setting up relu4_3
I0923 17:58:26.229832 2175012 net.cpp:131] Top shape: 1 512 1 1 (512)
I0923 17:58:26.229833 2175012 net.cpp:139] Memory required for data: 25356
I0923 17:58:26.229835 2175012 layer_factory.hpp:77] Creating layer conv4_4
I0923 17:58:26.229838 2175012 net.cpp:86] Creating Layer conv4_4
I0923 17:58:26.229840 2175012 net.cpp:408] conv4_4 <- conv4_3
I0923 17:58:26.229841 2175012 net.cpp:382] conv4_4 -> conv4_4
I0923 17:58:26.245141 2175012 net.cpp:124] Setting up conv4_4
I0923 17:58:26.245146 2175012 net.cpp:131] Top shape: 1 512 1 1 (512)
I0923 17:58:26.245148 2175012 net.cpp:139] Memory required for data: 27404
I0923 17:58:26.245150 2175012 layer_factory.hpp:77] Creating layer relu4_4
I0923 17:58:26.245152 2175012 net.cpp:86] Creating Layer relu4_4
I0923 17:58:26.245154 2175012 net.cpp:408] relu4_4 <- conv4_4
I0923 17:58:26.245155 2175012 net.cpp:369] relu4_4 -> conv4_4 (in-place)
I0923 17:58:26.247730 2175012 net.cpp:124] Setting up relu4_4
I0923 17:58:26.247733 2175012 net.cpp:131] Top shape: 1 512 1 1 (512)
I0923 17:58:26.247735 2175012 net.cpp:139] Memory required for data: 29452
I0923 17:58:26.247735 2175012 layer_factory.hpp:77] Creating layer conv5_1
I0923 17:58:26.247740 2175012 net.cpp:86] Creating Layer conv5_1
I0923 17:58:26.247740 2175012 net.cpp:408] conv5_1 <- conv4_4
I0923 17:58:26.247742 2175012 net.cpp:382] conv5_1 -> conv5_1
I0923 17:58:26.263011 2175012 net.cpp:124] Setting up conv5_1
I0923 17:58:26.263016 2175012 net.cpp:131] Top shape: 1 512 1 1 (512)
I0923 17:58:26.263018 2175012 net.cpp:139] Memory required for data: 31500
I0923 17:58:26.263020 2175012 layer_factory.hpp:77] Creating layer relu5_1
I0923 17:58:26.263023 2175012 net.cpp:86] Creating Layer relu5_1
I0923 17:58:26.263024 2175012 net.cpp:408] relu5_1 <- conv5_1
I0923 17:58:26.263026 2175012 net.cpp:369] relu5_1 -> conv5_1 (in-place)
I0923 17:58:26.265614 2175012 net.cpp:124] Setting up relu5_1
I0923 17:58:26.265616 2175012 net.cpp:131] Top shape: 1 512 1 1 (512)
I0923 17:58:26.265618 2175012 net.cpp:139] Memory required for data: 33548
I0923 17:58:26.265619 2175012 layer_factory.hpp:77] Creating layer conv5_2
I0923 17:58:26.265622 2175012 net.cpp:86] Creating Layer conv5_2
I0923 17:58:26.265623 2175012 net.cpp:408] conv5_2 <- conv5_1
I0923 17:58:26.265625 2175012 net.cpp:382] conv5_2 -> conv5_2
I0923 17:58:26.281804 2175012 net.cpp:124] Setting up conv5_2
I0923 17:58:26.281809 2175012 net.cpp:131] Top shape: 1 512 1 1 (512)
I0923 17:58:26.281811 2175012 net.cpp:139] Memory required for data: 35596
I0923 17:58:26.281813 2175012 layer_factory.hpp:77] Creating layer relu5_2
I0923 17:58:26.281816 2175012 net.cpp:86] Creating Layer relu5_2
I0923 17:58:26.281817 2175012 net.cpp:408] relu5_2 <- conv5_2
I0923 17:58:26.281819 2175012 net.cpp:369] relu5_2 -> conv5_2 (in-place)
I0923 17:58:26.284302 2175012 net.cpp:124] Setting up relu5_2
I0923 17:58:26.284305 2175012 net.cpp:131] Top shape: 1 512 1 1 (512)
I0923 17:58:26.284307 2175012 net.cpp:139] Memory required for data: 37644
I0923 17:58:26.284308 2175012 layer_factory.hpp:77] Creating layer conv5_3_CPM
I0923 17:58:26.284312 2175012 net.cpp:86] Creating Layer conv5_3_CPM
I0923 17:58:26.284313 2175012 net.cpp:408] conv5_3_CPM <- conv5_2
I0923 17:58:26.284315 2175012 net.cpp:382] conv5_3_CPM -> conv5_3_CPM
I0923 17:58:26.295940 2175012 net.cpp:124] Setting up conv5_3_CPM
I0923 17:58:26.295945 2175012 net.cpp:131] Top shape: 1 128 1 1 (128)
I0923 17:58:26.295948 2175012 net.cpp:139] Memory required for data: 38156
I0923 17:58:26.295949 2175012 layer_factory.hpp:77] Creating layer relu5_4_stage1_3
I0923 17:58:26.295951 2175012 net.cpp:86] Creating Layer relu5_4_stage1_3
I0923 17:58:26.295953 2175012 net.cpp:408] relu5_4_stage1_3 <- conv5_3_CPM
I0923 17:58:26.295954 2175012 net.cpp:369] relu5_4_stage1_3 -> conv5_3_CPM (in-place)
I0923 17:58:26.298478 2175012 net.cpp:124] Setting up relu5_4_stage1_3
I0923 17:58:26.298482 2175012 net.cpp:131] Top shape: 1 128 1 1 (128)
I0923 17:58:26.298483 2175012 net.cpp:139] Memory required for data: 38668
I0923 17:58:26.298485 2175012 layer_factory.hpp:77] Creating layer conv5_3_CPM_relu5_4_stage1_3_0_split
I0923 17:58:26.298488 2175012 net.cpp:86] Creating Layer conv5_3_CPM_relu5_4_stage1_3_0_split
I0923 17:58:26.298489 2175012 net.cpp:408] conv5_3_CPM_relu5_4_stage1_3_0_split <- conv5_3_CPM
I0923 17:58:26.298491 2175012 net.cpp:382] conv5_3_CPM_relu5_4_stage1_3_0_split -> conv5_3_CPM_relu5_4_stage1_3_0_split_0
I0923 17:58:26.298493 2175012 net.cpp:382] conv5_3_CPM_relu5_4_stage1_3_0_split -> conv5_3_CPM_relu5_4_stage1_3_0_split_1
I0923 17:58:26.298496 2175012 net.cpp:382] conv5_3_CPM_relu5_4_stage1_3_0_split -> conv5_3_CPM_relu5_4_stage1_3_0_split_2
I0923 17:58:26.298498 2175012 net.cpp:382] conv5_3_CPM_relu5_4_stage1_3_0_split -> conv5_3_CPM_relu5_4_stage1_3_0_split_3
I0923 17:58:26.298501 2175012 net.cpp:382] conv5_3_CPM_relu5_4_stage1_3_0_split -> conv5_3_CPM_relu5_4_stage1_3_0_split_4
I0923 17:58:26.298501 2175012 net.cpp:382] conv5_3_CPM_relu5_4_stage1_3_0_split -> conv5_3_CPM_relu5_4_stage1_3_0_split_5
I0923 17:58:26.298522 2175012 net.cpp:124] Setting up conv5_3_CPM_relu5_4_stage1_3_0_split
I0923 17:58:26.298523 2175012 net.cpp:131] Top shape: 1 128 1 1 (128)
I0923 17:58:26.298524 2175012 net.cpp:131] Top shape: 1 128 1 1 (128)
I0923 17:58:26.298525 2175012 net.cpp:131] Top shape: 1 128 1 1 (128)
I0923 17:58:26.298527 2175012 net.cpp:131] Top shape: 1 128 1 1 (128)
I0923 17:58:26.298528 2175012 net.cpp:131] Top shape: 1 128 1 1 (128)
I0923 17:58:26.298529 2175012 net.cpp:131] Top shape: 1 128 1 1 (128)
I0923 17:58:26.298530 2175012 net.cpp:139] Memory required for data: 41740
I0923 17:58:26.298532 2175012 layer_factory.hpp:77] Creating layer conv6_1_CPM
I0923 17:58:26.298534 2175012 net.cpp:86] Creating Layer conv6_1_CPM
I0923 17:58:26.298537 2175012 net.cpp:408] conv6_1_CPM <- conv5_3_CPM_relu5_4_stage1_3_0_split_0
I0923 17:58:26.298537 2175012 net.cpp:382] conv6_1_CPM -> conv6_1_CPM
I0923 17:58:26.306578 2175012 net.cpp:124] Setting up conv6_1_CPM
I0923 17:58:26.306583 2175012 net.cpp:131] Top shape: 1 512 1 1 (512)
I0923 17:58:26.306586 2175012 net.cpp:139] Memory required for data: 43788
I0923 17:58:26.306587 2175012 layer_factory.hpp:77] Creating layer relu6_4_stage1_1
I0923 17:58:26.306591 2175012 net.cpp:86] Creating Layer relu6_4_stage1_1
I0923 17:58:26.306592 2175012 net.cpp:408] relu6_4_stage1_1 <- conv6_1_CPM
I0923 17:58:26.306594 2175012 net.cpp:369] relu6_4_stage1_1 -> conv6_1_CPM (in-place)
I0923 17:58:26.311614 2175012 net.cpp:124] Setting up relu6_4_stage1_1
I0923 17:58:26.311618 2175012 net.cpp:131] Top shape: 1 512 1 1 (512)
I0923 17:58:26.311619 2175012 net.cpp:139] Memory required for data: 45836
I0923 17:58:26.311621 2175012 layer_factory.hpp:77] Creating layer conv6_2_CPM
I0923 17:58:26.311625 2175012 net.cpp:86] Creating Layer conv6_2_CPM
I0923 17:58:26.311626 2175012 net.cpp:408] conv6_2_CPM <- conv6_1_CPM
I0923 17:58:26.311627 2175012 net.cpp:382] conv6_2_CPM -> conv6_2_CPM
I0923 17:58:26.319636 2175012 net.cpp:124] Setting up conv6_2_CPM
I0923 17:58:26.319641 2175012 net.cpp:131] Top shape: 1 22 1 1 (22)
I0923 17:58:26.319643 2175012 net.cpp:139] Memory required for data: 45924
I0923 17:58:26.319648 2175012 layer_factory.hpp:77] Creating layer concat_stage2
I0923 17:58:26.319650 2175012 net.cpp:86] Creating Layer concat_stage2
I0923 17:58:26.319651 2175012 net.cpp:408] concat_stage2 <- conv6_2_CPM
I0923 17:58:26.319653 2175012 net.cpp:408] concat_stage2 <- conv5_3_CPM_relu5_4_stage1_3_0_split_1
I0923 17:58:26.319655 2175012 net.cpp:382] concat_stage2 -> concat_stage2
I0923 17:58:26.319664 2175012 net.cpp:124] Setting up concat_stage2
I0923 17:58:26.319665 2175012 net.cpp:131] Top shape: 1 150 1 1 (150)
I0923 17:58:26.319666 2175012 net.cpp:139] Memory required for data: 46524
I0923 17:58:26.319667 2175012 layer_factory.hpp:77] Creating layer Mconv1_stage2
I0923 17:58:26.319671 2175012 net.cpp:86] Creating Layer Mconv1_stage2
I0923 17:58:26.319672 2175012 net.cpp:408] Mconv1_stage2 <- concat_stage2
I0923 17:58:26.319674 2175012 net.cpp:382] Mconv1_stage2 -> Mconv1_stage2
I0923 17:58:26.331712 2175012 net.cpp:124] Setting up Mconv1_stage2
I0923 17:58:26.331717 2175012 net.cpp:131] Top shape: 1 128 1 1 (128)
I0923 17:58:26.331718 2175012 net.cpp:139] Memory required for data: 47036
I0923 17:58:26.331720 2175012 layer_factory.hpp:77] Creating layer Mrelu1_2_stage2_1
I0923 17:58:26.331723 2175012 net.cpp:86] Creating Layer Mrelu1_2_stage2_1
I0923 17:58:26.331724 2175012 net.cpp:408] Mrelu1_2_stage2_1 <- Mconv1_stage2
I0923 17:58:26.331727 2175012 net.cpp:369] Mrelu1_2_stage2_1 -> Mconv1_stage2 (in-place)
I0923 17:58:26.334129 2175012 net.cpp:124] Setting up Mrelu1_2_stage2_1
I0923 17:58:26.334132 2175012 net.cpp:131] Top shape: 1 128 1 1 (128)
I0923 17:58:26.334134 2175012 net.cpp:139] Memory required for data: 47548
I0923 17:58:26.334136 2175012 layer_factory.hpp:77] Creating layer Mconv2_stage2
I0923 17:58:26.334138 2175012 net.cpp:86] Creating Layer Mconv2_stage2
I0923 17:58:26.334141 2175012 net.cpp:408] Mconv2_stage2 <- Mconv1_stage2
I0923 17:58:26.334141 2175012 net.cpp:382] Mconv2_stage2 -> Mconv2_stage2
I0923 17:58:26.345769 2175012 net.cpp:124] Setting up Mconv2_stage2
I0923 17:58:26.345774 2175012 net.cpp:131] Top shape: 1 128 1 1 (128)
I0923 17:58:26.345775 2175012 net.cpp:139] Memory required for data: 48060
I0923 17:58:26.345778 2175012 layer_factory.hpp:77] Creating layer Mrelu1_3_stage2_2
I0923 17:58:26.345781 2175012 net.cpp:86] Creating Layer Mrelu1_3_stage2_2
I0923 17:58:26.345782 2175012 net.cpp:408] Mrelu1_3_stage2_2 <- Mconv2_stage2
I0923 17:58:26.345784 2175012 net.cpp:369] Mrelu1_3_stage2_2 -> Mconv2_stage2 (in-place)
I0923 17:58:26.348213 2175012 net.cpp:124] Setting up Mrelu1_3_stage2_2
I0923 17:58:26.348217 2175012 net.cpp:131] Top shape: 1 128 1 1 (128)
I0923 17:58:26.348218 2175012 net.cpp:139] Memory required for data: 48572
I0923 17:58:26.348219 2175012 layer_factory.hpp:77] Creating layer Mconv3_stage2
I0923 17:58:26.348223 2175012 net.cpp:86] Creating Layer Mconv3_stage2
I0923 17:58:26.348224 2175012 net.cpp:408] Mconv3_stage2 <- Mconv2_stage2
I0923 17:58:26.348227 2175012 net.cpp:382] Mconv3_stage2 -> Mconv3_stage2
I0923 17:58:26.359694 2175012 net.cpp:124] Setting up Mconv3_stage2
I0923 17:58:26.359699 2175012 net.cpp:131] Top shape: 1 128 1 1 (128)
I0923 17:58:26.359700 2175012 net.cpp:139] Memory required for data: 49084
I0923 17:58:26.359702 2175012 layer_factory.hpp:77] Creating layer Mrelu1_4_stage2_3
I0923 17:58:26.359704 2175012 net.cpp:86] Creating Layer Mrelu1_4_stage2_3
I0923 17:58:26.359706 2175012 net.cpp:408] Mrelu1_4_stage2_3 <- Mconv3_stage2
I0923 17:58:26.359709 2175012 net.cpp:369] Mrelu1_4_stage2_3 -> Mconv3_stage2 (in-place)
I0923 17:58:26.362097 2175012 net.cpp:124] Setting up Mrelu1_4_stage2_3
I0923 17:58:26.362099 2175012 net.cpp:131] Top shape: 1 128 1 1 (128)
I0923 17:58:26.362100 2175012 net.cpp:139] Memory required for data: 49596
I0923 17:58:26.362102 2175012 layer_factory.hpp:77] Creating layer Mconv4_stage2
I0923 17:58:26.362105 2175012 net.cpp:86] Creating Layer Mconv4_stage2
I0923 17:58:26.362106 2175012 net.cpp:408] Mconv4_stage2 <- Mconv3_stage2
I0923 17:58:26.362108 2175012 net.cpp:382] Mconv4_stage2 -> Mconv4_stage2
I0923 17:58:26.374385 2175012 net.cpp:124] Setting up Mconv4_stage2
I0923 17:58:26.374390 2175012 net.cpp:131] Top shape: 1 128 1 1 (128)
I0923 17:58:26.374392 2175012 net.cpp:139] Memory required for data: 50108
I0923 17:58:26.374394 2175012 layer_factory.hpp:77] Creating layer Mrelu1_5_stage2_4
I0923 17:58:26.374398 2175012 net.cpp:86] Creating Layer Mrelu1_5_stage2_4
I0923 17:58:26.374399 2175012 net.cpp:408] Mrelu1_5_stage2_4 <- Mconv4_stage2
I0923 17:58:26.374401 2175012 net.cpp:369] Mrelu1_5_stage2_4 -> Mconv4_stage2 (in-place)
I0923 17:58:26.376824 2175012 net.cpp:124] Setting up Mrelu1_5_stage2_4
I0923 17:58:26.376827 2175012 net.cpp:131] Top shape: 1 128 1 1 (128)
I0923 17:58:26.376828 2175012 net.cpp:139] Memory required for data: 50620
I0923 17:58:26.376829 2175012 layer_factory.hpp:77] Creating layer Mconv5_stage2
I0923 17:58:26.376833 2175012 net.cpp:86] Creating Layer Mconv5_stage2
I0923 17:58:26.376834 2175012 net.cpp:408] Mconv5_stage2 <- Mconv4_stage2
I0923 17:58:26.376837 2175012 net.cpp:382] Mconv5_stage2 -> Mconv5_stage2
I0923 17:58:26.389093 2175012 net.cpp:124] Setting up Mconv5_stage2
I0923 17:58:26.389098 2175012 net.cpp:131] Top shape: 1 128 1 1 (128)
I0923 17:58:26.389101 2175012 net.cpp:139] Memory required for data: 51132
I0923 17:58:26.389102 2175012 layer_factory.hpp:77] Creating layer Mrelu1_6_stage2_5
I0923 17:58:26.389106 2175012 net.cpp:86] Creating Layer Mrelu1_6_stage2_5
I0923 17:58:26.389107 2175012 net.cpp:408] Mrelu1_6_stage2_5 <- Mconv5_stage2
I0923 17:58:26.389109 2175012 net.cpp:369] Mrelu1_6_stage2_5 -> Mconv5_stage2 (in-place)
I0923 17:58:26.391618 2175012 net.cpp:124] Setting up Mrelu1_6_stage2_5
I0923 17:58:26.391621 2175012 net.cpp:131] Top shape: 1 128 1 1 (128)
I0923 17:58:26.391623 2175012 net.cpp:139] Memory required for data: 51644
I0923 17:58:26.391624 2175012 layer_factory.hpp:77] Creating layer Mconv6_stage2
I0923 17:58:26.391628 2175012 net.cpp:86] Creating Layer Mconv6_stage2
I0923 17:58:26.391629 2175012 net.cpp:408] Mconv6_stage2 <- Mconv5_stage2
I0923 17:58:26.391631 2175012 net.cpp:382] Mconv6_stage2 -> Mconv6_stage2
I0923 17:58:26.399740 2175012 net.cpp:124] Setting up Mconv6_stage2
I0923 17:58:26.399745 2175012 net.cpp:131] Top shape: 1 128 1 1 (128)
I0923 17:58:26.399746 2175012 net.cpp:139] Memory required for data: 52156
I0923 17:58:26.399748 2175012 layer_factory.hpp:77] Creating layer Mrelu1_7_stage2_6
I0923 17:58:26.399751 2175012 net.cpp:86] Creating Layer Mrelu1_7_stage2_6
I0923 17:58:26.399753 2175012 net.cpp:408] Mrelu1_7_stage2_6 <- Mconv6_stage2
I0923 17:58:26.399755 2175012 net.cpp:369] Mrelu1_7_stage2_6 -> Mconv6_stage2 (in-place)
I0923 17:58:26.402243 2175012 net.cpp:124] Setting up Mrelu1_7_stage2_6
I0923 17:58:26.402246 2175012 net.cpp:131] Top shape: 1 128 1 1 (128)
I0923 17:58:26.402247 2175012 net.cpp:139] Memory required for data: 52668
I0923 17:58:26.402249 2175012 layer_factory.hpp:77] Creating layer Mconv7_stage2
I0923 17:58:26.402252 2175012 net.cpp:86] Creating Layer Mconv7_stage2
I0923 17:58:26.402253 2175012 net.cpp:408] Mconv7_stage2 <- Mconv6_stage2
I0923 17:58:26.402256 2175012 net.cpp:382] Mconv7_stage2 -> Mconv7_stage2
I0923 17:58:26.412293 2175012 net.cpp:124] Setting up Mconv7_stage2
I0923 17:58:26.412298 2175012 net.cpp:131] Top shape: 1 22 1 1 (22)
I0923 17:58:26.412300 2175012 net.cpp:139] Memory required for data: 52756
I0923 17:58:26.412303 2175012 layer_factory.hpp:77] Creating layer concat_stage3
I0923 17:58:26.412307 2175012 net.cpp:86] Creating Layer concat_stage3
I0923 17:58:26.412307 2175012 net.cpp:408] concat_stage3 <- Mconv7_stage2
I0923 17:58:26.412310 2175012 net.cpp:408] concat_stage3 <- conv5_3_CPM_relu5_4_stage1_3_0_split_2
I0923 17:58:26.412312 2175012 net.cpp:382] concat_stage3 -> concat_stage3
I0923 17:58:26.412321 2175012 net.cpp:124] Setting up concat_stage3
I0923 17:58:26.412322 2175012 net.cpp:131] Top shape: 1 150 1 1 (150)
I0923 17:58:26.412323 2175012 net.cpp:139] Memory required for data: 53356
I0923 17:58:26.412325 2175012 layer_factory.hpp:77] Creating layer Mconv1_stage3
I0923 17:58:26.412328 2175012 net.cpp:86] Creating Layer Mconv1_stage3
I0923 17:58:26.412329 2175012 net.cpp:408] Mconv1_stage3 <- concat_stage3
I0923 17:58:26.412331 2175012 net.cpp:382] Mconv1_stage3 -> Mconv1_stage3
I0923 17:58:26.425123 2175012 net.cpp:124] Setting up Mconv1_stage3
I0923 17:58:26.425139 2175012 net.cpp:131] Top shape: 1 128 1 1 (128)
I0923 17:58:26.425143 2175012 net.cpp:139] Memory required for data: 53868
I0923 17:58:26.425148 2175012 layer_factory.hpp:77] Creating layer Mrelu1_2_stage3_1
I0923 17:58:26.425155 2175012 net.cpp:86] Creating Layer Mrelu1_2_stage3_1
I0923 17:58:26.425158 2175012 net.cpp:408] Mrelu1_2_stage3_1 <- Mconv1_stage3
I0923 17:58:26.425161 2175012 net.cpp:369] Mrelu1_2_stage3_1 -> Mconv1_stage3 (in-place)
I0923 17:58:26.427700 2175012 net.cpp:124] Setting up Mrelu1_2_stage3_1
I0923 17:58:26.427706 2175012 net.cpp:131] Top shape: 1 128 1 1 (128)
I0923 17:58:26.427707 2175012 net.cpp:139] Memory required for data: 54380
I0923 17:58:26.427708 2175012 layer_factory.hpp:77] Creating layer Mconv2_stage3
I0923 17:58:26.427714 2175012 net.cpp:86] Creating Layer Mconv2_stage3
I0923 17:58:26.427716 2175012 net.cpp:408] Mconv2_stage3 <- Mconv1_stage3
I0923 17:58:26.427718 2175012 net.cpp:382] Mconv2_stage3 -> Mconv2_stage3
I0923 17:58:26.440768 2175012 net.cpp:124] Setting up Mconv2_stage3
I0923 17:58:26.440775 2175012 net.cpp:131] Top shape: 1 128 1 1 (128)
I0923 17:58:26.440778 2175012 net.cpp:139] Memory required for data: 54892
I0923 17:58:26.440779 2175012 layer_factory.hpp:77] Creating layer Mrelu1_3_stage3_2
I0923 17:58:26.440783 2175012 net.cpp:86] Creating Layer Mrelu1_3_stage3_2
I0923 17:58:26.440784 2175012 net.cpp:408] Mrelu1_3_stage3_2 <- Mconv2_stage3
I0923 17:58:26.440788 2175012 net.cpp:369] Mrelu1_3_stage3_2 -> Mconv2_stage3 (in-place)
I0923 17:58:26.443197 2175012 net.cpp:124] Setting up Mrelu1_3_stage3_2
I0923 17:58:26.443199 2175012 net.cpp:131] Top shape: 1 128 1 1 (128)
I0923 17:58:26.443202 2175012 net.cpp:139] Memory required for data: 55404
I0923 17:58:26.443202 2175012 layer_factory.hpp:77] Creating layer Mconv3_stage3
I0923 17:58:26.443207 2175012 net.cpp:86] Creating Layer Mconv3_stage3
I0923 17:58:26.443208 2175012 net.cpp:408] Mconv3_stage3 <- Mconv2_stage3
I0923 17:58:26.443210 2175012 net.cpp:382] Mconv3_stage3 -> Mconv3_stage3
I0923 17:58:26.455382 2175012 net.cpp:124] Setting up Mconv3_stage3
I0923 17:58:26.455387 2175012 net.cpp:131] Top shape: 1 128 1 1 (128)
I0923 17:58:26.455389 2175012 net.cpp:139] Memory required for data: 55916
I0923 17:58:26.455391 2175012 layer_factory.hpp:77] Creating layer Mrelu1_4_stage3_3
I0923 17:58:26.455394 2175012 net.cpp:86] Creating Layer Mrelu1_4_stage3_3
I0923 17:58:26.455395 2175012 net.cpp:408] Mrelu1_4_stage3_3 <- Mconv3_stage3
I0923 17:58:26.455397 2175012 net.cpp:369] Mrelu1_4_stage3_3 -> Mconv3_stage3 (in-place)
I0923 17:58:26.457789 2175012 net.cpp:124] Setting up Mrelu1_4_stage3_3
I0923 17:58:26.457792 2175012 net.cpp:131] Top shape: 1 128 1 1 (128)
I0923 17:58:26.457794 2175012 net.cpp:139] Memory required for data: 56428
I0923 17:58:26.457795 2175012 layer_factory.hpp:77] Creating layer Mconv4_stage3
I0923 17:58:26.457799 2175012 net.cpp:86] Creating Layer Mconv4_stage3
I0923 17:58:26.457800 2175012 net.cpp:408] Mconv4_stage3 <- Mconv3_stage3
I0923 17:58:26.457803 2175012 net.cpp:382] Mconv4_stage3 -> Mconv4_stage3
I0923 17:58:26.470604 2175012 net.cpp:124] Setting up Mconv4_stage3
I0923 17:58:26.470609 2175012 net.cpp:131] Top shape: 1 128 1 1 (128)
I0923 17:58:26.470611 2175012 net.cpp:139] Memory required for data: 56940
I0923 17:58:26.470613 2175012 layer_factory.hpp:77] Creating layer Mrelu1_5_stage3_4
I0923 17:58:26.470616 2175012 net.cpp:86] Creating Layer Mrelu1_5_stage3_4
I0923 17:58:26.470618 2175012 net.cpp:408] Mrelu1_5_stage3_4 <- Mconv4_stage3
I0923 17:58:26.470620 2175012 net.cpp:369] Mrelu1_5_stage3_4 -> Mconv4_stage3 (in-place)
I0923 17:58:26.473024 2175012 net.cpp:124] Setting up Mrelu1_5_stage3_4
I0923 17:58:26.473027 2175012 net.cpp:131] Top shape: 1 128 1 1 (128)
I0923 17:58:26.473029 2175012 net.cpp:139] Memory required for data: 57452
I0923 17:58:26.473030 2175012 layer_factory.hpp:77] Creating layer Mconv5_stage3
I0923 17:58:26.473034 2175012 net.cpp:86] Creating Layer Mconv5_stage3
I0923 17:58:26.473035 2175012 net.cpp:408] Mconv5_stage3 <- Mconv4_stage3
I0923 17:58:26.473037 2175012 net.cpp:382] Mconv5_stage3 -> Mconv5_stage3
I0923 17:58:26.485051 2175012 net.cpp:124] Setting up Mconv5_stage3
I0923 17:58:26.485056 2175012 net.cpp:131] Top shape: 1 128 1 1 (128)
I0923 17:58:26.485059 2175012 net.cpp:139] Memory required for data: 57964
I0923 17:58:26.485060 2175012 layer_factory.hpp:77] Creating layer Mrelu1_6_stage3_5
I0923 17:58:26.485064 2175012 net.cpp:86] Creating Layer Mrelu1_6_stage3_5
I0923 17:58:26.485064 2175012 net.cpp:408] Mrelu1_6_stage3_5 <- Mconv5_stage3
I0923 17:58:26.485066 2175012 net.cpp:369] Mrelu1_6_stage3_5 -> Mconv5_stage3 (in-place)
I0923 17:58:26.487535 2175012 net.cpp:124] Setting up Mrelu1_6_stage3_5
I0923 17:58:26.487538 2175012 net.cpp:131] Top shape: 1 128 1 1 (128)
I0923 17:58:26.487540 2175012 net.cpp:139] Memory required for data: 58476
I0923 17:58:26.487541 2175012 layer_factory.hpp:77] Creating layer Mconv6_stage3
I0923 17:58:26.487545 2175012 net.cpp:86] Creating Layer Mconv6_stage3
I0923 17:58:26.487546 2175012 net.cpp:408] Mconv6_stage3 <- Mconv5_stage3
I0923 17:58:26.487548 2175012 net.cpp:382] Mconv6_stage3 -> Mconv6_stage3
I0923 17:58:26.496446 2175012 net.cpp:124] Setting up Mconv6_stage3
I0923 17:58:26.496451 2175012 net.cpp:131] Top shape: 1 128 1 1 (128)
I0923 17:58:26.496454 2175012 net.cpp:139] Memory required for data: 58988
I0923 17:58:26.496455 2175012 layer_factory.hpp:77] Creating layer Mrelu1_7_stage3_6
I0923 17:58:26.496459 2175012 net.cpp:86] Creating Layer Mrelu1_7_stage3_6
I0923 17:58:26.496461 2175012 net.cpp:408] Mrelu1_7_stage3_6 <- Mconv6_stage3
I0923 17:58:26.496464 2175012 net.cpp:369] Mrelu1_7_stage3_6 -> Mconv6_stage3 (in-place)
I0923 17:58:26.499634 2175012 net.cpp:124] Setting up Mrelu1_7_stage3_6
I0923 17:58:26.499639 2175012 net.cpp:131] Top shape: 1 128 1 1 (128)
I0923 17:58:26.499639 2175012 net.cpp:139] Memory required for data: 59500
I0923 17:58:26.499640 2175012 layer_factory.hpp:77] Creating layer Mconv7_stage3
I0923 17:58:26.499644 2175012 net.cpp:86] Creating Layer Mconv7_stage3
I0923 17:58:26.499646 2175012 net.cpp:408] Mconv7_stage3 <- Mconv6_stage3
I0923 17:58:26.499648 2175012 net.cpp:382] Mconv7_stage3 -> Mconv7_stage3
I0923 17:58:26.507130 2175012 net.cpp:124] Setting up Mconv7_stage3
I0923 17:58:26.507135 2175012 net.cpp:131] Top shape: 1 22 1 1 (22)
I0923 17:58:26.507136 2175012 net.cpp:139] Memory required for data: 59588
I0923 17:58:26.507138 2175012 layer_factory.hpp:77] Creating layer concat_stage4
I0923 17:58:26.507143 2175012 net.cpp:86] Creating Layer concat_stage4
I0923 17:58:26.507143 2175012 net.cpp:408] concat_stage4 <- Mconv7_stage3
I0923 17:58:26.507145 2175012 net.cpp:408] concat_stage4 <- conv5_3_CPM_relu5_4_stage1_3_0_split_3
I0923 17:58:26.507148 2175012 net.cpp:382] concat_stage4 -> concat_stage4
I0923 17:58:26.507156 2175012 net.cpp:124] Setting up concat_stage4
I0923 17:58:26.507157 2175012 net.cpp:131] Top shape: 1 150 1 1 (150)
I0923 17:58:26.507158 2175012 net.cpp:139] Memory required for data: 60188
I0923 17:58:26.507159 2175012 layer_factory.hpp:77] Creating layer Mconv1_stage4
I0923 17:58:26.507164 2175012 net.cpp:86] Creating Layer Mconv1_stage4
I0923 17:58:26.507164 2175012 net.cpp:408] Mconv1_stage4 <- concat_stage4
I0923 17:58:26.507166 2175012 net.cpp:382] Mconv1_stage4 -> Mconv1_stage4
I0923 17:58:26.521546 2175012 net.cpp:124] Setting up Mconv1_stage4
I0923 17:58:26.521551 2175012 net.cpp:131] Top shape: 1 128 1 1 (128)
I0923 17:58:26.521553 2175012 net.cpp:139] Memory required for data: 60700
I0923 17:58:26.521555 2175012 layer_factory.hpp:77] Creating layer Mrelu1_2_stage4_1
I0923 17:58:26.521559 2175012 net.cpp:86] Creating Layer Mrelu1_2_stage4_1
I0923 17:58:26.521559 2175012 net.cpp:408] Mrelu1_2_stage4_1 <- Mconv1_stage4
I0923 17:58:26.521561 2175012 net.cpp:369] Mrelu1_2_stage4_1 -> Mconv1_stage4 (in-place)
I0923 17:58:26.523944 2175012 net.cpp:124] Setting up Mrelu1_2_stage4_1
I0923 17:58:26.523948 2175012 net.cpp:131] Top shape: 1 128 1 1 (128)
I0923 17:58:26.523949 2175012 net.cpp:139] Memory required for data: 61212
I0923 17:58:26.523950 2175012 layer_factory.hpp:77] Creating layer Mconv2_stage4
I0923 17:58:26.523954 2175012 net.cpp:86] Creating Layer Mconv2_stage4
I0923 17:58:26.523957 2175012 net.cpp:408] Mconv2_stage4 <- Mconv1_stage4
I0923 17:58:26.523958 2175012 net.cpp:382] Mconv2_stage4 -> Mconv2_stage4
I0923 17:58:26.535653 2175012 net.cpp:124] Setting up Mconv2_stage4
I0923 17:58:26.535657 2175012 net.cpp:131] Top shape: 1 128 1 1 (128)
I0923 17:58:26.535660 2175012 net.cpp:139] Memory required for data: 61724
I0923 17:58:26.535665 2175012 layer_factory.hpp:77] Creating layer Mrelu1_3_stage4_2
I0923 17:58:26.535667 2175012 net.cpp:86] Creating Layer Mrelu1_3_stage4_2
I0923 17:58:26.535669 2175012 net.cpp:408] Mrelu1_3_stage4_2 <- Mconv2_stage4
I0923 17:58:26.535671 2175012 net.cpp:369] Mrelu1_3_stage4_2 -> Mconv2_stage4 (in-place)
I0923 17:58:26.538069 2175012 net.cpp:124] Setting up Mrelu1_3_stage4_2
I0923 17:58:26.538070 2175012 net.cpp:131] Top shape: 1 128 1 1 (128)
I0923 17:58:26.538072 2175012 net.cpp:139] Memory required for data: 62236
I0923 17:58:26.538074 2175012 layer_factory.hpp:77] Creating layer Mconv3_stage4
I0923 17:58:26.538077 2175012 net.cpp:86] Creating Layer Mconv3_stage4
I0923 17:58:26.538079 2175012 net.cpp:408] Mconv3_stage4 <- Mconv2_stage4
I0923 17:58:26.538080 2175012 net.cpp:382] Mconv3_stage4 -> Mconv3_stage4
I0923 17:58:26.549744 2175012 net.cpp:124] Setting up Mconv3_stage4
I0923 17:58:26.549750 2175012 net.cpp:131] Top shape: 1 128 1 1 (128)
I0923 17:58:26.549752 2175012 net.cpp:139] Memory required for data: 62748
I0923 17:58:26.549755 2175012 layer_factory.hpp:77] Creating layer Mrelu1_4_stage4_3
I0923 17:58:26.549758 2175012 net.cpp:86] Creating Layer Mrelu1_4_stage4_3
I0923 17:58:26.549759 2175012 net.cpp:408] Mrelu1_4_stage4_3 <- Mconv3_stage4
I0923 17:58:26.549762 2175012 net.cpp:369] Mrelu1_4_stage4_3 -> Mconv3_stage4 (in-place)
I0923 17:58:26.552380 2175012 net.cpp:124] Setting up Mrelu1_4_stage4_3
I0923 17:58:26.552383 2175012 net.cpp:131] Top shape: 1 128 1 1 (128)
I0923 17:58:26.552384 2175012 net.cpp:139] Memory required for data: 63260
I0923 17:58:26.552386 2175012 layer_factory.hpp:77] Creating layer Mconv4_stage4
I0923 17:58:26.552390 2175012 net.cpp:86] Creating Layer Mconv4_stage4
I0923 17:58:26.552392 2175012 net.cpp:408] Mconv4_stage4 <- Mconv3_stage4
I0923 17:58:26.552393 2175012 net.cpp:382] Mconv4_stage4 -> Mconv4_stage4
I0923 17:58:26.564088 2175012 net.cpp:124] Setting up Mconv4_stage4
I0923 17:58:26.564093 2175012 net.cpp:131] Top shape: 1 128 1 1 (128)
I0923 17:58:26.564095 2175012 net.cpp:139] Memory required for data: 63772
I0923 17:58:26.564097 2175012 layer_factory.hpp:77] Creating layer Mrelu1_5_stage4_4
I0923 17:58:26.564100 2175012 net.cpp:86] Creating Layer Mrelu1_5_stage4_4
I0923 17:58:26.564102 2175012 net.cpp:408] Mrelu1_5_stage4_4 <- Mconv4_stage4
I0923 17:58:26.564105 2175012 net.cpp:369] Mrelu1_5_stage4_4 -> Mconv4_stage4 (in-place)
I0923 17:58:26.567000 2175012 net.cpp:124] Setting up Mrelu1_5_stage4_4
I0923 17:58:26.567004 2175012 net.cpp:131] Top shape: 1 128 1 1 (128)
I0923 17:58:26.567005 2175012 net.cpp:139] Memory required for data: 64284
I0923 17:58:26.567006 2175012 layer_factory.hpp:77] Creating layer Mconv5_stage4
I0923 17:58:26.567011 2175012 net.cpp:86] Creating Layer Mconv5_stage4
I0923 17:58:26.567013 2175012 net.cpp:408] Mconv5_stage4 <- Mconv4_stage4
I0923 17:58:26.567014 2175012 net.cpp:382] Mconv5_stage4 -> Mconv5_stage4
I0923 17:58:26.578074 2175012 net.cpp:124] Setting up Mconv5_stage4
I0923 17:58:26.578079 2175012 net.cpp:131] Top shape: 1 128 1 1 (128)
I0923 17:58:26.578081 2175012 net.cpp:139] Memory required for data: 64796
I0923 17:58:26.578083 2175012 layer_factory.hpp:77] Creating layer Mrelu1_6_stage4_5
I0923 17:58:26.578085 2175012 net.cpp:86] Creating Layer Mrelu1_6_stage4_5
I0923 17:58:26.578087 2175012 net.cpp:408] Mrelu1_6_stage4_5 <- Mconv5_stage4
I0923 17:58:26.578089 2175012 net.cpp:369] Mrelu1_6_stage4_5 -> Mconv5_stage4 (in-place)
I0923 17:58:26.580909 2175012 net.cpp:124] Setting up Mrelu1_6_stage4_5
I0923 17:58:26.580912 2175012 net.cpp:131] Top shape: 1 128 1 1 (128)
I0923 17:58:26.580914 2175012 net.cpp:139] Memory required for data: 65308
I0923 17:58:26.580915 2175012 layer_factory.hpp:77] Creating layer Mconv6_stage4
I0923 17:58:26.580919 2175012 net.cpp:86] Creating Layer Mconv6_stage4
I0923 17:58:26.580921 2175012 net.cpp:408] Mconv6_stage4 <- Mconv5_stage4
I0923 17:58:26.580924 2175012 net.cpp:382] Mconv6_stage4 -> Mconv6_stage4
I0923 17:58:26.589178 2175012 net.cpp:124] Setting up Mconv6_stage4
I0923 17:58:26.589183 2175012 net.cpp:131] Top shape: 1 128 1 1 (128)
I0923 17:58:26.589185 2175012 net.cpp:139] Memory required for data: 65820
I0923 17:58:26.589187 2175012 layer_factory.hpp:77] Creating layer Mrelu1_7_stage4_6
I0923 17:58:26.589190 2175012 net.cpp:86] Creating Layer Mrelu1_7_stage4_6
I0923 17:58:26.589191 2175012 net.cpp:408] Mrelu1_7_stage4_6 <- Mconv6_stage4
I0923 17:58:26.589193 2175012 net.cpp:369] Mrelu1_7_stage4_6 -> Mconv6_stage4 (in-place)
I0923 17:58:26.591971 2175012 net.cpp:124] Setting up Mrelu1_7_stage4_6
I0923 17:58:26.591975 2175012 net.cpp:131] Top shape: 1 128 1 1 (128)
I0923 17:58:26.591977 2175012 net.cpp:139] Memory required for data: 66332
I0923 17:58:26.591979 2175012 layer_factory.hpp:77] Creating layer Mconv7_stage4
I0923 17:58:26.591981 2175012 net.cpp:86] Creating Layer Mconv7_stage4
I0923 17:58:26.591984 2175012 net.cpp:408] Mconv7_stage4 <- Mconv6_stage4
I0923 17:58:26.591985 2175012 net.cpp:382] Mconv7_stage4 -> Mconv7_stage4
I0923 17:58:26.599462 2175012 net.cpp:124] Setting up Mconv7_stage4
I0923 17:58:26.599466 2175012 net.cpp:131] Top shape: 1 22 1 1 (22)
I0923 17:58:26.599468 2175012 net.cpp:139] Memory required for data: 66420
I0923 17:58:26.599470 2175012 layer_factory.hpp:77] Creating layer concat_stage5
I0923 17:58:26.599473 2175012 net.cpp:86] Creating Layer concat_stage5
I0923 17:58:26.599474 2175012 net.cpp:408] concat_stage5 <- Mconv7_stage4
I0923 17:58:26.599478 2175012 net.cpp:408] concat_stage5 <- conv5_3_CPM_relu5_4_stage1_3_0_split_4
I0923 17:58:26.599479 2175012 net.cpp:382] concat_stage5 -> concat_stage5
I0923 17:58:26.599488 2175012 net.cpp:124] Setting up concat_stage5
I0923 17:58:26.599488 2175012 net.cpp:131] Top shape: 1 150 1 1 (150)
I0923 17:58:26.599489 2175012 net.cpp:139] Memory required for data: 67020
I0923 17:58:26.599490 2175012 layer_factory.hpp:77] Creating layer Mconv1_stage5
I0923 17:58:26.599494 2175012 net.cpp:86] Creating Layer Mconv1_stage5
I0923 17:58:26.599495 2175012 net.cpp:408] Mconv1_stage5 <- concat_stage5
I0923 17:58:26.599498 2175012 net.cpp:382] Mconv1_stage5 -> Mconv1_stage5
I0923 17:58:26.613677 2175012 net.cpp:124] Setting up Mconv1_stage5
I0923 17:58:26.613682 2175012 net.cpp:131] Top shape: 1 128 1 1 (128)
I0923 17:58:26.613685 2175012 net.cpp:139] Memory required for data: 67532
I0923 17:58:26.613687 2175012 layer_factory.hpp:77] Creating layer Mrelu1_2_stage5_1
I0923 17:58:26.613691 2175012 net.cpp:86] Creating Layer Mrelu1_2_stage5_1
I0923 17:58:26.613693 2175012 net.cpp:408] Mrelu1_2_stage5_1 <- Mconv1_stage5
I0923 17:58:26.613695 2175012 net.cpp:369] Mrelu1_2_stage5_1 -> Mconv1_stage5 (in-place)
I0923 17:58:26.616114 2175012 net.cpp:124] Setting up Mrelu1_2_stage5_1
I0923 17:58:26.616117 2175012 net.cpp:131] Top shape: 1 128 1 1 (128)
I0923 17:58:26.616119 2175012 net.cpp:139] Memory required for data: 68044
I0923 17:58:26.616120 2175012 layer_factory.hpp:77] Creating layer Mconv2_stage5
I0923 17:58:26.616125 2175012 net.cpp:86] Creating Layer Mconv2_stage5
I0923 17:58:26.616127 2175012 net.cpp:408] Mconv2_stage5 <- Mconv1_stage5
I0923 17:58:26.616128 2175012 net.cpp:382] Mconv2_stage5 -> Mconv2_stage5
I0923 17:58:26.627713 2175012 net.cpp:124] Setting up Mconv2_stage5
I0923 17:58:26.627719 2175012 net.cpp:131] Top shape: 1 128 1 1 (128)
I0923 17:58:26.627722 2175012 net.cpp:139] Memory required for data: 68556
I0923 17:58:26.627723 2175012 layer_factory.hpp:77] Creating layer Mrelu1_3_stage5_2
I0923 17:58:26.627727 2175012 net.cpp:86] Creating Layer Mrelu1_3_stage5_2
I0923 17:58:26.627727 2175012 net.cpp:408] Mrelu1_3_stage5_2 <- Mconv2_stage5
I0923 17:58:26.627729 2175012 net.cpp:369] Mrelu1_3_stage5_2 -> Mconv2_stage5 (in-place)
I0923 17:58:26.631170 2175012 net.cpp:124] Setting up Mrelu1_3_stage5_2
I0923 17:58:26.631173 2175012 net.cpp:131] Top shape: 1 128 1 1 (128)
I0923 17:58:26.631175 2175012 net.cpp:139] Memory required for data: 69068
I0923 17:58:26.631176 2175012 layer_factory.hpp:77] Creating layer Mconv3_stage5
I0923 17:58:26.631181 2175012 net.cpp:86] Creating Layer Mconv3_stage5
I0923 17:58:26.631182 2175012 net.cpp:408] Mconv3_stage5 <- Mconv2_stage5
I0923 17:58:26.631186 2175012 net.cpp:382] Mconv3_stage5 -> Mconv3_stage5
I0923 17:58:26.642424 2175012 net.cpp:124] Setting up Mconv3_stage5
I0923 17:58:26.642429 2175012 net.cpp:131] Top shape: 1 128 1 1 (128)
I0923 17:58:26.642431 2175012 net.cpp:139] Memory required for data: 69580
I0923 17:58:26.642433 2175012 layer_factory.hpp:77] Creating layer Mrelu1_4_stage5_3
I0923 17:58:26.642436 2175012 net.cpp:86] Creating Layer Mrelu1_4_stage5_3
I0923 17:58:26.642437 2175012 net.cpp:408] Mrelu1_4_stage5_3 <- Mconv3_stage5
I0923 17:58:26.642439 2175012 net.cpp:369] Mrelu1_4_stage5_3 -> Mconv3_stage5 (in-place)
I0923 17:58:26.645802 2175012 net.cpp:124] Setting up Mrelu1_4_stage5_3
I0923 17:58:26.645807 2175012 net.cpp:131] Top shape: 1 128 1 1 (128)
I0923 17:58:26.645808 2175012 net.cpp:139] Memory required for data: 70092
I0923 17:58:26.645809 2175012 layer_factory.hpp:77] Creating layer Mconv4_stage5
I0923 17:58:26.645814 2175012 net.cpp:86] Creating Layer Mconv4_stage5
I0923 17:58:26.645815 2175012 net.cpp:408] Mconv4_stage5 <- Mconv3_stage5
I0923 17:58:26.645818 2175012 net.cpp:382] Mconv4_stage5 -> Mconv4_stage5
I0923 17:58:26.657095 2175012 net.cpp:124] Setting up Mconv4_stage5
I0923 17:58:26.657100 2175012 net.cpp:131] Top shape: 1 128 1 1 (128)
I0923 17:58:26.657102 2175012 net.cpp:139] Memory required for data: 70604
I0923 17:58:26.657104 2175012 layer_factory.hpp:77] Creating layer Mrelu1_5_stage5_4
I0923 17:58:26.657107 2175012 net.cpp:86] Creating Layer Mrelu1_5_stage5_4
I0923 17:58:26.657109 2175012 net.cpp:408] Mrelu1_5_stage5_4 <- Mconv4_stage5
I0923 17:58:26.657110 2175012 net.cpp:369] Mrelu1_5_stage5_4 -> Mconv4_stage5 (in-place)
I0923 17:58:26.660104 2175012 net.cpp:124] Setting up Mrelu1_5_stage5_4
I0923 17:58:26.660107 2175012 net.cpp:131] Top shape: 1 128 1 1 (128)
I0923 17:58:26.660108 2175012 net.cpp:139] Memory required for data: 71116
I0923 17:58:26.660109 2175012 layer_factory.hpp:77] Creating layer Mconv5_stage5
I0923 17:58:26.660113 2175012 net.cpp:86] Creating Layer Mconv5_stage5
I0923 17:58:26.660115 2175012 net.cpp:408] Mconv5_stage5 <- Mconv4_stage5
I0923 17:58:26.660117 2175012 net.cpp:382] Mconv5_stage5 -> Mconv5_stage5
I0923 17:58:26.671607 2175012 net.cpp:124] Setting up Mconv5_stage5
I0923 17:58:26.671610 2175012 net.cpp:131] Top shape: 1 128 1 1 (128)
I0923 17:58:26.671612 2175012 net.cpp:139] Memory required for data: 71628
I0923 17:58:26.671614 2175012 layer_factory.hpp:77] Creating layer Mrelu1_6_stage5_5
I0923 17:58:26.671617 2175012 net.cpp:86] Creating Layer Mrelu1_6_stage5_5
I0923 17:58:26.671618 2175012 net.cpp:408] Mrelu1_6_stage5_5 <- Mconv5_stage5
I0923 17:58:26.671620 2175012 net.cpp:369] Mrelu1_6_stage5_5 -> Mconv5_stage5 (in-place)
I0923 17:58:26.674589 2175012 net.cpp:124] Setting up Mrelu1_6_stage5_5
I0923 17:58:26.674592 2175012 net.cpp:131] Top shape: 1 128 1 1 (128)
I0923 17:58:26.674594 2175012 net.cpp:139] Memory required for data: 72140
I0923 17:58:26.674595 2175012 layer_factory.hpp:77] Creating layer Mconv6_stage5
I0923 17:58:26.674599 2175012 net.cpp:86] Creating Layer Mconv6_stage5
I0923 17:58:26.674600 2175012 net.cpp:408] Mconv6_stage5 <- Mconv5_stage5
I0923 17:58:26.674602 2175012 net.cpp:382] Mconv6_stage5 -> Mconv6_stage5
I0923 17:58:26.682024 2175012 net.cpp:124] Setting up Mconv6_stage5
I0923 17:58:26.682029 2175012 net.cpp:131] Top shape: 1 128 1 1 (128)
I0923 17:58:26.682030 2175012 net.cpp:139] Memory required for data: 72652
I0923 17:58:26.682032 2175012 layer_factory.hpp:77] Creating layer Mrelu1_7_stage5_6
I0923 17:58:26.682035 2175012 net.cpp:86] Creating Layer Mrelu1_7_stage5_6
I0923 17:58:26.682036 2175012 net.cpp:408] Mrelu1_7_stage5_6 <- Mconv6_stage5
I0923 17:58:26.682039 2175012 net.cpp:369] Mrelu1_7_stage5_6 -> Mconv6_stage5 (in-place)
I0923 17:58:26.684877 2175012 net.cpp:124] Setting up Mrelu1_7_stage5_6
I0923 17:58:26.684881 2175012 net.cpp:131] Top shape: 1 128 1 1 (128)
I0923 17:58:26.684882 2175012 net.cpp:139] Memory required for data: 73164
I0923 17:58:26.684883 2175012 layer_factory.hpp:77] Creating layer Mconv7_stage5
I0923 17:58:26.684887 2175012 net.cpp:86] Creating Layer Mconv7_stage5
I0923 17:58:26.684888 2175012 net.cpp:408] Mconv7_stage5 <- Mconv6_stage5
I0923 17:58:26.684891 2175012 net.cpp:382] Mconv7_stage5 -> Mconv7_stage5
I0923 17:58:26.693166 2175012 net.cpp:124] Setting up Mconv7_stage5
I0923 17:58:26.693171 2175012 net.cpp:131] Top shape: 1 22 1 1 (22)
I0923 17:58:26.693172 2175012 net.cpp:139] Memory required for data: 73252
I0923 17:58:26.693174 2175012 layer_factory.hpp:77] Creating layer concat_stage6
I0923 17:58:26.693177 2175012 net.cpp:86] Creating Layer concat_stage6
I0923 17:58:26.693178 2175012 net.cpp:408] concat_stage6 <- Mconv7_stage5
I0923 17:58:26.693181 2175012 net.cpp:408] concat_stage6 <- conv5_3_CPM_relu5_4_stage1_3_0_split_5
I0923 17:58:26.693182 2175012 net.cpp:382] concat_stage6 -> concat_stage6
I0923 17:58:26.693190 2175012 net.cpp:124] Setting up concat_stage6
I0923 17:58:26.693192 2175012 net.cpp:131] Top shape: 1 150 1 1 (150)
I0923 17:58:26.693192 2175012 net.cpp:139] Memory required for data: 73852
I0923 17:58:26.693193 2175012 layer_factory.hpp:77] Creating layer Mconv1_stage6
I0923 17:58:26.693197 2175012 net.cpp:86] Creating Layer Mconv1_stage6
I0923 17:58:26.693197 2175012 net.cpp:408] Mconv1_stage6 <- concat_stage6
I0923 17:58:26.693199 2175012 net.cpp:382] Mconv1_stage6 -> Mconv1_stage6
I0923 17:58:26.705268 2175012 net.cpp:124] Setting up Mconv1_stage6
I0923 17:58:26.705274 2175012 net.cpp:131] Top shape: 1 128 1 1 (128)
I0923 17:58:26.705276 2175012 net.cpp:139] Memory required for data: 74364
I0923 17:58:26.705278 2175012 layer_factory.hpp:77] Creating layer Mrelu1_2_stage6_1
I0923 17:58:26.705282 2175012 net.cpp:86] Creating Layer Mrelu1_2_stage6_1
I0923 17:58:26.705283 2175012 net.cpp:408] Mrelu1_2_stage6_1 <- Mconv1_stage6
I0923 17:58:26.705286 2175012 net.cpp:369] Mrelu1_2_stage6_1 -> Mconv1_stage6 (in-place)
I0923 17:58:26.708109 2175012 net.cpp:124] Setting up Mrelu1_2_stage6_1
I0923 17:58:26.708112 2175012 net.cpp:131] Top shape: 1 128 1 1 (128)
I0923 17:58:26.708114 2175012 net.cpp:139] Memory required for data: 74876
I0923 17:58:26.708115 2175012 layer_factory.hpp:77] Creating layer Mconv2_stage6
I0923 17:58:26.708119 2175012 net.cpp:86] Creating Layer Mconv2_stage6
I0923 17:58:26.708122 2175012 net.cpp:408] Mconv2_stage6 <- Mconv1_stage6
I0923 17:58:26.708123 2175012 net.cpp:382] Mconv2_stage6 -> Mconv2_stage6
I0923 17:58:26.721021 2175012 net.cpp:124] Setting up Mconv2_stage6
I0923 17:58:26.721025 2175012 net.cpp:131] Top shape: 1 128 1 1 (128)
I0923 17:58:26.721027 2175012 net.cpp:139] Memory required for data: 75388
I0923 17:58:26.721029 2175012 layer_factory.hpp:77] Creating layer Mrelu1_3_stage6_2
I0923 17:58:26.721032 2175012 net.cpp:86] Creating Layer Mrelu1_3_stage6_2
I0923 17:58:26.721033 2175012 net.cpp:408] Mrelu1_3_stage6_2 <- Mconv2_stage6
I0923 17:58:26.721035 2175012 net.cpp:369] Mrelu1_3_stage6_2 -> Mconv2_stage6 (in-place)
I0923 17:58:26.723869 2175012 net.cpp:124] Setting up Mrelu1_3_stage6_2
I0923 17:58:26.723872 2175012 net.cpp:131] Top shape: 1 128 1 1 (128)
I0923 17:58:26.723874 2175012 net.cpp:139] Memory required for data: 75900
I0923 17:58:26.723875 2175012 layer_factory.hpp:77] Creating layer Mconv3_stage6
I0923 17:58:26.723879 2175012 net.cpp:86] Creating Layer Mconv3_stage6
I0923 17:58:26.723881 2175012 net.cpp:408] Mconv3_stage6 <- Mconv2_stage6
I0923 17:58:26.723882 2175012 net.cpp:382] Mconv3_stage6 -> Mconv3_stage6
I0923 17:58:26.734778 2175012 net.cpp:124] Setting up Mconv3_stage6
I0923 17:58:26.734783 2175012 net.cpp:131] Top shape: 1 128 1 1 (128)
I0923 17:58:26.734786 2175012 net.cpp:139] Memory required for data: 76412
I0923 17:58:26.734787 2175012 layer_factory.hpp:77] Creating layer Mrelu1_4_stage6_3
I0923 17:58:26.734790 2175012 net.cpp:86] Creating Layer Mrelu1_4_stage6_3
I0923 17:58:26.734791 2175012 net.cpp:408] Mrelu1_4_stage6_3 <- Mconv3_stage6
I0923 17:58:26.734793 2175012 net.cpp:369] Mrelu1_4_stage6_3 -> Mconv3_stage6 (in-place)
I0923 17:58:26.737744 2175012 net.cpp:124] Setting up Mrelu1_4_stage6_3
I0923 17:58:26.737747 2175012 net.cpp:131] Top shape: 1 128 1 1 (128)
I0923 17:58:26.737749 2175012 net.cpp:139] Memory required for data: 76924
I0923 17:58:26.737751 2175012 layer_factory.hpp:77] Creating layer Mconv4_stage6
I0923 17:58:26.737754 2175012 net.cpp:86] Creating Layer Mconv4_stage6
I0923 17:58:26.737756 2175012 net.cpp:408] Mconv4_stage6 <- Mconv3_stage6
I0923 17:58:26.737758 2175012 net.cpp:382] Mconv4_stage6 -> Mconv4_stage6
I0923 17:58:26.748631 2175012 net.cpp:124] Setting up Mconv4_stage6
I0923 17:58:26.748636 2175012 net.cpp:131] Top shape: 1 128 1 1 (128)
I0923 17:58:26.748637 2175012 net.cpp:139] Memory required for data: 77436
I0923 17:58:26.748639 2175012 layer_factory.hpp:77] Creating layer Mrelu1_5_stage6_4
I0923 17:58:26.748642 2175012 net.cpp:86] Creating Layer Mrelu1_5_stage6_4
I0923 17:58:26.748643 2175012 net.cpp:408] Mrelu1_5_stage6_4 <- Mconv4_stage6
I0923 17:58:26.748646 2175012 net.cpp:369] Mrelu1_5_stage6_4 -> Mconv4_stage6 (in-place)
I0923 17:58:26.751570 2175012 net.cpp:124] Setting up Mrelu1_5_stage6_4
I0923 17:58:26.751574 2175012 net.cpp:131] Top shape: 1 128 1 1 (128)
I0923 17:58:26.751576 2175012 net.cpp:139] Memory required for data: 77948
I0923 17:58:26.751577 2175012 layer_factory.hpp:77] Creating layer Mconv5_stage6
I0923 17:58:26.751580 2175012 net.cpp:86] Creating Layer Mconv5_stage6
I0923 17:58:26.751582 2175012 net.cpp:408] Mconv5_stage6 <- Mconv4_stage6
I0923 17:58:26.751585 2175012 net.cpp:382] Mconv5_stage6 -> Mconv5_stage6
I0923 17:58:26.762495 2175012 net.cpp:124] Setting up Mconv5_stage6
I0923 17:58:26.762501 2175012 net.cpp:131] Top shape: 1 128 1 1 (128)
I0923 17:58:26.762502 2175012 net.cpp:139] Memory required for data: 78460
I0923 17:58:26.762504 2175012 layer_factory.hpp:77] Creating layer Mrelu1_6_stage6_5
I0923 17:58:26.762507 2175012 net.cpp:86] Creating Layer Mrelu1_6_stage6_5
I0923 17:58:26.762508 2175012 net.cpp:408] Mrelu1_6_stage6_5 <- Mconv5_stage6
I0923 17:58:26.762511 2175012 net.cpp:369] Mrelu1_6_stage6_5 -> Mconv5_stage6 (in-place)
I0923 17:58:26.765422 2175012 net.cpp:124] Setting up Mrelu1_6_stage6_5
I0923 17:58:26.765425 2175012 net.cpp:131] Top shape: 1 128 1 1 (128)
I0923 17:58:26.765426 2175012 net.cpp:139] Memory required for data: 78972
I0923 17:58:26.765429 2175012 layer_factory.hpp:77] Creating layer Mconv6_stage6
I0923 17:58:26.765431 2175012 net.cpp:86] Creating Layer Mconv6_stage6
I0923 17:58:26.765434 2175012 net.cpp:408] Mconv6_stage6 <- Mconv5_stage6
I0923 17:58:26.765435 2175012 net.cpp:382] Mconv6_stage6 -> Mconv6_stage6
I0923 17:58:26.773861 2175012 net.cpp:124] Setting up Mconv6_stage6
I0923 17:58:26.773866 2175012 net.cpp:131] Top shape: 1 128 1 1 (128)
I0923 17:58:26.773867 2175012 net.cpp:139] Memory required for data: 79484
I0923 17:58:26.773869 2175012 layer_factory.hpp:77] Creating layer Mrelu1_7_stage6_6
I0923 17:58:26.773872 2175012 net.cpp:86] Creating Layer Mrelu1_7_stage6_6
I0923 17:58:26.773873 2175012 net.cpp:408] Mrelu1_7_stage6_6 <- Mconv6_stage6
I0923 17:58:26.773875 2175012 net.cpp:369] Mrelu1_7_stage6_6 -> Mconv6_stage6 (in-place)
I0923 17:58:26.776342 2175012 net.cpp:124] Setting up Mrelu1_7_stage6_6
I0923 17:58:26.776345 2175012 net.cpp:131] Top shape: 1 128 1 1 (128)
I0923 17:58:26.776346 2175012 net.cpp:139] Memory required for data: 79996
I0923 17:58:26.776348 2175012 layer_factory.hpp:77] Creating layer Mconv7_stage6
I0923 17:58:26.776351 2175012 net.cpp:86] Creating Layer Mconv7_stage6
I0923 17:58:26.776352 2175012 net.cpp:408] Mconv7_stage6 <- Mconv6_stage6
I0923 17:58:26.776355 2175012 net.cpp:382] Mconv7_stage6 -> net_output
I0923 17:58:26.784024 2175012 net.cpp:124] Setting up Mconv7_stage6
I0923 17:58:26.784029 2175012 net.cpp:131] Top shape: 1 22 1 1 (22)
I0923 17:58:26.784030 2175012 net.cpp:139] Memory required for data: 80084
I0923 17:58:26.784032 2175012 net.cpp:202] Mconv7_stage6 does not need backward computation.
I0923 17:58:26.784034 2175012 net.cpp:202] Mrelu1_7_stage6_6 does not need backward computation.
I0923 17:58:26.784035 2175012 net.cpp:202] Mconv6_stage6 does not need backward computation.
I0923 17:58:26.784036 2175012 net.cpp:202] Mrelu1_6_stage6_5 does not need backward computation.
I0923 17:58:26.784037 2175012 net.cpp:202] Mconv5_stage6 does not need backward computation.
I0923 17:58:26.784039 2175012 net.cpp:202] Mrelu1_5_stage6_4 does not need backward computation.
I0923 17:58:26.784039 2175012 net.cpp:202] Mconv4_stage6 does not need backward computation.
I0923 17:58:26.784040 2175012 net.cpp:202] Mrelu1_4_stage6_3 does not need backward computation.
I0923 17:58:26.784041 2175012 net.cpp:202] Mconv3_stage6 does not need backward computation.
I0923 17:58:26.784042 2175012 net.cpp:202] Mrelu1_3_stage6_2 does not need backward computation.
I0923 17:58:26.784044 2175012 net.cpp:202] Mconv2_stage6 does not need backward computation.
I0923 17:58:26.784045 2175012 net.cpp:202] Mrelu1_2_stage6_1 does not need backward computation.
I0923 17:58:26.784046 2175012 net.cpp:202] Mconv1_stage6 does not need backward computation.
I0923 17:58:26.784047 2175012 net.cpp:202] concat_stage6 does not need backward computation.
I0923 17:58:26.784049 2175012 net.cpp:202] Mconv7_stage5 does not need backward computation.
I0923 17:58:26.784050 2175012 net.cpp:202] Mrelu1_7_stage5_6 does not need backward computation.
I0923 17:58:26.784051 2175012 net.cpp:202] Mconv6_stage5 does not need backward computation.
I0923 17:58:26.784052 2175012 net.cpp:202] Mrelu1_6_stage5_5 does not need backward computation.
I0923 17:58:26.784053 2175012 net.cpp:202] Mconv5_stage5 does not need backward computation.
I0923 17:58:26.784054 2175012 net.cpp:202] Mrelu1_5_stage5_4 does not need backward computation.
I0923 17:58:26.784056 2175012 net.cpp:202] Mconv4_stage5 does not need backward computation.
I0923 17:58:26.784057 2175012 net.cpp:202] Mrelu1_4_stage5_3 does not need backward computation.
I0923 17:58:26.784058 2175012 net.cpp:202] Mconv3_stage5 does not need backward computation.
I0923 17:58:26.784060 2175012 net.cpp:202] Mrelu1_3_stage5_2 does not need backward computation.
I0923 17:58:26.784061 2175012 net.cpp:202] Mconv2_stage5 does not need backward computation.
I0923 17:58:26.784062 2175012 net.cpp:202] Mrelu1_2_stage5_1 does not need backward computation.
I0923 17:58:26.784063 2175012 net.cpp:202] Mconv1_stage5 does not need backward computation.
I0923 17:58:26.784065 2175012 net.cpp:202] concat_stage5 does not need backward computation.
I0923 17:58:26.784066 2175012 net.cpp:202] Mconv7_stage4 does not need backward computation.
I0923 17:58:26.784067 2175012 net.cpp:202] Mrelu1_7_stage4_6 does not need backward computation.
I0923 17:58:26.784070 2175012 net.cpp:202] Mconv6_stage4 does not need backward computation.
I0923 17:58:26.784070 2175012 net.cpp:202] Mrelu1_6_stage4_5 does not need backward computation.
I0923 17:58:26.784072 2175012 net.cpp:202] Mconv5_stage4 does not need backward computation.
I0923 17:58:26.784073 2175012 net.cpp:202] Mrelu1_5_stage4_4 does not need backward computation.
I0923 17:58:26.784075 2175012 net.cpp:202] Mconv4_stage4 does not need backward computation.
I0923 17:58:26.784076 2175012 net.cpp:202] Mrelu1_4_stage4_3 does not need backward computation.
I0923 17:58:26.784077 2175012 net.cpp:202] Mconv3_stage4 does not need backward computation.
I0923 17:58:26.784078 2175012 net.cpp:202] Mrelu1_3_stage4_2 does not need backward computation.
I0923 17:58:26.784080 2175012 net.cpp:202] Mconv2_stage4 does not need backward computation.
I0923 17:58:26.784081 2175012 net.cpp:202] Mrelu1_2_stage4_1 does not need backward computation.
I0923 17:58:26.784082 2175012 net.cpp:202] Mconv1_stage4 does not need backward computation.
I0923 17:58:26.784083 2175012 net.cpp:202] concat_stage4 does not need backward computation.
I0923 17:58:26.784085 2175012 net.cpp:202] Mconv7_stage3 does not need backward computation.
I0923 17:58:26.784086 2175012 net.cpp:202] Mrelu1_7_stage3_6 does not need backward computation.
I0923 17:58:26.784087 2175012 net.cpp:202] Mconv6_stage3 does not need backward computation.
I0923 17:58:26.784088 2175012 net.cpp:202] Mrelu1_6_stage3_5 does not need backward computation.
I0923 17:58:26.784089 2175012 net.cpp:202] Mconv5_stage3 does not need backward computation.
I0923 17:58:26.784091 2175012 net.cpp:202] Mrelu1_5_stage3_4 does not need backward computation.
I0923 17:58:26.784092 2175012 net.cpp:202] Mconv4_stage3 does not need backward computation.
I0923 17:58:26.784093 2175012 net.cpp:202] Mrelu1_4_stage3_3 does not need backward computation.
I0923 17:58:26.784096 2175012 net.cpp:202] Mconv3_stage3 does not need backward computation.
I0923 17:58:26.784096 2175012 net.cpp:202] Mrelu1_3_stage3_2 does not need backward computation.
I0923 17:58:26.784097 2175012 net.cpp:202] Mconv2_stage3 does not need backward computation.
I0923 17:58:26.784101 2175012 net.cpp:202] Mrelu1_2_stage3_1 does not need backward computation.
I0923 17:58:26.784101 2175012 net.cpp:202] Mconv1_stage3 does not need backward computation.
I0923 17:58:26.784102 2175012 net.cpp:202] concat_stage3 does not need backward computation.
I0923 17:58:26.784103 2175012 net.cpp:202] Mconv7_stage2 does not need backward computation.
I0923 17:58:26.784106 2175012 net.cpp:202] Mrelu1_7_stage2_6 does not need backward computation.
I0923 17:58:26.784106 2175012 net.cpp:202] Mconv6_stage2 does not need backward computation.
I0923 17:58:26.784107 2175012 net.cpp:202] Mrelu1_6_stage2_5 does not need backward computation.
I0923 17:58:26.784108 2175012 net.cpp:202] Mconv5_stage2 does not need backward computation.
I0923 17:58:26.784109 2175012 net.cpp:202] Mrelu1_5_stage2_4 does not need backward computation.
I0923 17:58:26.784111 2175012 net.cpp:202] Mconv4_stage2 does not need backward computation.
I0923 17:58:26.784112 2175012 net.cpp:202] Mrelu1_4_stage2_3 does not need backward computation.
I0923 17:58:26.784113 2175012 net.cpp:202] Mconv3_stage2 does not need backward computation.
I0923 17:58:26.784114 2175012 net.cpp:202] Mrelu1_3_stage2_2 does not need backward computation.
I0923 17:58:26.784116 2175012 net.cpp:202] Mconv2_stage2 does not need backward computation.
I0923 17:58:26.784117 2175012 net.cpp:202] Mrelu1_2_stage2_1 does not need backward computation.
I0923 17:58:26.784118 2175012 net.cpp:202] Mconv1_stage2 does not need backward computation.
I0923 17:58:26.784119 2175012 net.cpp:202] concat_stage2 does not need backward computation.
I0923 17:58:26.784121 2175012 net.cpp:202] conv6_2_CPM does not need backward computation.
I0923 17:58:26.784122 2175012 net.cpp:202] relu6_4_stage1_1 does not need backward computation.
I0923 17:58:26.784123 2175012 net.cpp:202] conv6_1_CPM does not need backward computation.
I0923 17:58:26.784125 2175012 net.cpp:202] conv5_3_CPM_relu5_4_stage1_3_0_split does not need backward computation.
I0923 17:58:26.784126 2175012 net.cpp:202] relu5_4_stage1_3 does not need backward computation.
I0923 17:58:26.784128 2175012 net.cpp:202] conv5_3_CPM does not need backward computation.
I0923 17:58:26.784129 2175012 net.cpp:202] relu5_2 does not need backward computation.
I0923 17:58:26.784130 2175012 net.cpp:202] conv5_2 does not need backward computation.
I0923 17:58:26.784132 2175012 net.cpp:202] relu5_1 does not need backward computation.
I0923 17:58:26.784133 2175012 net.cpp:202] conv5_1 does not need backward computation.
I0923 17:58:26.784134 2175012 net.cpp:202] relu4_4 does not need backward computation.
I0923 17:58:26.784135 2175012 net.cpp:202] conv4_4 does not need backward computation.
I0923 17:58:26.784137 2175012 net.cpp:202] relu4_3 does not need backward computation.
I0923 17:58:26.784138 2175012 net.cpp:202] conv4_3 does not need backward computation.
I0923 17:58:26.784139 2175012 net.cpp:202] relu4_2 does not need backward computation.
I0923 17:58:26.784142 2175012 net.cpp:202] conv4_2 does not need backward computation.
I0923 17:58:26.784142 2175012 net.cpp:202] relu4_1 does not need backward computation.
I0923 17:58:26.784143 2175012 net.cpp:202] conv4_1 does not need backward computation.
I0923 17:58:26.784144 2175012 net.cpp:202] pool3_stage1 does not need backward computation.
I0923 17:58:26.784145 2175012 net.cpp:202] relu3_4 does not need backward computation.
I0923 17:58:26.784147 2175012 net.cpp:202] conv3_4 does not need backward computation.
I0923 17:58:26.784148 2175012 net.cpp:202] relu3_3 does not need backward computation.
I0923 17:58:26.784149 2175012 net.cpp:202] conv3_3 does not need backward computation.
I0923 17:58:26.784150 2175012 net.cpp:202] relu3_2 does not need backward computation.
I0923 17:58:26.784152 2175012 net.cpp:202] conv3_2 does not need backward computation.
I0923 17:58:26.784153 2175012 net.cpp:202] relu3_1 does not need backward computation.
I0923 17:58:26.784154 2175012 net.cpp:202] conv3_1 does not need backward computation.
I0923 17:58:26.784155 2175012 net.cpp:202] pool2_stage1 does not need backward computation.
I0923 17:58:26.784157 2175012 net.cpp:202] relu2_2 does not need backward computation.
I0923 17:58:26.784158 2175012 net.cpp:202] conv2_2 does not need backward computation.
I0923 17:58:26.784159 2175012 net.cpp:202] relu2_1 does not need backward computation.
I0923 17:58:26.784160 2175012 net.cpp:202] conv2_1 does not need backward computation.
I0923 17:58:26.784162 2175012 net.cpp:202] pool1_stage1 does not need backward computation.
I0923 17:58:26.784163 2175012 net.cpp:202] relu1_2 does not need backward computation.
I0923 17:58:26.784164 2175012 net.cpp:202] conv1_2 does not need backward computation.
I0923 17:58:26.784165 2175012 net.cpp:202] relu1_1 does not need backward computation.
I0923 17:58:26.784166 2175012 net.cpp:202] conv1_1 does not need backward computation.
I0923 17:58:26.784168 2175012 net.cpp:202] input does not need backward computation.
I0923 17:58:26.784168 2175012 net.cpp:244] This network produces output net_output
I0923 17:58:26.784183 2175012 net.cpp:257] Network initialization done.
I0923 17:58:26.871249 2175012 net.cpp:746] Ignoring source layer data
I0923 17:58:26.871261 2175012 net.cpp:746] Ignoring source layer label_lower
I0923 17:58:26.871263 2175012 net.cpp:746] Ignoring source layer label_lower_label_lower_0_split
I0923 17:58:26.871263 2175012 net.cpp:746] Ignoring source layer label_1st_lower_label_lower_1_split
I0923 17:58:26.871264 2175012 net.cpp:746] Ignoring source layer silence_loss0
I0923 17:58:26.871265 2175012 net.cpp:746] Ignoring source layer image
I0923 17:58:26.875068 2175012 net.cpp:746] Ignoring source layer conv6_2_CPM_conv6_2_CPM_0_split
I0923 17:58:26.875080 2175012 net.cpp:746] Ignoring source layer loss_prod_stage1
I0923 17:58:26.875082 2175012 net.cpp:746] Ignoring source layer loss_stage1
I0923 17:58:26.876111 2175012 net.cpp:746] Ignoring source layer Mconv7_stage2_Mconv7_stage2_0_split
I0923 17:58:26.876116 2175012 net.cpp:746] Ignoring source layer loss_prod_stage2
I0923 17:58:26.876117 2175012 net.cpp:746] Ignoring source layer loss_stage2
I0923 17:58:26.877149 2175012 net.cpp:746] Ignoring source layer Mconv7_stage3_Mconv7_stage3_0_split
I0923 17:58:26.877153 2175012 net.cpp:746] Ignoring source layer loss_prod_stage3
I0923 17:58:26.877154 2175012 net.cpp:746] Ignoring source layer loss_stage3
I0923 17:58:26.878177 2175012 net.cpp:746] Ignoring source layer Mconv7_stage4_Mconv7_stage4_0_split
I0923 17:58:26.878181 2175012 net.cpp:746] Ignoring source layer loss_prod_stage4
I0923 17:58:26.878182 2175012 net.cpp:746] Ignoring source layer loss_stage4
I0923 17:58:26.879207 2175012 net.cpp:746] Ignoring source layer Mconv7_stage5_Mconv7_stage5_0_split
I0923 17:58:26.879211 2175012 net.cpp:746] Ignoring source layer loss_prod_stage5
I0923 17:58:26.879212 2175012 net.cpp:746] Ignoring source layer loss_stage5
I0923 17:58:26.880239 2175012 net.cpp:746] Ignoring source layer loss_prod_stage6
I0923 17:58:26.880241 2175012 net.cpp:746] Ignoring source layer loss_stage6
I0923 17:58:26.880244 2175012 net.cpp:746] Ignoring source layer silence
OpenPose demo successfully finished. Total time: 46.668127 seconds.
[exit=0 timed_out=False duration=47.2s]
2026-09-23 17:59:11,194 INFO    OpenPose normalisation: 205 frames -> body=37857 rows, hands=56054 rows, face=37768 rows
2026-09-23 17:59:11,709 INFO    completed
