2026-09-23 17:44:28,095 INFO    start (status is pending)
2026-09-23 17:44:28,441 INFO    running OpenPose (model=BODY_25, hands=True, face=True, gpu=0)

$ /opt/openpose/build/examples/openpose/openpose.bin --video /data/home/raulagent/miscosas/repos/storytel-pipeline/data/input_videos/pipeline_silent.mp4 --model_folder /opt/openpose/models --write_json /data/home/raulagent/miscosas/repos/storytel-pipeline/data/processed/pipeline_silent/pose/raw --num_gpu 1 --num_gpu_start 0 --display 0 --render_pose 0 --disable_multi_thread --model_pose BODY_25 --hand --face --logtostderr --alsologtostderr
(cwd=/data/home/raulagent/miscosas/repos/storytel-pipeline/data/processed/pipeline_silent)
Starting OpenPose demo...
Configuring OpenPose...
Starting thread(s)...
I0923 17:44:28.714592 2164736 upgrade_proto.cpp:69] Attempting to upgrade input file specified using deprecated input fields: /opt/openpose/models/pose/body_25/pose_deploy.prototxt
I0923 17:44:28.714651 2164736 upgrade_proto.cpp:72] Successfully upgraded file specified using deprecated input fields.
W0923 17:44:28.714653 2164736 upgrade_proto.cpp:74] Note that future Caffe releases will only support input layers and not input fields.
I0923 17:44:28.714852 2164736 net.cpp:53] Initializing net from parameters: 
name: "OpenPose - BODY_25"
state {
  phase: TEST
  level: 0
}
layer {
  name: "input"
  type: "Input"
  top: "image"
  input_param {
    shape {
      dim: 1
      dim: 3
      dim: 16
      dim: 16
    }
  }
}
layer {
  name: "conv1_1"
  type: "Convolution"
  bottom: "image"
  top: "conv1_1"
  convolution_param {
    num_output: 64
    pad: 1
    kernel_size: 3
  }
}
layer {
  name: "relu1_1"
  type: "ReLU"
  bottom: "conv1_1"
  top: "conv1_1"
}
layer {
  name: "conv1_2"
  type: "Convolution"
  bottom: "conv1_1"
  top: "conv1_2"
  convolution_param {
    num_output: 64
    pad: 1
    kernel_size: 3
  }
}
layer {
  name: "relu1_2"
  type: "ReLU"
  bottom: "conv1_2"
  top: "conv1_2"
}
layer {
  name: "pool1_stage1"
  type: "Pooling"
  bottom: "conv1_2"
  top: "pool1_stage1"
  pooling_param {
    pool: MAX
    kernel_size: 2
    stride: 2
  }
}
layer {
  name: "conv2_1"
  type: "Convolution"
  bottom: "pool1_stage1"
  top: "conv2_1"
  convolution_param {
    num_output: 128
    pad: 1
    kernel_size: 3
  }
}
layer {
  name: "relu2_1"
  type: "ReLU"
  bottom: "conv2_1"
  top: "conv2_1"
}
layer {
  name: "conv2_2"
  type: "Convolution"
  bottom: "conv2_1"
  top: "conv2_2"
  convolution_param {
    num_output: 128
    pad: 1
    kernel_size: 3
  }
}
layer {
  name: "relu2_2"
  type: "ReLU"
  bottom: "conv2_2"
  top: "conv2_2"
}
layer {
  name: "pool2_stage1"
  type: "Pooling"
  bottom: "conv2_2"
  top: "pool2_stage1"
  pooling_param {
    pool: MAX
    kernel_size: 2
    stride: 2
  }
}
layer {
  name: "conv3_1"
  type: "Convolution"
  bottom: "pool2_stage1"
  top: "conv3_1"
  convolution_param {
    num_output: 256
    pad: 1
    kernel_size: 3
  }
}
layer {
  name: "relu3_1"
  type: "ReLU"
  bottom: "conv3_1"
  top: "conv3_1"
}
layer {
  name: "conv3_2"
  type: "Convolution"
  bottom: "conv3_1"
  top: "conv3_2"
  convolution_param {
    num_output: 256
    pad: 1
    kernel_size: 3
  }
}
layer {
  name: "relu3_2"
  type: "ReLU"
  bottom: "conv3_2"
  top: "conv3_2"
}
layer {
  name: "conv3_3"
  type: "Convolution"
  bottom: "conv3_2"
  top: "conv3_3"
  convolution_param {
    num_output: 256
    pad: 1
    kernel_size: 3
  }
}
layer {
  name: "relu3_3"
  type: "ReLU"
  bottom: "conv3_3"
  top: "conv3_3"
}
layer {
  name: "conv3_4"
  type: "Convolution"
  bottom: "conv3_3"
  top: "conv3_4"
  convolution_param {
    num_output: 256
    pad: 1
    kernel_size: 3
  }
}
layer {
  name: "relu3_4"
  type: "ReLU"
  bottom: "conv3_4"
  top: "conv3_4"
}
layer {
  name: "pool3_stage1"
  type: "Pooling"
  bottom: "conv3_4"
  top: "pool3_stage1"
  pooling_param {
    pool: MAX
    kernel_size: 2
    stride: 2
  }
}
layer {
  name: "conv4_1"
  type: "Convolution"
  bottom: "pool3_stage1"
  top: "conv4_1"
  convolution_param {
    num_output: 512
    pad: 1
    kernel_size: 3
  }
}
layer {
  name: "relu4_1"
  type: "ReLU"
  bottom: "conv4_1"
  top: "conv4_1"
}
layer {
  name: "conv4_2"
  type: "Convolution"
  bottom: "conv4_1"
  top: "conv4_2"
  convolution_param {
    num_output: 512
    pad: 1
    kernel_size: 3
  }
}
layer {
  name: "prelu4_2"
  type: "PReLU"
  bottom: "conv4_2"
  top: "conv4_2"
}
layer {
  name: "conv4_3_CPM"
  type: "Convolution"
  bottom: "conv4_2"
  top: "conv4_3_CPM"
  convolution_param {
    num_output: 256
    pad: 1
    kernel_size: 3
  }
}
layer {
  name: "prelu4_3_CPM"
  type: "PReLU"
  bottom: "conv4_3_CPM"
  top: "conv4_3_CPM"
}
layer {
  name: "conv4_4_CPM"
  type: "Convolution"
  bottom: "conv4_3_CPM"
  top: "conv4_4_CPM"
  convolution_param {
    num_output: 128
    pad: 1
    kernel_size: 3
  }
}
layer {
  name: "prelu4_4_CPM"
  type: "PReLU"
  bottom: "conv4_4_CPM"
  top: "conv4_4_CPM"
}
layer {
  name: "Mconv1_stage0_L2_0"
  type: "Convolution"
  bottom: "conv4_4_CPM"
  top: "Mconv1_stage0_L2_0"
  convolution_param {
    num_output: 96
    pad: 1
    kernel_size: 3
  }
}
layer {
  name: "Mprelu1_stage0_L2_0"
  type: "PReLU"
  bottom: "Mconv1_stage0_L2_0"
  top: "Mconv1_stage0_L2_0"
}
layer {
  name: "Mconv1_stage0_L2_1"
  type: "Convolution"
  bottom: "Mconv1_stage0_L2_0"
  top: "Mconv1_stage0_L2_1"
  convolution_param {
    num_output: 96
    pad: 1
    kernel_size: 3
  }
}
layer {
  name: "Mprelu1_stage0_L2_1"
  type: "PReLU"
  bottom: "Mconv1_stage0_L2_1"
  top: "Mconv1_stage0_L2_1"
}
layer {
  name: "Mconv1_stage0_L2_2"
  type: "Convolution"
  bottom: "Mconv1_stage0_L2_1"
  top: "Mconv1_stage0_L2_2"
  convolution_param {
    num_output: 96
    pad: 1
    kernel_size: 3
  }
}
layer {
  name: "Mprelu1_stage0_L2_2"
  type: "PReLU"
  bottom: "Mconv1_stage0_L2_2"
  top: "Mconv1_stage0_L2_2"
}
layer {
  name: "Mconv1_stage0_L2_concat"
  type: "Concat"
  bottom: "Mconv1_stage0_L2_0"
  bottom: "Mconv1_stage0_L2_1"
  bottom: "Mconv1_stage0_L2_2"
  top: "Mconv1_stage0_L2_concat"
  concat_param {
    axis: 1
  }
}
layer {
  name: "Mconv2_stage0_L2_0"
  type: "Convolution"
  bottom: "Mconv1_stage0_L2_concat"
  top: "Mconv2_stage0_L2_0"
  convolution_param {
    num_output: 96
    pad: 1
    kernel_size: 3
  }
}
layer {
  name: "Mprelu2_stage0_L2_0"
  type: "PReLU"
  bottom: "Mconv2_stage0_L2_0"
  top: "Mconv2_stage0_L2_0"
}
layer {
  name: "Mconv2_stage0_L2_1"
  type: "Convolution"
  bottom: "Mconv2_stage0_L2_0"
  top: "Mconv2_stage0_L2_1"
  convolution_param {
    num_output: 96
    pad: 1
    kernel_size: 3
  }
}
layer {
  name: "Mprelu2_stage0_L2_1"
  type: "PReLU"
  bottom: "Mconv2_stage0_L2_1"
  top: "Mconv2_stage0_L2_1"
}
layer {
  name: "Mconv2_stage0_L2_2"
  type: "Convolution"
  bottom: "Mconv2_stage0_L2_1"
  top: "Mconv2_stage0_L2_2"
  convolution_param {
    num_output: 96
    pad: 1
    kernel_size: 3
  }
}
layer {
  name: "Mprelu2_stage0_L2_2"
  type: "PReLU"
  bottom: "Mconv2_stage0_L2_2"
  top: "Mconv2_stage0_L2_2"
}
layer {
  name: "Mconv2_stage0_L2_concat"
  type: "Concat"
  bottom: "Mconv2_stage0_L2_0"
  bottom: "Mconv2_stage0_L2_1"
  bottom: "Mconv2_stage0_L2_2"
  top: "Mconv2_stage0_L2_concat"
  concat_param {
    axis: 1
  }
}
layer {
  name: "Mconv3_stage0_L2_0"
  type: "Convolution"
  bottom: "Mconv2_stage0_L2_concat"
  top: "Mconv3_stage0_L2_0"
  convolution_param {
    num_output: 96
    pad: 1
    kernel_size: 3
  }
}
layer {
  name: "Mprelu3_stage0_L2_0"
  type: "PReLU"
  bottom: "Mconv3_stage0_L2_0"
  top: "Mconv3_stage0_L2_0"
}
layer {
  name: "Mconv3_stage0_L2_1"
  type: "Convolution"
  bottom: "Mconv3_stage0_L2_0"
  top: "Mconv3_stage0_L2_1"
  convolution_param {
    num_output: 96
    pad: 1
    kernel_size: 3
  }
}
layer {
  name: "Mprelu3_stage0_L2_1"
  type: "PReLU"
  bottom: "Mconv3_stage0_L2_1"
  top: "Mconv3_stage0_L2_1"
}
layer {
  name: "Mconv3_stage0_L2_2"
  type: "Convolution"
  bottom: "Mconv3_stage0_L2_1"
  top: "Mconv3_stage0_L2_2"
  convolution_param {
    num_output: 96
    pad: 1
    kernel_size: 3
  }
}
layer {
  name: "Mprelu3_stage0_L2_2"
  type: "PReLU"
  bottom: "Mconv3_stage0_L2_2"
  top: "Mconv3_stage0_L2_2"
}
layer {
  name: "Mconv3_stage0_L2_concat"
  type: "Concat"
  bottom: "Mconv3_stage0_L2_0"
  bottom: "Mconv3_stage0_L2_1"
  bottom: "Mconv3_stage0_L2_2"
  top: "Mconv3_stage0_L2_concat"
  concat_param {
    axis: 1
  }
}
layer {
  name: "Mconv4_stage0_L2_0"
  type: "Convolution"
  bottom: "Mconv3_stage0_L2_concat"
  top: "Mconv4_stage0_L2_0"
  convolution_param {
    num_output: 96
    pad: 1
    kernel_size: 3
  }
}
layer {
  name: "Mprelu4_stage0_L2_0"
  type: "PReLU"
  bottom: "Mconv4_stage0_L2_0"
  top: "Mconv4_stage0_L2_0"
}
layer {
  name: "Mconv4_stage0_L2_1"
  type: "Convolution"
  bottom: "Mconv4_stage0_L2_0"
  top: "Mconv4_stage0_L2_1"
  convolution_param {
    num_output: 96
    pad: 1
    kernel_size: 3
  }
}
layer {
  name: "Mprelu4_stage0_L2_1"
  type: "PReLU"
  bottom: "Mconv4_stage0_L2_1"
  top: "Mconv4_stage0_L2_1"
}
layer {
  name: "Mconv4_stage0_L2_2"
  type: "Convolution"
  bottom: "Mconv4_stage0_L2_1"
  top: "Mconv4_stage0_L2_2"
  convolution_param {
    num_output: 96
    pad: 1
    kernel_size: 3
  }
}
layer {
  name: "Mprelu4_stage0_L2_2"
  type: "PReLU"
  bottom: "Mconv4_stage0_L2_2"
  top: "Mconv4_stage0_L2_2"
}
layer {
  name: "Mconv4_stage0_L2_concat"
  type: "Concat"
  bottom: "Mconv4_stage0_L2_0"
  bottom: "Mconv4_stage0_L2_1"
  bottom: "Mconv4_stage0_L2_2"
  top: "Mconv4_stage0_L2_concat"
  concat_param {
    axis: 1
  }
}
layer {
  name: "Mconv5_stage0_L2_0"
  type: "Convolution"
  bottom: "Mconv4_stage0_L2_concat"
  top: "Mconv5_stage0_L2_0"
  convolution_param {
    num_output: 96
    pad: 1
    kernel_size: 3
  }
}
layer {
  name: "Mprelu5_stage0_L2_0"
  type: "PReLU"
  bottom: "Mconv5_stage0_L2_0"
  top: "Mconv5_stage0_L2_0"
}
layer {
  name: "Mconv5_stage0_L2_1"
  type: "Convolution"
  bottom: "Mconv5_stage0_L2_0"
  top: "Mconv5_stage0_L2_1"
  convolution_param {
    num_output: 96
    pad: 1
    kernel_size: 3
  }
}
layer {
  name: "Mprelu5_stage0_L2_1"
  type: "PReLU"
  bottom: "Mconv5_stage0_L2_1"
  top: "Mconv5_stage0_L2_1"
}
layer {
  name: "Mconv5_stage0_L2_2"
  type: "Convolution"
  bottom: "Mconv5_stage0_L2_1"
  top: "Mconv5_stage0_L2_2"
  convolution_param {
    num_output: 96
    pad: 1
    kernel_size: 3
  }
}
layer {
  name: "Mprelu5_stage0_L2_2"
  type: "PReLU"
  bottom: "Mconv5_stage0_L2_2"
  top: "Mconv5_stage0_L2_2"
}
layer {
  name: "Mconv5_stage0_L2_concat"
  type: "Concat"
  bottom: "Mconv5_stage0_L2_0"
  bottom: "Mconv5_stage0_L2_1"
  bottom: "Mconv5_stage0_L2_2"
  top: "Mconv5_stage0_L2_concat"
  concat_param {
    axis: 1
  }
}
layer {
  name: "Mconv6_stage0_L2"
  type: "Convolution"
  bottom: "Mconv5_stage0_L2_concat"
  top: "Mconv6_stage0_L2"
  convolution_param {
    num_output: 256
    pad: 0
    kernel_size: 1
  }
}
layer {
  name: "Mprelu6_stage0_L2"
  type: "PReLU"
  bottom: "Mconv6_stage0_L2"
  top: "Mconv6_stage0_L2"
}
layer {
  name: "Mconv7_stage0_L2"
  type: "Convolution"
  bottom: "Mconv6_stage0_L2"
  top: "Mconv7_stage0_L2"
  convolution_param {
    num_output: 52
    pad: 0
    kernel_size: 1
  }
}
layer {
  name: "concat_stage1_L2"
  type: "Concat"
  bottom: "conv4_4_CPM"
  bottom: "Mconv7_stage0_L2"
  top: "concat_stage1_L2"
  concat_param {
    axis: 1
  }
}
layer {
  name: "Mconv1_stage1_L2_0"
  type: "Convolution"
  bottom: "concat_stage1_L2"
  top: "Mconv1_stage1_L2_0"
  convolution_param {
    num_output: 128
    pad: 1
    kernel_size: 3
  }
}
layer {
  name: "Mprelu1_stage1_L2_0"
  type: "PReLU"
  bottom: "Mconv1_stage1_L2_0"
  top: "Mconv1_stage1_L2_0"
}
layer {
  name: "Mconv1_stage1_L2_1"
  type: "Convolution"
  bottom: "Mconv1_stage1_L2_0"
  top: "Mconv1_stage1_L2_1"
  convolution_param {
    num_output: 128
    pad: 1
    kernel_size: 3
  }
}
layer {
  name: "Mprelu1_stage1_L2_1"
  type: "PReLU"
  bottom: "Mconv1_stage1_L2_1"
  top: "Mconv1_stage1_L2_1"
}
layer {
  name: "Mconv1_stage1_L2_2"
  type: "Convolution"
  bottom: "Mconv1_stage1_L2_1"
  top: "Mconv1_stage1_L2_2"
  convolution_param {
    num_output: 128
    pad: 1
    kernel_size: 3
  }
}
layer {
  name: "Mprelu1_stage1_L2_2"
  type: "PReLU"
  bottom: "Mconv1_stage1_L2_2"
  top: "Mconv1_stage1_L2_2"
}
layer {
  name: "Mconv1_stage1_L2_concat"
  type: "Concat"
  bottom: "Mconv1_stage1_L2_0"
  bottom: "Mconv1_stage1_L2_1"
  bottom: "Mconv1_stage1_L2_2"
  top: "Mconv1_stage1_L2_concat"
  concat_param {
    axis: 1
  }
}
layer {
  name: "Mconv2_stage1_L2_0"
  type: "Convolution"
  bottom: "Mconv1_stage1_L2_concat"
  top: "Mconv2_stage1_L2_0"
  convolution_param {
    num_output: 128
    pad: 1
    kernel_size: 3
  }
}
layer {
  name: "Mprelu2_stage1_L2_0"
  type: "PReLU"
  bottom: "Mconv2_stage1_L2_0"
  top: "Mconv2_stage1_L2_0"
}
layer {
  name: "Mconv2_stage1_L2_1"
  type: "Convolution"
  bottom: "Mconv2_stage1_L2_0"
  top: "Mconv2_stage1_L2_1"
  convolution_param {
    num_output: 128
    pad: 1
    kernel_size: 3
  }
}
layer {
  name: "Mprelu2_stage1_L2_1"
  type: "PReLU"
  bottom: "Mconv2_stage1_L2_1"
  top: "Mconv2_stage1_L2_1"
}
layer {
  name: "Mconv2_stage1_L2_2"
  type: "Convolution"
  bottom: "Mconv2_stage1_L2_1"
  top: "Mconv2_stage1_L2_2"
  convolution_param {
    num_output: 128
    pad: 1
    kernel_size: 3
  }
}
layer {
  name: "Mprelu2_stage1_L2_2"
  type: "PReLU"
  bottom: "Mconv2_stage1_L2_2"
  top: "Mconv2_stage1_L2_2"
}
layer {
  name: "Mconv2_stage1_L2_concat"
  type: "Concat"
  bottom: "Mconv2_stage1_L2_0"
  bottom: "Mconv2_stage1_L2_1"
  bottom: "Mconv2_stage1_L2_2"
  top: "Mconv2_stage1_L2_concat"
  concat_param {
    axis: 1
  }
}
layer {
  name: "Mconv3_stage1_L2_0"
  type: "Convolution"
  bottom: "Mconv2_stage1_L2_concat"
  top: "Mconv3_stage1_L2_0"
  convolution_param {
    num_output: 128
    pad: 1
    kernel_size: 3
  }
}
layer {
  name: "Mprelu3_stage1_L2_0"
  type: "PReLU"
  bottom: "Mconv3_stage1_L2_0"
  top: "Mconv3_stage1_L2_0"
}
layer {
  name: "Mconv3_stage1_L2_1"
  type: "Convolution"
  bottom: "Mconv3_stage1_L2_0"
  top: "Mconv3_stage1_L2_1"
  convolution_param {
    num_output: 128
    pad: 1
    kernel_size: 3
  }
}
layer {
  name: "Mprelu3_stage1_L2_1"
  type: "PReLU"
  bottom: "Mconv3_stage1_L2_1"
  top: "Mconv3_stage1_L2_1"
}
layer {
  name: "Mconv3_stage1_L2_2"
  type: "Convolution"
  bottom: "Mconv3_stage1_L2_1"
  top: "Mconv3_stage1_L2_2"
  convolution_param {
    num_output: 128
    pad: 1
    kernel_size: 3
  }
}
layer {
  name: "Mprelu3_stage1_L2_2"
  type: "PReLU"
  bottom: "Mconv3_stage1_L2_2"
  top: "Mconv3_stage1_L2_2"
}
layer {
  name: "Mconv3_stage1_L2_concat"
  type: "Concat"
  bottom: "Mconv3_stage1_L2_0"
  bottom: "Mconv3_stage1_L2_1"
  bottom: "Mconv3_stage1_L2_2"
  top: "Mconv3_stage1_L2_concat"
  concat_param {
    axis: 1
  }
}
layer {
  name: "Mconv4_stage1_L2_0"
  type: "Convolution"
  bottom: "Mconv3_stage1_L2_concat"
  top: "Mconv4_stage1_L2_0"
  convolution_param {
    num_output: 128
    pad: 1
    kernel_size: 3
  }
}
layer {
  name: "Mprelu4_stage1_L2_0"
  type: "PReLU"
  bottom: "Mconv4_stage1_L2_0"
  top: "Mconv4_stage1_L2_0"
}
layer {
  name: "Mconv4_stage1_L2_1"
  type: "Convolution"
  bottom: "Mconv4_stage1_L2_0"
  top: "Mconv4_stage1_L2_1"
  convolution_param {
    num_output: 128
    pad: 1
    kernel_size: 3
  }
}
layer {
  name: "Mprelu4_stage1_L2_1"
  type: "PReLU"
  bottom: "Mconv4_stage1_L2_1"
  top: "Mconv4_stage1_L2_1"
}
layer {
  name: "Mconv4_stage1_L2_2"
  type: "Convolution"
  bottom: "Mconv4_stage1_L2_1"
  top: "Mconv4_stage1_L2_2"
  convolution_param {
    num_output: 128
    pad: 1
    kernel_size: 3
  }
}
layer {
  name: "Mprelu4_stage1_L2_2"
  type: "PReLU"
  bottom: "Mconv4_stage1_L2_2"
  top: "Mconv4_stage1_L2_2"
}
layer {
  name: "Mconv4_stage1_L2_concat"
  type: "Concat"
  bottom: "Mconv4_stage1_L2_0"
  bottom: "Mconv4_stage1_L2_1"
  bottom: "Mconv4_stage1_L2_2"
  top: "Mconv4_stage1_L2_concat"
  concat_param {
    axis: 1
  }
}
layer {
  name: "Mconv5_stage1_L2_0"
  type: "Convolution"
  bottom: "Mconv4_stage1_L2_concat"
  top: "Mconv5_stage1_L2_0"
  convolution_param {
    num_output: 128
    pad: 1
    kernel_size: 3
  }
}
layer {
  name: "Mprelu5_stage1_L2_0"
  type: "PReLU"
  bottom: "Mconv5_stage1_L2_0"
  top: "Mconv5_stage1_L2_0"
}
layer {
  name: "Mconv5_stage1_L2_1"
  type: "Convolution"
  bottom: "Mconv5_stage1_L2_0"
  top: "Mconv5_stage1_L2_1"
  convolution_param {
    num_output: 128
    pad: 1
    kernel_size: 3
  }
}
layer {
  name: "Mprelu5_stage1_L2_1"
  type: "PReLU"
  bottom: "Mconv5_stage1_L2_1"
  top: "Mconv5_stage1_L2_1"
}
layer {
  name: "Mconv5_stage1_L2_2"
  type: "Convolution"
  bottom: "Mconv5_stage1_L2_1"
  top: "Mconv5_stage1_L2_2"
  convolution_param {
    num_output: 128
    pad: 1
    kernel_size: 3
  }
}
layer {
  name: "Mprelu5_stage1_L2_2"
  type: "PReLU"
  bottom: "Mconv5_stage1_L2_2"
  top: "Mconv5_stage1_L2_2"
}
layer {
  name: "Mconv5_stage1_L2_concat"
  type: "Concat"
  bottom: "Mconv5_stage1_L2_0"
  bottom: "Mconv5_stage1_L2_1"
  bottom: "Mconv5_stage1_L2_2"
  top: "Mconv5_stage1_L2_concat"
  concat_param {
    axis: 1
  }
}
layer {
  name: "Mconv6_stage1_L2"
  type: "Convolution"
  bottom: "Mconv5_stage1_L2_concat"
  top: "Mconv6_stage1_L2"
  convolution_param {
    num_output: 512
    pad: 0
    kernel_size: 1
  }
}
layer {
  name: "Mprelu6_stage1_L2"
  type: "PReLU"
  bottom: "Mconv6_stage1_L2"
  top: "Mconv6_stage1_L2"
}
layer {
  name: "Mconv7_stage1_L2"
  type: "Convolution"
  bottom: "Mconv6_stage1_L2"
  top: "Mconv7_stage1_L2"
  convolution_param {
    num_output: 52
    pad: 0
    kernel_size: 1
  }
}
layer {
  name: "concat_stage2_L2"
  type: "Concat"
  bottom: "conv4_4_CPM"
  bottom: "Mconv7_stage1_L2"
  top: "concat_stage2_L2"
  concat_param {
    axis: 1
  }
}
layer {
  name: "Mconv1_stage2_L2_0"
  type: "Convolution"
  bottom: "concat_stage2_L2"
  top: "Mconv1_stage2_L2_0"
  convolution_param {
    num_output: 128
    pad: 1
    kernel_size: 3
  }
}
layer {
  name: "Mprelu1_stage2_L2_0"
  type: "PReLU"
  bottom: "Mconv1_stage2_L2_0"
  top: "Mconv1_stage2_L2_0"
}
layer {
  name: "Mconv1_stage2_L2_1"
  type: "Convolution"
  bottom: "Mconv1_stage2_L2_0"
  top: "Mconv1_stage2_L2_1"
  convolution_param {
    num_output: 128
    pad: 1
    kernel_size: 3
  }
}
layer {
  name: "Mprelu1_stage2_L2_1"
  type: "PReLU"
  bottom: "Mconv1_stage2_L2_1"
  top: "Mconv1_stage2_L2_1"
}
layer {
  name: "Mconv1_stage2_L2_2"
  type: "Convolution"
  bottom: "Mconv1_stage2_L2_1"
  top: "Mconv1_stage2_L2_2"
  convolution_param {
    num_output: 128
    pad: 1
    kernel_size: 3
  }
}
layer {
  name: "Mprelu1_stage2_L2_2"
  type: "PReLU"
  bottom: "Mconv1_stage2_L2_2"
  top: "Mconv1_stage2_L2_2"
}
layer {
  name: "Mconv1_stage2_L2_concat"
  type: "Concat"
  bottom: "Mconv1_stage2_L2_0"
  bottom: "Mconv1_stage2_L2_1"
  bottom: "Mconv1_stage2_L2_2"
  top: "Mconv1_stage2_L2_concat"
  concat_param {
    axis: 1
  }
}
layer {
  name: "Mconv2_stage2_L2_0"
  type: "Convolution"
  bottom: "Mconv1_stage2_L2_concat"
  top: "Mconv2_stage2_L2_0"
  convolution_param {
    num_output: 128
    pad: 1
    kernel_size: 3
  }
}
layer {
  name: "Mprelu2_stage2_L2_0"
  type: "PReLU"
  bottom: "Mconv2_stage2_L2_0"
  top: "Mconv2_stage2_L2_0"
}
layer {
  name: "Mconv2_stage2_L2_1"
  type: "Convolution"
  bottom: "Mconv2_stage2_L2_0"
  top: "Mconv2_stage2_L2_1"
  convolution_param {
    num_output: 128
    pad: 1
    kernel_size: 3
  }
}
layer {
  name: "Mprelu2_stage2_L2_1"
  type: "PReLU"
  bottom: "Mconv2_stage2_L2_1"
  top: "Mconv2_stage2_L2_1"
}
layer {
  name: "Mconv2_stage2_L2_2"
  type: "Convolution"
  bottom: "Mconv2_stage2_L2_1"
  top: "Mconv2_stage2_L2_2"
  convolution_param {
    num_output: 128
    pad: 1
    kernel_size: 3
  }
}
layer {
  name: "Mprelu2_stage2_L2_2"
  type: "PReLU"
  bottom: "Mconv2_stage2_L2_2"
  top: "Mconv2_stage2_L2_2"
}
layer {
  name: "Mconv2_stage2_L2_concat"
  type: "Concat"
  bottom: "Mconv2_stage2_L2_0"
  bottom: "Mconv2_stage2_L2_1"
  bottom: "Mconv2_stage2_L2_2"
  top: "Mconv2_stage2_L2_concat"
  concat_param {
    axis: 1
  }
}
layer {
  name: "Mconv3_stage2_L2_0"
  type: "Convolution"
  bottom: "Mconv2_stage2_L2_concat"
  top: "Mconv3_stage2_L2_0"
  convolution_param {
    num_output: 128
    pad: 1
    kernel_size: 3
  }
}
layer {
  name: "Mprelu3_stage2_L2_0"
  type: "PReLU"
  bottom: "Mconv3_stage2_L2_0"
  top: "Mconv3_stage2_L2_0"
}
layer {
  name: "Mconv3_stage2_L2_1"
  type: "Convolution"
  bottom: "Mconv3_stage2_L2_0"
  top: "Mconv3_stage2_L2_1"
  convolution_param {
    num_output: 128
    pad: 1
    kernel_size: 3
  }
}
layer {
  name: "Mprelu3_stage2_L2_1"
  type: "PReLU"
  bottom: "Mconv3_stage2_L2_1"
  top: "Mconv3_stage2_L2_1"
}
layer {
  name: "Mconv3_stage2_L2_2"
  type: "Convolution"
  bottom: "Mconv3_stage2_L2_1"
  top: "Mconv3_stage2_L2_2"
  convolution_param {
    num_output: 128
    pad: 1
    kernel_size: 3
  }
}
layer {
  name: "Mprelu3_stage2_L2_2"
  type: "PReLU"
  bottom: "Mconv3_stage2_L2_2"
  top: "Mconv3_stage2_L2_2"
}
layer {
  name: "Mconv3_stage2_L2_concat"
  type: "Concat"
  bottom: "Mconv3_stage2_L2_0"
  bottom: "Mconv3_stage2_L2_1"
  bottom: "Mconv3_stage2_L2_2"
  top: "Mconv3_stage2_L2_concat"
  concat_param {
    axis: 1
  }
}
layer {
  name: "Mconv4_stage2_L2_0"
  type: "Convolution"
  bottom: "Mconv3_stage2_L2_concat"
  top: "Mconv4_stage2_L2_0"
  convolution_param {
    num_output: 128
    pad: 1
    kernel_size: 3
  }
}
layer {
  name: "Mprelu4_stage2_L2_0"
  type: "PReLU"
  bottom: "Mconv4_stage2_L2_0"
  top: "Mconv4_stage2_L2_0"
}
layer {
  name: "Mconv4_stage2_L2_1"
  type: "Convolution"
  bottom: "Mconv4_stage2_L2_0"
  top: "Mconv4_stage2_L2_1"
  convolution_param {
    num_output: 128
    pad: 1
    kernel_size: 3
  }
}
layer {
  name: "Mprelu4_stage2_L2_1"
  type: "PReLU"
  bottom: "Mconv4_stage2_L2_1"
  top: "Mconv4_stage2_L2_1"
}
layer {
  name: "Mconv4_stage2_L2_2"
  type: "Convolution"
  bottom: "Mconv4_stage2_L2_1"
  top: "Mconv4_stage2_L2_2"
  convolution_param {
    num_output: 128
    pad: 1
    kernel_size: 3
  }
}
layer {
  name: "Mprelu4_stage2_L2_2"
  type: "PReLU"
  bottom: "Mconv4_stage2_L2_2"
  top: "Mconv4_stage2_L2_2"
}
layer {
  name: "Mconv4_stage2_L2_concat"
  type: "Concat"
  bottom: "Mconv4_stage2_L2_0"
  bottom: "Mconv4_stage2_L2_1"
  bottom: "Mconv4_stage2_L2_2"
  top: "Mconv4_stage2_L2_concat"
  concat_param {
    axis: 1
  }
}
layer {
  name: "Mconv5_stage2_L2_0"
  type: "Convolution"
  bottom: "Mconv4_stage2_L2_concat"
  top: "Mconv5_stage2_L2_0"
  convolution_param {
    num_output: 128
    pad: 1
    kernel_size: 3
  }
}
layer {
  name: "Mprelu5_stage2_L2_0"
  type: "PReLU"
  bottom: "Mconv5_stage2_L2_0"
  top: "Mconv5_stage2_L2_0"
}
layer {
  name: "Mconv5_stage2_L2_1"
  type: "Convolution"
  bottom: "Mconv5_stage2_L2_0"
  top: "Mconv5_stage2_L2_1"
  convolution_param {
    num_output: 128
    pad: 1
    kernel_size: 3
  }
}
layer {
  name: "Mprelu5_stage2_L2_1"
  type: "PReLU"
  bottom: "Mconv5_stage2_L2_1"
  top: "Mconv5_stage2_L2_1"
}
layer {
  name: "Mconv5_stage2_L2_2"
  type: "Convolution"
  bottom: "Mconv5_stage2_L2_1"
  top: "Mconv5_stage2_L2_2"
  convolution_param {
    num_output: 128
    pad: 1
    kernel_size: 3
  }
}
layer {
  name: "Mprelu5_stage2_L2_2"
  type: "PReLU"
  bottom: "Mconv5_stage2_L2_2"
  top: "Mconv5_stage2_L2_2"
}
layer {
  name: "Mconv5_stage2_L2_concat"
  type: "Concat"
  bottom: "Mconv5_stage2_L2_0"
  bottom: "Mconv5_stage2_L2_1"
  bottom: "Mconv5_stage2_L2_2"
  top: "Mconv5_stage2_L2_concat"
  concat_param {
    axis: 1
  }
}
layer {
  name: "Mconv6_stage2_L2"
  type: "Convolution"
  bottom: "Mconv5_stage2_L2_concat"
  top: "Mconv6_stage2_L2"
  convolution_param {
    num_output: 512
    pad: 0
    kernel_size: 1
  }
}
layer {
  name: "Mprelu6_stage2_L2"
  type: "PReLU"
  bottom: "Mconv6_stage2_L2"
  top: "Mconv6_stage2_L2"
}
layer {
  name: "Mconv7_stage2_L2"
  type: "Convolution"
  bottom: "Mconv6_stage2_L2"
  top: "Mconv7_stage2_L2"
  convolution_param {
    num_output: 52
    pad: 0
    kernel_size: 1
  }
}
layer {
  name: "concat_stage3_L2"
  type: "Concat"
  bottom: "conv4_4_CPM"
  bottom: "Mconv7_stage2_L2"
  top: "concat_stage3_L2"
  concat_param {
    axis: 1
  }
}
layer {
  name: "Mconv1_stage3_L2_0"
  type: "Convolution"
  bottom: "concat_stage3_L2"
  top: "Mconv1_stage3_L2_0"
  convolution_param {
    num_output: 128
    pad: 1
    kernel_size: 3
  }
}
layer {
  name: "Mprelu1_stage3_L2_0"
  type: "PReLU"
  bottom: "Mconv1_stage3_L2_0"
  top: "Mconv1_stage3_L2_0"
}
layer {
  name: "Mconv1_stage3_L2_1"
  type: "Convolution"
  bottom: "Mconv1_stage3_L2_0"
  top: "Mconv1_stage3_L2_1"
  convolution_param {
    num_output: 128
    pad: 1
    kernel_size: 3
  }
}
layer {
  name: "Mprelu1_stage3_L2_1"
  type: "PReLU"
  bottom: "Mconv1_stage3_L2_1"
  top: "Mconv1_stage3_L2_1"
}
layer {
  name: "Mconv1_stage3_L2_2"
  type: "Convolution"
  bottom: "Mconv1_stage3_L2_1"
  top: "Mconv1_stage3_L2_2"
  convolution_param {
    num_output: 128
    pad: 1
    kernel_size: 3
  }
}
layer {
  name: "Mprelu1_stage3_L2_2"
  type: "PReLU"
  bottom: "Mconv1_stage3_L2_2"
  top: "Mconv1_stage3_L2_2"
}
layer {
  name: "Mconv1_stage3_L2_concat"
  type: "Concat"
  bottom: "Mconv1_stage3_L2_0"
  bottom: "Mconv1_stage3_L2_1"
  bottom: "Mconv1_stage3_L2_2"
  top: "Mconv1_stage3_L2_concat"
  concat_param {
    axis: 1
  }
}
layer {
  name: "Mconv2_stage3_L2_0"
  type: "Convolution"
  bottom: "Mconv1_stage3_L2_concat"
  top: "Mconv2_stage3_L2_0"
  convolution_param {
    num_output: 128
    pad: 1
    kernel_size: 3
  }
}
layer {
  name: "Mprelu2_stage3_L2_0"
  type: "PReLU"
  bottom: "Mconv2_stage3_L2_0"
  top: "Mconv2_stage3_L2_0"
}
layer {
  name: "Mconv2_stage3_L2_1"
  type: "Convolution"
  bottom: "Mconv2_stage3_L2_0"
  top: "Mconv2_stage3_L2_1"
  convolution_param {
    num_output: 128
    pad: 1
    kernel_size: 3
  }
}
layer {
  name: "Mprelu2_stage3_L2_1"
  type: "PReLU"
  bottom: "Mconv2_stage3_L2_1"
  top: "Mconv2_stage3_L2_1"
}
layer {
  name: "Mconv2_stage3_L2_2"
  type: "Convolution"
  bottom: "Mconv2_stage3_L2_1"
  top: "Mconv2_stage3_L2_2"
  convolution_param {
    num_output: 128
    pad: 1
    kernel_size: 3
  }
}
layer {
  name: "Mprelu2_stage3_L2_2"
  type: "PReLU"
  bottom: "Mconv2_stage3_L2_2"
  top: "Mconv2_stage3_L2_2"
}
layer {
  name: "Mconv2_stage3_L2_concat"
  type: "Concat"
  bottom: "Mconv2_stage3_L2_0"
  bottom: "Mconv2_stage3_L2_1"
  bottom: "Mconv2_stage3_L2_2"
  top: "Mconv2_stage3_L2_concat"
  concat_param {
    axis: 1
  }
}
layer {
  name: "Mconv3_stage3_L2_0"
  type: "Convolution"
  bottom: "Mconv2_stage3_L2_concat"
  top: "Mconv3_stage3_L2_0"
  convolution_param {
    num_output: 128
    pad: 1
    kernel_size: 3
  }
}
layer {
  name: "Mprelu3_stage3_L2_0"
  type: "PReLU"
  bottom: "Mconv3_stage3_L2_0"
  top: "Mconv3_stage3_L2_0"
}
layer {
  name: "Mconv3_stage3_L2_1"
  type: "Convolution"
  bottom: "Mconv3_stage3_L2_0"
  top: "Mconv3_stage3_L2_1"
  convolution_param {
    num_output: 128
    pad: 1
    kernel_size: 3
  }
}
layer {
  name: "Mprelu3_stage3_L2_1"
  type: "PReLU"
  bottom: "Mconv3_stage3_L2_1"
  top: "Mconv3_stage3_L2_1"
}
layer {
  name: "Mconv3_stage3_L2_2"
  type: "Convolution"
  bottom: "Mconv3_stage3_L2_1"
  top: "Mconv3_stage3_L2_2"
  convolution_param {
    num_output: 128
    pad: 1
    kernel_size: 3
  }
}
layer {
  name: "Mprelu3_stage3_L2_2"
  type: "PReLU"
  bottom: "Mconv3_stage3_L2_2"
  top: "Mconv3_stage3_L2_2"
}
layer {
  name: "Mconv3_stage3_L2_concat"
  type: "Concat"
  bottom: "Mconv3_stage3_L2_0"
  bottom: "Mconv3_stage3_L2_1"
  bottom: "Mconv3_stage3_L2_2"
  top: "Mconv3_stage3_L2_concat"
  concat_param {
    axis: 1
  }
}
layer {
  name: "Mconv4_stage3_L2_0"
  type: "Convolution"
  bottom: "Mconv3_stage3_L2_concat"
  top: "Mconv4_stage3_L2_0"
  convolution_param {
    num_output: 128
    pad: 1
    kernel_size: 3
  }
}
layer {
  name: "Mprelu4_stage3_L2_0"
  type: "PReLU"
  bottom: "Mconv4_stage3_L2_0"
  top: "Mconv4_stage3_L2_0"
}
layer {
  name: "Mconv4_stage3_L2_1"
  type: "Convolution"
  bottom: "Mconv4_stage3_L2_0"
  top: "Mconv4_stage3_L2_1"
  convolution_param {
    num_output: 128
    pad: 1
    kernel_size: 3
  }
}
layer {
  name: "Mprelu4_stage3_L2_1"
  type: "PReLU"
  bottom: "Mconv4_stage3_L2_1"
  top: "Mconv4_stage3_L2_1"
}
layer {
  name: "Mconv4_stage3_L2_2"
  type: "Convolution"
  bottom: "Mconv4_stage3_L2_1"
  top: "Mconv4_stage3_L2_2"
  convolution_param {
    num_output: 128
    pad: 1
    kernel_size: 3
  }
}
layer {
  name: "Mprelu4_stage3_L2_2"
  type: "PReLU"
  bottom: "Mconv4_stage3_L2_2"
  top: "Mconv4_stage3_L2_2"
}
layer {
  name: "Mconv4_stage3_L2_concat"
  type: "Concat"
  bottom: "Mconv4_stage3_L2_0"
  bottom: "Mconv4_stage3_L2_1"
  bottom: "Mconv4_stage3_L2_2"
  top: "Mconv4_stage3_L2_concat"
  concat_param {
    axis: 1
  }
}
layer {
  name: "Mconv5_stage3_L2_0"
  type: "Convolution"
  bottom: "Mconv4_stage3_L2_concat"
  top: "Mconv5_stage3_L2_0"
  convolution_param {
    num_output: 128
    pad: 1
    kernel_size: 3
  }
}
layer {
  name: "Mprelu5_stage3_L2_0"
  type: "PReLU"
  bottom: "Mconv5_stage3_L2_0"
  top: "Mconv5_stage3_L2_0"
}
layer {
  name: "Mconv5_stage3_L2_1"
  type: "Convolution"
  bottom: "Mconv5_stage3_L2_0"
  top: "Mconv5_stage3_L2_1"
  convolution_param {
    num_output: 128
    pad: 1
    kernel_size: 3
  }
}
layer {
  name: "Mprelu5_stage3_L2_1"
  type: "PReLU"
  bottom: "Mconv5_stage3_L2_1"
  top: "Mconv5_stage3_L2_1"
}
layer {
  name: "Mconv5_stage3_L2_2"
  type: "Convolution"
  bottom: "Mconv5_stage3_L2_1"
  top: "Mconv5_stage3_L2_2"
  convolution_param {
    num_output: 128
    pad: 1
    kernel_size: 3
  }
}
layer {
  name: "Mprelu5_stage3_L2_2"
  type: "PReLU"
  bottom: "Mconv5_stage3_L2_2"
  top: "Mconv5_stage3_L2_2"
}
layer {
  name: "Mconv5_stage3_L2_concat"
  type: "Concat"
  bottom: "Mconv5_stage3_L2_0"
  bottom: "Mconv5_stage3_L2_1"
  bottom: "Mconv5_stage3_L2_2"
  top: "Mconv5_stage3_L2_concat"
  concat_param {
    axis: 1
  }
}
layer {
  name: "Mconv6_stage3_L2"
  type: "Convolution"
  bottom: "Mconv5_stage3_L2_concat"
  top: "Mconv6_stage3_L2"
  convolution_param {
    num_output: 512
    pad: 0
    kernel_size: 1
  }
}
layer {
  name: "Mprelu6_stage3_L2"
  type: "PReLU"
  bottom: "Mconv6_stage3_L2"
  top: "Mconv6_stage3_L2"
}
layer {
  name: "Mconv7_stage3_L2"
  type: "Convolution"
  bottom: "Mconv6_stage3_L2"
  top: "Mconv7_stage3_L2"
  convolution_param {
    num_output: 52
    pad: 0
    kernel_size: 1
  }
}
layer {
  name: "concat_stage0_L1"
  type: "Concat"
  bottom: "conv4_4_CPM"
  bottom: "Mconv7_stage3_L2"
  top: "concat_stage0_L1"
  concat_param {
    axis: 1
  }
}
layer {
  name: "Mconv1_stage0_L1_0"
  type: "Convolution"
  bottom: "concat_stage0_L1"
  top: "Mconv1_stage0_L1_0"
  convolution_param {
    num_output: 96
    pad: 1
    kernel_size: 3
  }
}
layer {
  name: "Mprelu1_stage0_L1_0"
  type: "PReLU"
  bottom: "Mconv1_stage0_L1_0"
  top: "Mconv1_stage0_L1_0"
}
layer {
  name: "Mconv1_stage0_L1_1"
  type: "Convolution"
  bottom: "Mconv1_stage0_L1_0"
  top: "Mconv1_stage0_L1_1"
  convolution_param {
    num_output: 96
    pad: 1
    kernel_si
I0923 17:44:28.715633 2164736 layer_factory.hpp:77] Creating layer input
I0923 17:44:28.715642 2164736 net.cpp:86] Creating Layer input
I0923 17:44:28.715646 2164736 net.cpp:382] input -> image
I0923 17:44:28.716675 2164736 net.cpp:124] Setting up input
I0923 17:44:28.716684 2164736 net.cpp:131] Top shape: 1 3 16 16 (768)
I0923 17:44:28.716686 2164736 net.cpp:139] Memory required for data: 3072
I0923 17:44:28.716688 2164736 layer_factory.hpp:77] Creating layer conv1_1
I0923 17:44:28.716697 2164736 net.cpp:86] Creating Layer conv1_1
I0923 17:44:28.716701 2164736 net.cpp:408] conv1_1 <- image
I0923 17:44:28.716703 2164736 net.cpp:382] conv1_1 -> conv1_1
I0923 17:44:28.762009 2164736 net.cpp:124] Setting up conv1_1
I0923 17:44:28.762015 2164736 net.cpp:131] Top shape: 1 64 16 16 (16384)
I0923 17:44:28.762018 2164736 net.cpp:139] Memory required for data: 68608
I0923 17:44:28.762025 2164736 layer_factory.hpp:77] Creating layer relu1_1
I0923 17:44:28.762029 2164736 net.cpp:86] Creating Layer relu1_1
I0923 17:44:28.762030 2164736 net.cpp:408] relu1_1 <- conv1_1
I0923 17:44:28.762032 2164736 net.cpp:369] relu1_1 -> conv1_1 (in-place)
I0923 17:44:28.764900 2164736 net.cpp:124] Setting up relu1_1
I0923 17:44:28.764904 2164736 net.cpp:131] Top shape: 1 64 16 16 (16384)
I0923 17:44:28.764906 2164736 net.cpp:139] Memory required for data: 134144
I0923 17:44:28.764907 2164736 layer_factory.hpp:77] Creating layer conv1_2
I0923 17:44:28.764910 2164736 net.cpp:86] Creating Layer conv1_2
I0923 17:44:28.764912 2164736 net.cpp:408] conv1_2 <- conv1_1
I0923 17:44:28.764914 2164736 net.cpp:382] conv1_2 -> conv1_2
I0923 17:44:28.780799 2164736 net.cpp:124] Setting up conv1_2
I0923 17:44:28.780804 2164736 net.cpp:131] Top shape: 1 64 16 16 (16384)
I0923 17:44:28.780807 2164736 net.cpp:139] Memory required for data: 199680
I0923 17:44:28.780810 2164736 layer_factory.hpp:77] Creating layer relu1_2
I0923 17:44:28.780813 2164736 net.cpp:86] Creating Layer relu1_2
I0923 17:44:28.780814 2164736 net.cpp:408] relu1_2 <- conv1_2
I0923 17:44:28.780817 2164736 net.cpp:369] relu1_2 -> conv1_2 (in-place)
I0923 17:44:28.783643 2164736 net.cpp:124] Setting up relu1_2
I0923 17:44:28.783646 2164736 net.cpp:131] Top shape: 1 64 16 16 (16384)
I0923 17:44:28.783648 2164736 net.cpp:139] Memory required for data: 265216
I0923 17:44:28.783650 2164736 layer_factory.hpp:77] Creating layer pool1_stage1
I0923 17:44:28.783654 2164736 net.cpp:86] Creating Layer pool1_stage1
I0923 17:44:28.783655 2164736 net.cpp:408] pool1_stage1 <- conv1_2
I0923 17:44:28.783658 2164736 net.cpp:382] pool1_stage1 -> pool1_stage1
I0923 17:44:28.783670 2164736 net.cpp:124] Setting up pool1_stage1
I0923 17:44:28.783672 2164736 net.cpp:131] Top shape: 1 64 8 8 (4096)
I0923 17:44:28.783674 2164736 net.cpp:139] Memory required for data: 281600
I0923 17:44:28.783674 2164736 layer_factory.hpp:77] Creating layer conv2_1
I0923 17:44:28.783676 2164736 net.cpp:86] Creating Layer conv2_1
I0923 17:44:28.783677 2164736 net.cpp:408] conv2_1 <- pool1_stage1
I0923 17:44:28.783679 2164736 net.cpp:382] conv2_1 -> conv2_1
I0923 17:44:28.791529 2164736 net.cpp:124] Setting up conv2_1
I0923 17:44:28.791534 2164736 net.cpp:131] Top shape: 1 128 8 8 (8192)
I0923 17:44:28.791538 2164736 net.cpp:139] Memory required for data: 314368
I0923 17:44:28.791540 2164736 layer_factory.hpp:77] Creating layer relu2_1
I0923 17:44:28.791543 2164736 net.cpp:86] Creating Layer relu2_1
I0923 17:44:28.791543 2164736 net.cpp:408] relu2_1 <- conv2_1
I0923 17:44:28.791545 2164736 net.cpp:369] relu2_1 -> conv2_1 (in-place)
I0923 17:44:28.794121 2164736 net.cpp:124] Setting up relu2_1
I0923 17:44:28.794126 2164736 net.cpp:131] Top shape: 1 128 8 8 (8192)
I0923 17:44:28.794126 2164736 net.cpp:139] Memory required for data: 347136
I0923 17:44:28.794128 2164736 layer_factory.hpp:77] Creating layer conv2_2
I0923 17:44:28.794130 2164736 net.cpp:86] Creating Layer conv2_2
I0923 17:44:28.794132 2164736 net.cpp:408] conv2_2 <- conv2_1
I0923 17:44:28.794133 2164736 net.cpp:382] conv2_2 -> conv2_2
I0923 17:44:28.802584 2164736 net.cpp:124] Setting up conv2_2
I0923 17:44:28.802590 2164736 net.cpp:131] Top shape: 1 128 8 8 (8192)
I0923 17:44:28.802592 2164736 net.cpp:139] Memory required for data: 379904
I0923 17:44:28.802594 2164736 layer_factory.hpp:77] Creating layer relu2_2
I0923 17:44:28.802597 2164736 net.cpp:86] Creating Layer relu2_2
I0923 17:44:28.802598 2164736 net.cpp:408] relu2_2 <- conv2_2
I0923 17:44:28.802600 2164736 net.cpp:369] relu2_2 -> conv2_2 (in-place)
I0923 17:44:28.805109 2164736 net.cpp:124] Setting up relu2_2
I0923 17:44:28.805114 2164736 net.cpp:131] Top shape: 1 128 8 8 (8192)
I0923 17:44:28.805115 2164736 net.cpp:139] Memory required for data: 412672
I0923 17:44:28.805116 2164736 layer_factory.hpp:77] Creating layer pool2_stage1
I0923 17:44:28.805119 2164736 net.cpp:86] Creating Layer pool2_stage1
I0923 17:44:28.805119 2164736 net.cpp:408] pool2_stage1 <- conv2_2
I0923 17:44:28.805122 2164736 net.cpp:382] pool2_stage1 -> pool2_stage1
I0923 17:44:28.805131 2164736 net.cpp:124] Setting up pool2_stage1
I0923 17:44:28.805132 2164736 net.cpp:131] Top shape: 1 128 4 4 (2048)
I0923 17:44:28.805133 2164736 net.cpp:139] Memory required for data: 420864
I0923 17:44:28.805135 2164736 layer_factory.hpp:77] Creating layer conv3_1
I0923 17:44:28.805137 2164736 net.cpp:86] Creating Layer conv3_1
I0923 17:44:28.805138 2164736 net.cpp:408] conv3_1 <- pool2_stage1
I0923 17:44:28.805140 2164736 net.cpp:382] conv3_1 -> conv3_1
I0923 17:44:28.814100 2164736 net.cpp:124] Setting up conv3_1
I0923 17:44:28.814105 2164736 net.cpp:131] Top shape: 1 256 4 4 (4096)
I0923 17:44:28.814108 2164736 net.cpp:139] Memory required for data: 437248
I0923 17:44:28.814111 2164736 layer_factory.hpp:77] Creating layer relu3_1
I0923 17:44:28.814113 2164736 net.cpp:86] Creating Layer relu3_1
I0923 17:44:28.814116 2164736 net.cpp:408] relu3_1 <- conv3_1
I0923 17:44:28.814116 2164736 net.cpp:369] relu3_1 -> conv3_1 (in-place)
I0923 17:44:28.816684 2164736 net.cpp:124] Setting up relu3_1
I0923 17:44:28.816687 2164736 net.cpp:131] Top shape: 1 256 4 4 (4096)
I0923 17:44:28.816689 2164736 net.cpp:139] Memory required for data: 453632
I0923 17:44:28.816690 2164736 layer_factory.hpp:77] Creating layer conv3_2
I0923 17:44:28.816694 2164736 net.cpp:86] Creating Layer conv3_2
I0923 17:44:28.816694 2164736 net.cpp:408] conv3_2 <- conv3_1
I0923 17:44:28.816696 2164736 net.cpp:382] conv3_2 -> conv3_2
I0923 17:44:28.825901 2164736 net.cpp:124] Setting up conv3_2
I0923 17:44:28.825905 2164736 net.cpp:131] Top shape: 1 256 4 4 (4096)
I0923 17:44:28.825908 2164736 net.cpp:139] Memory required for data: 470016
I0923 17:44:28.825910 2164736 layer_factory.hpp:77] Creating layer relu3_2
I0923 17:44:28.825912 2164736 net.cpp:86] Creating Layer relu3_2
I0923 17:44:28.825914 2164736 net.cpp:408] relu3_2 <- conv3_2
I0923 17:44:28.825917 2164736 net.cpp:369] relu3_2 -> conv3_2 (in-place)
I0923 17:44:28.828420 2164736 net.cpp:124] Setting up relu3_2
I0923 17:44:28.828424 2164736 net.cpp:131] Top shape: 1 256 4 4 (4096)
I0923 17:44:28.828426 2164736 net.cpp:139] Memory required for data: 486400
I0923 17:44:28.828428 2164736 layer_factory.hpp:77] Creating layer conv3_3
I0923 17:44:28.828430 2164736 net.cpp:86] Creating Layer conv3_3
I0923 17:44:28.828433 2164736 net.cpp:408] conv3_3 <- conv3_2
I0923 17:44:28.828434 2164736 net.cpp:382] conv3_3 -> conv3_3
I0923 17:44:28.837620 2164736 net.cpp:124] Setting up conv3_3
I0923 17:44:28.837625 2164736 net.cpp:131] Top shape: 1 256 4 4 (4096)
I0923 17:44:28.837627 2164736 net.cpp:139] Memory required for data: 502784
I0923 17:44:28.837630 2164736 layer_factory.hpp:77] Creating layer relu3_3
I0923 17:44:28.837632 2164736 net.cpp:86] Creating Layer relu3_3
I0923 17:44:28.837633 2164736 net.cpp:408] relu3_3 <- conv3_3
I0923 17:44:28.837635 2164736 net.cpp:369] relu3_3 -> conv3_3 (in-place)
I0923 17:44:28.840198 2164736 net.cpp:124] Setting up relu3_3
I0923 17:44:28.840202 2164736 net.cpp:131] Top shape: 1 256 4 4 (4096)
I0923 17:44:28.840204 2164736 net.cpp:139] Memory required for data: 519168
I0923 17:44:28.840205 2164736 layer_factory.hpp:77] Creating layer conv3_4
I0923 17:44:28.840209 2164736 net.cpp:86] Creating Layer conv3_4
I0923 17:44:28.840210 2164736 net.cpp:408] conv3_4 <- conv3_3
I0923 17:44:28.840212 2164736 net.cpp:382] conv3_4 -> conv3_4
I0923 17:44:28.850330 2164736 net.cpp:124] Setting up conv3_4
I0923 17:44:28.850335 2164736 net.cpp:131] Top shape: 1 256 4 4 (4096)
I0923 17:44:28.850338 2164736 net.cpp:139] Memory required for data: 535552
I0923 17:44:28.850340 2164736 layer_factory.hpp:77] Creating layer relu3_4
I0923 17:44:28.850342 2164736 net.cpp:86] Creating Layer relu3_4
I0923 17:44:28.850344 2164736 net.cpp:408] relu3_4 <- conv3_4
I0923 17:44:28.850345 2164736 net.cpp:369] relu3_4 -> conv3_4 (in-place)
I0923 17:44:28.852738 2164736 net.cpp:124] Setting up relu3_4
I0923 17:44:28.852741 2164736 net.cpp:131] Top shape: 1 256 4 4 (4096)
I0923 17:44:28.852743 2164736 net.cpp:139] Memory required for data: 551936
I0923 17:44:28.852744 2164736 layer_factory.hpp:77] Creating layer pool3_stage1
I0923 17:44:28.852746 2164736 net.cpp:86] Creating Layer pool3_stage1
I0923 17:44:28.852747 2164736 net.cpp:408] pool3_stage1 <- conv3_4
I0923 17:44:28.852749 2164736 net.cpp:382] pool3_stage1 -> pool3_stage1
I0923 17:44:28.852758 2164736 net.cpp:124] Setting up pool3_stage1
I0923 17:44:28.852759 2164736 net.cpp:131] Top shape: 1 256 2 2 (1024)
I0923 17:44:28.852761 2164736 net.cpp:139] Memory required for data: 556032
I0923 17:44:28.852762 2164736 layer_factory.hpp:77] Creating layer conv4_1
I0923 17:44:28.852764 2164736 net.cpp:86] Creating Layer conv4_1
I0923 17:44:28.852766 2164736 net.cpp:408] conv4_1 <- pool3_stage1
I0923 17:44:28.852766 2164736 net.cpp:382] conv4_1 -> conv4_1
I0923 17:44:28.862917 2164736 net.cpp:124] Setting up conv4_1
I0923 17:44:28.862922 2164736 net.cpp:131] Top shape: 1 512 2 2 (2048)
I0923 17:44:28.862926 2164736 net.cpp:139] Memory required for data: 564224
I0923 17:44:28.862927 2164736 layer_factory.hpp:77] Creating layer relu4_1
I0923 17:44:28.862931 2164736 net.cpp:86] Creating Layer relu4_1
I0923 17:44:28.862931 2164736 net.cpp:408] relu4_1 <- conv4_1
I0923 17:44:28.862933 2164736 net.cpp:369] relu4_1 -> conv4_1 (in-place)
I0923 17:44:28.865474 2164736 net.cpp:124] Setting up relu4_1
I0923 17:44:28.865478 2164736 net.cpp:131] Top shape: 1 512 2 2 (2048)
I0923 17:44:28.865480 2164736 net.cpp:139] Memory required for data: 572416
I0923 17:44:28.865481 2164736 layer_factory.hpp:77] Creating layer conv4_2
I0923 17:44:28.865483 2164736 net.cpp:86] Creating Layer conv4_2
I0923 17:44:28.865485 2164736 net.cpp:408] conv4_2 <- conv4_1
I0923 17:44:28.865486 2164736 net.cpp:382] conv4_2 -> conv4_2
I0923 17:44:28.880280 2164736 net.cpp:124] Setting up conv4_2
I0923 17:44:28.880286 2164736 net.cpp:131] Top shape: 1 512 2 2 (2048)
I0923 17:44:28.880288 2164736 net.cpp:139] Memory required for data: 580608
I0923 17:44:28.880290 2164736 layer_factory.hpp:77] Creating layer prelu4_2
I0923 17:44:28.880293 2164736 net.cpp:86] Creating Layer prelu4_2
I0923 17:44:28.880294 2164736 net.cpp:408] prelu4_2 <- conv4_2
I0923 17:44:28.880296 2164736 net.cpp:369] prelu4_2 -> conv4_2 (in-place)
I0923 17:44:28.880318 2164736 net.cpp:124] Setting up prelu4_2
I0923 17:44:28.880319 2164736 net.cpp:131] Top shape: 1 512 2 2 (2048)
I0923 17:44:28.880321 2164736 net.cpp:139] Memory required for data: 588800
I0923 17:44:28.880322 2164736 layer_factory.hpp:77] Creating layer conv4_3_CPM
I0923 17:44:28.880324 2164736 net.cpp:86] Creating Layer conv4_3_CPM
I0923 17:44:28.880326 2164736 net.cpp:408] conv4_3_CPM <- conv4_2
I0923 17:44:28.880327 2164736 net.cpp:382] conv4_3_CPM -> conv4_3_CPM
I0923 17:44:28.891603 2164736 net.cpp:124] Setting up conv4_3_CPM
I0923 17:44:28.891608 2164736 net.cpp:131] Top shape: 1 256 2 2 (1024)
I0923 17:44:28.891610 2164736 net.cpp:139] Memory required for data: 592896
I0923 17:44:28.891613 2164736 layer_factory.hpp:77] Creating layer prelu4_3_CPM
I0923 17:44:28.891615 2164736 net.cpp:86] Creating Layer prelu4_3_CPM
I0923 17:44:28.891616 2164736 net.cpp:408] prelu4_3_CPM <- conv4_3_CPM
I0923 17:44:28.891618 2164736 net.cpp:369] prelu4_3_CPM -> conv4_3_CPM (in-place)
I0923 17:44:28.891637 2164736 net.cpp:124] Setting up prelu4_3_CPM
I0923 17:44:28.891639 2164736 net.cpp:131] Top shape: 1 256 2 2 (1024)
I0923 17:44:28.891640 2164736 net.cpp:139] Memory required for data: 596992
I0923 17:44:28.891642 2164736 layer_factory.hpp:77] Creating layer conv4_4_CPM
I0923 17:44:28.891644 2164736 net.cpp:86] Creating Layer conv4_4_CPM
I0923 17:44:28.891645 2164736 net.cpp:408] conv4_4_CPM <- conv4_3_CPM
I0923 17:44:28.891647 2164736 net.cpp:382] conv4_4_CPM -> conv4_4_CPM
I0923 17:44:28.900296 2164736 net.cpp:124] Setting up conv4_4_CPM
I0923 17:44:28.900301 2164736 net.cpp:131] Top shape: 1 128 2 2 (512)
I0923 17:44:28.900303 2164736 net.cpp:139] Memory required for data: 599040
I0923 17:44:28.900306 2164736 layer_factory.hpp:77] Creating layer prelu4_4_CPM
I0923 17:44:28.900308 2164736 net.cpp:86] Creating Layer prelu4_4_CPM
I0923 17:44:28.900309 2164736 net.cpp:408] prelu4_4_CPM <- conv4_4_CPM
I0923 17:44:28.900311 2164736 net.cpp:369] prelu4_4_CPM -> conv4_4_CPM (in-place)
I0923 17:44:28.900331 2164736 net.cpp:124] Setting up prelu4_4_CPM
I0923 17:44:28.900331 2164736 net.cpp:131] Top shape: 1 128 2 2 (512)
I0923 17:44:28.900332 2164736 net.cpp:139] Memory required for data: 601088
I0923 17:44:28.900334 2164736 layer_factory.hpp:77] Creating layer conv4_4_CPM_prelu4_4_CPM_0_split
I0923 17:44:28.900341 2164736 net.cpp:86] Creating Layer conv4_4_CPM_prelu4_4_CPM_0_split
I0923 17:44:28.900342 2164736 net.cpp:408] conv4_4_CPM_prelu4_4_CPM_0_split <- conv4_4_CPM
I0923 17:44:28.900343 2164736 net.cpp:382] conv4_4_CPM_prelu4_4_CPM_0_split -> conv4_4_CPM_prelu4_4_CPM_0_split_0
I0923 17:44:28.900346 2164736 net.cpp:382] conv4_4_CPM_prelu4_4_CPM_0_split -> conv4_4_CPM_prelu4_4_CPM_0_split_1
I0923 17:44:28.900348 2164736 net.cpp:382] conv4_4_CPM_prelu4_4_CPM_0_split -> conv4_4_CPM_prelu4_4_CPM_0_split_2
I0923 17:44:28.900350 2164736 net.cpp:382] conv4_4_CPM_prelu4_4_CPM_0_split -> conv4_4_CPM_prelu4_4_CPM_0_split_3
I0923 17:44:28.900352 2164736 net.cpp:382] conv4_4_CPM_prelu4_4_CPM_0_split -> conv4_4_CPM_prelu4_4_CPM_0_split_4
I0923 17:44:28.900354 2164736 net.cpp:382] conv4_4_CPM_prelu4_4_CPM_0_split -> conv4_4_CPM_prelu4_4_CPM_0_split_5
I0923 17:44:28.900367 2164736 net.cpp:124] Setting up conv4_4_CPM_prelu4_4_CPM_0_split
I0923 17:44:28.900368 2164736 net.cpp:131] Top shape: 1 128 2 2 (512)
I0923 17:44:28.900369 2164736 net.cpp:131] Top shape: 1 128 2 2 (512)
I0923 17:44:28.900370 2164736 net.cpp:131] Top shape: 1 128 2 2 (512)
I0923 17:44:28.900372 2164736 net.cpp:131] Top shape: 1 128 2 2 (512)
I0923 17:44:28.900373 2164736 net.cpp:131] Top shape: 1 128 2 2 (512)
I0923 17:44:28.900374 2164736 net.cpp:131] Top shape: 1 128 2 2 (512)
I0923 17:44:28.900375 2164736 net.cpp:139] Memory required for data: 613376
I0923 17:44:28.900377 2164736 layer_factory.hpp:77] Creating layer Mconv1_stage0_L2_0
I0923 17:44:28.900379 2164736 net.cpp:86] Creating Layer Mconv1_stage0_L2_0
I0923 17:44:28.900380 2164736 net.cpp:408] Mconv1_stage0_L2_0 <- conv4_4_CPM_prelu4_4_CPM_0_split_0
I0923 17:44:28.900384 2164736 net.cpp:382] Mconv1_stage0_L2_0 -> Mconv1_stage0_L2_0
I0923 17:44:28.908398 2164736 net.cpp:124] Setting up Mconv1_stage0_L2_0
I0923 17:44:28.908403 2164736 net.cpp:131] Top shape: 1 96 2 2 (384)
I0923 17:44:28.908406 2164736 net.cpp:139] Memory required for data: 614912
I0923 17:44:28.908408 2164736 layer_factory.hpp:77] Creating layer Mprelu1_stage0_L2_0
I0923 17:44:28.908411 2164736 net.cpp:86] Creating Layer Mprelu1_stage0_L2_0
I0923 17:44:28.908412 2164736 net.cpp:408] Mprelu1_stage0_L2_0 <- Mconv1_stage0_L2_0
I0923 17:44:28.908414 2164736 net.cpp:369] Mprelu1_stage0_L2_0 -> Mconv1_stage0_L2_0 (in-place)
I0923 17:44:28.908434 2164736 net.cpp:124] Setting up Mprelu1_stage0_L2_0
I0923 17:44:28.908435 2164736 net.cpp:131] Top shape: 1 96 2 2 (384)
I0923 17:44:28.908437 2164736 net.cpp:139] Memory required for data: 616448
I0923 17:44:28.908437 2164736 layer_factory.hpp:77] Creating layer Mconv1_stage0_L2_0_Mprelu1_stage0_L2_0_0_split
I0923 17:44:28.908439 2164736 net.cpp:86] Creating Layer Mconv1_stage0_L2_0_Mprelu1_stage0_L2_0_0_split
I0923 17:44:28.908440 2164736 net.cpp:408] Mconv1_stage0_L2_0_Mprelu1_stage0_L2_0_0_split <- Mconv1_stage0_L2_0
I0923 17:44:28.908442 2164736 net.cpp:382] Mconv1_stage0_L2_0_Mprelu1_stage0_L2_0_0_split -> Mconv1_stage0_L2_0_Mprelu1_stage0_L2_0_0_split_0
I0923 17:44:28.908444 2164736 net.cpp:382] Mconv1_stage0_L2_0_Mprelu1_stage0_L2_0_0_split -> Mconv1_stage0_L2_0_Mprelu1_stage0_L2_0_0_split_1
I0923 17:44:28.908450 2164736 net.cpp:124] Setting up Mconv1_stage0_L2_0_Mprelu1_stage0_L2_0_0_split
I0923 17:44:28.908452 2164736 net.cpp:131] Top shape: 1 96 2 2 (384)
I0923 17:44:28.908452 2164736 net.cpp:131] Top shape: 1 96 2 2 (384)
I0923 17:44:28.908453 2164736 net.cpp:139] Memory required for data: 619520
I0923 17:44:28.908454 2164736 layer_factory.hpp:77] Creating layer Mconv1_stage0_L2_1
I0923 17:44:28.908457 2164736 net.cpp:86] Creating Layer Mconv1_stage0_L2_1
I0923 17:44:28.908458 2164736 net.cpp:408] Mconv1_stage0_L2_1 <- Mconv1_stage0_L2_0_Mprelu1_stage0_L2_0_0_split_0
I0923 17:44:28.908460 2164736 net.cpp:382] Mconv1_stage0_L2_1 -> Mconv1_stage0_L2_1
I0923 17:44:28.916270 2164736 net.cpp:124] Setting up Mconv1_stage0_L2_1
I0923 17:44:28.916275 2164736 net.cpp:131] Top shape: 1 96 2 2 (384)
I0923 17:44:28.916277 2164736 net.cpp:139] Memory required for data: 621056
I0923 17:44:28.916280 2164736 layer_factory.hpp:77] Creating layer Mprelu1_stage0_L2_1
I0923 17:44:28.916281 2164736 net.cpp:86] Creating Layer Mprelu1_stage0_L2_1
I0923 17:44:28.916283 2164736 net.cpp:408] Mprelu1_stage0_L2_1 <- Mconv1_stage0_L2_1
I0923 17:44:28.916285 2164736 net.cpp:369] Mprelu1_stage0_L2_1 -> Mconv1_stage0_L2_1 (in-place)
I0923 17:44:28.916304 2164736 net.cpp:124] Setting up Mprelu1_stage0_L2_1
I0923 17:44:28.916306 2164736 net.cpp:131] Top shape: 1 96 2 2 (384)
I0923 17:44:28.916306 2164736 net.cpp:139] Memory required for data: 622592
I0923 17:44:28.916308 2164736 layer_factory.hpp:77] Creating layer Mconv1_stage0_L2_1_Mprelu1_stage0_L2_1_0_split
I0923 17:44:28.916311 2164736 net.cpp:86] Creating Layer Mconv1_stage0_L2_1_Mprelu1_stage0_L2_1_0_split
I0923 17:44:28.916311 2164736 net.cpp:408] Mconv1_stage0_L2_1_Mprelu1_stage0_L2_1_0_split <- Mconv1_stage0_L2_1
I0923 17:44:28.916313 2164736 net.cpp:382] Mconv1_stage0_L2_1_Mprelu1_stage0_L2_1_0_split -> Mconv1_stage0_L2_1_Mprelu1_stage0_L2_1_0_split_0
I0923 17:44:28.916316 2164736 net.cpp:382] Mconv1_stage0_L2_1_Mprelu1_stage0_L2_1_0_split -> Mconv1_stage0_L2_1_Mprelu1_stage0_L2_1_0_split_1
I0923 17:44:28.916322 2164736 net.cpp:124] Setting up Mconv1_stage0_L2_1_Mprelu1_stage0_L2_1_0_split
I0923 17:44:28.916323 2164736 net.cpp:131] Top shape: 1 96 2 2 (384)
I0923 17:44:28.916324 2164736 net.cpp:131] Top shape: 1 96 2 2 (384)
I0923 17:44:28.916325 2164736 net.cpp:139] Memory required for data: 625664
I0923 17:44:28.916326 2164736 layer_factory.hpp:77] Creating layer Mconv1_stage0_L2_2
I0923 17:44:28.916329 2164736 net.cpp:86] Creating Layer Mconv1_stage0_L2_2
I0923 17:44:28.916330 2164736 net.cpp:408] Mconv1_stage0_L2_2 <- Mconv1_stage0_L2_1_Mprelu1_stage0_L2_1_0_split_0
I0923 17:44:28.916332 2164736 net.cpp:382] Mconv1_stage0_L2_2 -> Mconv1_stage0_L2_2
I0923 17:44:28.924356 2164736 net.cpp:124] Setting up Mconv1_stage0_L2_2
I0923 17:44:28.924361 2164736 net.cpp:131] Top shape: 1 96 2 2 (384)
I0923 17:44:28.924363 2164736 net.cpp:139] Memory required for data: 627200
I0923 17:44:28.924365 2164736 layer_factory.hpp:77] Creating layer Mprelu1_stage0_L2_2
I0923 17:44:28.924367 2164736 net.cpp:86] Creating Layer Mprelu1_stage0_L2_2
I0923 17:44:28.924369 2164736 net.cpp:408] Mprelu1_stage0_L2_2 <- Mconv1_stage0_L2_2
I0923 17:44:28.924371 2164736 net.cpp:369] Mprelu1_stage0_L2_2 -> Mconv1_stage0_L2_2 (in-place)
I0923 17:44:28.924391 2164736 net.cpp:124] Setting up Mprelu1_stage0_L2_2
I0923 17:44:28.924392 2164736 net.cpp:131] Top shape: 1 96 2 2 (384)
I0923 17:44:28.924393 2164736 net.cpp:139] Memory required for data: 628736
I0923 17:44:28.924394 2164736 layer_factory.hpp:77] Creating layer Mconv1_stage0_L2_concat
I0923 17:44:28.924397 2164736 net.cpp:86] Creating Layer Mconv1_stage0_L2_concat
I0923 17:44:28.924399 2164736 net.cpp:408] Mconv1_stage0_L2_concat <- Mconv1_stage0_L2_0_Mprelu1_stage0_L2_0_0_split_1
I0923 17:44:28.924400 2164736 net.cpp:408] Mconv1_stage0_L2_concat <- Mconv1_stage0_L2_1_Mprelu1_stage0_L2_1_0_split_1
I0923 17:44:28.924402 2164736 net.cpp:408] Mconv1_stage0_L2_concat <- Mconv1_stage0_L2_2
I0923 17:44:28.924403 2164736 net.cpp:382] Mconv1_stage0_L2_concat -> Mconv1_stage0_L2_concat
I0923 17:44:28.924412 2164736 net.cpp:124] Setting up Mconv1_stage0_L2_concat
I0923 17:44:28.924412 2164736 net.cpp:131] Top shape: 1 288 2 2 (1152)
I0923 17:44:28.924414 2164736 net.cpp:139] Memory required for data: 633344
I0923 17:44:28.924415 2164736 layer_factory.hpp:77] Creating layer Mconv2_stage0_L2_0
I0923 17:44:28.924417 2164736 net.cpp:86] Creating Layer Mconv2_stage0_L2_0
I0923 17:44:28.924418 2164736 net.cpp:408] Mconv2_stage0_L2_0 <- Mconv1_stage0_L2_concat
I0923 17:44:28.924420 2164736 net.cpp:382] Mconv2_stage0_L2_0 -> Mconv2_stage0_L2_0
I0923 17:44:28.933218 2164736 net.cpp:124] Setting up Mconv2_stage0_L2_0
I0923 17:44:28.933223 2164736 net.cpp:131] Top shape: 1 96 2 2 (384)
I0923 17:44:28.933225 2164736 net.cpp:139] Memory required for data: 634880
I0923 17:44:28.933228 2164736 layer_factory.hpp:77] Creating layer Mprelu2_stage0_L2_0
I0923 17:44:28.933229 2164736 net.cpp:86] Creating Layer Mprelu2_stage0_L2_0
I0923 17:44:28.933231 2164736 net.cpp:408] Mprelu2_stage0_L2_0 <- Mconv2_stage0_L2_0
I0923 17:44:28.933233 2164736 net.cpp:369] Mprelu2_stage0_L2_0 -> Mconv2_stage0_L2_0 (in-place)
I0923 17:44:28.933252 2164736 net.cpp:124] Setting up Mprelu2_stage0_L2_0
I0923 17:44:28.933254 2164736 net.cpp:131] Top shape: 1 96 2 2 (384)
I0923 17:44:28.933255 2164736 net.cpp:139] Memory required for data: 636416
I0923 17:44:28.933256 2164736 layer_factory.hpp:77] Creating layer Mconv2_stage0_L2_0_Mprelu2_stage0_L2_0_0_split
I0923 17:44:28.933259 2164736 net.cpp:86] Creating Layer Mconv2_stage0_L2_0_Mprelu2_stage0_L2_0_0_split
I0923 17:44:28.933259 2164736 net.cpp:408] Mconv2_stage0_L2_0_Mprelu2_stage0_L2_0_0_split <- Mconv2_stage0_L2_0
I0923 17:44:28.933260 2164736 net.cpp:382] Mconv2_stage0_L2_0_Mprelu2_stage0_L2_0_0_split -> Mconv2_stage0_L2_0_Mprelu2_stage0_L2_0_0_split_0
I0923 17:44:28.933264 2164736 net.cpp:382] Mconv2_stage0_L2_0_Mprelu2_stage0_L2_0_0_split -> Mconv2_stage0_L2_0_Mprelu2_stage0_L2_0_0_split_1
I0923 17:44:28.933270 2164736 net.cpp:124] Setting up Mconv2_stage0_L2_0_Mprelu2_stage0_L2_0_0_split
I0923 17:44:28.933271 2164736 net.cpp:131] Top shape: 1 96 2 2 (384)
I0923 17:44:28.933272 2164736 net.cpp:131] Top shape: 1 96 2 2 (384)
I0923 17:44:28.933274 2164736 net.cpp:139] Memory required for data: 639488
I0923 17:44:28.933274 2164736 layer_factory.hpp:77] Creating layer Mconv2_stage0_L2_1
I0923 17:44:28.933276 2164736 net.cpp:86] Creating Layer Mconv2_stage0_L2_1
I0923 17:44:28.933279 2164736 net.cpp:408] Mconv2_stage0_L2_1 <- Mconv2_stage0_L2_0_Mprelu2_stage0_L2_0_0_split_0
I0923 17:44:28.933279 2164736 net.cpp:382] Mconv2_stage0_L2_1 -> Mconv2_stage0_L2_1
I0923 17:44:28.941004 2164736 net.cpp:124] Setting up Mconv2_stage0_L2_1
I0923 17:44:28.941009 2164736 net.cpp:131] Top shape: 1 96 2 2 (384)
I0923 17:44:28.941011 2164736 net.cpp:139] Memory required for data: 641024
I0923 17:44:28.941013 2164736 layer_factory.hpp:77] Creating layer Mprelu2_stage0_L2_1
I0923 17:44:28.941016 2164736 net.cpp:86] Creating Layer Mprelu2_stage0_L2_1
I0923 17:44:28.941018 2164736 net.cpp:408] Mprelu2_stage0_L2_1 <- Mconv2_stage0_L2_1
I0923 17:44:28.941020 2164736 net.cpp:369] Mprelu2_stage0_L2_1 -> Mconv2_stage0_L2_1 (in-place)
I0923 17:44:28.941039 2164736 net.cpp:124] Setting up Mprelu2_stage0_L2_1
I0923 17:44:28.941040 2164736 net.cpp:131] Top shape: 1 96 2 2 (384)
I0923 17:44:28.941041 2164736 net.cpp:139] Memory required for data: 642560
I0923 17:44:28.941043 2164736 layer_factory.hpp:77] Creating layer Mconv2_stage0_L2_1_Mprelu2_stage0_L2_1_0_split
I0923 17:44:28.941045 2164736 net.cpp:86] Creating Layer Mconv2_stage0_L2_1_Mprelu2_stage0_L2_1_0_split
I0923 17:44:28.941046 2164736 net.cpp:408] Mconv2_stage0_L2_1_Mprelu2_stage0_L2_1_0_split <- Mconv2_stage0_L2_1
I0923 17:44:28.941047 2164736 net.cpp:382] Mconv2_stage0_L2_1_Mprelu2_stage0_L2_1_0_split -> Mconv2_stage0_L2_1_Mprelu2_stage0_L2_1_0_split_0
I0923 17:44:28.941051 2164736 net.cpp:382] Mconv2_stage0_L2_1_Mprelu2_stage0_L2_1_0_split -> Mconv2_stage0_L2_1_Mprelu2_stage0_L2_1_0_split_1
I0923 17:44:28.941056 2164736 net.cpp:124] Setting up Mconv2_stage0_L2_1_Mprelu2_stage0_L2_1_0_split
I0923 17:44:28.941057 2164736 net.cpp:131] Top shape: 1 96 2 2 (384)
I0923 17:44:28.941058 2164736 net.cpp:131] Top shape: 1 96 2 2 (384)
I0923 17:44:28.941059 2164736 net.cpp:139] Memory required for data: 645632
I0923 17:44:28.941061 2164736 layer_factory.hpp:77] Creating layer Mconv2_stage0_L2_2
I0923 17:44:28.941063 2164736 net.cpp:86] Creating Layer Mconv2_stage0_L2_2
I0923 17:44:28.941064 2164736 net.cpp:408] Mconv2_stage0_L2_2 <- Mconv2_stage0_L2_1_Mprelu2_stage0_L2_1_0_split_0
I0923 17:44:28.941066 2164736 net.cpp:382] Mconv2_stage0_L2_2 -> Mconv2_stage0_L2_2
I0923 17:44:28.950910 2164736 net.cpp:124] Setting up Mconv2_stage0_L2_2
I0923 17:44:28.950917 2164736 net.cpp:131] Top shape: 1 96 2 2 (384)
I0923 17:44:28.950918 2164736 net.cpp:139] Memory required for data: 647168
I0923 17:44:28.950920 2164736 layer_factory.hpp:77] Creating layer Mprelu2_stage0_L2_2
I0923 17:44:28.950923 2164736 net.cpp:86] Creating Layer Mprelu2_stage0_L2_2
I0923 17:44:28.950924 2164736 net.cpp:408] Mprelu2_stage0_L2_2 <- Mconv2_stage0_L2_2
I0923 17:44:28.950927 2164736 net.cpp:369] Mprelu2_stage0_L2_2 -> Mconv2_stage0_L2_2 (in-place)
I0923 17:44:28.950946 2164736 net.cpp:124] Setting up Mprelu2_stage0_L2_2
I0923 17:44:28.950948 2164736 net.cpp:131] Top shape: 1 96 2 2 (384)
I0923 17:44:28.950949 2164736 net.cpp:139] Memory required for data: 648704
I0923 17:44:28.950950 2164736 layer_factory.hpp:77] Creating layer Mconv2_stage0_L2_concat
I0923 17:44:28.950953 2164736 net.cpp:86] Creating Layer Mconv2_stage0_L2_concat
I0923 17:44:28.950953 2164736 net.cpp:408] Mconv2_stage0_L2_concat <- Mconv2_stage0_L2_0_Mprelu2_stage0_L2_0_0_split_1
I0923 17:44:28.950955 2164736 net.cpp:408] Mconv2_stage0_L2_concat <- Mconv2_stage0_L2_1_Mprelu2_stage0_L2_1_0_split_1
I0923 17:44:28.950956 2164736 net.cpp:408] Mconv2_stage0_L2_concat <- Mconv2_stage0_L2_2
I0923 17:44:28.950958 2164736 net.cpp:382] Mconv2_stage0_L2_concat -> Mconv2_stage0_L2_concat
I0923 17:44:28.950963 2164736 net.cpp:124] Setting up Mconv2_stage0_L2_concat
I0923 17:44:28.950964 2164736 net.cpp:131] Top shape: 1 288 2 2 (1152)
I0923 17:44:28.950966 2164736 net.cpp:139] Memory required for data: 653312
I0923 17:44:28.950968 2164736 layer_factory.hpp:77] Creating layer Mconv3_stage0_L2_0
I0923 17:44:28.950970 2164736 net.cpp:86] Creating Layer Mconv3_stage0_L2_0
I0923 17:44:28.950971 2164736 net.cpp:408] Mconv3_stage0_L2_0 <- Mconv2_stage0_L2_concat
I0923 17:44:28.950973 2164736 net.cpp:382] Mconv3_stage0_L2_0 -> Mconv3_stage0_L2_0
I0923 17:44:28.958887 2164736 net.cpp:124] Setting up Mconv3_stage0_L2_0
I0923 17:44:28.958892 2164736 net.cpp:131] Top shape: 1 96 2 2 (384)
I0923 17:44:28.958894 2164736 net.cpp:139] Memory required for data: 654848
I0923 17:44:28.958897 2164736 layer_factory.hpp:77] Creating layer Mprelu3_stage0_L2_0
I0923 17:44:28.958899 2164736 net.cpp:86] Creating Layer Mprelu3_stage0_L2_0
I0923 17:44:28.958901 2164736 net.cpp:408] Mprelu3_stage0_L2_0 <- Mconv3_stage0_L2_0
I0923 17:44:28.958904 2164736 net.cpp:369] Mprelu3_stage0_L2_0 -> Mconv3_stage0_L2_0 (in-place)
I0923 17:44:28.958925 2164736 net.cpp:124] Setting up Mprelu3_stage0_L2_0
I0923 17:44:28.958925 2164736 net.cpp:131] Top shape: 1 96 2 2 (384)
I0923 17:44:28.958926 2164736 net.cpp:139] Memory required for data: 656384
I0923 17:44:28.958928 2164736 layer_factory.hpp:77] Creating layer Mconv3_stage0_L2_0_Mprelu3_stage0_L2_0_0_split
I0923 17:44:28.958930 2164736 net.cpp:86] Creating Layer Mconv3_stage0_L2_0_Mprelu3_stage0_L2_0_0_split
I0923 17:44:28.958931 2164736 net.cpp:408] Mconv3_stage0_L2_0_Mprelu3_stage0_L2_0_0_split <- Mconv3_stage0_L2_0
I0923 17:44:28.958932 2164736 net.cpp:382] Mconv3_stage0_L2_0_Mprelu3_stage0_L2_0_0_split -> Mconv3_stage0_L2_0_Mprelu3_stage0_L2_0_0_split_0
I0923 17:44:28.958935 2164736 net.cpp:382] Mconv3_stage0_L2_0_Mprelu3_stage0_L2_0_0_split -> Mconv3_stage0_L2_0_Mprelu3_stage0_L2_0_0_split_1
I0923 17:44:28.958941 2164736 net.cpp:124] Setting up Mconv3_stage0_L2_0_Mprelu3_stage0_L2_0_0_split
I0923 17:44:28.958942 2164736 net.cpp:131] Top shape: 1 96 2 2 (384)
I0923 17:44:28.958943 2164736 net.cpp:131] Top shape: 1 96 2 2 (384)
I0923 17:44:28.958945 2164736 net.cpp:139] Memory required for data: 659456
I0923 17:44:28.958946 2164736 layer_factory.hpp:77] Creating layer Mconv3_stage0_L2_1
I0923 17:44:28.958948 2164736 net.cpp:86] Creating Layer Mconv3_stage0_L2_1
I0923 17:44:28.958950 2164736 net.cpp:408] Mconv3_stage0_L2_1 <- Mconv3_stage0_L2_0_Mprelu3_stage0_L2_0_0_split_0
I0923 17:44:28.958952 2164736 net.cpp:382] Mconv3_stage0_L2_1 -> Mconv3_stage0_L2_1
I0923 17:44:28.966862 2164736 net.cpp:124] Setting up Mconv3_stage0_L2_1
I0923 17:44:28.966867 2164736 net.cpp:131] Top shape: 1 96 2 2 (384)
I0923 17:44:28.966869 2164736 net.cpp:139] Memory required for data: 660992
I0923 17:44:28.966872 2164736 layer_factory.hpp:77] Creating layer Mprelu3_stage0_L2_1
I0923 17:44:28.966874 2164736 net.cpp:86] Creating Layer Mprelu3_stage0_L2_1
I0923 17:44:28.966876 2164736 net.cpp:408] Mprelu3_stage0_L2_1 <- Mconv3_stage0_L2_1
I0923 17:44:28.966878 2164736 net.cpp:369] Mprelu3_stage0_L2_1 -> Mconv3_stage0_L2_1 (in-place)
I0923 17:44:28.966897 2164736 net.cpp:124] Setting up Mprelu3_stage0_L2_1
I0923 17:44:28.966899 2164736 net.cpp:131] Top shape: 1 96 2 2 (384)
I0923 17:44:28.966900 2164736 net.cpp:139] Memory required for data: 662528
I0923 17:44:28.966902 2164736 layer_factory.hpp:77] Creating layer Mconv3_stage0_L2_1_Mprelu3_stage0_L2_1_0_split
I0923 17:44:28.966903 2164736 net.cpp:86] Creating Layer Mconv3_stage0_L2_1_Mprelu3_stage0_L2_1_0_split
I0923 17:44:28.966904 2164736 net.cpp:408] Mconv3_stage0_L2_1_Mprelu3_stage0_L2_1_0_split <- Mconv3_stage0_L2_1
I0923 17:44:28.966907 2164736 net.cpp:382] Mconv3_stage0_L2_1_Mprelu3_stage0_L2_1_0_split -> Mconv3_stage0_L2_1_Mprelu3_stage0_L2_1_0_split_0
I0923 17:44:28.966908 2164736 net.cpp:382] Mconv3_stage0_L2_1_Mprelu3_stage0_L2_1_0_split -> Mconv3_stage0_L2_1_Mprelu3_stage0_L2_1_0_split_1
I0923 17:44:28.966914 2164736 net.cpp:124] Setting up Mconv3_stage0_L2_1_Mprelu3_stage0_L2_1_0_split
I0923 17:44:28.966915 2164736 net.cpp:131] Top shape: 1 96 2 2 (384)
I0923 17:44:28.966917 2164736 net.cpp:131] Top shape: 1 96 2 2 (384)
I0923 17:44:28.966918 2164736 net.cpp:139] Memory required for data: 665600
I0923 17:44:28.966919 2164736 layer_factory.hpp:77] Creating layer Mconv3_stage0_L2_2
I0923 17:44:28.966921 2164736 net.cpp:86] Creating Layer Mconv3_stage0_L2_2
I0923 17:44:28.966923 2164736 net.cpp:408] Mconv3_stage0_L2_2 <- Mconv3_stage0_L2_1_Mprelu3_stage0_L2_1_0_split_0
I0923 17:44:28.966924 2164736 net.cpp:382] Mconv3_stage0_L2_2 -> Mconv3_stage0_L2_2
I0923 17:44:28.978951 2164736 net.cpp:124] Setting up Mconv3_stage0_L2_2
I0923 17:44:28.978956 2164736 net.cpp:131] Top shape: 1 96 2 2 (384)
I0923 17:44:28.978958 2164736 net.cpp:139] Memory required for data: 667136
I0923 17:44:28.978960 2164736 layer_factory.hpp:77] Creating layer Mprelu3_stage0_L2_2
I0923 17:44:28.978962 2164736 net.cpp:86] Creating Layer Mprelu3_stage0_L2_2
I0923 17:44:28.978964 2164736 net.cpp:408] Mprelu3_stage0_L2_2 <- Mconv3_stage0_L2_2
I0923 17:44:28.978966 2164736 net.cpp:369] Mprelu3_stage0_L2_2 -> Mconv3_stage0_L2_2 (in-place)
I0923 17:44:28.978986 2164736 net.cpp:124] Setting up Mprelu3_stage0_L2_2
I0923 17:44:28.978988 2164736 net.cpp:131] Top shape: 1 96 2 2 (384)
I0923 17:44:28.978989 2164736 net.cpp:139] Memory required for data: 668672
I0923 17:44:28.978991 2164736 layer_factory.hpp:77] Creating layer Mconv3_stage0_L2_concat
I0923 17:44:28.978992 2164736 net.cpp:86] Creating Layer Mconv3_stage0_L2_concat
I0923 17:44:28.978993 2164736 net.cpp:408] Mconv3_stage0_L2_concat <- Mconv3_stage0_L2_0_Mprelu3_stage0_L2_0_0_split_1
I0923 17:44:28.978994 2164736 net.cpp:408] Mconv3_stage0_L2_concat <- Mconv3_stage0_L2_1_Mprelu3_stage0_L2_1_0_split_1
I0923 17:44:28.978996 2164736 net.cpp:408] Mconv3_stage0_L2_concat <- Mconv3_stage0_L2_2
I0923 17:44:28.978998 2164736 net.cpp:382] Mconv3_stage0_L2_concat -> Mconv3_stage0_L2_concat
I0923 17:44:28.979002 2164736 net.cpp:124] Setting up Mconv3_stage0_L2_concat
I0923 17:44:28.979003 2164736 net.cpp:131] Top shape: 1 288 2 2 (1152)
I0923 17:44:28.979005 2164736 net.cpp:139] Memory required for data: 673280
I0923 17:44:28.979007 2164736 layer_factory.hpp:77] Creating layer Mconv4_stage0_L2_0
I0923 17:44:28.979008 2164736 net.cpp:86] Creating Layer Mconv4_stage0_L2_0
I0923 17:44:28.979010 2164736 net.cpp:408] Mconv4_stage0_L2_0 <- Mconv3_stage0_L2_concat
I0923 17:44:28.979012 2164736 net.cpp:382] Mconv4_stage0_L2_0 -> Mconv4_stage0_L2_0
I0923 17:44:28.987699 2164736 net.cpp:124] Setting up Mconv4_stage0_L2_0
I0923 17:44:28.987704 2164736 net.cpp:131] Top shape: 1 96 2 2 (384)
I0923 17:44:28.987706 2164736 net.cpp:139] Memory required for data: 674816
I0923 17:44:28.987708 2164736 layer_factory.hpp:77] Creating layer Mprelu4_stage0_L2_0
I0923 17:44:28.987711 2164736 net.cpp:86] Creating Layer Mprelu4_stage0_L2_0
I0923 17:44:28.987713 2164736 net.cpp:408] Mprelu4_stage0_L2_0 <- Mconv4_stage0_L2_0
I0923 17:44:28.987715 2164736 net.cpp:369] Mprelu4_stage0_L2_0 -> Mconv4_stage0_L2_0 (in-place)
I0923 17:44:28.987735 2164736 net.cpp:124] Setting up Mprelu4_stage0_L2_0
I0923 17:44:28.987736 2164736 net.cpp:131] Top shape: 1 96 2 2 (384)
I0923 17:44:28.987737 2164736 net.cpp:139] Memory required for data: 676352
I0923 17:44:28.987739 2164736 layer_factory.hpp:77] Creating layer Mconv4_stage0_L2_0_Mprelu4_stage0_L2_0_0_split
I0923 17:44:28.987740 2164736 net.cpp:86] Creating Layer Mconv4_stage0_L2_0_Mprelu4_stage0_L2_0_0_split
I0923 17:44:28.987742 2164736 net.cpp:408] Mconv4_stage0_L2_0_Mprelu4_stage0_L2_0_0_split <- Mconv4_stage0_L2_0
I0923 17:44:28.987743 2164736 net.cpp:382] Mconv4_stage0_L2_0_Mprelu4_stage0_L2_0_0_split -> Mconv4_stage0_L2_0_Mprelu4_stage0_L2_0_0_split_0
I0923 17:44:28.987746 2164736 net.cpp:382] Mconv4_stage0_L2_0_Mprelu4_stage0_L2_0_0_split -> Mconv4_stage0_L2_0_Mprelu4_stage0_L2_0_0_split_1
I0923 17:44:28.987752 2164736 net.cpp:124] Setting up Mconv4_stage0_L2_0_Mprelu4_stage0_L2_0_0_split
I0923 17:44:28.987753 2164736 net.cpp:131] Top shape: 1 96 2 2 (384)
I0923 17:44:28.987754 2164736 net.cpp:131] Top shape: 1 96 2 2 (384)
I0923 17:44:28.987756 2164736 net.cpp:139] Memory required for data: 679424
I0923 17:44:28.987757 2164736 layer_factory.hpp:77] Creating layer Mconv4_stage0_L2_1
I0923 17:44:28.987759 2164736 net.cpp:86] Creating Layer Mconv4_stage0_L2_1
I0923 17:44:28.987761 2164736 net.cpp:408] Mconv4_stage0_L2_1 <- Mconv4_stage0_L2_0_Mprelu4_stage0_L2_0_0_split_0
I0923 17:44:28.987762 2164736 net.cpp:382] Mconv4_stage0_L2_1 -> Mconv4_stage0_L2_1
I0923 17:44:28.995677 2164736 net.cpp:124] Setting up Mconv4_stage0_L2_1
I0923 17:44:28.995683 2164736 net.cpp:131] Top shape: 1 96 2 2 (384)
I0923 17:44:28.995685 2164736 net.cpp:139] Memory required for data: 680960
I0923 17:44:28.995687 2164736 layer_factory.hpp:77] Creating layer Mprelu4_stage0_L2_1
I0923 17:44:28.995690 2164736 net.cpp:86] Creating Layer Mprelu4_stage0_L2_1
I0923 17:44:28.995692 2164736 net.cpp:408] Mprelu4_stage0_L2_1 <- Mconv4_stage0_L2_1
I0923 17:44:28.995693 2164736 net.cpp:369] Mprelu4_stage0_L2_1 -> Mconv4_stage0_L2_1 (in-place)
I0923 17:44:28.995714 2164736 net.cpp:124] Setting up Mprelu4_stage0_L2_1
I0923 17:44:28.995715 2164736 net.cpp:131] Top shape: 1 96 2 2 (384)
I0923 17:44:28.995716 2164736 net.cpp:139] Memory required for data: 682496
I0923 17:44:28.995718 2164736 layer_factory.hpp:77] Creating layer Mconv4_stage0_L2_1_Mprelu4_stage0_L2_1_0_split
I0923 17:44:28.995719 2164736 net.cpp:86] Creating Layer Mconv4_stage0_L2_1_Mprelu4_stage0_L2_1_0_split
I0923 17:44:28.995721 2164736 net.cpp:408] Mconv4_stage0_L2_1_Mprelu4_stage0_L2_1_0_split <- Mconv4_stage0_L2_1
I0923 17:44:28.995723 2164736 net.cpp:382] Mconv4_stage0_L2_1_Mprelu4_stage0_L2_1_0_split -> Mconv4_stage0_L2_1_Mprelu4_stage0_L2_1_0_split_0
I0923 17:44:28.995725 2164736 net.cpp:382] Mconv4_stage0_L2_1_Mprelu4_stage0_L2_1_0_split -> Mconv4_stage0_L2_1_Mprelu4_stage0_L2_1_0_split_1
I0923 17:44:28.995731 2164736 net.cpp:124] Setting up Mconv4_stage0_L2_1_Mprelu4_stage0_L2_1_0_split
I0923 17:44:28.995733 2164736 net.cpp:131] Top shape: 1 96 2 2 (384)
I0923 17:44:28.995733 2164736 net.cpp:131] Top shape: 1 96 2 2 (384)
I0923 17:44:28.995735 2164736 net.cpp:139] Memory required for data: 685568
I0923 17:44:28.995736 2164736 layer_factory.hpp:77] Creating layer Mconv4_stage0_L2_2
I0923 17:44:28.995738 2164736 net.cpp:86] Creating Layer Mconv4_stage0_L2_2
I0923 17:44:28.995740 2164736 net.cpp:408] Mconv4_stage0_L2_2 <- Mconv4_stage0_L2_1_Mprelu4_stage0_L2_1_0_split_0
I0923 17:44:28.995743 2164736 net.cpp:382] Mconv4_stage0_L2_2 -> Mconv4_stage0_L2_2
I0923 17:44:29.003733 2164736 net.cpp:124] Setting up Mconv4_stage0_L2_2
I0923 17:44:29.003738 2164736 net.cpp:131] Top shape: 1 96 2 2 (384)
I0923 17:44:29.003741 2164736 net.cpp:139] Memory required for data: 687104
I0923 17:44:29.003743 2164736 layer_factory.hpp:77] Creating layer Mprelu4_stage0_L2_2
I0923 17:44:29.003746 2164736 net.cpp:86] Creating Layer Mprelu4_stage0_L2_2
I0923 17:44:29.003747 2164736 net.cpp:408] Mprelu4_stage0_L2_2 <- Mconv4_stage0_L2_2
I0923 17:44:29.003749 2164736 net.cpp:369] Mprelu4_stage0_L2_2 -> Mconv4_stage0_L2_2 (in-place)
I0923 17:44:29.003772 2164736 net.cpp:124] Setting up Mprelu4_stage0_L2_2
I0923 17:44:29.003772 2164736 net.cpp:131] Top shape: 1 96 2 2 (384)
I0923 17:44:29.003773 2164736 net.cpp:139] Memory required for data: 688640
I0923 17:44:29.003775 2164736 layer_factory.hpp:77] Creating layer Mconv4_stage0_L2_concat
I0923 17:44:29.003777 2164736 net.cpp:86] Creating Layer Mconv4_stage0_L2_concat
I0923 17:44:29.003779 2164736 net.cpp:408] Mconv4_stage0_L2_concat <- Mconv4_stage0_L2_0_Mprelu4_stage0_L2_0_0_split_1
I0923 17:44:29.003780 2164736 net.cpp:408] Mconv4_stage0_L2_concat <- Mconv4_stage0_L2_1_Mprelu4_stage0_L2_1_0_split_1
I0923 17:44:29.003782 2164736 net.cpp:408] Mconv4_stage0_L2_concat <- Mconv4_stage0_L2_2
I0923 17:44:29.003784 2164736 net.cpp:382] Mconv4_stage0_L2_concat -> Mconv4_stage0_L2_concat
I0923 17:44:29.003789 2164736 net.cpp:124] Setting up Mconv4_stage0_L2_concat
I0923 17:44:29.003790 2164736 net.cpp:131] Top shape: 1 288 2 2 (1152)
I0923 17:44:29.003793 2164736 net.cpp:139] Memory required for data: 693248
I0923 17:44:29.003793 2164736 layer_factory.hpp:77] Creating layer Mconv5_stage0_L2_0
I0923 17:44:29.003795 2164736 net.cpp:86] Creating Layer Mconv5_stage0_L2_0
I0923 17:44:29.003796 2164736 net.cpp:408] Mconv5_stage0_L2_0 <- Mconv4_stage0_L2_concat
I0923 17:44:29.003798 2164736 net.cpp:382] Mconv5_stage0_L2_0 -> Mconv5_stage0_L2_0
I0923 17:44:29.012859 2164736 net.cpp:124] Setting up Mconv5_stage0_L2_0
I0923 17:44:29.012864 2164736 net.cpp:131] Top shape: 1 96 2 2 (384)
I0923 17:44:29.012866 2164736 net.cpp:139] Memory required for data: 694784
I0923 17:44:29.012871 2164736 layer_factory.hpp:77] Creating layer Mprelu5_stage0_L2_0
I0923 17:44:29.012872 2164736 net.cpp:86] Creating Layer Mprelu5_stage0_L2_0
I0923 17:44:29.012874 2164736 net.cpp:408] Mprelu5_stage0_L2_0 <- Mconv5_stage0_L2_0
I0923 17:44:29.012876 2164736 net.cpp:369] Mprelu5_stage0_L2_0 -> Mconv5_stage0_L2_0 (in-place)
I0923 17:44:29.012897 2164736 net.cpp:124] Setting up Mprelu5_stage0_L2_0
I0923 17:44:29.012898 2164736 net.cpp:131] Top shape: 1 96 2 2 (384)
I0923 17:44:29.012899 2164736 net.cpp:139] Memory required for data: 696320
I0923 17:44:29.012900 2164736 layer_factory.hpp:77] Creating layer Mconv5_stage0_L2_0_Mprelu5_stage0_L2_0_0_split
I0923 17:44:29.012902 2164736 net.cpp:86] Creating Layer Mconv5_stage0_L2_0_Mprelu5_stage0_L2_0_0_split
I0923 17:44:29.012904 2164736 net.cpp:408] Mconv5_stage0_L2_0_Mprelu5_stage0_L2_0_0_split <- Mconv5_stage0_L2_0
I0923 17:44:29.012905 2164736 net.cpp:382] Mconv5_stage0_L2_0_Mprelu5_stage0_L2_0_0_split -> Mconv5_stage0_L2_0_Mprelu5_stage0_L2_0_0_split_0
I0923 17:44:29.012908 2164736 net.cpp:382] Mconv5_stage0_L2_0_Mprelu5_stage0_L2_0_0_split -> Mconv5_stage0_L2_0_Mprelu5_stage0_L2_0_0_split_1
I0923 17:44:29.012914 2164736 net.cpp:124] Setting up Mconv5_stage0_L2_0_Mprelu5_stage0_L2_0_0_split
I0923 17:44:29.012915 2164736 net.cpp:131] Top shape: 1 96 2 2 (384)
I0923 17:44:29.012916 2164736 net.cpp:131] Top shape: 1 96 2 2 (384)
I0923 17:44:29.012918 2164736 net.cpp:139] Memory required for data: 699392
I0923 17:44:29.012919 2164736 layer_factory.hpp:77] Creating layer Mconv5_stage0_L2_1
I0923 17:44:29.012921 2164736 net.cpp:86] Creating Layer Mconv5_stage0_L2_1
I0923 17:44:29.012923 2164736 net.cpp:408] Mconv5_stage0_L2_1 <- Mconv5_stage0_L2_0_Mprelu5_stage0_L2_0_0_split_0
I0923 17:44:29.012924 2164736 net.cpp:382] Mconv5_stage0_L2_1 -> Mconv5_stage0_L2_1
I0923 17:44:29.020952 2164736 net.cpp:124] Setting up Mconv5_stage0_L2_1
I0923 17:44:29.020957 2164736 net.cpp:131] Top shape: 1 96 2 2 (384)
I0923 17:44:29.020960 2164736 net.cpp:139] Memory required for data: 700928
I0923 17:44:29.020962 2164736 layer_factory.hpp:77] Creating layer Mprelu5_stage0_L2_1
I0923 17:44:29.020965 2164736 net.cpp:86] Creating Layer Mprelu5_stage0_L2_1
I0923 17:44:29.020967 2164736 net.cpp:408] Mprelu5_stage0_L2_1 <- Mconv5_stage0_L2_1
I0923 17:44:29.020968 2164736 net.cpp:369] Mprelu5_stage0_L2_1 -> Mconv5_stage0_L2_1 (in-place)
I0923 17:44:29.020988 2164736 net.cpp:124] Setting up Mprelu5_stage0_L2_1
I0923 17:44:29.020989 2164736 net.cpp:131] Top shape: 1 96 2 2 (384)
I0923 17:44:29.020991 2164736 net.cpp:139] Memory required for data: 702464
I0923 17:44:29.020992 2164736 layer_factory.hpp:77] Creating layer Mconv5_stage0_L2_1_Mprelu5_stage0_L2_1_0_split
I0923 17:44:29.020994 2164736 net.cpp:86] Creating Layer Mconv5_stage0_L2_1_Mprelu5_stage0_L2_1_0_split
I0923 17:44:29.020995 2164736 net.cpp:408] Mconv5_stage0_L2_1_Mprelu5_stage0_L2_1_0_split <- Mconv5_stage0_L2_1
I0923 17:44:29.020998 2164736 net.cpp:382] Mconv5_stage0_L2_1_Mprelu5_stage0_L2_1_0_split -> Mconv5_stage0_L2_1_Mprelu5_stage0_L2_1_0_split_0
I0923 17:44:29.020999 2164736 net.cpp:382] Mconv5_stage0_L2_1_Mprelu5_stage0_L2_1_0_split -> Mconv5_stage0_L2_1_Mprelu5_stage0_L2_1_0_split_1
I0923 17:44:29.021005 2164736 net.cpp:124] Setting up Mconv5_stage0_L2_1_Mprelu5_stage0_L2_1_0_split
I0923 17:44:29.021006 2164736 net.cpp:131] Top shape: 1 96 2 2 (384)
I0923 17:44:29.021008 2164736 net.cpp:131] Top shape: 1 96 2 2 (384)
I0923 17:44:29.021009 2164736 net.cpp:139] Memory required for data: 705536
I0923 17:44:29.021010 2164736 layer_factory.hpp:77] Creating layer Mconv5_stage0_L2_2
I0923 17:44:29.021013 2164736 net.cpp:86] Creating Layer Mconv5_stage0_L2_2
I0923 17:44:29.021013 2164736 net.cpp:408] Mconv5_stage0_L2_2 <- Mconv5_stage0_L2_1_Mprelu5_stage0_L2_1_0_split_0
I0923 17:44:29.021015 2164736 net.cpp:382] Mconv5_stage0_L2_2 -> Mconv5_stage0_L2_2
I0923 17:44:29.028759 2164736 net.cpp:124] Setting up Mconv5_stage0_L2_2
I0923 17:44:29.028764 2164736 net.cpp:131] Top shape: 1 96 2 2 (384)
I0923 17:44:29.028766 2164736 net.cpp:139] Memory required for data: 707072
I0923 17:44:29.028769 2164736 layer_factory.hpp:77] Creating layer Mprelu5_stage0_L2_2
I0923 17:44:29.028770 2164736 net.cpp:86] Creating Layer Mprelu5_stage0_L2_2
I0923 17:44:29.028772 2164736 net.cpp:408] Mprelu5_stage0_L2_2 <- Mconv5_stage0_L2_2
I0923 17:44:29.028774 2164736 net.cpp:369] Mprelu5_stage0_L2_2 -> Mconv5_stage0_L2_2 (in-place)
I0923 17:44:29.028795 2164736 net.cpp:124] Setting up Mprelu5_stage0_L2_2
I0923 17:44:29.028796 2164736 net.cpp:131] Top shape: 1 96 2 2 (384)
I0923 17:44:29.028797 2164736 net.cpp:139] Memory required for data: 708608
I0923 17:44:29.028800 2164736 layer_factory.hpp:77] Creating layer Mconv5_stage0_L2_concat
I0923 17:44:29.028801 2164736 net.cpp:86] Creating Layer Mconv5_stage0_L2_concat
I0923 17:44:29.028802 2164736 net.cpp:408] Mconv5_stage0_L2_concat <- Mconv5_stage0_L2_0_Mprelu5_stage0_L2_0_0_split_1
I0923 17:44:29.028803 2164736 net.cpp:408] Mconv5_stage0_L2_concat <- Mconv5_stage0_L2_1_Mprelu5_stage0_L2_1_0_split_1
I0923 17:44:29.028805 2164736 net.cpp:408] Mconv5_stage0_L2_concat <- Mconv5_stage0_L2_2
I0923 17:44:29.028807 2164736 net.cpp:382] Mconv5_stage0_L2_concat -> Mconv5_stage0_L2_concat
I0923 17:44:29.028811 2164736 net.cpp:124] Setting up Mconv5_stage0_L2_concat
I0923 17:44:29.028813 2164736 net.cpp:131] Top shape: 1 288 2 2 (1152)
I0923 17:44:29.028815 2164736 net.cpp:139] Memory required for data: 713216
I0923 17:44:29.028815 2164736 layer_factory.hpp:77] Creating layer Mconv6_stage0_L2
I0923 17:44:29.028818 2164736 net.cpp:86] Creating Layer Mconv6_stage0_L2
I0923 17:44:29.028820 2164736 net.cpp:408] Mconv6_stage0_L2 <- Mconv5_stage0_L2_concat
I0923 17:44:29.028821 2164736 net.cpp:382] Mconv6_stage0_L2 -> Mconv6_stage0_L2
I0923 17:44:29.051079 2164736 net.cpp:124] Setting up Mconv6_stage0_L2
I0923 17:44:29.051085 2164736 net.cpp:131] Top shape: 1 256 2 2 (1024)
I0923 17:44:29.051087 2164736 net.cpp:139] Memory required for data: 717312
I0923 17:44:29.051090 2164736 layer_factory.hpp:77] Creating layer Mprelu6_stage0_L2
I0923 17:44:29.051092 2164736 net.cpp:86] Creating Layer Mprelu6_stage0_L2
I0923 17:44:29.051095 2164736 net.cpp:408] Mprelu6_stage0_L2 <- Mconv6_stage0_L2
I0923 17:44:29.051096 2164736 net.cpp:369] Mprelu6_stage0_L2 -> Mconv6_stage0_L2 (in-place)
I0923 17:44:29.051118 2164736 net.cpp:124] Setting up Mprelu6_stage0_L2
I0923 17:44:29.051119 2164736 net.cpp:131] Top shape: 1 256 2 2 (1024)
I0923 17:44:29.051121 2164736 net.cpp:139] Memory required for data: 721408
I0923 17:44:29.051122 2164736 layer_factory.hpp:77] Creating layer Mconv7_stage0_L2
I0923 17:44:29.051126 2164736 net.cpp:86] Creating Layer Mconv7_stage0_L2
I0923 17:44:29.051126 2164736 net.cpp:408] Mconv7_stage0_L2 <- Mconv6_stage0_L2
I0923 17:44:29.051128 2164736 net.cpp:382] Mconv7_stage0_L2 -> Mconv7_stage0_L2
I0923 17:44:29.059877 2164736 net.cpp:124] Setting up Mconv7_stage0_L2
I0923 17:44:29.059882 2164736 net.cpp:131] Top shape: 1 52 2 2 (208)
I0923 17:44:29.059885 2164736 net.cpp:139] Memory required for data: 722240
I0923 17:44:29.059886 2164736 layer_factory.hpp:77] Creating layer concat_stage1_L2
I0923 17:44:29.059890 2164736 net.cpp:86] Creating Layer concat_stage1_L2
I0923 17:44:29.059891 2164736 net.cpp:408] concat_stage1_L2 <- conv4_4_CPM_prelu4_4_CPM_0_split_1
I0923 17:44:29.059893 2164736 net.cpp:408] concat_stage1_L2 <- Mconv7_stage0_L2
I0923 17:44:29.059895 2164736 net.cpp:382] concat_stage1_L2 -> concat_stage1_L2
I0923 17:44:29.059904 2164736 net.cpp:124] Setting up concat_stage1_L2
I0923 17:44:29.059906 2164736 net.cpp:131] Top shape: 1 180 2 2 (720)
I0923 17:44:29.059906 2164736 net.cpp:139] Memory required for data: 725120
I0923 17:44:29.059907 2164736 layer_factory.hpp:77] Creating layer Mconv1_stage1_L2_0
I0923 17:44:29.059911 2164736 net.cpp:86] Creating Layer Mconv1_stage1_L2_0
I0923 17:44:29.059911 2164736 net.cpp:408] Mconv1_stage1_L2_0 <- concat_stage1_L2
I0923 17:44:29.059913 2164736 net.cpp:382] Mconv1_stage1_L2_0 -> Mconv1_stage1_L2_0
I0923 17:44:29.068936 2164736 net.cpp:124] Setting up Mconv1_stage1_L2_0
I0923 17:44:29.068941 2164736 net.cpp:131] Top shape: 1 128 2 2 (512)
I0923 17:44:29.068943 2164736 net.cpp:139] Memory required for data: 727168
I0923 17:44:29.068945 2164736 layer_factory.hpp:77] Creating layer Mprelu1_stage1_L2_0
I0923 17:44:29.068948 2164736 net.cpp:86] Creating Layer Mprelu1_stage1_L2_0
I0923 17:44:29.068949 2164736 net.cpp:408] Mprelu1_stage1_L2_0 <- Mconv1_stage1_L2_0
I0923 17:44:29.068951 2164736 net.cpp:369] Mprelu1_stage1_L2_0 -> Mconv1_stage1_L2_0 (in-place)
I0923 17:44:29.068971 2164736 net.cpp:124] Setting up Mprelu1_stage1_L2_0
I0923 17:44:29.068974 2164736 net.cpp:131] Top shape: 1 128 2 2 (512)
I0923 17:44:29.068974 2164736 net.cpp:139] Memory required for data: 729216
I0923 17:44:29.068975 2164736 layer_factory.hpp:77] Creating layer Mconv1_stage1_L2_0_Mprelu1_stage1_L2_0_0_split
I0923 17:44:29.068977 2164736 net.cpp:86] Creating Layer Mconv1_stage1_L2_0_Mprelu1_stage1_L2_0_0_split
I0923 17:44:29.068979 2164736 net.cpp:408] Mconv1_stage1_L2_0_Mprelu1_stage1_L2_0_0_split <- Mconv1_stage1_L2_0
I0923 17:44:29.068980 2164736 net.cpp:382] Mconv1_stage1_L2_0_Mprelu1_stage1_L2_0_0_split -> Mconv1_stage1_L2_0_Mprelu1_stage1_L2_0_0_split_0
I0923 17:44:29.068982 2164736 net.cpp:382] Mconv1_stage1_L2_0_Mprelu1_stage1_L2_0_0_split -> Mconv1_stage1_L2_0_Mprelu1_stage1_L2_0_0_split_1
I0923 17:44:29.068989 2164736 net.cpp:124] Setting up Mconv1_stage1_L2_0_Mprelu1_stage1_L2_0_0_split
I0923 17:44:29.068990 2164736 net.cpp:131] Top shape: 1 128 2 2 (512)
I0923 17:44:29.068991 2164736 net.cpp:131] Top shape: 1 128 2 2 (512)
I0923 17:44:29.068992 2164736 net.cpp:139] Memory required for data: 733312
I0923 17:44:29.068993 2164736 layer_factory.hpp:77] Creating layer Mconv1_stage1_L2_1
I0923 17:44:29.068996 2164736 net.cpp:86] Creating Layer Mconv1_stage1_L2_1
I0923 17:44:29.068997 2164736 net.cpp:408] Mconv1_stage1_L2_1 <- Mconv1_stage1_L2_0_Mprelu1_stage1_L2_0_0_split_0
I0923 17:44:29.069000 2164736 net.cpp:382] Mconv1_stage1_L2_1 -> Mconv1_stage1_L2_1
I0923 17:44:29.080421 2164736 net.cpp:124] Setting up Mconv1_stage1_L2_1
I0923 17:44:29.080426 2164736 net.cpp:131] Top shape: 1 128 2 2 (512)
I0923 17:44:29.080428 2164736 net.cpp:139] Memory required for data: 735360
I0923 17:44:29.080431 2164736 layer_factory.hpp:77] Creating layer Mprelu1_stage1_L2_1
I0923 17:44:29.080433 2164736 net.cpp:86] Creating Layer Mprelu1_stage1_L2_1
I0923 17:44:29.080435 2164736 net.cpp:408] Mprelu1_stage1_L2_1 <- Mconv1_stage1_L2_1
I0923 17:44:29.080437 2164736 net.cpp:369] Mprelu1_stage1_L2_1 -> Mconv1_stage1_L2_1 (in-place)
I0923 17:44:29.080461 2164736 net.cpp:124] Setting up Mprelu1_stage1_L2_1
I0923 17:44:29.080461 2164736 net.cpp:131] Top shape: 1 128 2 2 (512)
I0923 17:44:29.080462 2164736 net.cpp:139] Memory required for data: 737408
I0923 17:44:29.080463 2164736 layer_factory.hpp:77] Creating layer Mconv1_stage1_L2_1_Mprelu1_stage1_L2_1_0_split
I0923 17:44:29.080466 2164736 net.cpp:86] Creating Layer Mconv1_stage1_L2_1_Mprelu1_stage1_L2_1_0_split
I0923 17:44:29.080466 2164736 net.cpp:408] Mconv1_stage1_L2_1_Mprelu1_stage1_L2_1_0_split <- Mconv1_stage1_L2_1
I0923 17:44:29.080468 2164736 net.cpp:382] Mconv1_stage1_L2_1_Mprelu1_stage1_L2_1_0_split -> Mconv1_stage1_L2_1_Mprelu1_stage1_L2_1_0_split_0
I0923 17:44:29.080470 2164736 net.cpp:382] Mconv1_stage1_L2_1_Mprelu1_stage1_L2_1_0_split -> Mconv1_stage1_L2_1_Mprelu1_stage1_L2_1_0_split_1
I0923 17:44:29.080477 2164736 net.cpp:124] Setting up Mconv1_stage1_L2_1_Mprelu1_stage1_L2_1_0_split
I0923 17:44:29.080478 2164736 net.cpp:131] Top shape: 1 128 2 2 (512)
I0923 17:44:29.080479 2164736 net.cpp:131] Top shape: 1 128 2 2 (512)
I0923 17:44:29.080482 2164736 net.cpp:139] Memory required for data: 741504
I0923 17:44:29.080482 2164736 layer_factory.hpp:77] Creating layer Mconv1_stage1_L2_2
I0923 17:44:29.080484 2164736 net.cpp:86] Creating Layer Mconv1_stage1_L2_2
I0923 17:44:29.080487 2164736 net.cpp:408] Mconv1_stage1_L2_2 <- Mconv1_stage1_L2_1_Mprelu1_stage1_L2_1_0_split_0
I0923 17:44:29.080487 2164736 net.cpp:382] Mconv1_stage1_L2_2 -> Mconv1_stage1_L2_2
I0923 17:44:29.088320 2164736 net.cpp:124] Setting up Mconv1_stage1_L2_2
I0923 17:44:29.088325 2164736 net.cpp:131] Top shape: 1 128 2 2 (512)
I0923 17:44:29.088326 2164736 net.cpp:139] Memory required for data: 743552
I0923 17:44:29.088328 2164736 layer_factory.hpp:77] Creating layer Mprelu1_stage1_L2_2
I0923 17:44:29.088331 2164736 net.cpp:86] Creating Layer Mprelu1_stage1_L2_2
I0923 17:44:29.088332 2164736 net.cpp:408] Mprelu1_stage1_L2_2 <- Mconv1_stage1_L2_2
I0923 17:44:29.088335 2164736 net.cpp:369] Mprelu1_stage1_L2_2 -> Mconv1_stage1_L2_2 (in-place)
I0923 17:44:29.088353 2164736 net.cpp:124] Setting up Mprelu1_stage1_L2_2
I0923 17:44:29.088354 2164736 net.cpp:131] Top shape: 1 128 2 2 (512)
I0923 17:44:29.088356 2164736 net.cpp:139] Memory required for data: 745600
I0923 17:44:29.088357 2164736 layer_factory.hpp:77] Creating layer Mconv1_stage1_L2_concat
I0923 17:44:29.088359 2164736 net.cpp:86] Creating Layer Mconv1_stage1_L2_concat
I0923 17:44:29.088361 2164736 net.cpp:408] Mconv1_stage1_L2_concat <- Mconv1_stage1_L2_0_Mprelu1_stage1_L2_0_0_split_1
I0923 17:44:29.088362 2164736 net.cpp:408] Mconv1_stage1_L2_concat <- Mconv1_stage1_L2_1_Mprelu1_stage1_L2_1_0_split_1
I0923 17:44:29.088363 2164736 net.cpp:408] Mconv1_stage1_L2_concat <- Mconv1_stage1_L2_2
I0923 17:44:29.088366 2164736 net.cpp:382] Mconv1_stage1_L2_concat -> Mconv1_stage1_L2_concat
I0923 17:44:29.088370 2164736 net.cpp:124] Setting up Mconv1_stage1_L2_concat
I0923 17:44:29.088371 2164736 net.cpp:131] Top shape: 1 384 2 2 (1536)
I0923 17:44:29.088372 2164736 net.cpp:139] Memory required for data: 751744
I0923 17:44:29.088373 2164736 layer_factory.hpp:77] Creating layer Mconv2_stage1_L2_0
I0923 17:44:29.088376 2164736 net.cpp:86] Creating Layer Mconv2_stage1_L2_0
I0923 17:44:29.088377 2164736 net.cpp:408] Mconv2_stage1_L2_0 <- Mconv1_stage1_L2_concat
I0923 17:44:29.088379 2164736 net.cpp:382] Mconv2_stage1_L2_0 -> Mconv2_stage1_L2_0
I0923 17:44:29.098734 2164736 net.cpp:124] Setting up Mconv2_stage1_L2_0
I0923 17:44:29.098739 2164736 net.cpp:131] Top shape: 1 128 2 2 (512)
I0923 17:44:29.098742 2164736 net.cpp:139] Memory required for data: 753792
I0923 17:44:29.098743 2164736 layer_factory.hpp:77] Creating layer Mprelu2_stage1_L2_0
I0923 17:44:29.098747 2164736 net.cpp:86] Creating Layer Mprelu2_stage1_L2_0
I0923 17:44:29.098747 2164736 net.cpp:408] Mprelu2_stage1_L2_0 <- Mconv2_stage1_L2_0
I0923 17:44:29.098750 2164736 net.cpp:369] Mprelu2_stage1_L2_0 -> Mconv2_stage1_L2_0 (in-place)
I0923 17:44:29.098770 2164736 net.cpp:124] Setting up Mprelu2_stage1_L2_0
I0923 17:44:29.098771 2164736 net.cpp:131] Top shape: 1 128 2 2 (512)
I0923 17:44:29.098773 2164736 net.cpp:139] Memory required for data: 755840
I0923 17:44:29.098774 2164736 layer_factory.hpp:77] Creating layer Mconv2_stage1_L2_0_Mprelu2_stage1_L2_0_0_split
I0923 17:44:29.098775 2164736 net.cpp:86] Creating Layer Mconv2_stage1_L2_0_Mprelu2_stage1_L2_0_0_split
I0923 17:44:29.098778 2164736 net.cpp:408] Mconv2_stage1_L2_0_Mprelu2_stage1_L2_0_0_split <- Mconv2_stage1_L2_0
I0923 17:44:29.098778 2164736 net.cpp:382] Mconv2_stage1_L2_0_Mprelu2_stage1_L2_0_0_split -> Mconv2_stage1_L2_0_Mprelu2_stage1_L2_0_0_split_0
I0923 17:44:29.098781 2164736 net.cpp:382] Mconv2_stage1_L2_0_Mprelu2_stage1_L2_0_0_split -> Mconv2_stage1_L2_0_Mprelu2_stage1_L2_0_0_split_1
I0923 17:44:29.098788 2164736 net.cpp:124] Setting up Mconv2_stage1_L2_0_Mprelu2_stage1_L2_0_0_split
I0923 17:44:29.098788 2164736 net.cpp:131] Top shape: 1 128 2 2 (512)
I0923 17:44:29.098790 2164736 net.cpp:131] Top shape: 1 128 2 2 (512)
I0923 17:44:29.098791 2164736 net.cpp:139] Memory required for data: 759936
I0923 17:44:29.098793 2164736 layer_factory.hpp:77] Creating layer Mconv2_stage1_L2_1
I0923 17:44:29.098794 2164736 net.cpp:86] Creating Layer Mconv2_stage1_L2_1
I0923 17:44:29.098796 2164736 net.cpp:408] Mconv2_stage1_L2_1 <- Mconv2_stage1_L2_0_Mprelu2_stage1_L2_0_0_split_0
I0923 17:44:29.098798 2164736 net.cpp:382] Mconv2_stage1_L2_1 -> Mconv2_stage1_L2_1
I0923 17:44:29.107748 2164736 net.cpp:124] Setting up Mconv2_stage1_L2_1
I0923 17:44:29.107753 2164736 net.cpp:131] Top shape: 1 128 2 2 (512)
I0923 17:44:29.107755 2164736 net.cpp:139] Memory required for data: 761984
I0923 17:44:29.107757 2164736 layer_factory.hpp:77] Creating layer Mprelu2_stage1_L2_1
I0923 17:44:29.107760 2164736 net.cpp:86] Creating Layer Mprelu2_stage1_L2_1
I0923 17:44:29.107761 2164736 net.cpp:408] Mprelu2_stage1_L2_1 <- Mconv2_stage1_L2_1
I0923 17:44:29.107764 2164736 net.cpp:369] Mprelu2_stage1_L2_1 -> Mconv2_stage1_L2_1 (in-place)
I0923 17:44:29.107784 2164736 net.cpp:124] Setting up Mprelu2_stage1_L2_1
I0923 17:44:29.107786 2164736 net.cpp:131] Top shape: 1 128 2 2 (512)
I0923 17:44:29.107787 2164736 net.cpp:139] Memory required for data: 764032
I0923 17:44:29.107788 2164736 layer_factory.hpp:77] Creating layer Mconv2_stage1_L2_1_Mprelu2_stage1_L2_1_0_split
I0923 17:44:29.107790 2164736 net.cpp:86] Creating Layer Mconv2_stage1_L2_1_Mprelu2_stage1_L2_1_0_split
I0923 17:44:29.107791 2164736 net.cpp:408] Mconv2_stage1_L2_1_Mprelu2_stage1_L2_1_0_split <- Mconv2_stage1_L2_1
I0923 17:44:29.107793 2164736 net.cpp:382] Mconv2_stage1_L2_1_Mprelu2_stage1_L2_1_0_split -> Mconv2_stage1_L2_1_Mprelu2_stage1_L2_1_0_split_0
I0923 17:44:29.107795 2164736 net.cpp:382] Mconv2_stage1_L2_1_Mprelu2_stage1_L2_1_0_split -> Mconv2_stage1_L2_1_Mprelu2_stage1_L2_1_0_split_1
I0923 17:44:29.107802 2164736 net.cpp:124] Setting up Mconv2_stage1_L2_1_Mprelu2_stage1_L2_1_0_split
I0923 17:44:29.107803 2164736 net.cpp:131] Top shape: 1 128 2 2 (512)
I0923 17:44:29.107805 2164736 net.cpp:131] Top shape: 1 128 2 2 (512)
I0923 17:44:29.107805 2164736 net.cpp:139] Memory required for data: 768128
I0923 17:44:29.107806 2164736 layer_factory.hpp:77] Creating layer Mconv2_stage1_L2_2
I0923 17:44:29.107810 2164736 net.cpp:86] Creating Layer Mconv2_stage1_L2_2
I0923 17:44:29.107810 2164736 net.cpp:408] Mconv2_stage1_L2_2 <- Mconv2_stage1_L2_1_Mprelu2_stage1_L2_1_0_split_0
I0923 17:44:29.107812 2164736 net.cpp:382] Mconv2_stage1_L2_2 -> Mconv2_stage1_L2_2
I0923 17:44:29.115688 2164736 net.cpp:124] Setting up Mconv2_stage1_L2_2
I0923 17:44:29.115693 2164736 net.cpp:131] Top shape: 1 128 2 2 (512)
I0923 17:44:29.115695 2164736 net.cpp:139] Memory required for data: 770176
I0923 17:44:29.115698 2164736 layer_factory.hpp:77] Creating layer Mprelu2_stage1_L2_2
I0923 17:44:29.115700 2164736 net.cpp:86] Creating Layer Mprelu2_stage1_L2_2
I0923 17:44:29.115702 2164736 net.cpp:408] Mprelu2_stage1_L2_2 <- Mconv2_stage1_L2_2
I0923 17:44:29.115705 2164736 net.cpp:369] Mprelu2_stage1_L2_2 -> Mconv2_stage1_L2_2 (in-place)
I0923 17:44:29.115725 2164736 net.cpp:124] Setting up Mprelu2_stage1_L2_2
I0923 17:44:29.115726 2164736 net.cpp:131] Top shape: 1 128 2 2 (512)
I0923 17:44:29.115727 2164736 net.cpp:139] Memory required for data: 772224
I0923 17:44:29.115728 2164736 layer_factory.hpp:77] Creating layer Mconv2_stage1_L2_concat
I0923 17:44:29.115731 2164736 net.cpp:86] Creating Layer Mconv2_stage1_L2_concat
I0923 17:44:29.115732 2164736 net.cpp:408] Mconv2_stage1_L2_concat <- Mconv2_stage1_L2_0_Mprelu2_stage1_L2_0_0_split_1
I0923 17:44:29.115733 2164736 net.cpp:408] Mconv2_stage1_L2_concat <- Mconv2_stage1_L2_1_Mprelu2_stage1_L2_1_0_split_1
I0923 17:44:29.115734 2164736 net.cpp:408] Mconv2_stage1_L2_concat <- Mconv2_stage1_L2_2
I0923 17:44:29.115736 2164736 net.cpp:382] Mconv2_stage1_L2_concat -> Mconv2_stage1_L2_concat
I0923 17:44:29.115741 2164736 net.cpp:124] Setting up Mconv2_stage1_L2_concat
I0923 17:44:29.115742 2164736 net.cpp:131] Top shape: 1 384 2 2 (1536)
I0923 17:44:29.115744 2164736 net.cpp:139] Memory required for data: 778368
I0923 17:44:29.115746 2164736 layer_factory.hpp:77] Creating layer Mconv3_stage1_L2_0
I0923 17:44:29.115747 2164736 net.cpp:86] Creating Layer Mconv3_stage1_L2_0
I0923 17:44:29.115748 2164736 net.cpp:408] Mconv3_stage1_L2_0 <- Mconv2_stage1_L2_concat
I0923 17:44:29.115751 2164736 net.cpp:382] Mconv3_stage1_L2_0 -> Mconv3_stage1_L2_0
I0923 17:44:29.124606 2164736 net.cpp:124] Setting up Mconv3_stage1_L2_0
I0923 17:44:29.124611 2164736 net.cpp:131] Top shape: 1 128 2 2 (512)
I0923 17:44:29.124614 2164736 net.cpp:139] Memory required for data: 780416
I0923 17:44:29.124615 2164736 layer_factory.hpp:77] Creating layer Mprelu3_stage1_L2_0
I0923 17:44:29.124619 2164736 net.cpp:86] Creating Layer Mprelu3_stage1_L2_0
I0923 17:44:29.124619 2164736 net.cpp:408] Mprelu3_stage1_L2_0 <- Mconv3_stage1_L2_0
I0923 17:44:29.124621 2164736 net.cpp:369] Mprelu3_stage1_L2_0 -> Mconv3_stage1_L2_0 (in-place)
I0923 17:44:29.124642 2164736 net.cpp:124] Setting up Mprelu3_stage1_L2_0
I0923 17:44:29.124643 2164736 net.cpp:131] Top shape: 1 128 2 2 (512)
I0923 17:44:29.124644 2164736 net.cpp:139] Memory required for data: 782464
I0923 17:44:29.124646 2164736 layer_factory.hpp:77] Creating layer Mconv3_stage1_L2_0_Mprelu3_stage1_L2_0_0_split
I0923 17:44:29.124648 2164736 net.cpp:86] Creating Layer Mconv3_stage1_L2_0_Mprelu3_stage1_L2_0_0_split
I0923 17:44:29.124650 2164736 net.cpp:408] Mconv3_stage1_L2_0_Mprelu3_stage1_L2_0_0_split <- Mconv3_stage1_L2_0
I0923 17:44:29.124650 2164736 net.cpp:382] Mconv3_stage1_L2_0_Mprelu3_stage1_L2_0_0_split -> Mconv3_stage1_L2_0_Mprelu3_stage1_L2_0_0_split_0
I0923 17:44:29.124653 2164736 net.cpp:382] Mconv3_stage1_L2_0_Mprelu3_stage1_L2_0_0_split -> Mconv3_stage1_L2_0_Mprelu3_stage1_L2_0_0_split_1
I0923 17:44:29.124660 2164736 net.cpp:124] Setting up Mconv3_stage1_L2_0_Mprelu3_stage1_L2_0_0_split
I0923 17:44:29.124660 2164736 net.cpp:131] Top shape: 1 128 2 2 (512)
I0923 17:44:29.124662 2164736 net.cpp:131] Top shape: 1 128 2 2 (512)
I0923 17:44:29.124663 2164736 net.cpp:139] Memory required for data: 786560
I0923 17:44:29.124665 2164736 layer_factory.hpp:77] Creating layer Mconv3_stage1_L2_1
I0923 17:44:29.124666 2164736 net.cpp:86] Creating Layer Mconv3_stage1_L2_1
I0923 17:44:29.124668 2164736 net.cpp:408] Mconv3_stage1_L2_1 <- Mconv3_stage1_L2_0_Mprelu3_stage1_L2_0_0_split_0
I0923 17:44:29.124670 2164736 net.cpp:382] Mconv3_stage1_L2_1 -> Mconv3_stage1_L2_1
I0923 17:44:29.133147 2164736 net.cpp:124] Setting up Mconv3_stage1_L2_1
I0923 17:44:29.133152 2164736 net.cpp:131] Top shape: 1 128 2 2 (512)
I0923 17:44:29.133154 2164736 net.cpp:139] Memory required for data: 788608
I0923 17:44:29.133157 2164736 layer_factory.hpp:77] Creating layer Mprelu3_stage1_L2_1
I0923 17:44:29.133159 2164736 net.cpp:86] Creating Layer Mprelu3_stage1_L2_1
I0923 17:44:29.133160 2164736 net.cpp:408] Mprelu3_stage1_L2_1 <- Mconv3_stage1_L2_1
I0923 17:44:29.133162 2164736 net.cpp:369] Mprelu3_stage1_L2_1 -> Mconv3_stage1_L2_1 (in-place)
I0923 17:44:29.133184 2164736 net.cpp:124] Setting up Mprelu3_stage1_L2_1
I0923 17:44:29.133185 2164736 net.cpp:131] Top shape: 1 128 2 2 (512)
I0923 17:44:29.133188 2164736 net.cpp:139] Memory required for data: 790656
I0923 17:44:29.133188 2164736 layer_factory.hpp:77] Creating layer Mconv3_stage1_L2_1_Mprelu3_stage1_L2_1_0_split
I0923 17:44:29.133190 2164736 net.cpp:86] Creating Layer Mconv3_stage1_L2_1_Mprelu3_stage1_L2_1_0_split
I0923 17:44:29.133191 2164736 net.cpp:408] Mconv3_stage1_L2_1_Mprelu3_stage1_L2_1_0_split <- Mconv3_stage1_L2_1
I0923 17:44:29.133193 2164736 net.cpp:382] Mconv3_stage1_L2_1_Mprelu3_stage1_L2_1_0_split -> Mconv3_stage1_L2_1_Mprelu3_stage1_L2_1_0_split_0
I0923 17:44:29.133195 2164736 net.cpp:382] Mconv3_stage1_L2_1_Mprelu3_stage1_L2_1_0_split -> Mconv3_stage1_L2_1_Mprelu3_stage1_L2_1_0_split_1
I0923 17:44:29.133203 2164736 net.cpp:124] Setting up Mconv3_stage1_L2_1_Mprelu3_stage1_L2_1_0_split
I0923 17:44:29.133203 2164736 net.cpp:131] Top shape: 1 128 2 2 (512)
I0923 17:44:29.133205 2164736 net.cpp:131] Top shape: 1 128 2 2 (512)
I0923 17:44:29.133206 2164736 net.cpp:139] Memory required for data: 794752
I0923 17:44:29.133208 2164736 layer_factory.hpp:77] Creating layer Mconv3_stage1_L2_2
I0923 17:44:29.133209 2164736 net.cpp:86] Creating Layer Mconv3_stage1_L2_2
I0923 17:44:29.133210 2164736 net.cpp:408] Mconv3_stage1_L2_2 <- Mconv3_stage1_L2_1_Mprelu3_stage1_L2_1_0_split_0
I0923 17:44:29.133212 2164736 net.cpp:382] Mconv3_stage1_L2_2 -> Mconv3_stage1_L2_2
I0923 17:44:29.142414 2164736 net.cpp:124] Setting up Mconv3_stage1_L2_2
I0923 17:44:29.142419 2164736 net.cpp:131] Top shape: 1 128 2 2 (512)
I0923 17:44:29.142421 2164736 net.cpp:139] Memory required for data: 796800
I0923 17:44:29.142423 2164736 layer_factory.hpp:77] Creating layer Mprelu3_stage1_L2_2
I0923 17:44:29.142426 2164736 net.cpp:86] Creating Layer Mprelu3_stage1_L2_2
I0923 17:44:29.142427 2164736 net.cpp:408] Mprelu3_stage1_L2_2 <- Mconv3_stage1_L2_2
I0923 17:44:29.142429 2164736 net.cpp:369] Mprelu3_stage1_L2_2 -> Mconv3_stage1_L2_2 (in-place)
I0923 17:44:29.142450 2164736 net.cpp:124] Setting up Mprelu3_stage1_L2_2
I0923 17:44:29.142452 2164736 net.cpp:131] Top shape: 1 128 2 2 (512)
I0923 17:44:29.142452 2164736 net.cpp:139] Memory required for data: 798848
I0923 17:44:29.142453 2164736 layer_factory.hpp:77] Creating layer Mconv3_stage1_L2_concat
I0923 17:44:29.142455 2164736 net.cpp:86] Creating Layer Mconv3_stage1_L2_concat
I0923 17:44:29.142457 2164736 net.cpp:408] Mconv3_stage1_L2_concat <- Mconv3_stage1_L2_0_Mprelu3_stage1_L2_0_0_split_1
I0923 17:44:29.142458 2164736 net.cpp:408] Mconv3_stage1_L2_concat <- Mconv3_stage1_L2_1_Mprelu3_stage1_L2_1_0_split_1
I0923 17:44:29.142459 2164736 net.cpp:408] Mconv3_stage1_L2_concat <- Mconv3_stage1_L2_2
I0923 17:44:29.142462 2164736 net.cpp:382] Mconv3_stage1_L2_concat -> Mconv3_stage1_L2_concat
I0923 17:44:29.142467 2164736 net.cpp:124] Setting up Mconv3_stage1_L2_concat
I0923 17:44:29.142467 2164736 net.cpp:131] Top shape: 1 384 2 2 (1536)
I0923 17:44:29.142469 2164736 net.cpp:139] Memory required for data: 804992
I0923 17:44:29.142470 2164736 layer_factory.hpp:77] Creating layer Mconv4_stage1_L2_0
I0923 17:44:29.142472 2164736 net.cpp:86] Creating Layer Mconv4_stage1_L2_0
I0923 17:44:29.142473 2164736 net.cpp:408] Mconv4_stage1_L2_0 <- Mconv3_stage1_L2_concat
I0923 17:44:29.142475 2164736 net.cpp:382] Mconv4_stage1_L2_0 -> Mconv4_stage1_L2_0
I0923 17:44:29.152326 2164736 net.cpp:124] Setting up Mconv4_stage1_L2_0
I0923 17:44:29.152331 2164736 net.cpp:131] Top shape: 1 128 2 2 (512)
I0923 17:44:29.152333 2164736 net.cpp:139] Memory required for data: 807040
I0923 17:44:29.152335 2164736 layer_factory.hpp:77] Creating layer Mprelu4_stage1_L2_0
I0923 17:44:29.152338 2164736 net.cpp:86] Creating Layer Mprelu4_stage1_L2_0
I0923 17:44:29.152339 2164736 net.cpp:408] Mprelu4_stage1_L2_0 <- Mconv4_stage1_L2_0
I0923 17:44:29.152343 2164736 net.cpp:369] Mprelu4_stage1_L2_0 -> Mconv4_stage1_L2_0 (in-place)
I0923 17:44:29.152361 2164736 net.cpp:124] Setting up Mprelu4_stage1_L2_0
I0923 17:44:29.152364 2164736 net.cpp:131] Top shape: 1 128 2 2 (512)
I0923 17:44:29.152364 2164736 net.cpp:139] Memory required for data: 809088
I0923 17:44:29.152365 2164736 layer_factory.hpp:77] Creating layer Mconv4_stage1_L2_0_Mprelu4_stage1_L2_0_0_split
I0923 17:44:29.152367 2164736 net.cpp:86] Creating Layer Mconv4_stage1_L2_0_Mprelu4_stage1_L2_0_0_split
I0923 17:44:29.152369 2164736 net.cpp:408] Mconv4_stage1_L2_0_Mprelu4_stage1_L2_0_0_split <- Mconv4_stage1_L2_0
I0923 17:44:29.152370 2164736 net.cpp:382] Mconv4_stage1_L2_0_Mprelu4_stage1_L2_0_0_split -> Mconv4_stage1_L2_0_Mprelu4_stage1_L2_0_0_split_0
I0923 17:44:29.152372 2164736 net.cpp:382] Mconv4_stage1_L2_0_Mprelu4_stage1_L2_0_0_split -> Mconv4_stage1_L2_0_Mprelu4_stage1_L2_0_0_split_1
I0923 17:44:29.152379 2164736 net.cpp:124] Setting up Mconv4_stage1_L2_0_Mprelu4_stage1_L2_0_0_split
I0923 17:44:29.152380 2164736 net.cpp:131] Top shape: 1 128 2 2 (512)
I0923 17:44:29.152381 2164736 net.cpp:131] Top shape: 1 128 2 2 (512)
I0923 17:44:29.152382 2164736 net.cpp:139] Memory required for data: 813184
I0923 17:44:29.152383 2164736 layer_factory.hpp:77] Creating layer Mconv4_stage1_L2_1
I0923 17:44:29.152386 2164736 net.cpp:86] Creating Layer Mconv4_stage1_L2_1
I0923 17:44:29.152388 2164736 net.cpp:408] Mconv4_stage1_L2_1 <- Mconv4_stage1_L2_0_Mprelu4_stage1_L2_0_0_split_0
I0923 17:44:29.152390 2164736 net.cpp:382] Mconv4_stage1_L2_1 -> Mconv4_stage1_L2_1
I0923 17:44:29.160391 2164736 net.cpp:124] Setting up Mconv4_stage1_L2_1
I0923 17:44:29.160401 2164736 net.cpp:131] Top shape: 1 128 2 2 (512)
I0923 17:44:29.160403 2164736 net.cpp:139] Memory required for data: 815232
I0923 17:44:29.160405 2164736 layer_factory.hpp:77] Creating layer Mprelu4_stage1_L2_1
I0923 17:44:29.160408 2164736 net.cpp:86] Creating Layer Mprelu4_stage1_L2_1
I0923 17:44:29.160410 2164736 net.cpp:408] Mprelu4_stage1_L2_1 <- Mconv4_stage1_L2_1
I0923 17:44:29.160413 2164736 net.cpp:369] Mprelu4_stage1_L2_1 -> Mconv4_stage1_L2_1 (in-place)
I0923 17:44:29.160432 2164736 net.cpp:124] Setting up Mprelu4_stage1_L2_1
I0923 17:44:29.160434 2164736 net.cpp:131] Top shape: 1 128 2 2 (512)
I0923 17:44:29.160434 2164736 net.cpp:139] Memory required for data: 817280
I0923 17:44:29.160436 2164736 layer_factory.hpp:77] Creating layer Mconv4_stage1_L2_1_Mprelu4_stage1_L2_1_0_split
I0923 17:44:29.160439 2164736 net.cpp:86] Creating Layer Mconv4_stage1_L2_1_Mprelu4_stage1_L2_1_0_split
I0923 17:44:29.160439 2164736 net.cpp:408] Mconv4_stage1_L2_1_Mprelu4_stage1_L2_1_0_split <- Mconv4_stage1_L2_1
I0923 17:44:29.160441 2164736 net.cpp:382] Mconv4_stage1_L2_1_Mprelu4_stage1_L2_1_0_split -> Mconv4_stage1_L2_1_Mprelu4_stage1_L2_1_0_split_0
I0923 17:44:29.160444 2164736 net.cpp:382] Mconv4_stage1_L2_1_Mprelu4_stage1_L2_1_0_split -> Mconv4_stage1_L2_1_Mprelu4_stage1_L2_1_0_split_1
I0923 17:44:29.160450 2164736 net.cpp:124] Setting up Mconv4_stage1_L2_1_Mprelu4_stage1_L2_1_0_split
I0923 17:44:29.160451 2164736 net.cpp:131] Top shape: 1 128 2 2 (512)
I0923 17:44:29.160452 2164736 net.cpp:131] Top shape: 1 128 2 2 (512)
I0923 17:44:29.160454 2164736 net.cpp:139] Memory required for data: 821376
I0923 17:44:29.160454 2164736 layer_factory.hpp:77] Creating layer Mconv4_stage1_L2_2
I0923 17:44:29.160457 2164736 net.cpp:86] Creating Layer Mconv4_stage1_L2_2
I0923 17:44:29.160458 2164736 net.cpp:408] Mconv4_stage1_L2_2 <- Mconv4_stage1_L2_1_Mprelu4_stage1_L2_1_0_split_0
I0923 17:44:29.160460 2164736 net.cpp:382] Mconv4_stage1_L2_2 -> Mconv4_stage1_L2_2
I0923 17:44:29.168332 2164736 net.cpp:124] Setting up Mconv4_stage1_L2_2
I0923 17:44:29.168337 2164736 net.cpp:131] Top shape: 1 128 2 2 (512)
I0923 17:44:29.168339 2164736 net.cpp:139] Memory required for data: 823424
I0923 17:44:29.168342 2164736 layer_factory.hpp:77] Creating layer Mprelu4_stage1_L2_2
I0923 17:44:29.168344 2164736 net.cpp:86] Creating Layer Mprelu4_stage1_L2_2
I0923 17:44:29.168346 2164736 net.cpp:408] Mprelu4_stage1_L2_2 <- Mconv4_stage1_L2_2
I0923 17:44:29.168349 2164736 net.cpp:369] Mprelu4_stage1_L2_2 -> Mconv4_stage1_L2_2 (in-place)
I0923 17:44:29.168368 2164736 net.cpp:124] Setting up Mprelu4_stage1_L2_2
I0923 17:44:29.168370 2164736 net.cpp:131] Top shape: 1 128 2 2 (512)
I0923 17:44:29.168371 2164736 net.cpp:139] Memory required for data: 825472
I0923 17:44:29.168372 2164736 layer_factory.hpp:77] Creating layer Mconv4_stage1_L2_concat
I0923 17:44:29.168375 2164736 net.cpp:86] Creating Layer Mconv4_stage1_L2_concat
I0923 17:44:29.168375 2164736 net.cpp:408] Mconv4_stage1_L2_concat <- Mconv4_stage1_L2_0_Mprelu4_stage1_L2_0_0_split_1
I0923 17:44:29.168377 2164736 net.cpp:408] Mconv4_stage1_L2_concat <- Mconv4_stage1_L2_1_Mprelu4_stage1_L2_1_0_split_1
I0923 17:44:29.168378 2164736 net.cpp:408] Mconv4_stage1_L2_concat <- Mconv4_stage1_L2_2
I0923 17:44:29.168380 2164736 net.cpp:382] Mconv4_stage1_L2_concat -> Mconv4_stage1_L2_concat
I0923 17:44:29.168385 2164736 net.cpp:124] Setting up Mconv4_stage1_L2_concat
I0923 17:44:29.168386 2164736 net.cpp:131] Top shape: 1 384 2 2 (1536)
I0923 17:44:29.168387 2164736 net.cpp:139] Memory required for data: 831616
I0923 17:44:29.168388 2164736 layer_factory.hpp:77] Creating layer Mconv5_stage1_L2_0
I0923 17:44:29.168391 2164736 net.cpp:86] Creating Layer Mconv5_stage1_L2_0
I0923 17:44:29.168392 2164736 net.cpp:408] Mconv5_stage1_L2_0 <- Mconv4_stage1_L2_concat
I0923 17:44:29.168394 2164736 net.cpp:382] Mconv5_stage1_L2_0 -> Mconv5_stage1_L2_0
I0923 17:44:29.180291 2164736 net.cpp:124] Setting up Mconv5_stage1_L2_0
I0923 17:44:29.180296 2164736 net.cpp:131] Top shape: 1 128 2 2 (512)
I0923 17:44:29.180298 2164736 net.cpp:139] Memory required for data: 833664
I0923 17:44:29.180301 2164736 layer_factory.hpp:77] Creating layer Mprelu5_stage1_L2_0
I0923 17:44:29.180303 2164736 net.cpp:86] Creating Layer Mprelu5_stage1_L2_0
I0923 17:44:29.180305 2164736 net.cpp:408] Mprelu5_stage1_L2_0 <- Mconv5_stage1_L2_0
I0923 17:44:29.180307 2164736 net.cpp:369] Mprelu5_stage1_L2_0 -> Mconv5_stage1_L2_0 (in-place)
I0923 17:44:29.180327 2164736 net.cpp:124] Setting up Mprelu5_stage1_L2_0
I0923 17:44:29.180330 2164736 net.cpp:131] Top shape: 1 128 2 2 (512)
I0923 17:44:29.180330 2164736 net.cpp:139] Memory required for data: 835712
I0923 17:44:29.180331 2164736 layer_factory.hpp:77] Creating layer Mconv5_stage1_L2_0_Mprelu5_stage1_L2_0_0_split
I0923 17:44:29.180333 2164736 net.cpp:86] Creating Layer Mconv5_stage1_L2_0_Mprelu5_stage1_L2_0_0_split
I0923 17:44:29.180334 2164736 net.cpp:408] Mconv5_stage1_L2_0_Mprelu5_stage1_L2_0_0_split <- Mconv5_stage1_L2_0
I0923 17:44:29.180336 2164736 net.cpp:382] Mconv5_stage1_L2_0_Mprelu5_stage1_L2_0_0_split -> Mconv5_stage1_L2_0_Mprelu5_stage1_L2_0_0_split_0
I0923 17:44:29.180338 2164736 net.cpp:382] Mconv5_stage1_L2_0_Mprelu5_stage1_L2_0_0_split -> Mconv5_stage1_L2_0_Mprelu5_stage1_L2_0_0_split_1
I0923 17:44:29.180344 2164736 net.cpp:124] Setting up Mconv5_stage1_L2_0_Mprelu5_stage1_L2_0_0_split
I0923 17:44:29.180346 2164736 net.cpp:131] Top shape: 1 128 2 2 (512)
I0923 17:44:29.180347 2164736 net.cpp:131] Top shape: 1 128 2 2 (512)
I0923 17:44:29.180348 2164736 net.cpp:139] Memory required for data: 839808
I0923 17:44:29.180349 2164736 layer_factory.hpp:77] Creating layer Mconv5_stage1_L2_1
I0923 17:44:29.180351 2164736 net.cpp:86] Creating Layer Mconv5_stage1_L2_1
I0923 17:44:29.180353 2164736 net.cpp:408] Mconv5_stage1_L2_1 <- Mconv5_stage1_L2_0_Mprelu5_stage1_L2_0_0_split_0
I0923 17:44:29.180354 2164736 net.cpp:382] Mconv5_stage1_L2_1 -> Mconv5_stage1_L2_1
I0923 17:44:29.189028 2164736 net.cpp:124] Setting up Mconv5_stage1_L2_1
I0923 17:44:29.189034 2164736 net.cpp:131] Top shape: 1 128 2 2 (512)
I0923 17:44:29.189036 2164736 net.cpp:139] Memory required for data: 841856
I0923 17:44:29.189038 2164736 layer_factory.hpp:77] Creating layer Mprelu5_stage1_L2_1
I0923 17:44:29.189040 2164736 net.cpp:86] Creating Layer Mprelu5_stage1_L2_1
I0923 17:44:29.189042 2164736 net.cpp:408] Mprelu5_stage1_L2_1 <- Mconv5_stage1_L2_1
I0923 17:44:29.189044 2164736 net.cpp:369] Mprelu5_stage1_L2_1 -> Mconv5_stage1_L2_1 (in-place)
I0923 17:44:29.189064 2164736 net.cpp:124] Setting up Mprelu5_stage1_L2_1
I0923 17:44:29.189066 2164736 net.cpp:131] Top shape: 1 128 2 2 (512)
I0923 17:44:29.189067 2164736 net.cpp:139] Memory required for data: 843904
I0923 17:44:29.189069 2164736 layer_factory.hpp:77] Creating layer Mconv5_stage1_L2_1_Mprelu5_stage1_L2_1_0_split
I0923 17:44:29.189070 2164736 net.cpp:86] Creating Layer Mconv5_stage1_L2_1_Mprelu5_stage1_L2_1_0_split
I0923 17:44:29.189071 2164736 net.cpp:408] Mconv5_stage1_L2_1_Mprelu5_stage1_L2_1_0_split <- Mconv5_stage1_L2_1
I0923 17:44:29.189073 2164736 net.cpp:382] Mconv5_stage1_L2_1_Mprelu5_stage1_L2_1_0_split -> Mconv5_stage1_L2_1_Mprelu5_stage1_L2_1_0_split_0
I0923 17:44:29.189075 2164736 net.cpp:382] Mconv5_stage1_L2_1_Mprelu5_stage1_L2_1_0_split -> Mconv5_stage1_L2_1_Mprelu5_stage1_L2_1_0_split_1
I0923 17:44:29.189081 2164736 net.cpp:124] Setting up Mconv5_stage1_L2_1_Mprelu5_stage1_L2_1_0_split
I0923 17:44:29.189083 2164736 net.cpp:131] Top shape: 1 128 2 2 (512)
I0923 17:44:29.189085 2164736 net.cpp:131] Top shape: 1 128 2 2 (512)
I0923 17:44:29.189085 2164736 net.cpp:139] Memory required for data: 848000
I0923 17:44:29.189086 2164736 layer_factory.hpp:77] Creating layer Mconv5_stage1_L2_2
I0923 17:44:29.189088 2164736 net.cpp:86] Creating Layer Mconv5_stage1_L2_2
I0923 17:44:29.189090 2164736 net.cpp:408] Mconv5_stage1_L2_2 <- Mconv5_stage1_L2_1_Mprelu5_stage1_L2_1_0_split_0
I0923 17:44:29.189092 2164736 net.cpp:382] Mconv5_stage1_L2_2 -> Mconv5_stage1_L2_2
I0923 17:44:29.197031 2164736 net.cpp:124] Setting up Mconv5_stage1_L2_2
I0923 17:44:29.197036 2164736 net.cpp:131] Top shape: 1 128 2 2 (512)
I0923 17:44:29.197037 2164736 net.cpp:139] Memory required for data: 850048
I0923 17:44:29.197039 2164736 layer_factory.hpp:77] Creating layer Mprelu5_stage1_L2_2
I0923 17:44:29.197042 2164736 net.cpp:86] Creating Layer Mprelu5_stage1_L2_2
I0923 17:44:29.197043 2164736 net.cpp:408] Mprelu5_stage1_L2_2 <- Mconv5_stage1_L2_2
I0923 17:44:29.197045 2164736 net.cpp:369] Mprelu5_stage1_L2_2 -> Mconv5_stage1_L2_2 (in-place)
I0923 17:44:29.197065 2164736 net.cpp:124] Setting up Mprelu5_stage1_L2_2
I0923 17:44:29.197067 2164736 net.cpp:131] Top shape: 1 128 2 2 (512)
I0923 17:44:29.197068 2164736 net.cpp:139] Memory required for data: 852096
I0923 17:44:29.197069 2164736 layer_factory.hpp:77] Creating layer Mconv5_stage1_L2_concat
I0923 17:44:29.197072 2164736 net.cpp:86] Creating Layer Mconv5_stage1_L2_concat
I0923 17:44:29.197072 2164736 net.cpp:408] Mconv5_stage1_L2_concat <- Mconv5_stage1_L2_0_Mprelu5_stage1_L2_0_0_split_1
I0923 17:44:29.197074 2164736 net.cpp:408] Mconv5_stage1_L2_concat <- Mconv5_stage1_L2_1_Mprelu5_stage1_L2_1_0_split_1
I0923 17:44:29.197075 2164736 net.cpp:408] Mconv5_stage1_L2_concat <- Mconv5_stage1_L2_2
I0923 17:44:29.197077 2164736 net.cpp:382] Mconv5_stage1_L2_concat -> Mconv5_stage1_L2_concat
I0923 17:44:29.197081 2164736 net.cpp:124] Setting up Mconv5_stage1_L2_concat
I0923 17:44:29.197083 2164736 net.cpp:131] Top shape: 1 384 2 2 (1536)
I0923 17:44:29.197084 2164736 net.cpp:139] Memory required for data: 858240
I0923 17:44:29.197085 2164736 layer_factory.hpp:77] Creating layer Mconv6_stage1_L2
I0923 17:44:29.197088 2164736 net.cpp:86] Creating Layer Mconv6_stage1_L2
I0923 17:44:29.197089 2164736 net.cpp:408] Mconv6_stage1_L2 <- Mconv5_stage1_L2_concat
I0923 17:44:29.197091 2164736 net.cpp:382] Mconv6_stage1_L2 -> Mconv6_stage1_L2
I0923 17:44:29.205099 2164736 net.cpp:124] Setting up Mconv6_stage1_L2
I0923 17:44:29.205104 2164736 net.cpp:131] Top shape: 1 512 2 2 (2048)
I0923 17:44:29.205106 2164736 net.cpp:139] Memory required for data: 866432
I0923 17:44:29.205109 2164736 layer_factory.hpp:77] Creating layer Mprelu6_stage1_L2
I0923 17:44:29.205111 2164736 net.cpp:86] Creating Layer Mprelu6_stage1_L2
I0923 17:44:29.205113 2164736 net.cpp:408] Mprelu6_stage1_L2 <- Mconv6_stage1_L2
I0923 17:44:29.205116 2164736 net.cpp:369] Mprelu6_stage1_L2 -> Mconv6_stage1_L2 (in-place)
I0923 17:44:29.205137 2164736 net.cpp:124] Setting up Mprelu6_stage1_L2
I0923 17:44:29.205138 2164736 net.cpp:131] Top shape: 1 512 2 2 (2048)
I0923 17:44:29.205139 2164736 net.cpp:139] Memory required for data: 874624
I0923 17:44:29.205140 2164736 layer_factory.hpp:77] Creating layer Mconv7_stage1_L2
I0923 17:44:29.205143 2164736 net.cpp:86] Creating Layer Mconv7_stage1_L2
I0923 17:44:29.205144 2164736 net.cpp:408] Mconv7_stage1_L2 <- Mconv6_stage1_L2
I0923 17:44:29.205147 2164736 net.cpp:382] Mconv7_stage1_L2 -> Mconv7_stage1_L2
I0923 17:44:29.213210 2164736 net.cpp:124] Setting up Mconv7_stage1_L2
I0923 17:44:29.213217 2164736 net.cpp:131] Top shape: 1 52 2 2 (208)
I0923 17:44:29.213218 2164736 net.cpp:139] Memory required for data: 875456
I0923 17:44:29.213220 2164736 layer_factory.hpp:77] Creating layer concat_stage2_L2
I0923 17:44:29.213222 2164736 net.cpp:86] Creating Layer concat_stage2_L2
I0923 17:44:29.213224 2164736 net.cpp:408] concat_stage2_L2 <- conv4_4_CPM_prelu4_4_CPM_0_split_2
I0923 17:44:29.213227 2164736 net.cpp:408] concat_stage2_L2 <- Mconv7_stage1_L2
I0923 17:44:29.213228 2164736 net.cpp:382] concat_stage2_L2 -> concat_stage2_L2
I0923 17:44:29.213236 2164736 net.cpp:124] Setting up concat_stage2_L2
I0923 17:44:29.213238 2164736 net.cpp:131] Top shape: 1 180 2 2 (720)
I0923 17:44:29.213239 2164736 net.cpp:139] Memory required for data: 878336
I0923 17:44:29.213240 2164736 layer_factory.hpp:77] Creating layer Mconv1_stage2_L2_0
I0923 17:44:29.213243 2164736 net.cpp:86] Creating Layer Mconv1_stage2_L2_0
I0923 17:44:29.213243 2164736 net.cpp:408] Mconv1_stage2_L2_0 <- concat_stage2_L2
I0923 17:44:29.213245 2164736 net.cpp:382] Mconv1_stage2_L2_0 -> Mconv1_stage2_L2_0
I0923 17:44:29.221872 2164736 net.cpp:124] Setting up Mconv1_stage2_L2_0
I0923 17:44:29.221877 2164736 net.cpp:131] Top shape: 1 128 2 2 (512)
I0923 17:44:29.221879 2164736 net.cpp:139] Memory required for data: 880384
I0923 17:44:29.221884 2164736 layer_factory.hpp:77] Creating layer Mprelu1_stage2_L2_0
I0923 17:44:29.221887 2164736 net.cpp:86] Creating Layer Mprelu1_stage2_L2_0
I0923 17:44:29.221889 2164736 net.cpp:408] Mprelu1_stage2_L2_0 <- Mconv1_stage2_L2_0
I0923 17:44:29.221891 2164736 net.cpp:369] Mprelu1_stage2_L2_0 -> Mconv1_stage2_L2_0 (in-place)
I0923 17:44:29.221912 2164736 net.cpp:124] Setting up Mprelu1_stage2_L2_0
I0923 17:44:29.221913 2164736 net.cpp:131] Top shape: 1 128 2 2 (512)
I0923 17:44:29.221915 2164736 net.cpp:139] Memory required for data: 882432
I0923 17:44:29.221916 2164736 layer_factory.hpp:77] Creating layer Mconv1_stage2_L2_0_Mprelu1_stage2_L2_0_0_split
I0923 17:44:29.221918 2164736 net.cpp:86] Creating Layer Mconv1_stage2_L2_0_Mprelu1_stage2_L2_0_0_split
I0923 17:44:29.221920 2164736 net.cpp:408] Mconv1_stage2_L2_0_Mprelu1_stage2_L2_0_0_split <- Mconv1_stage2_L2_0
I0923 17:44:29.221921 2164736 net.cpp:382] Mconv1_stage2_L2_0_Mprelu1_stage2_L2_0_0_split -> Mconv1_stage2_L2_0_Mprelu1_stage2_L2_0_0_split_0
I0923 17:44:29.221923 2164736 net.cpp:382] Mconv1_stage2_L2_0_Mprelu1_stage2_L2_0_0_split -> Mconv1_stage2_L2_0_Mprelu1_stage2_L2_0_0_split_1
I0923 17:44:29.221930 2164736 net.cpp:124] Setting up Mconv1_stage2_L2_0_Mprelu1_stage2_L2_0_0_split
I0923 17:44:29.221931 2164736 net.cpp:131] Top shape: 1 128 2 2 (512)
I0923 17:44:29.221932 2164736 net.cpp:131] Top shape: 1 128 2 2 (512)
I0923 17:44:29.221935 2164736 net.cpp:139] Memory required for data: 886528
I0923 17:44:29.221935 2164736 layer_factory.hpp:77] Creating layer Mconv1_stage2_L2_1
I0923 17:44:29.221937 2164736 net.cpp:86] Creating Layer Mconv1_stage2_L2_1
I0923 17:44:29.221938 2164736 net.cpp:408] Mconv1_stage2_L2_1 <- Mconv1_stage2_L2_0_Mprelu1_stage2_L2_0_0_split_0
I0923 17:44:29.221940 2164736 net.cpp:382] Mconv1_stage2_L2_1 -> Mconv1_stage2_L2_1
I0923 17:44:29.234282 2164736 net.cpp:124] Setting up Mconv1_stage2_L2_1
I0923 17:44:29.234287 2164736 net.cpp:131] Top shape: 1 128 2 2 (512)
I0923 17:44:29.234289 2164736 net.cpp:139] Memory required for data: 888576
I0923 17:44:29.234292 2164736 layer_factory.hpp:77] Creating layer Mprelu1_stage2_L2_1
I0923 17:44:29.234294 2164736 net.cpp:86] Creating Layer Mprelu1_stage2_L2_1
I0923 17:44:29.234297 2164736 net.cpp:408] Mprelu1_stage2_L2_1 <- Mconv1_stage2_L2_1
I0923 17:44:29.234298 2164736 net.cpp:369] Mprelu1_stage2_L2_1 -> Mconv1_stage2_L2_1 (in-place)
I0923 17:44:29.234319 2164736 net.cpp:124] Setting up Mprelu1_stage2_L2_1
I0923 17:44:29.234320 2164736 net.cpp:131] Top shape: 1 128 2 2 (512)
I0923 17:44:29.234321 2164736 net.cpp:139] Memory required for data: 890624
I0923 17:44:29.234323 2164736 layer_factory.hpp:77] Creating layer Mconv1_stage2_L2_1_Mprelu1_stage2_L2_1_0_split
I0923 17:44:29.234325 2164736 net.cpp:86] Creating Layer Mconv1_stage2_L2_1_Mprelu1_stage2_L2_1_0_split
I0923 17:44:29.234326 2164736 net.cpp:408] Mconv1_stage2_L2_1_Mprelu1_stage2_L2_1_0_split <- Mconv1_stage2_L2_1
I0923 17:44:29.234328 2164736 net.cpp:382] Mconv1_stage2_L2_1_Mprelu1_stage2_L2_1_0_split -> Mconv1_stage2_L2_1_Mprelu1_stage2_L2_1_0_split_0
I0923 17:44:29.234330 2164736 net.cpp:382] Mconv1_stage2_L2_1_Mprelu1_stage2_L2_1_0_split -> Mconv1_stage2_L2_1_Mprelu1_stage2_L2_1_0_split_1
I0923 17:44:29.234336 2164736 net.cpp:124] Setting up Mconv1_stage2_L2_1_Mprelu1_stage2_L2_1_0_split
I0923 17:44:29.234337 2164736 net.cpp:131] Top shape: 1 128 2 2 (512)
I0923 17:44:29.234339 2164736 net.cpp:131] Top shape: 1 128 2 2 (512)
I0923 17:44:29.234340 2164736 net.cpp:139] Memory required for data: 894720
I0923 17:44:29.234341 2164736 layer_factory.hpp:77] Creating layer Mconv1_stage2_L2_2
I0923 17:44:29.234344 2164736 net.cpp:86] Creating Layer Mconv1_stage2_L2_2
I0923 17:44:29.234345 2164736 net.cpp:408] Mconv1_stage2_L2_2 <- Mconv1_stage2_L2_1_Mprelu1_stage2_L2_1_0_split_0
I0923 17:44:29.234347 2164736 net.cpp:382] Mconv1_stage2_L2_2 -> Mconv1_stage2_L2_2
I0923 17:44:29.242566 2164736 net.cpp:124] Setting up Mconv1_stage2_L2_2
I0923 17:44:29.242571 2164736 net.cpp:131] Top shape: 1 128 2 2 (512)
I0923 17:44:29.242573 2164736 net.cpp:139] Memory required for data: 896768
I0923 17:44:29.242575 2164736 layer_factory.hpp:77] Creating layer Mprelu1_stage2_L2_2
I0923 17:44:29.242578 2164736 net.cpp:86] Creating Layer Mprelu1_stage2_L2_2
I0923 17:44:29.242579 2164736 net.cpp:408] Mprelu1_stage2_L2_2 <- Mconv1_stage2_L2_2
I0923 17:44:29.242581 2164736 net.cpp:369] Mprelu1_stage2_L2_2 -> Mconv1_stage2_L2_2 (in-place)
I0923 17:44:29.242602 2164736 net.cpp:124] Setting up Mprelu1_stage2_L2_2
I0923 17:44:29.242604 2164736 net.cpp:131] Top shape: 1 128 2 2 (512)
I0923 17:44:29.242604 2164736 net.cpp:139] Memory required for data: 898816
I0923 17:44:29.242606 2164736 layer_factory.hpp:77] Creating layer Mconv1_stage2_L2_concat
I0923 17:44:29.242609 2164736 net.cpp:86] Creating Layer Mconv1_stage2_L2_concat
I0923 17:44:29.242609 2164736 net.cpp:408] Mconv1_stage2_L2_concat <- Mconv1_stage2_L2_0_Mprelu1_stage2_L2_0_0_split_1
I0923 17:44:29.242610 2164736 net.cpp:408] Mconv1_stage2_L2_concat <- Mconv1_stage2_L2_1_Mprelu1_stage2_L2_1_0_split_1
I0923 17:44:29.242612 2164736 net.cpp:408] Mconv1_stage2_L2_concat <- Mconv1_stage2_L2_2
I0923 17:44:29.242614 2164736 net.cpp:382] Mconv1_stage2_L2_concat -> Mconv1_stage2_L2_concat
I0923 17:44:29.242619 2164736 net.cpp:124] Setting up Mconv1_stage2_L2_concat
I0923 17:44:29.242619 2164736 net.cpp:131] Top shape: 1 384 2 2 (1536)
I0923 17:44:29.242621 2164736 net.cpp:139] Memory required for data: 904960
I0923 17:44:29.242622 2164736 layer_factory.hpp:77] Creating layer Mconv2_stage2_L2_0
I0923 17:44:29.242625 2164736 net.cpp:86] Creating Layer Mconv2_stage2_L2_0
I0923 17:44:29.242626 2164736 net.cpp:408] Mconv2_stage2_L2_0 <- Mconv1_stage2_L2_concat
I0923 17:44:29.242628 2164736 net.cpp:382] Mconv2_stage2_L2_0 -> Mconv2_stage2_L2_0
I0923 17:44:29.252521 2164736 net.cpp:124] Setting up Mconv2_stage2_L2_0
I0923 17:44:29.252527 2164736 net.cpp:131] Top shape: 1 128 2 2 (512)
I0923 17:44:29.252529 2164736 net.cpp:139] Memory required for data: 907008
I0923 17:44:29.252532 2164736 layer_factory.hpp:77] Creating layer Mprelu2_stage2_L2_0
I0923 17:44:29.252533 2164736 net.cpp:86] Creating Layer Mprelu2_stage2_L2_0
I0923 17:44:29.252535 2164736 net.cpp:408] Mprelu2_stage2_L2_0 <- Mconv2_stage2_L2_0
I0923 17:44:29.252537 2164736 net.cpp:369] Mprelu2_stage2_L2_0 -> Mconv2_stage2_L2_0 (in-place)
I0923 17:44:29.252557 2164736 net.cpp:124] Setting up Mprelu2_stage2_L2_0
I0923 17:44:29.252559 2164736 net.cpp:131] Top shape: 1 128 2 2 (512)
I0923 17:44:29.252560 2164736 net.cpp:139] Memory required for data: 909056
I0923 17:44:29.252561 2164736 layer_factory.hpp:77] Creating layer Mconv2_stage2_L2_0_Mprelu2_stage2_L2_0_0_split
I0923 17:44:29.252563 2164736 net.cpp:86] Creating Layer Mconv2_stage2_L2_0_Mprelu2_stage2_L2_0_0_split
I0923 17:44:29.252564 2164736 net.cpp:408] Mconv2_stage2_L2_0_Mprelu2_stage2_L2_0_0_split <- Mconv2_stage2_L2_0
I0923 17:44:29.252566 2164736 net.cpp:382] Mconv2_stage2_L2_0_Mprelu2_stage2_L2_0_0_split -> Mconv2_stage2_L2_0_Mprelu2_stage2_L2_0_0_split_0
I0923 17:44:29.252568 2164736 net.cpp:382] Mconv2_stage2_L2_0_Mprelu2_stage2_L2_0_0_split -> Mconv2_stage2_L2_0_Mprelu2_stage2_L2_0_0_split_1
I0923 17:44:29.252575 2164736 net.cpp:124] Setting up Mconv2_stage2_L2_0_Mprelu2_stage2_L2_0_0_split
I0923 17:44:29.252576 2164736 net.cpp:131] Top shape: 1 128 2 2 (512)
I0923 17:44:29.252578 2164736 net.cpp:131] Top shape: 1 128 2 2 (512)
I0923 17:44:29.252578 2164736 net.cpp:139] Memory required for data: 913152
I0923 17:44:29.252580 2164736 layer_factory.hpp:77] Creating layer Mconv2_stage2_L2_1
I0923 17:44:29.252583 2164736 net.cpp:86] Creating Layer Mconv2_stage2_L2_1
I0923 17:44:29.252584 2164736 net.cpp:408] Mconv2_stage2_L2_1 <- Mconv2_stage2_L2_0_Mprelu2_stage2_L2_0_0_split_0
I0923 17:44:29.252585 2164736 net.cpp:382] Mconv2_stage2_L2_1 -> Mconv2_stage2_L2_1
I0923 17:44:29.261190 2164736 net.cpp:124] Setting up Mconv2_stage2_L2_1
I0923 17:44:29.261195 2164736 net.cpp:131] Top shape: 1 128 2 2 (512)
I0923 17:44:29.261197 2164736 net.cpp:139] Memory required for data: 915200
I0923 17:44:29.261199 2164736 layer_factory.hpp:77] Creating layer Mprelu2_stage2_L2_1
I0923 17:44:29.261202 2164736 net.cpp:86] Creating Layer Mprelu2_stage2_L2_1
I0923 17:44:29.261204 2164736 net.cpp:408] Mprelu2_stage2_L2_1 <- Mconv2_stage2_L2_1
I0923 17:44:29.261205 2164736 net.cpp:369] Mprelu2_stage2_L2_1 -> Mconv2_stage2_L2_1 (in-place)
I0923 17:44:29.261226 2164736 net.cpp:124] Setting up Mprelu2_stage2_L2_1
I0923 17:44:29.261227 2164736 net.cpp:131] Top shape: 1 128 2 2 (512)
I0923 17:44:29.261229 2164736 net.cpp:139] Memory required for data: 917248
I0923 17:44:29.261230 2164736 layer_factory.hpp:77] Creating layer Mconv2_stage2_L2_1_Mprelu2_stage2_L2_1_0_split
I0923 17:44:29.261232 2164736 net.cpp:86] Creating Layer Mconv2_stage2_L2_1_Mprelu2_stage2_L2_1_0_split
I0923 17:44:29.261233 2164736 net.cpp:408] Mconv2_stage2_L2_1_Mprelu2_stage2_L2_1_0_split <- Mconv2_stage2_L2_1
I0923 17:44:29.261235 2164736 net.cpp:382] Mconv2_stage2_L2_1_Mprelu2_stage2_L2_1_0_split -> Mconv2_stage2_L2_1_Mprelu2_stage2_L2_1_0_split_0
I0923 17:44:29.261237 2164736 net.cpp:382] Mconv2_stage2_L2_1_Mprelu2_stage2_L2_1_0_split -> Mconv2_stage2_L2_1_Mprelu2_stage2_L2_1_0_split_1
I0923 17:44:29.261245 2164736 net.cpp:124] Setting up Mconv2_stage2_L2_1_Mprelu2_stage2_L2_1_0_split
I0923 17:44:29.261245 2164736 net.cpp:131] Top shape: 1 128 2 2 (512)
I0923 17:44:29.261246 2164736 net.cpp:131] Top shape: 1 128 2 2 (512)
I0923 17:44:29.261248 2164736 net.cpp:139] Memory required for data: 921344
I0923 17:44:29.261250 2164736 layer_factory.hpp:77] Creating layer Mconv2_stage2_L2_2
I0923 17:44:29.261251 2164736 net.cpp:86] Creating Layer Mconv2_stage2_L2_2
I0923 17:44:29.261252 2164736 net.cpp:408] Mconv2_stage2_L2_2 <- Mconv2_stage2_L2_1_Mprelu2_stage2_L2_1_0_split_0
I0923 17:44:29.261255 2164736 net.cpp:382] Mconv2_stage2_L2_2 -> Mconv2_stage2_L2_2
I0923 17:44:29.269338 2164736 net.cpp:124] Setting up Mconv2_stage2_L2_2
I0923 17:44:29.269343 2164736 net.cpp:131] Top shape: 1 128 2 2 (512)
I0923 17:44:29.269345 2164736 net.cpp:139] Memory required for data: 923392
I0923 17:44:29.269348 2164736 layer_factory.hpp:77] Creating layer Mprelu2_stage2_L2_2
I0923 17:44:29.269351 2164736 net.cpp:86] Creating Layer Mprelu2_stage2_L2_2
I0923 17:44:29.269352 2164736 net.cpp:408] Mprelu2_stage2_L2_2 <- Mconv2_stage2_L2_2
I0923 17:44:29.269354 2164736 net.cpp:369] Mprelu2_stage2_L2_2 -> Mconv2_stage2_L2_2 (in-place)
I0923 17:44:29.269375 2164736 net.cpp:124] Setting up Mprelu2_stage2_L2_2
I0923 17:44:29.269376 2164736 net.cpp:131] Top shape: 1 128 2 2 (512)
I0923 17:44:29.269377 2164736 net.cpp:139] Memory required for data: 925440
I0923 17:44:29.269379 2164736 layer_factory.hpp:77] Creating layer Mconv2_stage2_L2_concat
I0923 17:44:29.269381 2164736 net.cpp:86] Creating Layer Mconv2_stage2_L2_concat
I0923 17:44:29.269382 2164736 net.cpp:408] Mconv2_stage2_L2_concat <- Mconv2_stage2_L2_0_Mprelu2_stage2_L2_0_0_split_1
I0923 17:44:29.269383 2164736 net.cpp:408] Mconv2_stage2_L2_concat <- Mconv2_stage2_L2_1_Mprelu2_stage2_L2_1_0_split_1
I0923 17:44:29.269385 2164736 net.cpp:408] Mconv2_stage2_L2_concat <- Mconv2_stage2_L2_2
I0923 17:44:29.269387 2164736 net.cpp:382] Mconv2_stage2_L2_concat -> Mconv2_stage2_L2_concat
I0923 17:44:29.269392 2164736 net.cpp:124] Setting up Mconv2_stage2_L2_concat
I0923 17:44:29.269392 2164736 net.cpp:131] Top shape: 1 384 2 2 (1536)
I0923 17:44:29.269394 2164736 net.cpp:139] Memory required for data: 931584
I0923 17:44:29.269395 2164736 layer_factory.hpp:77] Creating layer Mconv3_stage2_L2_0
I0923 17:44:29.269397 2164736 net.cpp:86] Creating Layer Mconv3_stage2_L2_0
I0923 17:44:29.269399 2164736 net.cpp:408] Mconv3_stage2_L2_0 <- Mconv2_stage2_L2_concat
I0923 17:44:29.269400 2164736 net.cpp:382] Mconv3_stage2_L2_0 -> Mconv3_stage2_L2_0
I0923 17:44:29.280395 2164736 net.cpp:124] Setting up Mconv3_stage2_L2_0
I0923 17:44:29.280400 2164736 net.cpp:131] Top shape: 1 128 2 2 (512)
I0923 17:44:29.280402 2164736 net.cpp:139] Memory required for data: 933632
I0923 17:44:29.280404 2164736 layer_factory.hpp:77] Creating layer Mprelu3_stage2_L2_0
I0923 17:44:29.280407 2164736 net.cpp:86] Creating Layer Mprelu3_stage2_L2_0
I0923 17:44:29.280408 2164736 net.cpp:408] Mprelu3_stage2_L2_0 <- Mconv3_stage2_L2_0
I0923 17:44:29.280411 2164736 net.cpp:369] Mprelu3_stage2_L2_0 -> Mconv3_stage2_L2_0 (in-place)
I0923 17:44:29.280431 2164736 net.cpp:124] Setting up Mprelu3_stage2_L2_0
I0923 17:44:29.280432 2164736 net.cpp:131] Top shape: 1 128 2 2 (512)
I0923 17:44:29.280434 2164736 net.cpp:139] Memory required for data: 935680
I0923 17:44:29.280435 2164736 layer_factory.hpp:77] Creating layer Mconv3_stage2_L2_0_Mprelu3_stage2_L2_0_0_split
I0923 17:44:29.280437 2164736 net.cpp:86] Creating Layer Mconv3_stage2_L2_0_Mprelu3_stage2_L2_0_0_split
I0923 17:44:29.280438 2164736 net.cpp:408] Mconv3_stage2_L2_0_Mprelu3_stage2_L2_0_0_split <- Mconv3_stage2_L2_0
I0923 17:44:29.280440 2164736 net.cpp:382] Mconv3_stage2_L2_0_Mprelu3_stage2_L2_0_0_split -> Mconv3_stage2_L2_0_Mprelu3_stage2_L2_0_0_split_0
I0923 17:44:29.280442 2164736 net.cpp:382] Mconv3_stage2_L2_0_Mprelu3_stage2_L2_0_0_split -> Mconv3_stage2_L2_0_Mprelu3_stage2_L2_0_0_split_1
I0923 17:44:29.280449 2164736 net.cpp:124] Setting up Mconv3_stage2_L2_0_Mprelu3_stage2_L2_0_0_split
I0923 17:44:29.280450 2164736 net.cpp:131] Top shape: 1 128 2 2 (512)
I0923 17:44:29.280452 2164736 net.cpp:131] Top shape: 1 128 2 2 (512)
I0923 17:44:29.280452 2164736 net.cpp:139] Memory required for data: 939776
I0923 17:44:29.280453 2164736 layer_factory.hpp:77] Creating layer Mconv3_stage2_L2_1
I0923 17:44:29.280457 2164736 net.cpp:86] Creating Layer Mconv3_stage2_L2_1
I0923 17:44:29.280457 2164736 net.cpp:408] Mconv3_stage2_L2_1 <- Mconv3_stage2_L2_0_Mprelu3_stage2_L2_0_0_split_0
I0923 17:44:29.280458 2164736 net.cpp:382] Mconv3_stage2_L2_1 -> Mconv3_stage2_L2_1
I0923 17:44:29.288275 2164736 net.cpp:124] Setting up Mconv3_stage2_L2_1
I0923 17:44:29.288280 2164736 net.cpp:131] Top shape: 1 128 2 2 (512)
I0923 17:44:29.288281 2164736 net.cpp:139] Memory required for data: 941824
I0923 17:44:29.288285 2164736 layer_factory.hpp:77] Creating layer Mprelu3_stage2_L2_1
I0923 17:44:29.288287 2164736 net.cpp:86] Creating Layer Mprelu3_stage2_L2_1
I0923 17:44:29.288288 2164736 net.cpp:408] Mprelu3_stage2_L2_1 <- Mconv3_stage2_L2_1
I0923 17:44:29.288290 2164736 net.cpp:369] Mprelu3_stage2_L2_1 -> Mconv3_stage2_L2_1 (in-place)
I0923 17:44:29.288311 2164736 net.cpp:124] Setting up Mprelu3_stage2_L2_1
I0923 17:44:29.288312 2164736 net.cpp:131] Top shape: 1 128 2 2 (512)
I0923 17:44:29.288313 2164736 net.cpp:139] Memory required for data: 943872
I0923 17:44:29.288316 2164736 layer_factory.hpp:77] Creating layer Mconv3_stage2_L2_1_Mprelu3_stage2_L2_1_0_split
I0923 17:44:29.288317 2164736 net.cpp:86] Creating Layer Mconv3_stage2_L2_1_Mprelu3_stage2_L2_1_0_split
I0923 17:44:29.288318 2164736 net.cpp:408] Mconv3_stage2_L2_1_Mprelu3_stage2_L2_1_0_split <- Mconv3_stage2_L2_1
I0923 17:44:29.288319 2164736 net.cpp:382] Mconv3_stage2_L2_1_Mprelu3_stage2_L2_1_0_split -> Mconv3_stage2_L2_1_Mprelu3_stage2_L2_1_0_split_0
I0923 17:44:29.288323 2164736 net.cpp:382] Mconv3_stage2_L2_1_Mprelu3_stage2_L2_1_0_split -> Mconv3_stage2_L2_1_Mprelu3_stage2_L2_1_0_split_1
I0923 17:44:29.288331 2164736 net.cpp:124] Setting up Mconv3_stage2_L2_1_Mprelu3_stage2_L2_1_0_split
I0923 17:44:29.288331 2164736 net.cpp:131] Top shape: 1 128 2 2 (512)
I0923 17:44:29.288333 2164736 net.cpp:131] Top shape: 1 128 2 2 (512)
I0923 17:44:29.288334 2164736 net.cpp:139] Memory required for data: 947968
I0923 17:44:29.288335 2164736 layer_factory.hpp:77] Creating layer Mconv3_stage2_L2_2
I0923 17:44:29.288337 2164736 net.cpp:86] Creating Layer Mconv3_stage2_L2_2
I0923 17:44:29.288339 2164736 net.cpp:408] Mconv3_stage2_L2_2 <- Mconv3_stage2_L2_1_Mprelu3_stage2_L2_1_0_split_0
I0923 17:44:29.288340 2164736 net.cpp:382] Mconv3_stage2_L2_2 -> Mconv3_stage2_L2_2
I0923 17:44:29.297809 2164736 net.cpp:124] Setting up Mconv3_stage2_L2_2
I0923 17:44:29.297816 2164736 net.cpp:131] Top shape: 1 128 2 2 (512)
I0923 17:44:29.297817 2164736 net.cpp:139] Memory required for data: 950016
I0923 17:44:29.297819 2164736 layer_factory.hpp:77] Creating layer Mprelu3_stage2_L2_2
I0923 17:44:29.297822 2164736 net.cpp:86] Creating Layer Mprelu3_stage2_L2_2
I0923 17:44:29.297824 2164736 net.cpp:408] Mprelu3_stage2_L2_2 <- Mconv3_stage2_L2_2
I0923 17:44:29.297827 2164736 net.cpp:369] Mprelu3_stage2_L2_2 -> Mconv3_stage2_L2_2 (in-place)
I0923 17:44:29.297847 2164736 net.cpp:124] Setting up Mprelu3_stage2_L2_2
I0923 17:44:29.297848 2164736 net.cpp:131] Top shape: 1 128 2 2 (512)
I0923 17:44:29.297849 2164736 net.cpp:139] Memory required for data: 952064
I0923 17:44:29.297850 2164736 layer_factory.hpp:77] Creating layer Mconv3_stage2_L2_concat
I0923 17:44:29.297853 2164736 net.cpp:86] Creating Layer Mconv3_stage2_L2_concat
I0923 17:44:29.297854 2164736 net.cpp:408] Mconv3_stage2_L2_concat <- Mconv3_stage2_L2_0_Mprelu3_stage2_L2_0_0_split_1
I0923 17:44:29.297855 2164736 net.cpp:408] Mconv3_stage2_L2_concat <- Mconv3_stage2_L2_1_Mprelu3_stage2_L2_1_0_split_1
I0923 17:44:29.297857 2164736 net.cpp:408] Mconv3_stage2_L2_concat <- Mconv3_stage2_L2_2
I0923 17:44:29.297859 2164736 net.cpp:382] Mconv3_stage2_L2_concat -> Mconv3_stage2_L2_concat
I0923 17:44:29.297863 2164736 net.cpp:124] Setting up Mconv3_stage2_L2_concat
I0923 17:44:29.297865 2164736 net.cpp:131] Top shape: 1 384 2 2 (1536)
I0923 17:44:29.297866 2164736 net.cpp:139] Memory required for data: 958208
I0923 17:44:29.297868 2164736 layer_factory.hpp:77] Creating layer Mconv4_stage2_L2_0
I0923 17:44:29.297870 2164736 net.cpp:86] Creating Layer Mconv4_stage2_L2_0
I0923 17:44:29.297871 2164736 net.cpp:408] Mconv4_stage2_L2_0 <- Mconv3_stage2_L2_concat
I0923 17:44:29.297873 2164736 net.cpp:382] Mconv4_stage2_L2_0 -> Mconv4_stage2_L2_0
I0923 17:44:29.306607 2164736 net.cpp:124] Setting up Mconv4_stage2_L2_0
I0923 17:44:29.306613 2164736 net.cpp:131] Top shape: 1 128 2 2 (512)
I0923 17:44:29.306615 2164736 net.cpp:139] Memory required for data: 960256
I0923 17:44:29.306617 2164736 layer_factory.hpp:77] Creating layer Mprelu4_stage2_L2_0
I0923 17:44:29.306619 2164736 net.cpp:86] Creating Layer Mprelu4_stage2_L2_0
I0923 17:44:29.306622 2164736 net.cpp:408] Mprelu4_stage2_L2_0 <- Mconv4_stage2_L2_0
I0923 17:44:29.306624 2164736 net.cpp:369] Mprelu4_stage2_L2_0 -> Mconv4_stage2_L2_0 (in-place)
I0923 17:44:29.306644 2164736 net.cpp:124] Setting up Mprelu4_stage2_L2_0
I0923 17:44:29.306646 2164736 net.cpp:131] Top shape: 1 128 2 2 (512)
I0923 17:44:29.306648 2164736 net.cpp:139] Memory required for data: 962304
I0923 17:44:29.306648 2164736 layer_factory.hpp:77] Creating layer Mconv4_stage2_L2_0_Mprelu4_stage2_L2_0_0_split
I0923 17:44:29.306650 2164736 net.cpp:86] Creating Layer Mconv4_stage2_L2_0_Mprelu4_stage2_L2_0_0_split
I0923 17:44:29.306651 2164736 net.cpp:408] Mconv4_stage2_L2_0_Mprelu4_stage2_L2_0_0_split <- Mconv4_stage2_L2_0
I0923 17:44:29.306653 2164736 net.cpp:382] Mconv4_stage2_L2_0_Mprelu4_stage2_L2_0_0_split -> Mconv4_stage2_L2_0_Mprelu4_stage2_L2_0_0_split_0
I0923 17:44:29.306655 2164736 net.cpp:382] Mconv4_stage2_L2_0_Mprelu4_stage2_L2_0_0_split -> Mconv4_stage2_L2_0_Mprelu4_stage2_L2_0_0_split_1
I0923 17:44:29.306663 2164736 net.cpp:124] Setting up Mconv4_stage2_L2_0_Mprelu4_stage2_L2_0_0_split
I0923 17:44:29.306663 2164736 net.cpp:131] Top shape: 1 128 2 2 (512)
I0923 17:44:29.306664 2164736 net.cpp:131] Top shape: 1 128 2 2 (512)
I0923 17:44:29.306665 2164736 net.cpp:139] Memory required for data: 966400
I0923 17:44:29.306666 2164736 layer_factory.hpp:77] Creating layer Mconv4_stage2_L2_1
I0923 17:44:29.306669 2164736 net.cpp:86] Creating Layer Mconv4_stage2_L2_1
I0923 17:44:29.306670 2164736 net.cpp:408] Mconv4_stage2_L2_1 <- Mconv4_stage2_L2_0_Mprelu4_stage2_L2_0_0_split_0
I0923 17:44:29.306672 2164736 net.cpp:382] Mconv4_stage2_L2_1 -> Mconv4_stage2_L2_1
I0923 17:44:29.314550 2164736 net.cpp:124] Setting up Mconv4_stage2_L2_1
I0923 17:44:29.314555 2164736 net.cpp:131] Top shape: 1 128 2 2 (512)
I0923 17:44:29.314558 2164736 net.cpp:139] Memory required for data: 968448
I0923 17:44:29.314559 2164736 layer_factory.hpp:77] Creating layer Mprelu4_stage2_L2_1
I0923 17:44:29.314563 2164736 net.cpp:86] Creating Layer Mprelu4_stage2_L2_1
I0923 17:44:29.314564 2164736 net.cpp:408] Mprelu4_stage2_L2_1 <- Mconv4_stage2_L2_1
I0923 17:44:29.314566 2164736 net.cpp:369] Mprelu4_stage2_L2_1 -> Mconv4_stage2_L2_1 (in-place)
I0923 17:44:29.314586 2164736 net.cpp:124] Setting up Mprelu4_stage2_L2_1
I0923 17:44:29.314589 2164736 net.cpp:131] Top shape: 1 128 2 2 (512)
I0923 17:44:29.314589 2164736 net.cpp:139] Memory required for data: 970496
I0923 17:44:29.314590 2164736 layer_factory.hpp:77] Creating layer Mconv4_stage2_L2_1_Mprelu4_stage2_L2_1_0_split
I0923 17:44:29.314592 2164736 net.cpp:86] Creating Layer Mconv4_stage2_L2_1_Mprelu4_stage2_L2_1_0_split
I0923 17:44:29.314594 2164736 net.cpp:408] Mconv4_stage2_L2_1_Mprelu4_stage2_L2_1_0_split <- Mconv4_stage2_L2_1
I0923 17:44:29.314595 2164736 net.cpp:382] Mconv4_stage2_L2_1_Mprelu4_stage2_L2_1_0_split -> Mconv4_stage2_L2_1_Mprelu4_stage2_L2_1_0_split_0
I0923 17:44:29.314597 2164736 net.cpp:382] Mconv4_stage2_L2_1_Mprelu4_stage2_L2_1_0_split -> Mconv4_stage2_L2_1_Mprelu4_stage2_L2_1_0_split_1
I0923 17:44:29.314604 2164736 net.cpp:124] Setting up Mconv4_stage2_L2_1_Mprelu4_stage2_L2_1_0_split
I0923 17:44:29.314606 2164736 net.cpp:131] Top shape: 1 128 2 2 (512)
I0923 17:44:29.314607 2164736 net.cpp:131] Top shape: 1 128 2 2 (512)
I0923 17:44:29.314608 2164736 net.cpp:139] Memory required for data: 974592
I0923 17:44:29.314610 2164736 layer_factory.hpp:77] Creating layer Mconv4_stage2_L2_2
I0923 17:44:29.314611 2164736 net.cpp:86] Creating Layer Mconv4_stage2_L2_2
I0923 17:44:29.314613 2164736 net.cpp:408] Mconv4_stage2_L2_2 <- Mconv4_stage2_L2_1_Mprelu4_stage2_L2_1_0_split_0
I0923 17:44:29.314615 2164736 net.cpp:382] Mconv4_stage2_L2_2 -> Mconv4_stage2_L2_2
I0923 17:44:29.322500 2164736 net.cpp:124] Setting up Mconv4_stage2_L2_2
I0923 17:44:29.322505 2164736 net.cpp:131] Top shape: 1 128 2 2 (512)
I0923 17:44:29.322507 2164736 net.cpp:139] Memory required for data: 976640
I0923 17:44:29.322510 2164736 layer_factory.hpp:77] Creating layer Mprelu4_stage2_L2_2
I0923 17:44:29.322512 2164736 net.cpp:86] Creating Layer Mprelu4_stage2_L2_2
I0923 17:44:29.322515 2164736 net.cpp:408] Mprelu4_stage2_L2_2 <- Mconv4_stage2_L2_2
I0923 17:44:29.322516 2164736 net.cpp:369] Mprelu4_stage2_L2_2 -> Mconv4_stage2_L2_2 (in-place)
I0923 17:44:29.322537 2164736 net.cpp:124] Setting up Mprelu4_stage2_L2_2
I0923 17:44:29.322538 2164736 net.cpp:131] Top shape: 1 128 2 2 (512)
I0923 17:44:29.322539 2164736 net.cpp:139] Memory required for data: 978688
I0923 17:44:29.322541 2164736 layer_factory.hpp:77] Creating layer Mconv4_stage2_L2_concat
I0923 17:44:29.322543 2164736 net.cpp:86] Creating Layer Mconv4_stage2_L2_concat
I0923 17:44:29.322544 2164736 net.cpp:408] Mconv4_stage2_L2_concat <- Mconv4_stage2_L2_0_Mprelu4_stage2_L2_0_0_split_1
I0923 17:44:29.322546 2164736 net.cpp:408] Mconv4_stage2_L2_concat <- Mconv4_stage2_L2_1_Mprelu4_stage2_L2_1_0_split_1
I0923 17:44:29.322547 2164736 net.cpp:408] Mconv4_stage2_L2_concat <- Mconv4_stage2_L2_2
I0923 17:44:29.322548 2164736 net.cpp:382] Mconv4_stage2_L2_concat -> Mconv4_stage2_L2_concat
I0923 17:44:29.322553 2164736 net.cpp:124] Setting up Mconv4_stage2_L2_concat
I0923 17:44:29.322554 2164736 net.cpp:131] Top shape: 1 384 2 2 (1536)
I0923 17:44:29.322556 2164736 net.cpp:139] Memory required for data: 984832
I0923 17:44:29.322557 2164736 layer_factory.hpp:77] Creating layer Mconv5_stage2_L2_0
I0923 17:44:29.322559 2164736 net.cpp:86] Creating Layer Mconv5_stage2_L2_0
I0923 17:44:29.322561 2164736 net.cpp:408] Mconv5_stage2_L2_0 <- Mconv4_stage2_L2_concat
I0923 17:44:29.322562 2164736 net.cpp:382] Mconv5_stage2_L2_0 -> Mconv5_stage2_L2_0
I0923 17:44:29.332011 2164736 net.cpp:124] Setting up Mconv5_stage2_L2_0
I0923 17:44:29.332016 2164736 net.cpp:131] Top shape: 1 128 2 2 (512)
I0923 17:44:29.332018 2164736 net.cpp:139] Memory required for data: 986880
I0923 17:44:29.332020 2164736 layer_factory.hpp:77] Creating layer Mprelu5_stage2_L2_0
I0923 17:44:29.332023 2164736 net.cpp:86] Creating Layer Mprelu5_stage2_L2_0
I0923 17:44:29.332024 2164736 net.cpp:408] Mprelu5_stage2_L2_0 <- Mconv5_stage2_L2_0
I0923 17:44:29.332026 2164736 net.cpp:369] Mprelu5_stage2_L2_0 -> Mconv5_stage2_L2_0 (in-place)
I0923 17:44:29.332047 2164736 net.cpp:124] Setting up Mprelu5_stage2_L2_0
I0923 17:44:29.332048 2164736 net.cpp:131] Top shape: 1 128 2 2 (512)
I0923 17:44:29.332050 2164736 net.cpp:139] Memory required for data: 988928
I0923 17:44:29.332051 2164736 layer_factory.hpp:77] Creating layer Mconv5_stage2_L2_0_Mprelu5_stage2_L2_0_0_split
I0923 17:44:29.332053 2164736 net.cpp:86] Creating Layer Mconv5_stage2_L2_0_Mprelu5_stage2_L2_0_0_split
I0923 17:44:29.332054 2164736 net.cpp:408] Mconv5_stage2_L2_0_Mprelu5_stage2_L2_0_0_split <- Mconv5_stage2_L2_0
I0923 17:44:29.332055 2164736 net.cpp:382] Mconv5_stage2_L2_0_Mprelu5_stage2_L2_0_0_split -> Mconv5_stage2_L2_0_Mprelu5_stage2_L2_0_0_split_0
I0923 17:44:29.332058 2164736 net.cpp:382] Mconv5_stage2_L2_0_Mprelu5_stage2_L2_0_0_split -> Mconv5_stage2_L2_0_Mprelu5_stage2_L2_0_0_split_1
I0923 17:44:29.332065 2164736 net.cpp:124] Setting up Mconv5_stage2_L2_0_Mprelu5_stage2_L2_0_0_split
I0923 17:44:29.332067 2164736 net.cpp:131] Top shape: 1 128 2 2 (512)
I0923 17:44:29.332067 2164736 net.cpp:131] Top shape: 1 128 2 2 (512)
I0923 17:44:29.332068 2164736 net.cpp:139] Memory required for data: 993024
I0923 17:44:29.332069 2164736 layer_factory.hpp:77] Creating layer Mconv5_stage2_L2_1
I0923 17:44:29.332072 2164736 net.cpp:86] Creating Layer Mconv5_stage2_L2_1
I0923 17:44:29.332073 2164736 net.cpp:408] Mconv5_stage2_L2_1 <- Mconv5_stage2_L2_0_Mprelu5_stage2_L2_0_0_split_0
I0923 17:44:29.332075 2164736 net.cpp:382] Mconv5_stage2_L2_1 -> Mconv5_stage2_L2_1
I0923 17:44:29.340857 2164736 net.cpp:124] Setting up Mconv5_stage2_L2_1
I0923 17:44:29.340863 2164736 net.cpp:131] Top shape: 1 128 2 2 (512)
I0923 17:44:29.340865 2164736 net.cpp:139] Memory required for data: 995072
I0923 17:44:29.340867 2164736 layer_factory.hpp:77] Creating layer Mprelu5_stage2_L2_1
I0923 17:44:29.340870 2164736 net.cpp:86] Creating Layer Mprelu5_stage2_L2_1
I0923 17:44:29.340871 2164736 net.cpp:408] Mprelu5_stage2_L2_1 <- Mconv5_stage2_L2_1
I0923 17:44:29.340873 2164736 net.cpp:369] Mprelu5_stage2_L2_1 -> Mconv5_stage2_L2_1 (in-place)
I0923 17:44:29.340894 2164736 net.cpp:124] Setting up Mprelu5_stage2_L2_1
I0923 17:44:29.340896 2164736 net.cpp:131] Top shape: 1 128 2 2 (512)
I0923 17:44:29.340898 2164736 net.cpp:139] Memory required for data: 997120
I0923 17:44:29.340898 2164736 layer_factory.hpp:77] Creating layer Mconv5_stage2_L2_1_Mprelu5_stage2_L2_1_0_split
I0923 17:44:29.340900 2164736 net.cpp:86] Creating Layer Mconv5_stage2_L2_1_Mprelu5_stage2_L2_1_0_split
I0923 17:44:29.340901 2164736 net.cpp:408] Mconv5_stage2_L2_1_Mprelu5_stage2_L2_1_0_split <- Mconv5_stage2_L2_1
I0923 17:44:29.340903 2164736 net.cpp:382] Mconv5_stage2_L2_1_Mprelu5_stage2_L2_1_0_split -> Mconv5_stage2_L2_1_Mprelu5_stage2_L2_1_0_split_0
I0923 17:44:29.340905 2164736 net.cpp:382] Mconv5_stage2_L2_1_Mprelu5_stage2_L2_1_0_split -> Mconv5_stage2_L2_1_Mprelu5_stage2_L2_1_0_split_1
I0923 17:44:29.340912 2164736 net.cpp:124] Setting up Mconv5_stage2_L2_1_Mprelu5_stage2_L2_1_0_split
I0923 17:44:29.340914 2164736 net.cpp:131] Top shape: 1 128 2 2 (512)
I0923 17:44:29.340914 2164736 net.cpp:131] Top shape: 1 128 2 2 (512)
I0923 17:44:29.340916 2164736 net.cpp:139] Memory required for data: 1001216
I0923 17:44:29.340917 2164736 layer_factory.hpp:77] Creating layer Mconv5_stage2_L2_2
I0923 17:44:29.340919 2164736 net.cpp:86] Creating Layer Mconv5_stage2_L2_2
I0923 17:44:29.340920 2164736 net.cpp:408] Mconv5_stage2_L2_2 <- Mconv5_stage2_L2_1_Mprelu5_stage2_L2_1_0_split_0
I0923 17:44:29.340922 2164736 net.cpp:382] Mconv5_stage2_L2_2 -> Mconv5_stage2_L2_2
I0923 17:44:29.348640 2164736 net.cpp:124] Setting up Mconv5_stage2_L2_2
I0923 17:44:29.348645 2164736 net.cpp:131] Top shape: 1 128 2 2 (512)
I0923 17:44:29.348647 2164736 net.cpp:139] Memory required for data: 1003264
I0923 17:44:29.348649 2164736 layer_factory.hpp:77] Creating layer Mprelu5_stage2_L2_2
I0923 17:44:29.348652 2164736 net.cpp:86] Creating Layer Mprelu5_stage2_L2_2
I0923 17:44:29.348654 2164736 net.cpp:408] Mprelu5_stage2_L2_2 <- Mconv5_stage2_L2_2
I0923 17:44:29.348655 2164736 net.cpp:369] Mprelu5_stage2_L2_2 -> Mconv5_stage2_L2_2 (in-place)
I0923 17:44:29.348676 2164736 net.cpp:124] Setting up Mprelu5_stage2_L2_2
I0923 17:44:29.348677 2164736 net.cpp:131] Top shape: 1 128 2 2 (512)
I0923 17:44:29.348680 2164736 net.cpp:139] Memory required for data: 1005312
I0923 17:44:29.348680 2164736 layer_factory.hpp:77] Creating layer Mconv5_stage2_L2_concat
I0923 17:44:29.348682 2164736 net.cpp:86] Creating Layer Mconv5_stage2_L2_concat
I0923 17:44:29.348683 2164736 net.cpp:408] Mconv5_stage2_L2_concat <- Mconv5_stage2_L2_0_Mprelu5_stage2_L2_0_0_split_1
I0923 17:44:29.348685 2164736 net.cpp:408] Mconv5_stage2_L2_concat <- Mconv5_stage2_L2_1_Mprelu5_stage2_L2_1_0_split_1
I0923 17:44:29.348686 2164736 net.cpp:408] Mconv5_stage2_L2_concat <- Mconv5_stage2_L2_2
I0923 17:44:29.348688 2164736 net.cpp:382] Mconv5_stage2_L2_concat -> Mconv5_stage2_L2_concat
I0923 17:44:29.348693 2164736 net.cpp:124] Setting up Mconv5_stage2_L2_concat
I0923 17:44:29.348694 2164736 net.cpp:131] Top shape: 1 384 2 2 (1536)
I0923 17:44:29.348695 2164736 net.cpp:139] Memory required for data: 1011456
I0923 17:44:29.348696 2164736 layer_factory.hpp:77] Creating layer Mconv6_stage2_L2
I0923 17:44:29.348699 2164736 net.cpp:86] Creating Layer Mconv6_stage2_L2
I0923 17:44:29.348701 2164736 net.cpp:408] Mconv6_stage2_L2 <- Mconv5_stage2_L2_concat
I0923 17:44:29.348702 2164736 net.cpp:382] Mconv6_stage2_L2 -> Mconv6_stage2_L2
I0923 17:44:29.357874 2164736 net.cpp:124] Setting up Mconv6_stage2_L2
I0923 17:44:29.357879 2164736 net.cpp:131] Top shape: 1 512 2 2 (2048)
I0923 17:44:29.357882 2164736 net.cpp:139] Memory required for data: 1019648
I0923 17:44:29.357883 2164736 layer_factory.hpp:77] Creating layer Mprelu6_stage2_L2
I0923 17:44:29.357887 2164736 net.cpp:86] Creating Layer Mprelu6_stage2_L2
I0923 17:44:29.357888 2164736 net.cpp:408] Mprelu6_stage2_L2 <- Mconv6_stage2_L2
I0923 17:44:29.357890 2164736 net.cpp:369] Mprelu6_stage2_L2 -> Mconv6_stage2_L2 (in-place)
I0923 17:44:29.357911 2164736 net.cpp:124] Setting up Mprelu6_stage2_L2
I0923 17:44:29.357913 2164736 net.cpp:131] Top shape: 1 512 2 2 (2048)
I0923 17:44:29.357913 2164736 net.cpp:139] Memory required for data: 1027840
I0923 17:44:29.357915 2164736 layer_factory.hpp:77] Creating layer Mconv7_stage2_L2
I0923 17:44:29.357918 2164736 net.cpp:86] Creating Layer Mconv7_stage2_L2
I0923 17:44:29.357918 2164736 net.cpp:408] Mconv7_stage2_L2 <- Mconv6_stage2_L2
I0923 17:44:29.357920 2164736 net.cpp:382] Mconv7_stage2_L2 -> Mconv7_stage2_L2
I0923 17:44:29.365712 2164736 net.cpp:124] Setting up Mconv7_stage2_L2
I0923 17:44:29.365718 2164736 net.cpp:131] Top shape: 1 52 2 2 (208)
I0923 17:44:29.365720 2164736 net.cpp:139] Memory required for data: 1028672
I0923 17:44:29.365722 2164736 layer_factory.hpp:77] Creating layer concat_stage3_L2
I0923 17:44:29.365725 2164736 net.cpp:86] Creating Layer concat_stage3_L2
I0923 17:44:29.365727 2164736 net.cpp:408] concat_stage3_L2 <- conv4_4_CPM_prelu4_4_CPM_0_split_3
I0923 17:44:29.365728 2164736 net.cpp:408] concat_stage3_L2 <- Mconv7_stage2_L2
I0923 17:44:29.365731 2164736 net.cpp:382] concat_stage3_L2 -> concat_stage3_L2
I0923 17:44:29.365739 2164736 net.cpp:124] Setting up concat_stage3_L2
I0923 17:44:29.365741 2164736 net.cpp:131] Top shape: 1 180 2 2 (720)
I0923 17:44:29.365741 2164736 net.cpp:139] Memory required for data: 1031552
I0923 17:44:29.365742 2164736 layer_factory.hpp:77] Creating layer Mconv1_stage3_L2_0
I0923 17:44:29.365746 2164736 net.cpp:86] Creating Layer Mconv1_stage3_L2_0
I0923 17:44:29.365746 2164736 net.cpp:408] Mconv1_stage3_L2_0 <- concat_stage3_L2
I0923 17:44:29.365748 2164736 net.cpp:382] Mconv1_stage3_L2_0 -> Mconv1_stage3_L2_0
I0923 17:44:29.377696 2164736 net.cpp:124] Setting up Mconv1_stage3_L2_0
I0923 17:44:29.377701 2164736 net.cpp:131] Top shape: 1 128 2 2 (512)
I0923 17:44:29.377703 2164736 net.cpp:139] Memory required for data: 1033600
I0923 17:44:29.377705 2164736 layer_factory.hpp:77] Creating layer Mprelu1_stage3_L2_0
I0923 17:44:29.377708 2164736 net.cpp:86] Creating Layer Mprelu1_stage3_L2_0
I0923 17:44:29.377710 2164736 net.cpp:408] Mprelu1_stage3_L2_0 <- Mconv1_stage3_L2_0
I0923 17:44:29.377712 2164736 net.cpp:369] Mprelu1_stage3_L2_0 -> Mconv1_stage3_L2_0 (in-place)
I0923 17:44:29.377734 2164736 net.cpp:124] Setting up Mprelu1_stage3_L2_0
I0923 17:44:29.377735 2164736 net.cpp:131] Top shape: 1 128 2 2 (512)
I0923 17:44:29.377736 2164736 net.cpp:139] Memory required for data: 1035648
I0923 17:44:29.377737 2164736 layer_factory.hpp:77] Creating layer Mconv1_stage3_L2_0_Mprelu1_stage3_L2_0_0_split
I0923 17:44:29.377739 2164736 net.cpp:86] Creating Layer Mconv1_stage3_L2_0_Mprelu1_stage3_L2_0_0_split
I0923 17:44:29.377740 2164736 net.cpp:408] Mconv1_stage3_L2_0_Mprelu1_stage3_L2_0_0_split <- Mconv1_stage3_L2_0
I0923 17:44:29.377743 2164736 net.cpp:382] Mconv1_stage3_L2_0_Mprelu1_stage3_L2_0_0_split -> Mconv1_stage3_L2_0_Mprelu1_stage3_L2_0_0_split_0
I0923 17:44:29.377744 2164736 net.cpp:382] Mconv1_stage3_L2_0_Mprelu1_stage3_L2_0_0_split -> Mconv1_stage3_L2_0_Mprelu1_stage3_L2_0_0_split_1
I0923 17:44:29.377753 2164736 net.cpp:124] Setting up Mconv1_stage3_L2_0_Mprelu1_stage3_L2_0_0_split
I0923 17:44:29.377753 2164736 net.cpp:131] Top shape: 1 128 2 2 (512)
I0923 17:44:29.377754 2164736 net.cpp:131] Top shape: 1 128 2 2 (512)
I0923 17:44:29.377755 2164736 net.cpp:139] Memory required for data: 1039744
I0923 17:44:29.377756 2164736 layer_factory.hpp:77] Creating layer Mconv1_stage3_L2_1
I0923 17:44:29.377759 2164736 net.cpp:86] Creating Layer Mconv1_stage3_L2_1
I0923 17:44:29.377760 2164736 net.cpp:408] Mconv1_stage3_L2_1 <- Mconv1_stage3_L2_0_Mprelu1_stage3_L2_0_0_split_0
I0923 17:44:29.377761 2164736 net.cpp:382] Mconv1_stage3_L2_1 -> Mconv1_stage3_L2_1
I0923 17:44:29.385860 2164736 net.cpp:124] Setting up Mconv1_stage3_L2_1
I0923 17:44:29.385866 2164736 net.cpp:131] Top shape: 1 128 2 2 (512)
I0923 17:44:29.385869 2164736 net.cpp:139] Memory required for data: 1041792
I0923 17:44:29.385870 2164736 layer_factory.hpp:77] Creating layer Mprelu1_stage3_L2_1
I0923 17:44:29.385874 2164736 net.cpp:86] Creating Layer Mprelu1_stage3_L2_1
I0923 17:44:29.385875 2164736 net.cpp:408] Mprelu1_stage3_L2_1 <- Mconv1_stage3_L2_1
I0923 17:44:29.385877 2164736 net.cpp:369] Mprelu1_stage3_L2_1 -> Mconv1_stage3_L2_1 (in-place)
I0923 17:44:29.385898 2164736 net.cpp:124] Setting up Mprelu1_stage3_L2_1
I0923 17:44:29.385900 2164736 net.cpp:131] Top shape: 1 128 2 2 (512)
I0923 17:44:29.385901 2164736 net.cpp:139] Memory required for data: 1043840
I0923 17:44:29.385902 2164736 layer_factory.hpp:77] Creating layer Mconv1_stage3_L2_1_Mprelu1_stage3_L2_1_0_split
I0923 17:44:29.385905 2164736 net.cpp:86] Creating Layer Mconv1_stage3_L2_1_Mprelu1_stage3_L2_1_0_split
I0923 17:44:29.385905 2164736 net.cpp:408] Mconv1_stage3_L2_1_Mprelu1_stage3_L2_1_0_split <- Mconv1_stage3_L2_1
I0923 17:44:29.385907 2164736 net.cpp:382] Mconv1_stage3_L2_1_Mprelu1_stage3_L2_1_0_split -> Mconv1_stage3_L2_1_Mprelu1_stage3_L2_1_0_split_0
I0923 17:44:29.385910 2164736 net.cpp:382] Mconv1_stage3_L2_1_Mprelu1_stage3_L2_1_0_split -> Mconv1_stage3_L2_1_Mprelu1_stage3_L2_1_0_split_1
I0923 17:44:29.385916 2164736 net.cpp:124] Setting up Mconv1_stage3_L2_1_Mprelu1_stage3_L2_1_0_split
I0923 17:44:29.385917 2164736 net.cpp:131] Top shape: 1 128 2 2 (512)
I0923 17:44:29.385918 2164736 net.cpp:131] Top shape: 1 128 2 2 (512)
I0923 17:44:29.385921 2164736 net.cpp:139] Memory required for data: 1047936
I0923 17:44:29.385921 2164736 layer_factory.hpp:77] Creating layer Mconv1_stage3_L2_2
I0923 17:44:29.385923 2164736 net.cpp:86] Creating Layer Mconv1_stage3_L2_2
I0923 17:44:29.385924 2164736 net.cpp:408] Mconv1_stage3_L2_2 <- Mconv1_stage3_L2_1_Mprelu1_stage3_L2_1_0_split_0
I0923 17:44:29.385926 2164736 net.cpp:382] Mconv1_stage3_L2_2 -> Mconv1_stage3_L2_2
I0923 17:44:29.393595 2164736 net.cpp:124] Setting up Mconv1_stage3_L2_2
I0923 17:44:29.393600 2164736 net.cpp:131] Top shape: 1 128 2 2 (512)
I0923 17:44:29.393602 2164736 net.cpp:139] Memory required for data: 1049984
I0923 17:44:29.393604 2164736 layer_factory.hpp:77] Creating layer Mprelu1_stage3_L2_2
I0923 17:44:29.393607 2164736 net.cpp:86] Creating Layer Mprelu1_stage3_L2_2
I0923 17:44:29.393610 2164736 net.cpp:408] Mprelu1_stage3_L2_2 <- Mconv1_stage3_L2_2
I0923 17:44:29.393611 2164736 net.cpp:369] Mprelu1_stage3_L2_2 -> Mconv1_stage3_L2_2 (in-place)
I0923 17:44:29.393632 2164736 net.cpp:124] Setting up Mprelu1_stage3_L2_2
I0923 17:44:29.393633 2164736 net.cpp:131] Top shape: 1 128 2 2 (512)
I0923 17:44:29.393635 2164736 net.cpp:139] Memory required for data: 1052032
I0923 17:44:29.393635 2164736 layer_factory.hpp:77] Creating layer Mconv1_stage3_L2_concat
I0923 17:44:29.393638 2164736 net.cpp:86] Creating Layer Mconv1_stage3_L2_concat
I0923 17:44:29.393639 2164736 net.cpp:408] Mconv1_stage3_L2_concat <- Mconv1_stage3_L2_0_Mprelu1_stage3_L2_0_0_split_1
I0923 17:44:29.393640 2164736 net.cpp:408] Mconv1_stage3_L2_concat <- Mconv1_stage3_L2_1_Mprelu1_stage3_L2_1_0_split_1
I0923 17:44:29.393642 2164736 net.cpp:408] Mconv1_stage3_L2_concat <- Mconv1_stage3_L2_2
I0923 17:44:29.393643 2164736 net.cpp:382] Mconv1_stage3_L2_concat -> Mconv1_stage3_L2_concat
I0923 17:44:29.393648 2164736 net.cpp:124] Setting up Mconv1_stage3_L2_concat
I0923 17:44:29.393651 2164736 net.cpp:131] Top shape: 1 384 2 2 (1536)
I0923 17:44:29.393651 2164736 net.cpp:139] Memory required for data: 1058176
I0923 17:44:29.393652 2164736 layer_factory.hpp:77] Creating layer Mconv2_stage3_L2_0
I0923 17:44:29.393656 2164736 net.cpp:86] Creating Layer Mconv2_stage3_L2_0
I0923 17:44:29.393656 2164736 net.cpp:408] Mconv2_stage3_L2_0 <- Mconv1_stage3_L2_concat
I0923 17:44:29.393658 2164736 net.cpp:382] Mconv2_stage3_L2_0 -> Mconv2_stage3_L2_0
I0923 17:44:29.402326 2164736 net.cpp:124] Setting up Mconv2_stage3_L2_0
I0923 17:44:29.402333 2164736 net.cpp:131] Top shape: 1 128 2 2 (512)
I0923 17:44:29.402334 2164736 net.cpp:139] Memory required for data: 1060224
I0923 17:44:29.402336 2164736 layer_factory.hpp:77] Creating layer Mprelu2_stage3_L2_0
I0923 17:44:29.402338 2164736 net.cpp:86] Creating Layer Mprelu2_stage3_L2_0
I0923 17:44:29.402340 2164736 net.cpp:408] Mprelu2_stage3_L2_0 <- Mconv2_stage3_L2_0
I0923 17:44:29.402343 2164736 net.cpp:369] Mprelu2_stage3_L2_0 -> Mconv2_stage3_L2_0 (in-place)
I0923 17:44:29.402364 2164736 net.cpp:124] Setting up Mprelu2_stage3_L2_0
I0923 17:44:29.402364 2164736 net.cpp:131] Top shape: 1 128 2 2 (512)
I0923 17:44:29.402365 2164736 net.cpp:139] Memory required for data: 1062272
I0923 17:44:29.402367 2164736 layer_factory.hpp:77] Creating layer Mconv2_stage3_L2_0_Mprelu2_stage3_L2_0_0_split
I0923 17:44:29.402369 2164736 net.cpp:86] Creating Layer Mconv2_stage3_L2_0_Mprelu2_stage3_L2_0_0_split
I0923 17:44:29.402370 2164736 net.cpp:408] Mconv2_stage3_L2_0_Mprelu2_stage3_L2_0_0_split <- Mconv2_stage3_L2_0
I0923 17:44:29.402371 2164736 net.cpp:382] Mconv2_stage3_L2_0_Mprelu2_stage3_L2_0_0_split -> Mconv2_stage3_L2_0_Mprelu2_stage3_L2_0_0_split_0
I0923 17:44:29.402374 2164736 net.cpp:382] Mconv2_stage3_L2_0_Mprelu2_stage3_L2_0_0_split -> Mconv2_stage3_L2_0_Mprelu2_stage3_L2_0_0_split_1
I0923 17:44:29.402381 2164736 net.cpp:124] Setting up Mconv2_stage3_L2_0_Mprelu2_stage3_L2_0_0_split
I0923 17:44:29.402382 2164736 net.cpp:131] Top shape: 1 128 2 2 (512)
I0923 17:44:29.402383 2164736 net.cpp:131] Top shape: 1 128 2 2 (512)
I0923 17:44:29.402384 2164736 net.cpp:139] Memory required for data: 1066368
I0923 17:44:29.402385 2164736 layer_factory.hpp:77] Creating layer Mconv2_stage3_L2_1
I0923 17:44:29.402387 2164736 net.cpp:86] Creating Layer Mconv2_stage3_L2_1
I0923 17:44:29.402390 2164736 net.cpp:408] Mconv2_stage3_L2_1 <- Mconv2_stage3_L2_0_Mprelu2_stage3_L2_0_0_split_0
I0923 17:44:29.402390 2164736 net.cpp:382] Mconv2_stage3_L2_1 -> Mconv2_stage3_L2_1
I0923 17:44:29.411350 2164736 net.cpp:124] Setting up Mconv2_stage3_L2_1
I0923 17:44:29.411355 2164736 net.cpp:131] Top shape: 1 128 2 2 (512)
I0923 17:44:29.411356 2164736 net.cpp:139] Memory required for data: 1068416
I0923 17:44:29.411358 2164736 layer_factory.hpp:77] Creating layer Mprelu2_stage3_L2_1
I0923 17:44:29.411361 2164736 net.cpp:86] Creating Layer Mprelu2_stage3_L2_1
I0923 17:44:29.411363 2164736 net.cpp:408] Mprelu2_stage3_L2_1 <- Mconv2_stage3_L2_1
I0923 17:44:29.411365 2164736 net.cpp:369] Mprelu2_stage3_L2_1 -> Mconv2_stage3_L2_1 (in-place)
I0923 17:44:29.411387 2164736 net.cpp:124] Setting up Mprelu2_stage3_L2_1
I0923 17:44:29.411388 2164736 net.cpp:131] Top shape: 1 128 2 2 (512)
I0923 17:44:29.411389 2164736 net.cpp:139] Memory required for data: 1070464
I0923 17:44:29.411391 2164736 layer_factory.hpp:77] Creating layer Mconv2_stage3_L2_1_Mprelu2_stage3_L2_1_0_split
I0923 17:44:29.411392 2164736 net.cpp:86] Creating Layer Mconv2_stage3_L2_1_Mprelu2_stage3_L2_1_0_split
I0923 17:44:29.411394 2164736 net.cpp:408] Mconv2_stage3_L2_1_Mprelu2_stage3_L2_1_0_split <- Mconv2_stage3_L2_1
I0923 17:44:29.411396 2164736 net.cpp:382] Mconv2_stage3_L2_1_Mprelu2_stage3_L2_1_0_split -> Mconv2_stage3_L2_1_Mprelu2_stage3_L2_1_0_split_0
I0923 17:44:29.411398 2164736 net.cpp:382] Mconv2_stage3_L2_1_Mprelu2_stage3_L2_1_0_split -> Mconv2_stage3_L2_1_Mprelu2_stage3_L2_1_0_split_1
I0923 17:44:29.411405 2164736 net.cpp:124] Setting up Mconv2_stage3_L2_1_Mprelu2_stage3_L2_1_0_split
I0923 17:44:29.411406 2164736 net.cpp:131] Top shape: 1 128 2 2 (512)
I0923 17:44:29.411407 2164736 net.cpp:131] Top shape: 1 128 2 2 (512)
I0923 17:44:29.411408 2164736 net.cpp:139] Memory required for data: 1074560
I0923 17:44:29.411409 2164736 layer_factory.hpp:77] Creating layer Mconv2_stage3_L2_2
I0923 17:44:29.411412 2164736 net.cpp:86] Creating Layer Mconv2_stage3_L2_2
I0923 17:44:29.411413 2164736 net.cpp:408] Mconv2_stage3_L2_2 <- Mconv2_stage3_L2_1_Mprelu2_stage3_L2_1_0_split_0
I0923 17:44:29.411415 2164736 net.cpp:382] Mconv2_stage3_L2_2 -> Mconv2_stage3_L2_2
I0923 17:44:29.419428 2164736 net.cpp:124] Setting up Mconv2_stage3_L2_2
I0923 17:44:29.419433 2164736 net.cpp:131] Top shape: 1 128 2 2 (512)
I0923 17:44:29.419435 2164736 net.cpp:139] Memory required for data: 1076608
I0923 17:44:29.419437 2164736 layer_factory.hpp:77] Creating layer Mprelu2_stage3_L2_2
I0923 17:44:29.419440 2164736 net.cpp:86] Creating Layer Mprelu2_stage3_L2_2
I0923 17:44:29.419441 2164736 net.cpp:408] Mprelu2_stage3_L2_2 <- Mconv2_stage3_L2_2
I0923 17:44:29.419445 2164736 net.cpp:369] Mprelu2_stage3_L2_2 -> Mconv2_stage3_L2_2 (in-place)
I0923 17:44:29.419464 2164736 net.cpp:124] Setting up Mprelu2_stage3_L2_2
I0923 17:44:29.419466 2164736 net.cpp:131] Top shape: 1 128 2 2 (512)
I0923 17:44:29.419467 2164736 net.cpp:139] Memory required for data: 1078656
I0923 17:44:29.419468 2164736 layer_factory.hpp:77] Creating layer Mconv2_stage3_L2_concat
I0923 17:44:29.419471 2164736 net.cpp:86] Creating Layer Mconv2_stage3_L2_concat
I0923 17:44:29.419472 2164736 net.cpp:408] Mconv2_stage3_L2_concat <- Mconv2_stage3_L2_0_Mprelu2_stage3_L2_0_0_split_1
I0923 17:44:29.419473 2164736 net.cpp:408] Mconv2_stage3_L2_concat <- Mconv2_stage3_L2_1_Mprelu2_stage3_L2_1_0_split_1
I0923 17:44:29.419474 2164736 net.cpp:408] Mconv2_stage3_L2_concat <- Mconv2_stage3_L2_2
I0923 17:44:29.419476 2164736 net.cpp:382] Mconv2_stage3_L2_concat -> Mconv2_stage3_L2_concat
I0923 17:44:29.419481 2164736 net.cpp:124] Setting up Mconv2_stage3_L2_concat
I0923 17:44:29.419482 2164736 net.cpp:131] Top shape: 1 384 2 2 (1536)
I0923 17:44:29.419484 2164736 net.cpp:139] Memory required for data: 1084800
I0923 17:44:29.419485 2164736 layer_factory.hpp:77] Creating layer Mconv3_stage3_L2_0
I0923 17:44:29.419487 2164736 net.cpp:86] Creating Layer Mconv3_stage3_L2_0
I0923 17:44:29.419488 2164736 net.cpp:408] Mconv3_stage3_L2_0 <- Mconv2_stage3_L2_concat
I0923 17:44:29.419490 2164736 net.cpp:382] Mconv3_stage3_L2_0 -> Mconv3_stage3_L2_0
I0923 17:44:29.428426 2164736 net.cpp:124] Setting up Mconv3_stage3_L2_0
I0923 17:44:29.428431 2164736 net.cpp:131] Top shape: 1 128 2 2 (512)
I0923 17:44:29.428432 2164736 net.cpp:139] Memory required for data: 1086848
I0923 17:44:29.428434 2164736 layer_factory.hpp:77] Creating layer Mprelu3_stage3_L2_0
I0923 17:44:29.428437 2164736 net.cpp:86] Creating Layer Mprelu3_stage3_L2_0
I0923 17:44:29.428439 2164736 net.cpp:408] Mprelu3_stage3_L2_0 <- Mconv3_stage3_L2_0
I0923 17:44:29.428440 2164736 net.cpp:369] Mprelu3_stage3_L2_0 -> Mconv3_stage3_L2_0 (in-place)
I0923 17:44:29.428462 2164736 net.cpp:124] Setting up Mprelu3_stage3_L2_0
I0923 17:44:29.428464 2164736 net.cpp:131] Top shape: 1 128 2 2 (512)
I0923 17:44:29.428465 2164736 net.cpp:139] Memory required for data: 1088896
I0923 17:44:29.428467 2164736 layer_factory.hpp:77] Creating layer Mconv3_stage3_L2_0_Mprelu3_stage3_L2_0_0_split
I0923 17:44:29.428468 2164736 net.cpp:86] Creating Layer Mconv3_stage3_L2_0_Mprelu3_stage3_L2_0_0_split
I0923 17:44:29.428469 2164736 net.cpp:408] Mconv3_stage3_L2_0_Mprelu3_stage3_L2_0_0_split <- Mconv3_stage3_L2_0
I0923 17:44:29.428471 2164736 net.cpp:382] Mconv3_stage3_L2_0_Mprelu3_stage3_L2_0_0_split -> Mconv3_stage3_L2_0_Mprelu3_stage3_L2_0_0_split_0
I0923 17:44:29.428473 2164736 net.cpp:382] Mconv3_stage3_L2_0_Mprelu3_stage3_L2_0_0_split -> Mconv3_stage3_L2_0_Mprelu3_stage3_L2_0_0_split_1
I0923 17:44:29.428480 2164736 net.cpp:124] Setting up Mconv3_stage3_L2_0_Mprelu3_stage3_L2_0_0_split
I0923 17:44:29.428481 2164736 net.cpp:131] Top shape: 1 128 2 2 (512)
I0923 17:44:29.428483 2164736 net.cpp:131] Top shape: 1 128 2 2 (512)
I0923 17:44:29.428483 2164736 net.cpp:139] Memory required for data: 1092992
I0923 17:44:29.428484 2164736 layer_factory.hpp:77] Creating layer Mconv3_stage3_L2_1
I0923 17:44:29.428488 2164736 net.cpp:86] Creating Layer Mconv3_stage3_L2_1
I0923 17:44:29.428488 2164736 net.cpp:408] Mconv3_stage3_L2_1 <- Mconv3_stage3_L2_0_Mprelu3_stage3_L2_0_0_split_0
I0923 17:44:29.428490 2164736 net.cpp:382] Mconv3_stage3_L2_1 -> Mconv3_stage3_L2_1
I0923 17:44:29.440198 2164736 net.cpp:124] Setting up Mconv3_stage3_L2_1
I0923 17:44:29.440203 2164736 net.cpp:131] Top shape: 1 128 2 2 (512)
I0923 17:44:29.440205 2164736 net.cpp:139] Memory required for data: 1095040
I0923 17:44:29.440207 2164736 layer_factory.hpp:77] Creating layer Mprelu3_stage3_L2_1
I0923 17:44:29.440210 2164736 net.cpp:86] Creating Layer Mprelu3_stage3_L2_1
I0923 17:44:29.440212 2164736 net.cpp:408] Mprelu3_stage3_L2_1 <- Mconv3_stage3_L2_1
I0923 17:44:29.440213 2164736 net.cpp:369] Mprelu3_stage3_L2_1 -> Mconv3_stage3_L2_1 (in-place)
I0923 17:44:29.440236 2164736 net.cpp:124] Setting up Mprelu3_stage3_L2_1
I0923 17:44:29.440238 2164736 net.cpp:131] Top shape: 1 128 2 2 (512)
I0923 17:44:29.440239 2164736 net.cpp:139] Memory required for data: 1097088
I0923 17:44:29.440240 2164736 layer_factory.hpp:77] Creating layer Mconv3_stage3_L2_1_Mprelu3_stage3_L2_1_0_split
I0923 17:44:29.440243 2164736 net.cpp:86] Creating Layer Mconv3_stage3_L2_1_Mprelu3_stage3_L2_1_0_split
I0923 17:44:29.440243 2164736 net.cpp:408] Mconv3_stage3_L2_1_Mprelu3_stage3_L2_1_0_split <- Mconv3_stage3_L2_1
I0923 17:44:29.440245 2164736 net.cpp:382] Mconv3_stage3_L2_1_Mprelu3_stage3_L2_1_0_split -> Mconv3_stage3_L2_1_Mprelu3_stage3_L2_1_0_split_0
I0923 17:44:29.440248 2164736 net.cpp:382] Mconv3_stage3_L2_1_Mprelu3_stage3_L2_1_0_split -> Mconv3_stage3_L2_1_Mprelu3_stage3_L2_1_0_split_1
I0923 17:44:29.440254 2164736 net.cpp:124] Setting up Mconv3_stage3_L2_1_Mprelu3_stage3_L2_1_0_split
I0923 17:44:29.440256 2164736 net.cpp:131] Top shape: 1 128 2 2 (512)
I0923 17:44:29.440258 2164736 net.cpp:131] Top shape: 1 128 2 2 (512)
I0923 17:44:29.440258 2164736 net.cpp:139] Memory required for data: 1101184
I0923 17:44:29.440259 2164736 layer_factory.hpp:77] Creating layer Mconv3_stage3_L2_2
I0923 17:44:29.440261 2164736 net.cpp:86] Creating Layer Mconv3_stage3_L2_2
I0923 17:44:29.440263 2164736 net.cpp:408] Mconv3_stage3_L2_2 <- Mconv3_stage3_L2_1_Mprelu3_stage3_L2_1_0_split_0
I0923 17:44:29.440265 2164736 net.cpp:382] Mconv3_stage3_L2_2 -> Mconv3_stage3_L2_2
I0923 17:44:29.448935 2164736 net.cpp:124] Setting up Mconv3_stage3_L2_2
I0923 17:44:29.448939 2164736 net.cpp:131] Top shape: 1 128 2 2 (512)
I0923 17:44:29.448941 2164736 net.cpp:139] Memory required for data: 1103232
I0923 17:44:29.448943 2164736 layer_factory.hpp:77] Creating layer Mprelu3_stage3_L2_2
I0923 17:44:29.448946 2164736 net.cpp:86] Creating Layer Mprelu3_stage3_L2_2
I0923 17:44:29.448948 2164736 net.cpp:408] Mprelu3_stage3_L2_2 <- Mconv3_stage3_L2_2
I0923 17:44:29.448951 2164736 net.cpp:369] Mprelu3_stage3_L2_2 -> Mconv3_stage3_L2_2 (in-place)
I0923 17:44:29.448971 2164736 net.cpp:124] Setting up Mprelu3_stage3_L2_2
I0923 17:44:29.448972 2164736 net.cpp:131] Top shape: 1 128 2 2 (512)
I0923 17:44:29.448973 2164736 net.cpp:139] Memory required for data: 1105280
I0923 17:44:29.448974 2164736 layer_factory.hpp:77] Creating layer Mconv3_stage3_L2_concat
I0923 17:44:29.448976 2164736 net.cpp:86] Creating Layer Mconv3_stage3_L2_concat
I0923 17:44:29.448978 2164736 net.cpp:408] Mconv3_stage3_L2_concat <- Mconv3_stage3_L2_0_Mprelu3_stage3_L2_0_0_split_1
I0923 17:44:29.448979 2164736 net.cpp:408] Mconv3_stage3_L2_concat <- Mconv3_stage3_L2_1_Mprelu3_stage3_L2_1_0_split_1
I0923 17:44:29.448980 2164736 net.cpp:408] Mconv3_stage3_L2_concat <- Mconv3_stage3_L2_2
I0923 17:44:29.448982 2164736 net.cpp:382] Mconv3_stage3_L2_concat -> Mconv3_stage3_L2_concat
I0923 17:44:29.448987 2164736 net.cpp:124] Setting up Mconv3_stage3_L2_concat
I0923 17:44:29.448988 2164736 net.cpp:131] Top shape: 1 384 2 2 (1536)
I0923 17:44:29.448990 2164736 net.cpp:139] Memory required for data: 1111424
I0923 17:44:29.448992 2164736 layer_factory.hpp:77] Creating layer Mconv4_stage3_L2_0
I0923 17:44:29.448993 2164736 net.cpp:86] Creating Layer Mconv4_stage3_L2_0
I0923 17:44:29.448995 2164736 net.cpp:408] Mconv4_stage3_L2_0 <- Mconv3_stage3_L2_concat
I0923 17:44:29.448997 2164736 net.cpp:382] Mconv4_stage3_L2_0 -> Mconv4_stage3_L2_0
I0923 17:44:29.460085 2164736 net.cpp:124] Setting up Mconv4_stage3_L2_0
I0923 17:44:29.460090 2164736 net.cpp:131] Top shape: 1 128 2 2 (512)
I0923 17:44:29.460093 2164736 net.cpp:139] Memory required for data: 1113472
I0923 17:44:29.460095 2164736 layer_factory.hpp:77] Creating layer Mprelu4_stage3_L2_0
I0923 17:44:29.460098 2164736 net.cpp:86] Creating Layer Mprelu4_stage3_L2_0
I0923 17:44:29.460099 2164736 net.cpp:408] Mprelu4_stage3_L2_0 <- Mconv4_stage3_L2_0
I0923 17:44:29.460101 2164736 net.cpp:369] Mprelu4_stage3_L2_0 -> Mconv4_stage3_L2_0 (in-place)
I0923 17:44:29.460124 2164736 net.cpp:124] Setting up Mprelu4_stage3_L2_0
I0923 17:44:29.460124 2164736 net.cpp:131] Top shape: 1 128 2 2 (512)
I0923 17:44:29.460126 2164736 net.cpp:139] Memory required for data: 1115520
I0923 17:44:29.460127 2164736 layer_factory.hpp:77] Creating layer Mconv4_stage3_L2_0_Mprelu4_stage3_L2_0_0_split
I0923 17:44:29.460129 2164736 net.cpp:86] Creating Layer Mconv4_stage3_L2_0_Mprelu4_stage3_L2_0_0_split
I0923 17:44:29.460130 2164736 net.cpp:408] Mconv4_stage3_L2_0_Mprelu4_stage3_L2_0_0_split <- Mconv4_stage3_L2_0
I0923 17:44:29.460132 2164736 net.cpp:382] Mconv4_stage3_L2_0_Mprelu4_stage3_L2_0_0_split -> Mconv4_stage3_L2_0_Mprelu4_stage3_L2_0_0_split_0
I0923 17:44:29.460134 2164736 net.cpp:382] Mconv4_stage3_L2_0_Mprelu4_stage3_L2_0_0_split -> Mconv4_stage3_L2_0_Mprelu4_stage3_L2_0_0_split_1
I0923 17:44:29.460141 2164736 net.cpp:124] Setting up Mconv4_stage3_L2_0_Mprelu4_stage3_L2_0_0_split
I0923 17:44:29.460143 2164736 net.cpp:131] Top shape: 1 128 2 2 (512)
I0923 17:44:29.460144 2164736 net.cpp:131] Top shape: 1 128 2 2 (512)
I0923 17:44:29.460145 2164736 net.cpp:139] Memory required for data: 1119616
I0923 17:44:29.460146 2164736 layer_factory.hpp:77] Creating layer Mconv4_stage3_L2_1
I0923 17:44:29.460148 2164736 net.cpp:86] Creating Layer Mconv4_stage3_L2_1
I0923 17:44:29.460150 2164736 net.cpp:408] Mconv4_stage3_L2_1 <- Mconv4_stage3_L2_0_Mprelu4_stage3_L2_0_0_split_0
I0923 17:44:29.460151 2164736 net.cpp:382] Mconv4_stage3_L2_1 -> Mconv4_stage3_L2_1
I0923 17:44:29.468140 2164736 net.cpp:124] Setting up Mconv4_stage3_L2_1
I0923 17:44:29.468145 2164736 net.cpp:131] Top shape: 1 128 2 2 (512)
I0923 17:44:29.468147 2164736 net.cpp:139] Memory required for data: 1121664
I0923 17:44:29.468149 2164736 layer_factory.hpp:77] Creating layer Mprelu4_stage3_L2_1
I0923 17:44:29.468152 2164736 net.cpp:86] Creating Layer Mprelu4_stage3_L2_1
I0923 17:44:29.468154 2164736 net.cpp:408] Mprelu4_stage3_L2_1 <- Mconv4_stage3_L2_1
I0923 17:44:29.468156 2164736 net.cpp:369] Mprelu4_stage3_L2_1 -> Mconv4_stage3_L2_1 (in-place)
I0923 17:44:29.468178 2164736 net.cpp:124] Setting up Mprelu4_stage3_L2_1
I0923 17:44:29.468179 2164736 net.cpp:131] Top shape: 1 128 2 2 (512)
I0923 17:44:29.468180 2164736 net.cpp:139] Memory required for data: 1123712
I0923 17:44:29.468181 2164736 layer_factory.hpp:77] Creating layer Mconv4_stage3_L2_1_Mprelu4_stage3_L2_1_0_split
I0923 17:44:29.468183 2164736 net.cpp:86] Creating Layer Mconv4_stage3_L2_1_Mprelu4_stage3_L2_1_0_split
I0923 17:44:29.468184 2164736 net.cpp:408] Mconv4_stage3_L2_1_Mprelu4_stage3_L2_1_0_split <- Mconv4_stage3_L2_1
I0923 17:44:29.468186 2164736 net.cpp:382] Mconv4_stage3_L2_1_Mprelu4_stage3_L2_1_0_split -> Mconv4_stage3_L2_1_Mprelu4_stage3_L2_1_0_split_0
I0923 17:44:29.468189 2164736 net.cpp:382] Mconv4_stage3_L2_1_Mprelu4_stage3_L2_1_0_split -> Mconv4_stage3_L2_1_Mprelu4_stage3_L2_1_0_split_1
I0923 17:44:29.468195 2164736 net.cpp:124] Setting up Mconv4_stage3_L2_1_Mprelu4_stage3_L2_1_0_split
I0923 17:44:29.468196 2164736 net.cpp:131] Top shape: 1 128 2 2 (512)
I0923 17:44:29.468197 2164736 net.cpp:131] Top shape: 1 128 2 2 (512)
I0923 17:44:29.468199 2164736 net.cpp:139] Memory required for data: 1127808
I0923 17:44:29.468200 2164736 layer_factory.hpp:77] Creating layer Mconv4_stage3_L2_2
I0923 17:44:29.468202 2164736 net.cpp:86] Creating Layer Mconv4_stage3_L2_2
I0923 17:44:29.468204 2164736 net.cpp:408] Mconv4_stage3_L2_2 <- Mconv4_stage3_L2_1_Mprelu4_stage3_L2_1_0_split_0
I0923 17:44:29.468205 2164736 net.cpp:382] Mconv4_stage3_L2_2 -> Mconv4_stage3_L2_2
I0923 17:44:29.478960 2164736 net.cpp:124] Setting up Mconv4_stage3_L2_2
I0923 17:44:29.478964 2164736 net.cpp:131] Top shape: 1 128 2 2 (512)
I0923 17:44:29.478966 2164736 net.cpp:139] Memory required for data: 1129856
I0923 17:44:29.478968 2164736 layer_factory.hpp:77] Creating layer Mprelu4_stage3_L2_2
I0923 17:44:29.478971 2164736 net.cpp:86] Creating Layer Mprelu4_stage3_L2_2
I0923 17:44:29.478972 2164736 net.cpp:408] Mprelu4_stage3_L2_2 <- Mconv4_stage3_L2_2
I0923 17:44:29.478974 2164736 net.cpp:369] Mprelu4_stage3_L2_2 -> Mconv4_stage3_L2_2 (in-place)
I0923 17:44:29.478996 2164736 net.cpp:124] Setting up Mprelu4_stage3_L2_2
I0923 17:44:29.478998 2164736 net.cpp:131] Top shape: 1 128 2 2 (512)
I0923 17:44:29.478999 2164736 net.cpp:139] Memory required for data: 1131904
I0923 17:44:29.479000 2164736 layer_factory.hpp:77] Creating layer Mconv4_stage3_L2_concat
I0923 17:44:29.479002 2164736 net.cpp:86] Creating Layer Mconv4_stage3_L2_concat
I0923 17:44:29.479003 2164736 net.cpp:408] Mconv4_stage3_L2_concat <- Mconv4_stage3_L2_0_Mprelu4_stage3_L2_0_0_split_1
I0923 17:44:29.479005 2164736 net.cpp:408] Mconv4_stage3_L2_concat <- Mconv4_stage3_L2_1_Mprelu4_stage3_L2_1_0_split_1
I0923 17:44:29.479007 2164736 net.cpp:408] Mconv4_stage3_L2_concat <- Mconv4_stage3_L2_2
I0923 17:44:29.479008 2164736 net.cpp:382] Mconv4_stage3_L2_concat -> Mconv4_stage3_L2_concat
I0923 17:44:29.479013 2164736 net.cpp:124] Setting up Mconv4_stage3_L2_concat
I0923 17:44:29.479014 2164736 net.cpp:131] Top shape: 1 384 2 2 (1536)
I0923 17:44:29.479015 2164736 net.cpp:139] Memory required for data: 1138048
I0923 17:44:29.479017 2164736 layer_factory.hpp:77] Creating layer Mconv5_stage3_L2_0
I0923 17:44:29.479019 2164736 net.cpp:86] Creating Layer Mconv5_stage3_L2_0
I0923 17:44:29.479020 2164736 net.cpp:408] Mconv5_stage3_L2_0 <- Mconv4_stage3_L2_concat
I0923 17:44:29.479022 2164736 net.cpp:382] Mconv5_stage3_L2_0 -> Mconv5_stage3_L2_0
I0923 17:44:29.487576 2164736 net.cpp:124] Setting up Mconv5_stage3_L2_0
I0923 17:44:29.487581 2164736 net.cpp:131] Top shape: 1 128 2 2 (512)
I0923 17:44:29.487582 2164736 net.cpp:139] Memory required for data: 1140096
I0923 17:44:29.487584 2164736 layer_factory.hpp:77] Creating layer Mprelu5_stage3_L2_0
I0923 17:44:29.487587 2164736 net.cpp:86] Creating Layer Mprelu5_stage3_L2_0
I0923 17:44:29.487588 2164736 net.cpp:408] Mprelu5_stage3_L2_0 <- Mconv5_stage3_L2_0
I0923 17:44:29.487591 2164736 net.cpp:369] Mprelu5_stage3_L2_0 -> Mconv5_stage3_L2_0 (in-place)
I0923 17:44:29.487612 2164736 net.cpp:124] Setting up Mprelu5_stage3_L2_0
I0923 17:44:29.487613 2164736 net.cpp:131] Top shape: 1 128 2 2 (512)
I0923 17:44:29.487614 2164736 net.cpp:139] Memory required for data: 1142144
I0923 17:44:29.487615 2164736 layer_factory.hpp:77] Creating layer Mconv5_stage3_L2_0_Mprelu5_stage3_L2_0_0_split
I0923 17:44:29.487617 2164736 net.cpp:86] Creating Layer Mconv5_stage3_L2_0_Mprelu5_stage3_L2_0_0_split
I0923 17:44:29.487618 2164736 net.cpp:408] Mconv5_stage3_L2_0_Mprelu5_stage3_L2_0_0_split <- Mconv5_stage3_L2_0
I0923 17:44:29.487620 2164736 net.cpp:382] Mconv5_stage3_L2_0_Mprelu5_stage3_L2_0_0_split -> Mconv5_stage3_L2_0_Mprelu5_stage3_L2_0_0_split_0
I0923 17:44:29.487622 2164736 net.cpp:382] Mconv5_stage3_L2_0_Mprelu5_stage3_L2_0_0_split -> Mconv5_stage3_L2_0_Mprelu5_stage3_L2_0_0_split_1
I0923 17:44:29.487629 2164736 net.cpp:124] Setting up Mconv5_stage3_L2_0_Mprelu5_stage3_L2_0_0_split
I0923 17:44:29.487630 2164736 net.cpp:131] Top shape: 1 128 2 2 (512)
I0923 17:44:29.487632 2164736 net.cpp:131] Top shape: 1 128 2 2 (512)
I0923 17:44:29.487633 2164736 net.cpp:139] Memory required for data: 1146240
I0923 17:44:29.487634 2164736 layer_factory.hpp:77] Creating layer Mconv5_stage3_L2_1
I0923 17:44:29.487637 2164736 net.cpp:86] Creating Layer Mconv5_stage3_L2_1
I0923 17:44:29.487638 2164736 net.cpp:408] Mconv5_stage3_L2_1 <- Mconv5_stage3_L2_0_Mprelu5_stage3_L2_0_0_split_0
I0923 17:44:29.487640 2164736 net.cpp:382] Mconv5_stage3_L2_1 -> Mconv5_stage3_L2_1
I0923 17:44:29.497509 2164736 net.cpp:124] Setting up Mconv5_stage3_L2_1
I0923 17:44:29.497514 2164736 net.cpp:131] Top shape: 1 128 2 2 (512)
I0923 17:44:29.497516 2164736 net.cpp:139] Memory required for data: 1148288
I0923 17:44:29.497519 2164736 layer_factory.hpp:77] Creating layer Mprelu5_stage3_L2_1
I0923 17:44:29.497520 2164736 net.cpp:86] Creating Layer Mprelu5_stage3_L2_1
I0923 17:44:29.497522 2164736 net.cpp:408] Mprelu5_stage3_L2_1 <- Mconv5_stage3_L2_1
I0923 17:44:29.497524 2164736 net.cpp:369] Mprelu5_stage3_L2_1 -> Mconv5_stage3_L2_1 (in-place)
I0923 17:44:29.497546 2164736 net.cpp:124] Setting up Mprelu5_stage3_L2_1
I0923 17:44:29.497547 2164736 net.cpp:131] Top shape: 1 128 2 2 (512)
I0923 17:44:29.497548 2164736 net.cpp:139] Memory required for data: 1150336
I0923 17:44:29.497550 2164736 layer_factory.hpp:77] Creating layer Mconv5_stage3_L2_1_Mprelu5_stage3_L2_1_0_split
I0923 17:44:29.497552 2164736 net.cpp:86] Creating Layer Mconv5_stage3_L2_1_Mprelu5_stage3_L2_1_0_split
I0923 17:44:29.497553 2164736 net.cpp:408] Mconv5_stage3_L2_1_Mprelu5_stage3_L2_1_0_split <- Mconv5_stage3_L2_1
I0923 17:44:29.497555 2164736 net.cpp:382] Mconv5_stage3_L2_1_Mprelu5_stage3_L2_1_0_split -> Mconv5_stage3_L2_1_Mprelu5_stage3_L2_1_0_split_0
I0923 17:44:29.497557 2164736 net.cpp:382] Mconv5_stage3_L2_1_Mprelu5_stage3_L2_1_0_split -> Mconv5_stage3_L2_1_Mprelu5_stage3_L2_1_0_split_1
I0923 17:44:29.497565 2164736 net.cpp:124] Setting up Mconv5_stage3_L2_1_Mprelu5_stage3_L2_1_0_split
I0923 17:44:29.497565 2164736 net.cpp:131] Top shape: 1 128 2 2 (512)
I0923 17:44:29.497566 2164736 net.cpp:131] Top shape: 1 128 2 2 (512)
I0923 17:44:29.497567 2164736 net.cpp:139] Memory required for data: 1154432
I0923 17:44:29.497568 2164736 layer_factory.hpp:77] Creating layer Mconv5_stage3_L2_2
I0923 17:44:29.497571 2164736 net.cpp:86] Creating Layer Mconv5_stage3_L2_2
I0923 17:44:29.497572 2164736 net.cpp:408] Mconv5_stage3_L2_2 <- Mconv5_stage3_L2_1_Mprelu5_stage3_L2_1_0_split_0
I0923 17:44:29.497574 2164736 net.cpp:382] Mconv5_stage3_L2_2 -> Mconv5_stage3_L2_2
I0923 17:44:29.505774 2164736 net.cpp:124] Setting up Mconv5_stage3_L2_2
I0923 17:44:29.505779 2164736 net.cpp:131] Top shape: 1 128 2 2 (512)
I0923 17:44:29.505780 2164736 net.cpp:139] Memory required for data: 1156480
I0923 17:44:29.505782 2164736 layer_factory.hpp:77] Creating layer Mprelu5_stage3_L2_2
I0923 17:44:29.505785 2164736 net.cpp:86] Creating Layer Mprelu5_stage3_L2_2
I0923 17:44:29.505787 2164736 net.cpp:408] Mprelu5_stage3_L2_2 <- Mconv5_stage3_L2_2
I0923 17:44:29.505789 2164736 net.cpp:369] Mprelu5_stage3_L2_2 -> Mconv5_stage3_L2_2 (in-place)
I0923 17:44:29.505810 2164736 net.cpp:124] Setting up Mprelu5_stage3_L2_2
I0923 17:44:29.505811 2164736 net.cpp:131] Top shape: 1 128 2 2 (512)
I0923 17:44:29.505812 2164736 net.cpp:139] Memory required for data: 1158528
I0923 17:44:29.505813 2164736 layer_factory.hpp:77] Creating layer Mconv5_stage3_L2_concat
I0923 17:44:29.505815 2164736 net.cpp:86] Creating Layer Mconv5_stage3_L2_concat
I0923 17:44:29.505817 2164736 net.cpp:408] Mconv5_stage3_L2_concat <- Mconv5_stage3_L2_0_Mprelu5_stage3_L2_0_0_split_1
I0923 17:44:29.505818 2164736 net.cpp:408] Mconv5_stage3_L2_concat <- Mconv5_stage3_L2_1_Mprelu5_stage3_L2_1_0_split_1
I0923 17:44:29.505820 2164736 net.cpp:408] Mconv5_stage3_L2_concat <- Mconv5_stage3_L2_2
I0923 17:44:29.505821 2164736 net.cpp:382] Mconv5_stage3_L2_concat -> Mconv5_stage3_L2_concat
I0923 17:44:29.505826 2164736 net.cpp:124] Setting up Mconv5_stage3_L2_concat
I0923 17:44:29.505827 2164736 net.cpp:131] Top shape: 1 384 2 2 (1536)
I0923 17:44:29.505829 2164736 net.cpp:139] Memory required for data: 1164672
I0923 17:44:29.505831 2164736 layer_factory.hpp:77] Creating layer Mconv6_stage3_L2
I0923 17:44:29.505832 2164736 net.cpp:86] Creating Layer Mconv6_stage3_L2
I0923 17:44:29.505833 2164736 net.cpp:408] Mconv6_stage3_L2 <- Mconv5_stage3_L2_concat
I0923 17:44:29.505836 2164736 net.cpp:382] Mconv6_stage3_L2 -> Mconv6_stage3_L2
I0923 17:44:29.514025 2164736 net.cpp:124] Setting up Mconv6_stage3_L2
I0923 17:44:29.514031 2164736 net.cpp:131] Top shape: 1 512 2 2 (2048)
I0923 17:44:29.514034 2164736 net.cpp:139] Memory required for data: 1172864
I0923 17:44:29.514035 2164736 layer_factory.hpp:77] Creating layer Mprelu6_stage3_L2
I0923 17:44:29.514038 2164736 net.cpp:86] Creating Layer Mprelu6_stage3_L2
I0923 17:44:29.514039 2164736 net.cpp:408] Mprelu6_stage3_L2 <- Mconv6_stage3_L2
I0923 17:44:29.514042 2164736 net.cpp:369] Mprelu6_stage3_L2 -> Mconv6_stage3_L2 (in-place)
I0923 17:44:29.514065 2164736 net.cpp:124] Setting up Mprelu6_stage3_L2
I0923 17:44:29.514065 2164736 net.cpp:131] Top shape: 1 512 2 2 (2048)
I0923 17:44:29.514066 2164736 net.cpp:139] Memory required for data: 1181056
I0923 17:44:29.514068 2164736 layer_factory.hpp:77] Creating layer Mconv7_stage3_L2
I0923 17:44:29.514070 2164736 net.cpp:86] Creating Layer Mconv7_stage3_L2
I0923 17:44:29.514071 2164736 net.cpp:408] Mconv7_stage3_L2 <- Mconv6_stage3_L2
I0923 17:44:29.514073 2164736 net.cpp:382] Mconv7_stage3_L2 -> Mconv7_stage3_L2
I0923 17:44:29.521963 2164736 net.cpp:124] Setting up Mconv7_stage3_L2
I0923 17:44:29.521968 2164736 net.cpp:131] Top shape: 1 52 2 2 (208)
I0923 17:44:29.521970 2164736 net.cpp:139] Memory required for data: 1181888
I0923 17:44:29.521972 2164736 layer_factory.hpp:77] Creating layer Mconv7_stage3_L2_Mconv7_stage3_L2_0_split
I0923 17:44:29.521975 2164736 net.cpp:86] Creating Layer Mconv7_stage3_L2_Mconv7_stage3_L2_0_split
I0923 17:44:29.521976 2164736 net.cpp:408] Mconv7_stage3_L2_Mconv7_stage3_L2_0_split <- Mconv7_stage3_L2
I0923 17:44:29.521979 2164736 net.cpp:382] Mconv7_stage3_L2_Mconv7_stage3_L2_0_split -> Mconv7_stage3_L2_Mconv7_stage3_L2_0_split_0
I0923 17:44:29.521982 2164736 net.cpp:382] Mconv7_stage3_L2_Mconv7_stage3_L2_0_split -> Mconv7_stage3_L2_Mconv7_stage3_L2_0_split_1
I0923 17:44:29.521984 2164736 net.cpp:382] Mconv7_stage3_L2_Mconv7_stage3_L2_0_split -> Mconv7_stage3_L2_Mconv7_stage3_L2_0_split_2
I0923 17:44:29.521996 2164736 net.cpp:124] Setting up Mconv7_stage3_L2_Mconv7_stage3_L2_0_split
I0923 17:44:29.521997 2164736 net.cpp:131] Top shape: 1 52 2 2 (208)
I0923 17:44:29.521999 2164736 net.cpp:131] Top shape: 1 52 2 2 (208)
I0923 17:44:29.522001 2164736 net.cpp:131] Top shape: 1 52 2 2 (208)
I0923 17:44:29.522001 2164736 net.cpp:139] Memory required for data: 1184384
I0923 17:44:29.522002 2164736 layer_factory.hpp:77] Creating layer concat_stage0_L1
I0923 17:44:29.522004 2164736 net.cpp:86] Creating Layer concat_stage0_L1
I0923 17:44:29.522006 2164736 net.cpp:408] concat_stage0_L1 <- conv4_4_CPM_prelu4_4_CPM_0_split_4
I0923 17:44:29.522007 2164736 net.cpp:408] concat_stage0_L1 <- Mconv7_stage3_L2_Mconv7_stage3_L2_0_split_0
I0923 17:44:29.522009 2164736 net.cpp:382] concat_stage0_L1 -> concat_stage0_L1
I0923 17:44:29.522013 2164736 net.cpp:124] Setting up concat_stage0_L1
I0923 17:44:29.522014 2164736 net.cpp:131] Top shape: 1 180 2 2 (720)
I0923 17:44:29.522017 2164736 net.cpp:139] Memory required for data: 1187264
I0923 17:44:29.522017 2164736 layer_factory.hpp:77] Creating layer Mconv1_stage0_L1_0
I0923 17:44:29.522019 2164736 net.cpp:86] Creating Layer Mconv1_stage0_L1_0
I0923 17:44:29.522022 2164736 net.cpp:408] Mconv1_stage0_L1_0 <- concat_stage0_L1
I0923 17:44:29.522023 2164736 net.cpp:382] Mconv1_stage0_L1_0 -> Mconv1_stage0_L1_0
I0923 17:44:29.531471 2164736 net.cpp:124] Setting up Mconv1_stage0_L1_0
I0923 17:44:29.531476 2164736 net.cpp:131] Top shape: 1 96 2 2 (384)
I0923 17:44:29.531477 2164736 net.cpp:139] Memory required for data: 1188800
I0923 17:44:29.531479 2164736 layer_factory.hpp:77] Creating layer Mprelu1_stage0_L1_0
I0923 17:44:29.531482 2164736 net.cpp:86] Creating Layer Mprelu1_stage0_L1_0
I0923 17:44:29.531483 2164736 net.cpp:408] Mprelu1_stage0_L1_0 <- Mconv1_stage0_L1_0
I0923 17:44:29.531486 2164736 net.cpp:369] Mprelu1_stage0_L1_0 -> Mconv1_stage0_L1_0 (in-place)
I0923 17:44:29.531509 2164736 net.cpp:124] Setting up Mprelu1_stage0_L1_0
I0923 17:44:29.531510 2164736 net.cpp:131] Top shape: 1 96 2 2 (384)
I0923 17:44:29.531512 2164736 net.cpp:139] Memory required for data: 1190336
I0923 17:44:29.531512 2164736 layer_factory.hpp:77] Creating layer Mconv1_stage0_L1_0_Mprelu1_stage0_L1_0_0_split
I0923 17:44:29.531515 2164736 net.cpp:86] Creating Layer Mconv1_stage0_L1_0_Mprelu1_stage0_L1_0_0_split
I0923 17:44:29.531517 2164736 net.cpp:408] Mconv1_stage0_L1_0_Mprelu1_stage0_L1_0_0_split <- Mconv1_stage0_L1_0
I0923 17:44:29.531517 2164736 net.cpp:382] Mconv1_stage0_L1_0_Mprelu1_stage0_L1_0_0_split -> Mconv1_stage0_L1_0_Mprelu1_stage0_L1_0_0_split_0
I0923 17:44:29.531520 2164736 net.cpp:382] Mconv1_stage0_L1_0_Mprelu1_stage0_L1_0_0_split -> Mconv1_stage0_L1_0_Mprelu1_stage0_L1_0_0_split_1
I0923 17:44:29.531527 2164736 net.cpp:124] Setting up Mconv1_stage0_L1_0_Mprelu1_stage0_L1_0_0_split
I0923 17:44:29.531528 2164736 net.cpp:131] Top shape: 1 96 2 2 (384)
I0923 17:44:29.531529 2164736 net.cpp:131] Top shape: 1 96 2 2 (384)
I0923 17:44:29.531530 2164736 net.cpp:139] Memory required for data: 1193408
I0923 17:44:29.531533 2164736 layer_factory.hpp:77] Creating layer Mconv1_stage0_L1_1
I0923 17:44:29.531534 2164736 net.cpp:86] Creating Layer Mconv1_stage0_L1_1
I0923 17:44:29.531535 2164736 net.cpp:408] Mconv1_stage0_L1_1 <- Mconv1_stage0_L1_0_Mprelu1_stage0_L1_0_0_split_0
I0923 17:44:29.531538 2164736 net.cpp:382] Mconv1_stage0_L1_1 -> Mconv1_stage0_L1_1
I0923 17:44:29.539568 2164736 net.cpp:124] Setting up Mconv1_stage0_L1_1
I0923 17:44:29.539573 2164736 net.cpp:131] Top shape: 1 96 2 2 (384)
I0923 17:44:29.539575 2164736 net.cpp:139] Memory required for data: 1194944
I0923 17:44:29.539578 2164736 layer_factory.hpp:77] Creating layer Mprelu1_stage0_L1_1
I0923 17:44:29.539580 2164736 net.cpp:86] Creating Layer Mprelu1_stage0_L1_1
I0923 17:44:29.539582 2164736 net.cpp:408] Mprelu1_stage0_L1_1 <- Mconv1_stage0_L1_1
I0923 17:44:29.539584 2164736 net.cpp:369] Mprelu1_stage0_L1_1 -> Mconv1_stage0_L1_1 (in-place)
I0923 17:44:29.539608 2164736 net.cpp:124] Setting up Mprelu1_stage0_L1_1
I0923 17:44:29.539609 2164736 net.cpp:131] Top shape: 1 96 2 2 (384)
I0923 17:44:29.539610 2164736 net.cpp:139] Memory required for data: 1196480
I0923 17:44:29.539611 2164736 layer_factory.hpp:77] Creating layer Mconv1_stage0_L1_1_Mprelu1_stage0_L1_1_0_split
I0923 17:44:29.539613 2164736 net.cpp:86] Creating Layer Mconv1_stage0_L1_1_Mprelu1_stage0_L1_1_0_split
I0923 17:44:29.539614 2164736 net.cpp:408] Mconv1_stage0_L1_1_Mprelu1_stage0_L1_1_0_split <- Mconv1_stage0_L1_1
I0923 17:44:29.539616 2164736 net.cpp:382] Mconv1_stage0_L1_1_Mprelu1_stage0_L1_1_0_split -> Mconv1_stage0_L1_1_Mprelu1_stage0_L1_1_0_split_0
I0923 17:44:29.539618 2164736 net.cpp:382] Mconv1_stage0_L1_1_Mprelu1_stage0_L1_1_0_split -> Mconv1_stage0_L1_1_Mprelu1_stage0_L1_1_0_split_1
I0923 17:44:29.539625 2164736 net.cpp:124] Setting up Mconv1_stage0_L1_1_Mprelu1_stage0_L1_1_0_split
I0923 17:44:29.539626 2164736 net.cpp:131] Top shape: 1 96 2 2 (384)
I0923 17:44:29.539628 2164736 net.cpp:131] Top shape: 1 96 2 2 (384)
I0923 17:44:29.539629 2164736 net.cpp:139] Memory required for data: 1199552
I0923 17:44:29.539630 2164736 layer_factory.hpp:77] Creating layer Mconv1_stage0_L1_2
I0923 17:44:29.539633 2164736 net.cpp:86] Creating Layer Mconv1_stage0_L1_2
I0923 17:44:29.539634 2164736 net.cpp:408] Mconv1_stage0_L1_2 <- Mconv1_stage0_L1_1_Mprelu1_stage0_L1_1_0_split_0
I0923 17:44:29.539636 2164736 net.cpp:382] Mconv1_stage0_L1_2 -> Mconv1_stage0_L1_2
I0923 17:44:29.547621 2164736 net.cpp:124] Setting up Mconv1_stage0_L1_2
I0923 17:44:29.547626 2164736 net.cpp:131] Top shape: 1 96 2 2 (384)
I0923 17:44:29.547628 2164736 net.cpp:139] Memory required for data: 1201088
I0923 17:44:29.547631 2164736 layer_factory.hpp:77] Creating layer Mprelu1_stage0_L1_2
I0923 17:44:29.547633 2164736 net.cpp:86] Creating Layer Mprelu1_stage0_L1_2
I0923 17:44:29.547636 2164736 net.cpp:408] Mprelu1_stage0_L1_2 <- Mconv1_stage0_L1_2
I0923 17:44:29.547637 2164736 net.cpp:369] Mprelu1_stage0_L1_2 -> Mconv1_stage0_L1_2 (in-place)
I0923 17:44:29.547660 2164736 net.cpp:124] Setting up Mprelu1_stage0_L1_2
I0923 17:44:29.547662 2164736 net.cpp:131] Top shape: 1 96 2 2 (384)
I0923 17:44:29.547662 2164736 net.cpp:139] Memory required for data: 1202624
I0923 17:44:29.547664 2164736 layer_factory.hpp:77] Creating layer Mconv1_stage0_L1_concat
I0923 17:44:29.547667 2164736 net.cpp:86] Creating Layer Mconv1_stage0_L1_concat
I0923 17:44:29.547667 2164736 net.cpp:408] Mconv1_stage0_L1_concat <- Mconv1_stage0_L1_0_Mprelu1_stage0_L1_0_0_split_1
I0923 17:44:29.547669 2164736 net.cpp:408] Mconv1_stage0_L1_concat <- Mconv1_stage0_L1_1_Mprelu1_stage0_L1_1_0_split_1
I0923 17:44:29.547670 2164736 net.cpp:408] Mconv1_stage0_L1_concat <- Mconv1_stage0_L1_2
I0923 17:44:29.547672 2164736 net.cpp:382] Mconv1_stage0_L1_concat -> Mconv1_stage0_L1_concat
I0923 17:44:29.547677 2164736 net.cpp:124] Setting up Mconv1_stage0_L1_concat
I0923 17:44:29.547678 2164736 net.cpp:131] Top shape: 1 288 2 2 (1152)
I0923 17:44:29.547680 2164736 net.cpp:139] Memory required for data: 1207232
I0923 17:44:29.547681 2164736 layer_factory.hpp:77] Creating layer Mconv2_stage0_L1_0
I0923 17:44:29.547683 2164736 net.cpp:86] Creating Layer Mconv2_stage0_L1_0
I0923 17:44:29.547684 2164736 net.cpp:408] Mconv2_stage0_L1_0 <- Mconv1_stage0_L1_concat
I0923 17:44:29.547686 2164736 net.cpp:382] Mconv2_stage0_L1_0 -> Mconv2_stage0_L1_0
I0923 17:44:29.556922 2164736 net.cpp:124] Setting up Mconv2_stage0_L1_0
I0923 17:44:29.556927 2164736 net.cpp:131] Top shape: 1 96 2 2 (384)
I0923 17:44:29.556929 2164736 net.cpp:139] Memory required for data: 1208768
I0923 17:44:29.556931 2164736 layer_factory.hpp:77] Creating layer Mprelu2_stage0_L1_0
I0923 17:44:29.556934 2164736 net.cpp:86] Creating Layer Mprelu2_stage0_L1_0
I0923 17:44:29.556936 2164736 net.cpp:408] Mprelu2_stage0_L1_0 <- Mconv2_stage0_L1_0
I0923 17:44:29.556938 2164736 net.cpp:369] Mprelu2_stage0_L1_0 -> Mconv2_stage0_L1_0 (in-place)
I0923 17:44:29.556962 2164736 net.cpp:124] Setting up Mprelu2_stage0_L1_0
I0923 17:44:29.556963 2164736 net.cpp:131] Top shape: 1 96 2 2 (384)
I0923 17:44:29.556964 2164736 net.cpp:139] Memory required for data: 1210304
I0923 17:44:29.556965 2164736 layer_factory.hpp:77] Creating layer Mconv2_stage0_L1_0_Mprelu2_stage0_L1_0_0_split
I0923 17:44:29.556967 2164736 net.cpp:86] Creating Layer Mconv2_stage0_L1_0_Mprelu2_stage0_L1_0_0_split
I0923 17:44:29.556969 2164736 net.cpp:408] Mconv2_stage0_L1_0_Mprelu2_stage0_L1_0_0_split <- Mconv2_stage0_L1_0
I0923 17:44:29.556970 2164736 net.cpp:382] Mconv2_stage0_L1_0_Mprelu2_stage0_L1_0_0_split -> Mconv2_stage0_L1_0_Mprelu2_stage0_L1_0_0_split_0
I0923 17:44:29.556973 2164736 net.cpp:382] Mconv2_stage0_L1_0_Mprelu2_stage0_L1_0_0_split -> Mconv2_stage0_L1_0_Mprelu2_stage0_L1_0_0_split_1
I0923 17:44:29.556980 2164736 net.cpp:124] Setting up Mconv2_stage0_L1_0_Mprelu2_stage0_L1_0_0_split
I0923 17:44:29.556981 2164736 net.cpp:131] Top shape: 1 96 2 2 (384)
I0923 17:44:29.556982 2164736 net.cpp:131] Top shape: 1 96 2 2 (384)
I0923 17:44:29.556983 2164736 net.cpp:139] Memory required for data: 1213376
I0923 17:44:29.556984 2164736 layer_factory.hpp:77] Creating layer Mconv2_stage0_L1_1
I0923 17:44:29.556986 2164736 net.cpp:86] Creating Layer Mconv2_stage0_L1_1
I0923 17:44:29.556988 2164736 net.cpp:408] Mconv2_stage0_L1_1 <- Mconv2_stage0_L1_0_Mprelu2_stage0_L1_0_0_split_0
I0923 17:44:29.556989 2164736 net.cpp:382] Mconv2_stage0_L1_1 -> Mconv2_stage0_L1_1
I0923 17:44:29.565825 2164736 net.cpp:124] Setting up Mconv2_stage0_L1_1
I0923 17:44:29.565831 2164736 net.cpp:131] Top shape: 1 96 2 2 (384)
I0923 17:44:29.565833 2164736 net.cpp:139] Memory required for data: 1214912
I0923 17:44:29.565835 2164736 layer_factory.hpp:77] Creating layer Mprelu2_stage0_L1_1
I0923 17:44:29.565837 2164736 net.cpp:86] Creating Layer Mprelu2_stage0_L1_1
I0923 17:44:29.565840 2164736 net.cpp:408] Mprelu2_stage0_L1_1 <- Mconv2_stage0_L1_1
I0923 17:44:29.565841 2164736 net.cpp:369] Mprelu2_stage0_L1_1 -> Mconv2_stage0_L1_1 (in-place)
I0923 17:44:29.565864 2164736 net.cpp:124] Setting up Mprelu2_stage0_L1_1
I0923 17:44:29.565865 2164736 net.cpp:131] Top shape: 1 96 2 2 (384)
I0923 17:44:29.565866 2164736 net.cpp:139] Memory required for data: 1216448
I0923 17:44:29.565867 2164736 layer_factory.hpp:77] Creating layer Mconv2_stage0_L1_1_Mprelu2_stage0_L1_1_0_split
I0923 17:44:29.565869 2164736 net.cpp:86] Creating Layer Mconv2_stage0_L1_1_Mprelu2_stage0_L1_1_0_split
I0923 17:44:29.565871 2164736 net.cpp:408] Mconv2_stage0_L1_1_Mprelu2_stage0_L1_1_0_split <- Mconv2_stage0_L1_1
I0923 17:44:29.565872 2164736 net.cpp:382] Mconv2_stage0_L1_1_Mprelu2_stage0_L1_1_0_split -> Mconv2_stage0_L1_1_Mprelu2_stage0_L1_1_0_split_0
I0923 17:44:29.565874 2164736 net.cpp:382] Mconv2_stage0_L1_1_Mprelu2_stage0_L1_1_0_split -> Mconv2_stage0_L1_1_Mprelu2_stage0_L1_1_0_split_1
I0923 17:44:29.565881 2164736 net.cpp:124] Setting up Mconv2_stage0_L1_1_Mprelu2_stage0_L1_1_0_split
I0923 17:44:29.565883 2164736 net.cpp:131] Top shape: 1 96 2 2 (384)
I0923 17:44:29.565884 2164736 net.cpp:131] Top shape: 1 96 2 2 (384)
I0923 17:44:29.565886 2164736 net.cpp:139] Memory required for data: 1219520
I0923 17:44:29.565886 2164736 layer_factory.hpp:77] Creating layer Mconv2_stage0_L1_2
I0923 17:44:29.565888 2164736 net.cpp:86] Creating Layer Mconv2_stage0_L1_2
I0923 17:44:29.565891 2164736 net.cpp:408] Mconv2_stage0_L1_2 <- Mconv2_stage0_L1_1_Mprelu2_stage0_L1_1_0_split_0
I0923 17:44:29.565891 2164736 net.cpp:382] Mconv2_stage0_L1_2 -> Mconv2_stage0_L1_2
I0923 17:44:29.576243 2164736 net.cpp:124] Setting up Mconv2_stage0_L1_2
I0923 17:44:29.576248 2164736 net.cpp:131] Top shape: 1 96 2 2 (384)
I0923 17:44:29.576251 2164736 net.cpp:139] Memory required for data: 1221056
I0923 17:44:29.576252 2164736 layer_factory.hpp:77] Creating layer Mprelu2_stage0_L1_2
I0923 17:44:29.576254 2164736 net.cpp:86] Creating Layer Mprelu2_stage0_L1_2
I0923 17:44:29.576256 2164736 net.cpp:408] Mprelu2_stage0_L1_2 <- Mconv2_stage0_L1_2
I0923 17:44:29.576258 2164736 net.cpp:369] Mprelu2_stage0_L1_2 -> Mconv2_stage0_L1_2 (in-place)
I0923 17:44:29.576280 2164736 net.cpp:124] Setting up Mprelu2_stage0_L1_2
I0923 17:44:29.576282 2164736 net.cpp:131] Top shape: 1 96 2 2 (384)
I0923 17:44:29.576282 2164736 net.cpp:139] Memory required for data: 1222592
I0923 17:44:29.576283 2164736 layer_factory.hpp:77] Creating layer Mconv2_stage0_L1_concat
I0923 17:44:29.576287 2164736 net.cpp:86] Creating Layer Mconv2_stage0_L1_concat
I0923 17:44:29.576287 2164736 net.cpp:408] Mconv2_stage0_L1_concat <- Mconv2_stage0_L1_0_Mprelu2_stage0_L1_0_0_split_1
I0923 17:44:29.576288 2164736 net.cpp:408] Mconv2_stage0_L1_concat <- Mconv2_stage0_L1_1_Mprelu2_stage0_L1_1_0_split_1
I0923 17:44:29.576290 2164736 net.cpp:408] Mconv2_stage0_L1_concat <- Mconv2_stage0_L1_2
I0923 17:44:29.576292 2164736 net.cpp:382] Mconv2_stage0_L1_concat -> Mconv2_stage0_L1_concat
I0923 17:44:29.576296 2164736 net.cpp:124] Setting up Mconv2_stage0_L1_concat
I0923 17:44:29.576298 2164736 net.cpp:131] Top shape: 1 288 2 2 (1152)
I0923 17:44:29.576299 2164736 net.cpp:139] Memory required for data: 1227200
I0923 17:44:29.576300 2164736 layer_factory.hpp:77] Creating layer Mconv3_stage0_L1_0
I0923 17:44:29.576303 2164736 net.cpp:86] Creating Layer Mconv3_stage0_L1_0
I0923 17:44:29.576304 2164736 net.cpp:408] Mconv3_stage0_L1_0 <- Mconv2_stage0_L1_concat
I0923 17:44:29.576306 2164736 net.cpp:382] Mconv3_stage0_L1_0 -> Mconv3_stage0_L1_0
I0923 17:44:29.584323 2164736 net.cpp:124] Setting up Mconv3_stage0_L1_0
I0923 17:44:29.584328 2164736 net.cpp:131] Top shape: 1 96 2 2 (384)
I0923 17:44:29.584331 2164736 net.cpp:139] Memory required for data: 1228736
I0923 17:44:29.584332 2164736 layer_factory.hpp:77] Creating layer Mprelu3_stage0_L1_0
I0923 17:44:29.584335 2164736 net.cpp:86] Creating Layer Mprelu3_stage0_L1_0
I0923 17:44:29.584337 2164736 net.cpp:408] Mprelu3_stage0_L1_0 <- Mconv3_stage0_L1_0
I0923 17:44:29.584339 2164736 net.cpp:369] Mprelu3_stage0_L1_0 -> Mconv3_stage0_L1_0 (in-place)
I0923 17:44:29.584362 2164736 net.cpp:124] Setting up Mprelu3_stage0_L1_0
I0923 17:44:29.584363 2164736 net.cpp:131] Top shape: 1 96 2 2 (384)
I0923 17:44:29.584364 2164736 net.cpp:139] Memory required for data: 1230272
I0923 17:44:29.584365 2164736 layer_factory.hpp:77] Creating layer Mconv3_stage0_L1_0_Mprelu3_stage0_L1_0_0_split
I0923 17:44:29.584367 2164736 net.cpp:86] Creating Layer Mconv3_stage0_L1_0_Mprelu3_stage0_L1_0_0_split
I0923 17:44:29.584369 2164736 net.cpp:408] Mconv3_stage0_L1_0_Mprelu3_stage0_L1_0_0_split <- Mconv3_stage0_L1_0
I0923 17:44:29.584370 2164736 net.cpp:382] Mconv3_stage0_L1_0_Mprelu3_stage0_L1_0_0_split -> Mconv3_stage0_L1_0_Mprelu3_stage0_L1_0_0_split_0
I0923 17:44:29.584373 2164736 net.cpp:382] Mconv3_stage0_L1_0_Mprelu3_stage0_L1_0_0_split -> Mconv3_stage0_L1_0_Mprelu3_stage0_L1_0_0_split_1
I0923 17:44:29.584380 2164736 net.cpp:124] Setting up Mconv3_stage0_L1_0_Mprelu3_stage0_L1_0_0_split
I0923 17:44:29.584381 2164736 net.cpp:131] Top shape: 1 96 2 2 (384)
I0923 17:44:29.584383 2164736 net.cpp:131] Top shape: 1 96 2 2 (384)
I0923 17:44:29.584383 2164736 net.cpp:139] Memory required for data: 1233344
I0923 17:44:29.584384 2164736 layer_factory.hpp:77] Creating layer Mconv3_stage0_L1_1
I0923 17:44:29.584388 2164736 net.cpp:86] Creating Layer Mconv3_stage0_L1_1
I0923 17:44:29.584388 2164736 net.cpp:408] Mconv3_stage0_L1_1 <- Mconv3_stage0_L1_0_Mprelu3_stage0_L1_0_0_split_0
I0923 17:44:29.584390 2164736 net.cpp:382] Mconv3_stage0_L1_1 -> Mconv3_stage0_L1_1
I0923 17:44:29.592353 2164736 net.cpp:124] Setting up Mconv3_stage0_L1_1
I0923 17:44:29.592358 2164736 net.cpp:131] Top shape: 1 96 2 2 (384)
I0923 17:44:29.592360 2164736 net.cpp:139] Memory required for data: 1234880
I0923 17:44:29.592362 2164736 layer_factory.hpp:77] Creating layer Mprelu3_stage0_L1_1
I0923 17:44:29.592365 2164736 net.cpp:86] Creating Layer Mprelu3_stage0_L1_1
I0923 17:44:29.592366 2164736 net.cpp:408] Mprelu3_stage0_L1_1 <- Mconv3_stage0_L1_1
I0923 17:44:29.592368 2164736 net.cpp:369] Mprelu3_stage0_L1_1 -> Mconv3_stage0_L1_1 (in-place)
I0923 17:44:29.592391 2164736 net.cpp:124] Setting up Mprelu3_stage0_L1_1
I0923 17:44:29.592392 2164736 net.cpp:131] Top shape: 1 96 2 2 (384)
I0923 17:44:29.592394 2164736 net.cpp:139] Memory required for data: 1236416
I0923 17:44:29.592396 2164736 layer_factory.hpp:77] Creating layer Mconv3_stage0_L1_1_Mprelu3_stage0_L1_1_0_split
I0923 17:44:29.592397 2164736 net.cpp:86] Creating Layer Mconv3_stage0_L1_1_Mprelu3_stage0_L1_1_0_split
I0923 17:44:29.592398 2164736 net.cpp:408] Mconv3_stage0_L1_1_Mprelu3_stage0_L1_1_0_split <- Mconv3_stage0_L1_1
I0923 17:44:29.592401 2164736 net.cpp:382] Mconv3_stage0_L1_1_Mprelu3_stage0_L1_1_0_split -> Mconv3_stage0_L1_1_Mprelu3_stage0_L1_1_0_split_0
I0923 17:44:29.592402 2164736 net.cpp:382] Mconv3_stage0_L1_1_Mprelu3_stage0_L1_1_0_split -> Mconv3_stage0_L1_1_Mprelu3_stage0_L1_1_0_split_1
I0923 17:44:29.592409 2164736 net.cpp:124] Setting up Mconv3_stage0_L1_1_Mprelu3_stage0_L1_1_0_split
I0923 17:44:29.592411 2164736 net.cpp:131] Top shape: 1 96 2 2 (384)
I0923 17:44:29.592412 2164736 net.cpp:131] Top shape: 1 96 2 2 (384)
I0923 17:44:29.592413 2164736 net.cpp:139] Memory required for data: 1239488
I0923 17:44:29.592414 2164736 layer_factory.hpp:77] Creating layer Mconv3_stage0_L1_2
I0923 17:44:29.592417 2164736 net.cpp:86] Creating Layer Mconv3_stage0_L1_2
I0923 17:44:29.592418 2164736 net.cpp:408] Mconv3_stage0_L1_2 <- Mconv3_stage0_L1_1_Mprelu3_stage0_L1_1_0_split_0
I0923 17:44:29.592420 2164736 net.cpp:382] Mconv3_stage0_L1_2 -> Mconv3_stage0_L1_2
I0923 17:44:29.601338 2164736 net.cpp:124] Setting up Mconv3_stage0_L1_2
I0923 17:44:29.601343 2164736 net.cpp:131] Top shape: 1 96 2 2 (384)
I0923 17:44:29.601346 2164736 net.cpp:139] Memory required for data: 1241024
I0923 17:44:29.601347 2164736 layer_factory.hpp:77] Creating layer Mprelu3_stage0_L1_2
I0923 17:44:29.601349 2164736 net.cpp:86] Creating Layer Mprelu3_stage0_L1_2
I0923 17:44:29.601351 2164736 net.cpp:408] Mprelu3_stage0_L1_2 <- Mconv3_stage0_L1_2
I0923 17:44:29.601353 2164736 net.cpp:369] Mprelu3_stage0_L1_2 -> Mconv3_stage0_L1_2 (in-place)
I0923 17:44:29.601377 2164736 net.cpp:124] Setting up Mprelu3_stage0_L1_2
I0923 17:44:29.601378 2164736 net.cpp:131] Top shape: 1 96 2 2 (384)
I0923 17:44:29.601379 2164736 net.cpp:139] Memory required for data: 1242560
I0923 17:44:29.601380 2164736 layer_factory.hpp:77] Creating layer Mconv3_stage0_L1_concat
I0923 17:44:29.601382 2164736 net.cpp:86] Creating Layer Mconv3_stage0_L1_concat
I0923 17:44:29.601384 2164736 net.cpp:408] Mconv3_stage0_L1_concat <- Mconv3_stage0_L1_0_Mprelu3_stage0_L1_0_0_split_1
I0923 17:44:29.601385 2164736 net.cpp:408] Mconv3_stage0_L1_concat <- Mconv3_stage0_L1_1_Mprelu3_stage0_L1_1_0_split_1
I0923 17:44:29.601387 2164736 net.cpp:408] Mconv3_stage0_L1_concat <- Mconv3_stage0_L1_2
I0923 17:44:29.601388 2164736 net.cpp:382] Mconv3_stage0_L1_concat -> Mconv3_stage0_L1_concat
I0923 17:44:29.601393 2164736 net.cpp:124] Setting up Mconv3_stage0_L1_concat
I0923 17:44:29.601394 2164736 net.cpp:131] Top shape: 1 288 2 2 (1152)
I0923 17:44:29.601397 2164736 net.cpp:139] Memory required for data: 1247168
I0923 17:44:29.601397 2164736 layer_factory.hpp:77] Creating layer Mconv4_stage0_L1_0
I0923 17:44:29.601400 2164736 net.cpp:86] Creating Layer Mconv4_stage0_L1_0
I0923 17:44:29.601401 2164736 net.cpp:408] Mconv4_stage0_L1_0 <- Mconv3_stage0_L1_concat
I0923 17:44:29.601403 2164736 net.cpp:382] Mconv4_stage0_L1_0 -> Mconv4_stage0_L1_0
I0923 17:44:29.609295 2164736 net.cpp:124] Setting up Mconv4_stage0_L1_0
I0923 17:44:29.609300 2164736 net.cpp:131] Top shape: 1 96 2 2 (384)
I0923 17:44:29.609302 2164736 net.cpp:139] Memory required for data: 1248704
I0923 17:44:29.609304 2164736 layer_factory.hpp:77] Creating layer Mprelu4_stage0_L1_0
I0923 17:44:29.609308 2164736 net.cpp:86] Creating Layer Mprelu4_stage0_L1_0
I0923 17:44:29.609309 2164736 net.cpp:408] Mprelu4_stage0_L1_0 <- Mconv4_stage0_L1_0
I0923 17:44:29.609311 2164736 net.cpp:369] Mprelu4_stage0_L1_0 -> Mconv4_stage0_L1_0 (in-place)
I0923 17:44:29.609334 2164736 net.cpp:124] Setting up Mprelu4_stage0_L1_0
I0923 17:44:29.609336 2164736 net.cpp:131] Top shape: 1 96 2 2 (384)
I0923 17:44:29.609337 2164736 net.cpp:139] Memory required for data: 1250240
I0923 17:44:29.609341 2164736 layer_factory.hpp:77] Creating layer Mconv4_stage0_L1_0_Mprelu4_stage0_L1_0_0_split
I0923 17:44:29.609344 2164736 net.cpp:86] Creating Layer Mconv4_stage0_L1_0_Mprelu4_stage0_L1_0_0_split
I0923 17:44:29.609344 2164736 net.cpp:408] Mconv4_stage0_L1_0_Mprelu4_stage0_L1_0_0_split <- Mconv4_stage0_L1_0
I0923 17:44:29.609346 2164736 net.cpp:382] Mconv4_stage0_L1_0_Mprelu4_stage0_L1_0_0_split -> Mconv4_stage0_L1_0_Mprelu4_stage0_L1_0_0_split_0
I0923 17:44:29.609349 2164736 net.cpp:382] Mconv4_stage0_L1_0_Mprelu4_stage0_L1_0_0_split -> Mconv4_stage0_L1_0_Mprelu4_stage0_L1_0_0_split_1
I0923 17:44:29.609355 2164736 net.cpp:124] Setting up Mconv4_stage0_L1_0_Mprelu4_stage0_L1_0_0_split
I0923 17:44:29.609357 2164736 net.cpp:131] Top shape: 1 96 2 2 (384)
I0923 17:44:29.609359 2164736 net.cpp:131] Top shape: 1 96 2 2 (384)
I0923 17:44:29.609359 2164736 net.cpp:139] Memory required for data: 1253312
I0923 17:44:29.609360 2164736 layer_factory.hpp:77] Creating layer Mconv4_stage0_L1_1
I0923 17:44:29.609366 2164736 net.cpp:86] Creating Layer Mconv4_stage0_L1_1
I0923 17:44:29.609367 2164736 net.cpp:408] Mconv4_stage0_L1_1 <- Mconv4_stage0_L1_0_Mprelu4_stage0_L1_0_0_split_0
I0923 17:44:29.609369 2164736 net.cpp:382] Mconv4_stage0_L1_1 -> Mconv4_stage0_L1_1
I0923 17:44:29.617199 2164736 net.cpp:124] Setting up Mconv4_stage0_L1_1
I0923 17:44:29.617204 2164736 net.cpp:131] Top shape: 1 96 2 2 (384)
I0923 17:44:29.617206 2164736 net.cpp:139] Memory required for data: 1254848
I0923 17:44:29.617208 2164736 layer_factory.hpp:77] Creating layer Mprelu4_stage0_L1_1
I0923 17:44:29.617211 2164736 net.cpp:86] Creating Layer Mprelu4_stage0_L1_1
I0923 17:44:29.617213 2164736 net.cpp:408] Mprelu4_stage0_L1_1 <- Mconv4_stage0_L1_1
I0923 17:44:29.617214 2164736 net.cpp:369] Mprelu4_stage0_L1_1 -> Mconv4_stage0_L1_1 (in-place)
I0923 17:44:29.617238 2164736 net.cpp:124] Setting up Mprelu4_stage0_L1_1
I0923 17:44:29.617239 2164736 net.cpp:131] Top shape: 1 96 2 2 (384)
I0923 17:44:29.617240 2164736 net.cpp:139] Memory required for data: 1256384
I0923 17:44:29.617241 2164736 layer_factory.hpp:77] Creating layer Mconv4_stage0_L1_1_Mprelu4_stage0_L1_1_0_split
I0923 17:44:29.617244 2164736 net.cpp:86] Creating Layer Mconv4_stage0_L1_1_Mprelu4_stage0_L1_1_0_split
I0923 17:44:29.617244 2164736 net.cpp:408] Mconv4_stage0_L1_1_Mprelu4_stage0_L1_1_0_split <- Mconv4_stage0_L1_1
I0923 17:44:29.617246 2164736 net.cpp:382] Mconv4_stage0_L1_1_Mprelu4_stage0_L1_1_0_split -> Mconv4_stage0_L1_1_Mprelu4_stage0_L1_1_0_split_0
I0923 17:44:29.617249 2164736 net.cpp:382] Mconv4_stage0_L1_1_Mprelu4_stage0_L1_1_0_split -> Mconv4_stage0_L1_1_Mprelu4_stage0_L1_1_0_split_1
I0923 17:44:29.617255 2164736 net.cpp:124] Setting up Mconv4_stage0_L1_1_Mprelu4_stage0_L1_1_0_split
I0923 17:44:29.617257 2164736 net.cpp:131] Top shape: 1 96 2 2 (384)
I0923 17:44:29.617259 2164736 net.cpp:131] Top shape: 1 96 2 2 (384)
I0923 17:44:29.617259 2164736 net.cpp:139] Memory required for data: 1259456
I0923 17:44:29.617260 2164736 layer_factory.hpp:77] Creating layer Mconv4_stage0_L1_2
I0923 17:44:29.617262 2164736 net.cpp:86] Creating Layer Mconv4_stage0_L1_2
I0923 17:44:29.617264 2164736 net.cpp:408] Mconv4_stage0_L1_2 <- Mconv4_stage0_L1_1_Mprelu4_stage0_L1_1_0_split_0
I0923 17:44:29.617266 2164736 net.cpp:382] Mconv4_stage0_L1_2 -> Mconv4_stage0_L1_2
I0923 17:44:29.625249 2164736 net.cpp:124] Setting up Mconv4_stage0_L1_2
I0923 17:44:29.625254 2164736 net.cpp:131] Top shape: 1 96 2 2 (384)
I0923 17:44:29.625257 2164736 net.cpp:139] Memory required for data: 1260992
I0923 17:44:29.625258 2164736 layer_factory.hpp:77] Creating layer Mprelu4_stage0_L1_2
I0923 17:44:29.625262 2164736 net.cpp:86] Creating Layer Mprelu4_stage0_L1_2
I0923 17:44:29.625263 2164736 net.cpp:408] Mprelu4_stage0_L1_2 <- Mconv4_stage0_L1_2
I0923 17:44:29.625265 2164736 net.cpp:369] Mprelu4_stage0_L1_2 -> Mconv4_stage0_L1_2 (in-place)
I0923 17:44:29.625290 2164736 net.cpp:124] Setting up Mprelu4_stage0_L1_2
I0923 17:44:29.625291 2164736 net.cpp:131] Top shape: 1 96 2 2 (384)
I0923 17:44:29.625293 2164736 net.cpp:139] Memory required for data: 1262528
I0923 17:44:29.625294 2164736 layer_factory.hpp:77] Creating layer Mconv4_stage0_L1_concat
I0923 17:44:29.625296 2164736 net.cpp:86] Creating Layer Mconv4_stage0_L1_concat
I0923 17:44:29.625298 2164736 net.cpp:408] Mconv4_stage0_L1_concat <- Mconv4_stage0_L1_0_Mprelu4_stage0_L1_0_0_split_1
I0923 17:44:29.625298 2164736 net.cpp:408] Mconv4_stage0_L1_concat <- Mconv4_stage0_L1_1_Mprelu4_stage0_L1_1_0_split_1
I0923 17:44:29.625300 2164736 net.cpp:408] Mconv4_stage0_L1_concat <- Mconv4_stage0_L1_2
I0923 17:44:29.625301 2164736 net.cpp:382] Mconv4_stage0_L1_concat -> Mconv4_stage0_L1_concat
I0923 17:44:29.625308 2164736 net.cpp:124] Setting up Mconv4_stage0_L1_concat
I0923 17:44:29.625308 2164736 net.cpp:131] Top shape: 1 288 2 2 (1152)
I0923 17:44:29.625310 2164736 net.cpp:139] Memory required for data: 1267136
I0923 17:44:29.625311 2164736 layer_factory.hpp:77] Creating layer Mconv5_stage0_L1_0
I0923 17:44:29.625313 2164736 net.cpp:86] Creating Layer Mconv5_stage0_L1_0
I0923 17:44:29.625314 2164736 net.cpp:408] Mconv5_stage0_L1_0 <- Mconv4_stage0_L1_concat
I0923 17:44:29.625316 2164736 net.cpp:382] Mconv5_stage0_L1_0 -> Mconv5_stage0_L1_0
I0923 17:44:29.637425 2164736 net.cpp:124] Setting up Mconv5_stage0_L1_0
I0923 17:44:29.637430 2164736 net.cpp:131] Top shape: 1 96 2 2 (384)
I0923 17:44:29.637432 2164736 net.cpp:139] Memory required for data: 1268672
I0923 17:44:29.637434 2164736 layer_factory.hpp:77] Creating layer Mprelu5_stage0_L1_0
I0923 17:44:29.637437 2164736 net.cpp:86] Creating Layer Mprelu5_stage0_L1_0
I0923 17:44:29.637439 2164736 net.cpp:408] Mprelu5_stage0_L1_0 <- Mconv5_stage0_L1_0
I0923 17:44:29.637441 2164736 net.cpp:369] Mprelu5_stage0_L1_0 -> Mconv5_stage0_L1_0 (in-place)
I0923 17:44:29.637466 2164736 net.cpp:124] Setting up Mprelu5_stage0_L1_0
I0923 17:44:29.637467 2164736 net.cpp:131] Top shape: 1 96 2 2 (384)
I0923 17:44:29.637468 2164736 net.cpp:139] Memory required for data: 1270208
I0923 17:44:29.637470 2164736 layer_factory.hpp:77] Creating layer Mconv5_stage0_L1_0_Mprelu5_stage0_L1_0_0_split
I0923 17:44:29.637472 2164736 net.cpp:86] Creating Layer Mconv5_stage0_L1_0_Mprelu5_stage0_L1_0_0_split
I0923 17:44:29.637473 2164736 net.cpp:408] Mconv5_stage0_L1_0_Mprelu5_stage0_L1_0_0_split <- Mconv5_stage0_L1_0
I0923 17:44:29.637475 2164736 net.cpp:382] Mconv5_stage0_L1_0_Mprelu5_stage0_L1_0_0_split -> Mconv5_stage0_L1_0_Mprelu5_stage0_L1_0_0_split_0
I0923 17:44:29.637477 2164736 net.cpp:382] Mconv5_stage0_L1_0_Mprelu5_stage0_L1_0_0_split -> Mconv5_stage0_L1_0_Mprelu5_stage0_L1_0_0_split_1
I0923 17:44:29.637485 2164736 net.cpp:124] Setting up Mconv5_stage0_L1_0_Mprelu5_stage0_L1_0_0_split
I0923 17:44:29.637486 2164736 net.cpp:131] Top shape: 1 96 2 2 (384)
I0923 17:44:29.637487 2164736 net.cpp:131] Top shape: 1 96 2 2 (384)
I0923 17:44:29.637488 2164736 net.cpp:139] Memory required for data: 1273280
I0923 17:44:29.637490 2164736 layer_factory.hpp:77] Creating layer Mconv5_stage0_L1_1
I0923 17:44:29.637492 2164736 net.cpp:86] Creating Layer Mconv5_stage0_L1_1
I0923 17:44:29.637493 2164736 net.cpp:408] Mconv5_stage0_L1_1 <- Mconv5_stage0_L1_0_Mprelu5_stage0_L1_0_0_split_0
I0923 17:44:29.637495 2164736 net.cpp:382] Mconv5_stage0_L1_1 -> Mconv5_stage0_L1_1
I0923 17:44:29.645591 2164736 net.cpp:124] Setting up Mconv5_stage0_L1_1
I0923 17:44:29.645596 2164736 net.cpp:131] Top shape: 1 96 2 2 (384)
I0923 17:44:29.645598 2164736 net.cpp:139] Memory required for data: 1274816
I0923 17:44:29.645601 2164736 layer_factory.hpp:77] Creating layer Mprelu5_stage0_L1_1
I0923 17:44:29.645603 2164736 net.cpp:86] Creating Layer Mprelu5_stage0_L1_1
I0923 17:44:29.645604 2164736 net.cpp:408] Mprelu5_stage0_L1_1 <- Mconv5_stage0_L1_1
I0923 17:44:29.645607 2164736 net.cpp:369] Mprelu5_stage0_L1_1 -> Mconv5_stage0_L1_1 (in-place)
I0923 17:44:29.645630 2164736 net.cpp:124] Setting up Mprelu5_stage0_L1_1
I0923 17:44:29.645632 2164736 net.cpp:131] Top shape: 1 96 2 2 (384)
I0923 17:44:29.645633 2164736 net.cpp:139] Memory required for data: 1276352
I0923 17:44:29.645634 2164736 layer_factory.hpp:77] Creating layer Mconv5_stage0_L1_1_Mprelu5_stage0_L1_1_0_split
I0923 17:44:29.645637 2164736 net.cpp:86] Creating Layer Mconv5_stage0_L1_1_Mprelu5_stage0_L1_1_0_split
I0923 17:44:29.645637 2164736 net.cpp:408] Mconv5_stage0_L1_1_Mprelu5_stage0_L1_1_0_split <- Mconv5_stage0_L1_1
I0923 17:44:29.645639 2164736 net.cpp:382] Mconv5_stage0_L1_1_Mprelu5_stage0_L1_1_0_split -> Mconv5_stage0_L1_1_Mprelu5_stage0_L1_1_0_split_0
I0923 17:44:29.645641 2164736 net.cpp:382] Mconv5_stage0_L1_1_Mprelu5_stage0_L1_1_0_split -> Mconv5_stage0_L1_1_Mprelu5_stage0_L1_1_0_split_1
I0923 17:44:29.645648 2164736 net.cpp:124] Setting up Mconv5_stage0_L1_1_Mprelu5_stage0_L1_1_0_split
I0923 17:44:29.645649 2164736 net.cpp:131] Top shape: 1 96 2 2 (384)
I0923 17:44:29.645651 2164736 net.cpp:131] Top shape: 1 96 2 2 (384)
I0923 17:44:29.645653 2164736 net.cpp:139] Memory required for data: 1279424
I0923 17:44:29.645653 2164736 layer_factory.hpp:77] Creating layer Mconv5_stage0_L1_2
I0923 17:44:29.645655 2164736 net.cpp:86] Creating Layer Mconv5_stage0_L1_2
I0923 17:44:29.645658 2164736 net.cpp:408] Mconv5_stage0_L1_2 <- Mconv5_stage0_L1_1_Mprelu5_stage0_L1_1_0_split_0
I0923 17:44:29.645658 2164736 net.cpp:382] Mconv5_stage0_L1_2 -> Mconv5_stage0_L1_2
I0923 17:44:29.654655 2164736 net.cpp:124] Setting up Mconv5_stage0_L1_2
I0923 17:44:29.654660 2164736 net.cpp:131] Top shape: 1 96 2 2 (384)
I0923 17:44:29.654662 2164736 net.cpp:139] Memory required for data: 1280960
I0923 17:44:29.654664 2164736 layer_factory.hpp:77] Creating layer Mprelu5_stage0_L1_2
I0923 17:44:29.654667 2164736 net.cpp:86] Creating Layer Mprelu5_stage0_L1_2
I0923 17:44:29.654670 2164736 net.cpp:408] Mprelu5_stage0_L1_2 <- Mconv5_stage0_L1_2
I0923 17:44:29.654671 2164736 net.cpp:369] Mprelu5_stage0_L1_2 -> Mconv5_stage0_L1_2 (in-place)
I0923 17:44:29.654693 2164736 net.cpp:124] Setting up Mprelu5_stage0_L1_2
I0923 17:44:29.654695 2164736 net.cpp:131] Top shape: 1 96 2 2 (384)
I0923 17:44:29.654696 2164736 net.cpp:139] Memory required for data: 1282496
I0923 17:44:29.654697 2164736 layer_factory.hpp:77] Creating layer Mconv5_stage0_L1_concat
I0923 17:44:29.654699 2164736 net.cpp:86] Creating Layer Mconv5_stage0_L1_concat
I0923 17:44:29.654701 2164736 net.cpp:408] Mconv5_stage0_L1_concat <- Mconv5_stage0_L1_0_Mprelu5_stage0_L1_0_0_split_1
I0923 17:44:29.654702 2164736 net.cpp:408] Mconv5_stage0_L1_concat <- Mconv5_stage0_L1_1_Mprelu5_stage0_L1_1_0_split_1
I0923 17:44:29.654704 2164736 net.cpp:408] Mconv5_stage0_L1_concat <- Mconv5_stage0_L1_2
I0923 17:44:29.654706 2164736 net.cpp:382] Mconv5_stage0_L1_concat -> Mconv5_stage0_L1_concat
I0923 17:44:29.654711 2164736 net.cpp:124] Setting up Mconv5_stage0_L1_concat
I0923 17:44:29.654712 2164736 net.cpp:131] Top shape: 1 288 2 2 (1152)
I0923 17:44:29.654713 2164736 net.cpp:139] Memory required for data: 1287104
I0923 17:44:29.654714 2164736 layer_factory.hpp:77] Creating layer Mconv6_stage0_L1
I0923 17:44:29.654717 2164736 net.cpp:86] Creating Layer Mconv6_stage0_L1
I0923 17:44:29.654718 2164736 net.cpp:408] Mconv6_stage0_L1 <- Mconv5_stage0_L1_concat
I0923 17:44:29.654721 2164736 net.cpp:382] Mconv6_stage0_L1 -> Mconv6_stage0_L1
I0923 17:44:29.662420 2164736 net.cpp:124] Setting up Mconv6_stage0_L1
I0923 17:44:29.662425 2164736 net.cpp:131] Top shape: 1 256 2 2 (1024)
I0923 17:44:29.662428 2164736 net.cpp:139] Memory required for data: 1291200
I0923 17:44:29.662431 2164736 layer_factory.hpp:77] Creating layer Mprelu6_stage0_L1
I0923 17:44:29.662432 2164736 net.cpp:86] Creating Layer Mprelu6_stage0_L1
I0923 17:44:29.662434 2164736 net.cpp:408] Mprelu6_stage0_L1 <- Mconv6_stage0_L1
I0923 17:44:29.662436 2164736 net.cpp:369] Mprelu6_stage0_L1 -> Mconv6_stage0_L1 (in-place)
I0923 17:44:29.662459 2164736 net.cpp:124] Setting up Mprelu6_stage0_L1
I0923 17:44:29.662460 2164736 net.cpp:131] Top shape: 1 256 2 2 (1024)
I0923 17:44:29.662461 2164736 net.cpp:139] Memory required for data: 1295296
I0923 17:44:29.662463 2164736 layer_factory.hpp:77] Creating layer Mconv7_stage0_L1
I0923 17:44:29.662467 2164736 net.cpp:86] Creating Layer Mconv7_stage0_L1
I0923 17:44:29.662467 2164736 net.cpp:408] Mconv7_stage0_L1 <- Mconv6_stage0_L1
I0923 17:44:29.662468 2164736 net.cpp:382] Mconv7_stage0_L1 -> Mconv7_stage0_L1
I0923 17:44:29.670379 2164736 net.cpp:124] Setting up Mconv7_stage0_L1
I0923 17:44:29.670384 2164736 net.cpp:131] Top shape: 1 26 2 2 (104)
I0923 17:44:29.670387 2164736 net.cpp:139] Memory required for data: 1295712
I0923 17:44:29.670389 2164736 layer_factory.hpp:77] Creating layer concat_stage1_L1
I0923 17:44:29.670392 2164736 net.cpp:86] Creating Layer concat_stage1_L1
I0923 17:44:29.670393 2164736 net.cpp:408] concat_stage1_L1 <- conv4_4_CPM_prelu4_4_CPM_0_split_5
I0923 17:44:29.670395 2164736 net.cpp:408] concat_stage1_L1 <- Mconv7_stage0_L1
I0923 17:44:29.670396 2164736 net.cpp:408] concat_stage1_L1 <- Mconv7_stage3_L2_Mconv7_stage3_L2_0_split_1
I0923 17:44:29.670399 2164736 net.cpp:382] concat_stage1_L1 -> concat_stage1_L1
I0923 17:44:29.670408 2164736 net.cpp:124] Setting up concat_stage1_L1
I0923 17:44:29.670408 2164736 net.cpp:131] Top shape: 1 206 2 2 (824)
I0923 17:44:29.670409 2164736 net.cpp:139] Memory required for data: 1299008
I0923 17:44:29.670410 2164736 layer_factory.hpp:77] Creating layer Mconv1_stage1_L1_0
I0923 17:44:29.670414 2164736 net.cpp:86] Creating Layer Mconv1_stage1_L1_0
I0923 17:44:29.670415 2164736 net.cpp:408] Mconv1_stage1_L1_0 <- concat_stage1_L1
I0923 17:44:29.670418 2164736 net.cpp:382] Mconv1_stage1_L1_0 -> Mconv1_stage1_L1_0
I0923 17:44:29.680413 2164736 net.cpp:124] Setting up Mconv1_stage1_L1_0
I0923 17:44:29.680418 2164736 net.cpp:131] Top shape: 1 128 2 2 (512)
I0923 17:44:29.680419 2164736 net.cpp:139] Memory required for data: 1301056
I0923 17:44:29.680421 2164736 layer_factory.hpp:77] Creating layer Mprelu1_stage1_L1_0
I0923 17:44:29.680424 2164736 net.cpp:86] Creating Layer Mprelu1_stage1_L1_0
I0923 17:44:29.680426 2164736 net.cpp:408] Mprelu1_stage1_L1_0 <- Mconv1_stage1_L1_0
I0923 17:44:29.680428 2164736 net.cpp:369] Mprelu1_stage1_L1_0 -> Mconv1_stage1_L1_0 (in-place)
I0923 17:44:29.680451 2164736 net.cpp:124] Setting up Mprelu1_stage1_L1_0
I0923 17:44:29.680452 2164736 net.cpp:131] Top shape: 1 128 2 2 (512)
I0923 17:44:29.680454 2164736 net.cpp:139] Memory required for data: 1303104
I0923 17:44:29.680455 2164736 layer_factory.hpp:77] Creating layer Mconv1_stage1_L1_0_Mprelu1_stage1_L1_0_0_split
I0923 17:44:29.680457 2164736 net.cpp:86] Creating Layer Mconv1_stage1_L1_0_Mprelu1_stage1_L1_0_0_split
I0923 17:44:29.680459 2164736 net.cpp:408] Mconv1_stage1_L1_0_Mprelu1_stage1_L1_0_0_split <- Mconv1_stage1_L1_0
I0923 17:44:29.680460 2164736 net.cpp:382] Mconv1_stage1_L1_0_Mprelu1_stage1_L1_0_0_split -> Mconv1_stage1_L1_0_Mprelu1_stage1_L1_0_0_split_0
I0923 17:44:29.680462 2164736 net.cpp:382] Mconv1_stage1_L1_0_Mprelu1_stage1_L1_0_0_split -> Mconv1_stage1_L1_0_Mprelu1_stage1_L1_0_0_split_1
I0923 17:44:29.680469 2164736 net.cpp:124] Setting up Mconv1_stage1_L1_0_Mprelu1_stage1_L1_0_0_split
I0923 17:44:29.680470 2164736 net.cpp:131] Top shape: 1 128 2 2 (512)
I0923 17:44:29.680471 2164736 net.cpp:131] Top shape: 1 128 2 2 (512)
I0923 17:44:29.680473 2164736 net.cpp:139] Memory required for data: 1307200
I0923 17:44:29.680473 2164736 layer_factory.hpp:77] Creating layer Mconv1_stage1_L1_1
I0923 17:44:29.680476 2164736 net.cpp:86] Creating Layer Mconv1_stage1_L1_1
I0923 17:44:29.680477 2164736 net.cpp:408] Mconv1_stage1_L1_1 <- Mconv1_stage1_L1_0_Mprelu1_stage1_L1_0_0_split_0
I0923 17:44:29.680480 2164736 net.cpp:382] Mconv1_stage1_L1_1 -> Mconv1_stage1_L1_1
I0923 17:44:29.688416 2164736 net.cpp:124] Setting up Mconv1_stage1_L1_1
I0923 17:44:29.688421 2164736 net.cpp:131] Top shape: 1 128 2 2 (512)
I0923 17:44:29.688423 2164736 net.cpp:139] Memory required for data: 1309248
I0923 17:44:29.688426 2164736 layer_factory.hpp:77] Creating layer Mprelu1_stage1_L1_1
I0923 17:44:29.688428 2164736 net.cpp:86] Creating Layer Mprelu1_stage1_L1_1
I0923 17:44:29.688429 2164736 net.cpp:408] Mprelu1_stage1_L1_1 <- Mconv1_stage1_L1_1
I0923 17:44:29.688431 2164736 net.cpp:369] Mprelu1_stage1_L1_1 -> Mconv1_stage1_L1_1 (in-place)
I0923 17:44:29.688454 2164736 net.cpp:124] Setting up Mprelu1_stage1_L1_1
I0923 17:44:29.688455 2164736 net.cpp:131] Top shape: 1 128 2 2 (512)
I0923 17:44:29.688457 2164736 net.cpp:139] Memory required for data: 1311296
I0923 17:44:29.688457 2164736 layer_factory.hpp:77] Creating layer Mconv1_stage1_L1_1_Mprelu1_stage1_L1_1_0_split
I0923 17:44:29.688459 2164736 net.cpp:86] Creating Layer Mconv1_stage1_L1_1_Mprelu1_stage1_L1_1_0_split
I0923 17:44:29.688460 2164736 net.cpp:408] Mconv1_stage1_L1_1_Mprelu1_stage1_L1_1_0_split <- Mconv1_stage1_L1_1
I0923 17:44:29.688462 2164736 net.cpp:382] Mconv1_stage1_L1_1_Mprelu1_stage1_L1_1_0_split -> Mconv1_stage1_L1_1_Mprelu1_stage1_L1_1_0_split_0
I0923 17:44:29.688464 2164736 net.cpp:382] Mconv1_stage1_L1_1_Mprelu1_stage1_L1_1_0_split -> Mconv1_stage1_L1_1_Mprelu1_stage1_L1_1_0_split_1
I0923 17:44:29.688472 2164736 net.cpp:124] Setting up Mconv1_stage1_L1_1_Mprelu1_stage1_L1_1_0_split
I0923 17:44:29.688473 2164736 net.cpp:131] Top shape: 1 128 2 2 (512)
I0923 17:44:29.688474 2164736 net.cpp:131] Top shape: 1 128 2 2 (512)
I0923 17:44:29.688475 2164736 net.cpp:139] Memory required for data: 1315392
I0923 17:44:29.688476 2164736 layer_factory.hpp:77] Creating layer Mconv1_stage1_L1_2
I0923 17:44:29.688478 2164736 net.cpp:86] Creating Layer Mconv1_stage1_L1_2
I0923 17:44:29.688479 2164736 net.cpp:408] Mconv1_stage1_L1_2 <- Mconv1_stage1_L1_1_Mprelu1_stage1_L1_1_0_split_0
I0923 17:44:29.688481 2164736 net.cpp:382] Mconv1_stage1_L1_2 -> Mconv1_stage1_L1_2
I0923 17:44:29.698299 2164736 net.cpp:124] Setting up Mconv1_stage1_L1_2
I0923 17:44:29.698304 2164736 net.cpp:131] Top shape: 1 128 2 2 (512)
I0923 17:44:29.698307 2164736 net.cpp:139] Memory required for data: 1317440
I0923 17:44:29.698308 2164736 layer_factory.hpp:77] Creating layer Mprelu1_stage1_L1_2
I0923 17:44:29.698311 2164736 net.cpp:86] Creating Layer Mprelu1_stage1_L1_2
I0923 17:44:29.698313 2164736 net.cpp:408] Mprelu1_stage1_L1_2 <- Mconv1_stage1_L1_2
I0923 17:44:29.698315 2164736 net.cpp:369] Mprelu1_stage1_L1_2 -> Mconv1_stage1_L1_2 (in-place)
I0923 17:44:29.698338 2164736 net.cpp:124] Setting up Mprelu1_stage1_L1_2
I0923 17:44:29.698339 2164736 net.cpp:131] Top shape: 1 128 2 2 (512)
I0923 17:44:29.698340 2164736 net.cpp:139] Memory required for data: 1319488
I0923 17:44:29.698341 2164736 layer_factory.hpp:77] Creating layer Mconv1_stage1_L1_concat
I0923 17:44:29.698343 2164736 net.cpp:86] Creating Layer Mconv1_stage1_L1_concat
I0923 17:44:29.698345 2164736 net.cpp:408] Mconv1_stage1_L1_concat <- Mconv1_stage1_L1_0_Mprelu1_stage1_L1_0_0_split_1
I0923 17:44:29.698346 2164736 net.cpp:408] Mconv1_stage1_L1_concat <- Mconv1_stage1_L1_1_Mprelu1_stage1_L1_1_0_split_1
I0923 17:44:29.698347 2164736 net.cpp:408] Mconv1_stage1_L1_concat <- Mconv1_stage1_L1_2
I0923 17:44:29.698349 2164736 net.cpp:382] Mconv1_stage1_L1_concat -> Mconv1_stage1_L1_concat
I0923 17:44:29.698354 2164736 net.cpp:124] Setting up Mconv1_stage1_L1_concat
I0923 17:44:29.698356 2164736 net.cpp:131] Top shape: 1 384 2 2 (1536)
I0923 17:44:29.698357 2164736 net.cpp:139] Memory required for data: 1325632
I0923 17:44:29.698359 2164736 layer_factory.hpp:77] Creating layer Mconv2_stage1_L1_0
I0923 17:44:29.698361 2164736 net.cpp:86] Creating Layer Mconv2_stage1_L1_0
I0923 17:44:29.698362 2164736 net.cpp:408] Mconv2_stage1_L1_0 <- Mconv1_stage1_L1_concat
I0923 17:44:29.698364 2164736 net.cpp:382] Mconv2_stage1_L1_0 -> Mconv2_stage1_L1_0
I0923 17:44:29.707108 2164736 net.cpp:124] Setting up Mconv2_stage1_L1_0
I0923 17:44:29.707113 2164736 net.cpp:131] Top shape: 1 128 2 2 (512)
I0923 17:44:29.707115 2164736 net.cpp:139] Memory required for data: 1327680
I0923 17:44:29.707118 2164736 layer_factory.hpp:77] Creating layer Mprelu2_stage1_L1_0
I0923 17:44:29.707120 2164736 net.cpp:86] Creating Layer Mprelu2_stage1_L1_0
I0923 17:44:29.707122 2164736 net.cpp:408] Mprelu2_stage1_L1_0 <- Mconv2_stage1_L1_0
I0923 17:44:29.707124 2164736 net.cpp:369] Mprelu2_stage1_L1_0 -> Mconv2_stage1_L1_0 (in-place)
I0923 17:44:29.707147 2164736 net.cpp:124] Setting up Mprelu2_stage1_L1_0
I0923 17:44:29.707149 2164736 net.cpp:131] Top shape: 1 128 2 2 (512)
I0923 17:44:29.707150 2164736 net.cpp:139] Memory required for data: 1329728
I0923 17:44:29.707151 2164736 layer_factory.hpp:77] Creating layer Mconv2_stage1_L1_0_Mprelu2_stage1_L1_0_0_split
I0923 17:44:29.707154 2164736 net.cpp:86] Creating Layer Mconv2_stage1_L1_0_Mprelu2_stage1_L1_0_0_split
I0923 17:44:29.707154 2164736 net.cpp:408] Mconv2_stage1_L1_0_Mprelu2_stage1_L1_0_0_split <- Mconv2_stage1_L1_0
I0923 17:44:29.707156 2164736 net.cpp:382] Mconv2_stage1_L1_0_Mprelu2_stage1_L1_0_0_split -> Mconv2_stage1_L1_0_Mprelu2_stage1_L1_0_0_split_0
I0923 17:44:29.707158 2164736 net.cpp:382] Mconv2_stage1_L1_0_Mprelu2_stage1_L1_0_0_split -> Mconv2_stage1_L1_0_Mprelu2_stage1_L1_0_0_split_1
I0923 17:44:29.707165 2164736 net.cpp:124] Setting up Mconv2_stage1_L1_0_Mprelu2_stage1_L1_0_0_split
I0923 17:44:29.707166 2164736 net.cpp:131] Top shape: 1 128 2 2 (512)
I0923 17:44:29.707167 2164736 net.cpp:131] Top shape: 1 128 2 2 (512)
I0923 17:44:29.707170 2164736 net.cpp:139] Memory required for data: 1333824
I0923 17:44:29.707170 2164736 layer_factory.hpp:77] Creating layer Mconv2_stage1_L1_1
I0923 17:44:29.707172 2164736 net.cpp:86] Creating Layer Mconv2_stage1_L1_1
I0923 17:44:29.707173 2164736 net.cpp:408] Mconv2_stage1_L1_1 <- Mconv2_stage1_L1_0_Mprelu2_stage1_L1_0_0_split_0
I0923 17:44:29.707175 2164736 net.cpp:382] Mconv2_stage1_L1_1 -> Mconv2_stage1_L1_1
I0923 17:44:29.715318 2164736 net.cpp:124] Setting up Mconv2_stage1_L1_1
I0923 17:44:29.715323 2164736 net.cpp:131] Top shape: 1 128 2 2 (512)
I0923 17:44:29.715325 2164736 net.cpp:139] Memory required for data: 1335872
I0923 17:44:29.715327 2164736 layer_factory.hpp:77] Creating layer Mprelu2_stage1_L1_1
I0923 17:44:29.715330 2164736 net.cpp:86] Creating Layer Mprelu2_stage1_L1_1
I0923 17:44:29.715332 2164736 net.cpp:408] Mprelu2_stage1_L1_1 <- Mconv2_stage1_L1_1
I0923 17:44:29.715333 2164736 net.cpp:369] Mprelu2_stage1_L1_1 -> Mconv2_stage1_L1_1 (in-place)
I0923 17:44:29.715356 2164736 net.cpp:124] Setting up Mprelu2_stage1_L1_1
I0923 17:44:29.715358 2164736 net.cpp:131] Top shape: 1 128 2 2 (512)
I0923 17:44:29.715358 2164736 net.cpp:139] Memory required for data: 1337920
I0923 17:44:29.715359 2164736 layer_factory.hpp:77] Creating layer Mconv2_stage1_L1_1_Mprelu2_stage1_L1_1_0_split
I0923 17:44:29.715361 2164736 net.cpp:86] Creating Layer Mconv2_stage1_L1_1_Mprelu2_stage1_L1_1_0_split
I0923 17:44:29.715363 2164736 net.cpp:408] Mconv2_stage1_L1_1_Mprelu2_stage1_L1_1_0_split <- Mconv2_stage1_L1_1
I0923 17:44:29.715364 2164736 net.cpp:382] Mconv2_stage1_L1_1_Mprelu2_stage1_L1_1_0_split -> Mconv2_stage1_L1_1_Mprelu2_stage1_L1_1_0_split_0
I0923 17:44:29.715366 2164736 net.cpp:382] Mconv2_stage1_L1_1_Mprelu2_stage1_L1_1_0_split -> Mconv2_stage1_L1_1_Mprelu2_stage1_L1_1_0_split_1
I0923 17:44:29.715373 2164736 net.cpp:124] Setting up Mconv2_stage1_L1_1_Mprelu2_stage1_L1_1_0_split
I0923 17:44:29.715375 2164736 net.cpp:131] Top shape: 1 128 2 2 (512)
I0923 17:44:29.715376 2164736 net.cpp:131] Top shape: 1 128 2 2 (512)
I0923 17:44:29.715377 2164736 net.cpp:139] Memory required for data: 1342016
I0923 17:44:29.715378 2164736 layer_factory.hpp:77] Creating layer Mconv2_stage1_L1_2
I0923 17:44:29.715380 2164736 net.cpp:86] Creating Layer Mconv2_stage1_L1_2
I0923 17:44:29.715382 2164736 net.cpp:408] Mconv2_stage1_L1_2 <- Mconv2_stage1_L1_1_Mprelu2_stage1_L1_1_0_split_0
I0923 17:44:29.715384 2164736 net.cpp:382] Mconv2_stage1_L1_2 -> Mconv2_stage1_L1_2
I0923 17:44:29.723276 2164736 net.cpp:124] Setting up Mconv2_stage1_L1_2
I0923 17:44:29.723281 2164736 net.cpp:131] Top shape: 1 128 2 2 (512)
I0923 17:44:29.723284 2164736 net.cpp:139] Memory required for data: 1344064
I0923 17:44:29.723286 2164736 layer_factory.hpp:77] Creating layer Mprelu2_stage1_L1_2
I0923 17:44:29.723289 2164736 net.cpp:86] Creating Layer Mprelu2_stage1_L1_2
I0923 17:44:29.723290 2164736 net.cpp:408] Mprelu2_stage1_L1_2 <- Mconv2_stage1_L1_2
I0923 17:44:29.723292 2164736 net.cpp:369] Mprelu2_stage1_L1_2 -> Mconv2_stage1_L1_2 (in-place)
I0923 17:44:29.723315 2164736 net.cpp:124] Setting up Mprelu2_stage1_L1_2
I0923 17:44:29.723316 2164736 net.cpp:131] Top shape: 1 128 2 2 (512)
I0923 17:44:29.723317 2164736 net.cpp:139] Memory required for data: 1346112
I0923 17:44:29.723318 2164736 layer_factory.hpp:77] Creating layer Mconv2_stage1_L1_concat
I0923 17:44:29.723320 2164736 net.cpp:86] Creating Layer Mconv2_stage1_L1_concat
I0923 17:44:29.723321 2164736 net.cpp:408] Mconv2_stage1_L1_concat <- Mconv2_stage1_L1_0_Mprelu2_stage1_L1_0_0_split_1
I0923 17:44:29.723323 2164736 net.cpp:408] Mconv2_stage1_L1_concat <- Mconv2_stage1_L1_1_Mprelu2_stage1_L1_1_0_split_1
I0923 17:44:29.723325 2164736 net.cpp:408] Mconv2_stage1_L1_concat <- Mconv2_stage1_L1_2
I0923 17:44:29.723326 2164736 net.cpp:382] Mconv2_stage1_L1_concat -> Mconv2_stage1_L1_concat
I0923 17:44:29.723331 2164736 net.cpp:124] Setting up Mconv2_stage1_L1_concat
I0923 17:44:29.723332 2164736 net.cpp:131] Top shape: 1 384 2 2 (1536)
I0923 17:44:29.723335 2164736 net.cpp:139] Memory required for data: 1352256
I0923 17:44:29.723335 2164736 layer_factory.hpp:77] Creating layer Mconv3_stage1_L1_0
I0923 17:44:29.723337 2164736 net.cpp:86] Creating Layer Mconv3_stage1_L1_0
I0923 17:44:29.723338 2164736 net.cpp:408] Mconv3_stage1_L1_0 <- Mconv2_stage1_L1_concat
I0923 17:44:29.723340 2164736 net.cpp:382] Mconv3_stage1_L1_0 -> Mconv3_stage1_L1_0
I0923 17:44:29.733553 2164736 net.cpp:124] Setting up Mconv3_stage1_L1_0
I0923 17:44:29.733559 2164736 net.cpp:131] Top shape: 1 128 2 2 (512)
I0923 17:44:29.733561 2164736 net.cpp:139] Memory required for data: 1354304
I0923 17:44:29.733563 2164736 layer_factory.hpp:77] Creating layer Mprelu3_stage1_L1_0
I0923 17:44:29.733566 2164736 net.cpp:86] Creating Layer Mprelu3_stage1_L1_0
I0923 17:44:29.733567 2164736 net.cpp:408] Mprelu3_stage1_L1_0 <- Mconv3_stage1_L1_0
I0923 17:44:29.733569 2164736 net.cpp:369] Mprelu3_stage1_L1_0 -> Mconv3_stage1_L1_0 (in-place)
I0923 17:44:29.733592 2164736 net.cpp:124] Setting up Mprelu3_stage1_L1_0
I0923 17:44:29.733593 2164736 net.cpp:131] Top shape: 1 128 2 2 (512)
I0923 17:44:29.733594 2164736 net.cpp:139] Memory required for data: 1356352
I0923 17:44:29.733595 2164736 layer_factory.hpp:77] Creating layer Mconv3_stage1_L1_0_Mprelu3_stage1_L1_0_0_split
I0923 17:44:29.733597 2164736 net.cpp:86] Creating Layer Mconv3_stage1_L1_0_Mprelu3_stage1_L1_0_0_split
I0923 17:44:29.733598 2164736 net.cpp:408] Mconv3_stage1_L1_0_Mprelu3_stage1_L1_0_0_split <- Mconv3_stage1_L1_0
I0923 17:44:29.733600 2164736 net.cpp:382] Mconv3_stage1_L1_0_Mprelu3_stage1_L1_0_0_split -> Mconv3_stage1_L1_0_Mprelu3_stage1_L1_0_0_split_0
I0923 17:44:29.733603 2164736 net.cpp:382] Mconv3_stage1_L1_0_Mprelu3_stage1_L1_0_0_split -> Mconv3_stage1_L1_0_Mprelu3_stage1_L1_0_0_split_1
I0923 17:44:29.733609 2164736 net.cpp:124] Setting up Mconv3_stage1_L1_0_Mprelu3_stage1_L1_0_0_split
I0923 17:44:29.733610 2164736 net.cpp:131] Top shape: 1 128 2 2 (512)
I0923 17:44:29.733611 2164736 net.cpp:131] Top shape: 1 128 2 2 (512)
I0923 17:44:29.733613 2164736 net.cpp:139] Memory required for data: 1360448
I0923 17:44:29.733613 2164736 layer_factory.hpp:77] Creating layer Mconv3_stage1_L1_1
I0923 17:44:29.733616 2164736 net.cpp:86] Creating Layer Mconv3_stage1_L1_1
I0923 17:44:29.733618 2164736 net.cpp:408] Mconv3_stage1_L1_1 <- Mconv3_stage1_L1_0_Mprelu3_stage1_L1_0_0_split_0
I0923 17:44:29.733619 2164736 net.cpp:382] Mconv3_stage1_L1_1 -> Mconv3_stage1_L1_1
I0923 17:44:29.742467 2164736 net.cpp:124] Setting up Mconv3_stage1_L1_1
I0923 17:44:29.742472 2164736 net.cpp:131] Top shape: 1 128 2 2 (512)
I0923 17:44:29.742475 2164736 net.cpp:139] Memory required for data: 1362496
I0923 17:44:29.742476 2164736 layer_factory.hpp:77] Creating layer Mprelu3_stage1_L1_1
I0923 17:44:29.742479 2164736 net.cpp:86] Creating Layer Mprelu3_stage1_L1_1
I0923 17:44:29.742481 2164736 net.cpp:408] Mprelu3_stage1_L1_1 <- Mconv3_stage1_L1_1
I0923 17:44:29.742486 2164736 net.cpp:369] Mprelu3_stage1_L1_1 -> Mconv3_stage1_L1_1 (in-place)
I0923 17:44:29.742514 2164736 net.cpp:124] Setting up Mprelu3_stage1_L1_1
I0923 17:44:29.742516 2164736 net.cpp:131] Top shape: 1 128 2 2 (512)
I0923 17:44:29.742517 2164736 net.cpp:139] Memory required for data: 1364544
I0923 17:44:29.742518 2164736 layer_factory.hpp:77] Creating layer Mconv3_stage1_L1_1_Mprelu3_stage1_L1_1_0_split
I0923 17:44:29.742520 2164736 net.cpp:86] Creating Layer Mconv3_stage1_L1_1_Mprelu3_stage1_L1_1_0_split
I0923 17:44:29.742522 2164736 net.cpp:408] Mconv3_stage1_L1_1_Mprelu3_stage1_L1_1_0_split <- Mconv3_stage1_L1_1
I0923 17:44:29.742523 2164736 net.cpp:382] Mconv3_stage1_L1_1_Mprelu3_stage1_L1_1_0_split -> Mconv3_stage1_L1_1_Mprelu3_stage1_L1_1_0_split_0
I0923 17:44:29.742525 2164736 net.cpp:382] Mconv3_stage1_L1_1_Mprelu3_stage1_L1_1_0_split -> Mconv3_stage1_L1_1_Mprelu3_stage1_L1_1_0_split_1
I0923 17:44:29.742532 2164736 net.cpp:124] Setting up Mconv3_stage1_L1_1_Mprelu3_stage1_L1_1_0_split
I0923 17:44:29.742533 2164736 net.cpp:131] Top shape: 1 128 2 2 (512)
I0923 17:44:29.742535 2164736 net.cpp:131] Top shape: 1 128 2 2 (512)
I0923 17:44:29.742537 2164736 net.cpp:139] Memory required for data: 1368640
I0923 17:44:29.742537 2164736 layer_factory.hpp:77] Creating layer Mconv3_stage1_L1_2
I0923 17:44:29.742540 2164736 net.cpp:86] Creating Layer Mconv3_stage1_L1_2
I0923 17:44:29.742542 2164736 net.cpp:408] Mconv3_stage1_L1_2 <- Mconv3_stage1_L1_1_Mprelu3_stage1_L1_1_0_split_0
I0923 17:44:29.742543 2164736 net.cpp:382] Mconv3_stage1_L1_2 -> Mconv3_stage1_L1_2
I0923 17:44:29.750087 2164736 net.cpp:124] Setting up Mconv3_stage1_L1_2
I0923 17:44:29.750092 2164736 net.cpp:131] Top shape: 1 128 2 2 (512)
I0923 17:44:29.750093 2164736 net.cpp:139] Memory required for data: 1370688
I0923 17:44:29.750095 2164736 layer_factory.hpp:77] Creating layer Mprelu3_stage1_L1_2
I0923 17:44:29.750098 2164736 net.cpp:86] Creating Layer Mprelu3_stage1_L1_2
I0923 17:44:29.750100 2164736 net.cpp:408] Mprelu3_stage1_L1_2 <- Mconv3_stage1_L1_2
I0923 17:44:29.750102 2164736 net.cpp:369] Mprelu3_stage1_L1_2 -> Mconv3_stage1_L1_2 (in-place)
I0923 17:44:29.750124 2164736 net.cpp:124] Setting up Mprelu3_stage1_L1_2
I0923 17:44:29.750125 2164736 net.cpp:131] Top shape: 1 128 2 2 (512)
I0923 17:44:29.750126 2164736 net.cpp:139] Memory required for data: 1372736
I0923 17:44:29.750128 2164736 layer_factory.hpp:77] Creating layer Mconv3_stage1_L1_concat
I0923 17:44:29.750129 2164736 net.cpp:86] Creating Layer Mconv3_stage1_L1_concat
I0923 17:44:29.750130 2164736 net.cpp:408] Mconv3_stage1_L1_concat <- Mconv3_stage1_L1_0_Mprelu3_stage1_L1_0_0_split_1
I0923 17:44:29.750133 2164736 net.cpp:408] Mconv3_stage1_L1_concat <- Mconv3_stage1_L1_1_Mprelu3_stage1_L1_1_0_split_1
I0923 17:44:29.750133 2164736 net.cpp:408] Mconv3_stage1_L1_concat <- Mconv3_stage1_L1_2
I0923 17:44:29.750135 2164736 net.cpp:382] Mconv3_stage1_L1_concat -> Mconv3_stage1_L1_concat
I0923 17:44:29.750140 2164736 net.cpp:124] Setting up Mconv3_stage1_L1_concat
I0923 17:44:29.750141 2164736 net.cpp:131] Top shape: 1 384 2 2 (1536)
I0923 17:44:29.750144 2164736 net.cpp:139] Memory required for data: 1378880
I0923 17:44:29.750144 2164736 layer_factory.hpp:77] Creating layer Mconv4_stage1_L1_0
I0923 17:44:29.750151 2164736 net.cpp:86] Creating Layer Mconv4_stage1_L1_0
I0923 17:44:29.750152 2164736 net.cpp:408] Mconv4_stage1_L1_0 <- Mconv3_stage1_L1_concat
I0923 17:44:29.750154 2164736 net.cpp:382] Mconv4_stage1_L1_0 -> Mconv4_stage1_L1_0
I0923 17:44:29.759828 2164736 net.cpp:124] Setting up Mconv4_stage1_L1_0
I0923 17:44:29.759833 2164736 net.cpp:131] Top shape: 1 128 2 2 (512)
I0923 17:44:29.759835 2164736 net.cpp:139] Memory required for data: 1380928
I0923 17:44:29.759838 2164736 layer_factory.hpp:77] Creating layer Mprelu4_stage1_L1_0
I0923 17:44:29.759840 2164736 net.cpp:86] Creating Layer Mprelu4_stage1_L1_0
I0923 17:44:29.759842 2164736 net.cpp:408] Mprelu4_stage1_L1_0 <- Mconv4_stage1_L1_0
I0923 17:44:29.759845 2164736 net.cpp:369] Mprelu4_stage1_L1_0 -> Mconv4_stage1_L1_0 (in-place)
I0923 17:44:29.759868 2164736 net.cpp:124] Setting up Mprelu4_stage1_L1_0
I0923 17:44:29.759869 2164736 net.cpp:131] Top shape: 1 128 2 2 (512)
I0923 17:44:29.759871 2164736 net.cpp:139] Memory required for data: 1382976
I0923 17:44:29.759871 2164736 layer_factory.hpp:77] Creating layer Mconv4_stage1_L1_0_Mprelu4_stage1_L1_0_0_split
I0923 17:44:29.759873 2164736 net.cpp:86] Creating Layer Mconv4_stage1_L1_0_Mprelu4_stage1_L1_0_0_split
I0923 17:44:29.759874 2164736 net.cpp:408] Mconv4_stage1_L1_0_Mprelu4_stage1_L1_0_0_split <- Mconv4_stage1_L1_0
I0923 17:44:29.759876 2164736 net.cpp:382] Mconv4_stage1_L1_0_Mprelu4_stage1_L1_0_0_split -> Mconv4_stage1_L1_0_Mprelu4_stage1_L1_0_0_split_0
I0923 17:44:29.759878 2164736 net.cpp:382] Mconv4_stage1_L1_0_Mprelu4_stage1_L1_0_0_split -> Mconv4_stage1_L1_0_Mprelu4_stage1_L1_0_0_split_1
I0923 17:44:29.759886 2164736 net.cpp:124] Setting up Mconv4_stage1_L1_0_Mprelu4_stage1_L1_0_0_split
I0923 17:44:29.759887 2164736 net.cpp:131] Top shape: 1 128 2 2 (512)
I0923 17:44:29.759888 2164736 net.cpp:131] Top shape: 1 128 2 2 (512)
I0923 17:44:29.759889 2164736 net.cpp:139] Memory required for data: 1387072
I0923 17:44:29.759891 2164736 layer_factory.hpp:77] Creating layer Mconv4_stage1_L1_1
I0923 17:44:29.759893 2164736 net.cpp:86] Creating Layer Mconv4_stage1_L1_1
I0923 17:44:29.759894 2164736 net.cpp:408] Mconv4_stage1_L1_1 <- Mconv4_stage1_L1_0_Mprelu4_stage1_L1_0_0_split_0
I0923 17:44:29.759896 2164736 net.cpp:382] Mconv4_stage1_L1_1 -> Mconv4_stage1_L1_1
I0923 17:44:29.768074 2164736 net.cpp:124] Setting up Mconv4_stage1_L1_1
I0923 17:44:29.768080 2164736 net.cpp:131] Top shape: 1 128 2 2 (512)
I0923 17:44:29.768082 2164736 net.cpp:139] Memory required for data: 1389120
I0923 17:44:29.768085 2164736 layer_factory.hpp:77] Creating layer Mprelu4_stage1_L1_1
I0923 17:44:29.768086 2164736 net.cpp:86] Creating Layer Mprelu4_stage1_L1_1
I0923 17:44:29.768088 2164736 net.cpp:408] Mprelu4_stage1_L1_1 <- Mconv4_stage1_L1_1
I0923 17:44:29.768090 2164736 net.cpp:369] Mprelu4_stage1_L1_1 -> Mconv4_stage1_L1_1 (in-place)
I0923 17:44:29.768114 2164736 net.cpp:124] Setting up Mprelu4_stage1_L1_1
I0923 17:44:29.768115 2164736 net.cpp:131] Top shape: 1 128 2 2 (512)
I0923 17:44:29.768116 2164736 net.cpp:139] Memory required for data: 1391168
I0923 17:44:29.768118 2164736 layer_factory.hpp:77] Creating layer Mconv4_stage1_L1_1_Mprelu4_stage1_L1_1_0_split
I0923 17:44:29.768119 2164736 net.cpp:86] Creating Layer Mconv4_stage1_L1_1_Mprelu4_stage1_L1_1_0_split
I0923 17:44:29.768121 2164736 net.cpp:408] Mconv4_stage1_L1_1_Mprelu4_stage1_L1_1_0_split <- Mconv4_stage1_L1_1
I0923 17:44:29.768122 2164736 net.cpp:382] Mconv4_stage1_L1_1_Mprelu4_stage1_L1_1_0_split -> Mconv4_stage1_L1_1_Mprelu4_stage1_L1_1_0_split_0
I0923 17:44:29.768124 2164736 net.cpp:382] Mconv4_stage1_L1_1_Mprelu4_stage1_L1_1_0_split -> Mconv4_stage1_L1_1_Mprelu4_stage1_L1_1_0_split_1
I0923 17:44:29.768132 2164736 net.cpp:124] Setting up Mconv4_stage1_L1_1_Mprelu4_stage1_L1_1_0_split
I0923 17:44:29.768133 2164736 net.cpp:131] Top shape: 1 128 2 2 (512)
I0923 17:44:29.768134 2164736 net.cpp:131] Top shape: 1 128 2 2 (512)
I0923 17:44:29.768136 2164736 net.cpp:139] Memory required for data: 1395264
I0923 17:44:29.768136 2164736 layer_factory.hpp:77] Creating layer Mconv4_stage1_L1_2
I0923 17:44:29.768139 2164736 net.cpp:86] Creating Layer Mconv4_stage1_L1_2
I0923 17:44:29.768141 2164736 net.cpp:408] Mconv4_stage1_L1_2 <- Mconv4_stage1_L1_1_Mprelu4_stage1_L1_1_0_split_0
I0923 17:44:29.768142 2164736 net.cpp:382] Mconv4_stage1_L1_2 -> Mconv4_stage1_L1_2
I0923 17:44:29.778950 2164736 net.cpp:124] Setting up Mconv4_stage1_L1_2
I0923 17:44:29.778956 2164736 net.cpp:131] Top shape: 1 128 2 2 (512)
I0923 17:44:29.778959 2164736 net.cpp:139] Memory required for data: 1397312
I0923 17:44:29.778960 2164736 layer_factory.hpp:77] Creating layer Mprelu4_stage1_L1_2
I0923 17:44:29.778962 2164736 net.cpp:86] Creating Layer Mprelu4_stage1_L1_2
I0923 17:44:29.778964 2164736 net.cpp:408] Mprelu4_stage1_L1_2 <- Mconv4_stage1_L1_2
I0923 17:44:29.778966 2164736 net.cpp:369] Mprelu4_stage1_L1_2 -> Mconv4_stage1_L1_2 (in-place)
I0923 17:44:29.778990 2164736 net.cpp:124] Setting up Mprelu4_stage1_L1_2
I0923 17:44:29.778991 2164736 net.cpp:131] Top shape: 1 128 2 2 (512)
I0923 17:44:29.778992 2164736 net.cpp:139] Memory required for data: 1399360
I0923 17:44:29.778993 2164736 layer_factory.hpp:77] Creating layer Mconv4_stage1_L1_concat
I0923 17:44:29.778995 2164736 net.cpp:86] Creating Layer Mconv4_stage1_L1_concat
I0923 17:44:29.778996 2164736 net.cpp:408] Mconv4_stage1_L1_concat <- Mconv4_stage1_L1_0_Mprelu4_stage1_L1_0_0_split_1
I0923 17:44:29.778998 2164736 net.cpp:408] Mconv4_stage1_L1_concat <- Mconv4_stage1_L1_1_Mprelu4_stage1_L1_1_0_split_1
I0923 17:44:29.778999 2164736 net.cpp:408] Mconv4_stage1_L1_concat <- Mconv4_stage1_L1_2
I0923 17:44:29.779001 2164736 net.cpp:382] Mconv4_stage1_L1_concat -> Mconv4_stage1_L1_concat
I0923 17:44:29.779006 2164736 net.cpp:124] Setting up Mconv4_stage1_L1_concat
I0923 17:44:29.779007 2164736 net.cpp:131] Top shape: 1 384 2 2 (1536)
I0923 17:44:29.779009 2164736 net.cpp:139] Memory required for data: 1405504
I0923 17:44:29.779011 2164736 layer_factory.hpp:77] Creating layer Mconv5_stage1_L1_0
I0923 17:44:29.779012 2164736 net.cpp:86] Creating Layer Mconv5_stage1_L1_0
I0923 17:44:29.779013 2164736 net.cpp:408] Mconv5_stage1_L1_0 <- Mconv4_stage1_L1_concat
I0923 17:44:29.779016 2164736 net.cpp:382] Mconv5_stage1_L1_0 -> Mconv5_stage1_L1_0
I0923 17:44:29.787990 2164736 net.cpp:124] Setting up Mconv5_stage1_L1_0
I0923 17:44:29.787995 2164736 net.cpp:131] Top shape: 1 128 2 2 (512)
I0923 17:44:29.787997 2164736 net.cpp:139] Memory required for data: 1407552
I0923 17:44:29.787999 2164736 layer_factory.hpp:77] Creating layer Mprelu5_stage1_L1_0
I0923 17:44:29.788002 2164736 net.cpp:86] Creating Layer Mprelu5_stage1_L1_0
I0923 17:44:29.788004 2164736 net.cpp:408] Mprelu5_stage1_L1_0 <- Mconv5_stage1_L1_0
I0923 17:44:29.788007 2164736 net.cpp:369] Mprelu5_stage1_L1_0 -> Mconv5_stage1_L1_0 (in-place)
I0923 17:44:29.788029 2164736 net.cpp:124] Setting up Mprelu5_stage1_L1_0
I0923 17:44:29.788030 2164736 net.cpp:131] Top shape: 1 128 2 2 (512)
I0923 17:44:29.788031 2164736 net.cpp:139] Memory required for data: 1409600
I0923 17:44:29.788033 2164736 layer_factory.hpp:77] Creating layer Mconv5_stage1_L1_0_Mprelu5_stage1_L1_0_0_split
I0923 17:44:29.788034 2164736 net.cpp:86] Creating Layer Mconv5_stage1_L1_0_Mprelu5_stage1_L1_0_0_split
I0923 17:44:29.788035 2164736 net.cpp:408] Mconv5_stage1_L1_0_Mprelu5_stage1_L1_0_0_split <- Mconv5_stage1_L1_0
I0923 17:44:29.788038 2164736 net.cpp:382] Mconv5_stage1_L1_0_Mprelu5_stage1_L1_0_0_split -> Mconv5_stage1_L1_0_Mprelu5_stage1_L1_0_0_split_0
I0923 17:44:29.788039 2164736 net.cpp:382] Mconv5_stage1_L1_0_Mprelu5_stage1_L1_0_0_split -> Mconv5_stage1_L1_0_Mprelu5_stage1_L1_0_0_split_1
I0923 17:44:29.788048 2164736 net.cpp:124] Setting up Mconv5_stage1_L1_0_Mprelu5_stage1_L1_0_0_split
I0923 17:44:29.788048 2164736 net.cpp:131] Top shape: 1 128 2 2 (512)
I0923 17:44:29.788049 2164736 net.cpp:131] Top shape: 1 128 2 2 (512)
I0923 17:44:29.788050 2164736 net.cpp:139] Memory required for data: 1413696
I0923 17:44:29.788051 2164736 layer_factory.hpp:77] Creating layer Mconv5_stage1_L1_1
I0923 17:44:29.788054 2164736 net.cpp:86] Creating Layer Mconv5_stage1_L1_1
I0923 17:44:29.788055 2164736 net.cpp:408] Mconv5_stage1_L1_1 <- Mconv5_stage1_L1_0_Mprelu5_stage1_L1_0_0_split_0
I0923 17:44:29.788057 2164736 net.cpp:382] Mconv5_stage1_L1_1 -> Mconv5_stage1_L1_1
I0923 17:44:29.795770 2164736 net.cpp:124] Setting up Mconv5_stage1_L1_1
I0923 17:44:29.795775 2164736 net.cpp:131] Top shape: 1 128 2 2 (512)
I0923 17:44:29.795778 2164736 net.cpp:139] Memory required for data: 1415744
I0923 17:44:29.795780 2164736 layer_factory.hpp:77] Creating layer Mprelu5_stage1_L1_1
I0923 17:44:29.795782 2164736 net.cpp:86] Creating Layer Mprelu5_stage1_L1_1
I0923 17:44:29.795784 2164736 net.cpp:408] Mprelu5_stage1_L1_1 <- Mconv5_stage1_L1_1
I0923 17:44:29.795786 2164736 net.cpp:369] Mprelu5_stage1_L1_1 -> Mconv5_stage1_L1_1 (in-place)
I0923 17:44:29.795809 2164736 net.cpp:124] Setting up Mprelu5_stage1_L1_1
I0923 17:44:29.795810 2164736 net.cpp:131] Top shape: 1 128 2 2 (512)
I0923 17:44:29.795811 2164736 net.cpp:139] Memory required for data: 1417792
I0923 17:44:29.795814 2164736 layer_factory.hpp:77] Creating layer Mconv5_stage1_L1_1_Mprelu5_stage1_L1_1_0_split
I0923 17:44:29.795814 2164736 net.cpp:86] Creating Layer Mconv5_stage1_L1_1_Mprelu5_stage1_L1_1_0_split
I0923 17:44:29.795816 2164736 net.cpp:408] Mconv5_stage1_L1_1_Mprelu5_stage1_L1_1_0_split <- Mconv5_stage1_L1_1
I0923 17:44:29.795817 2164736 net.cpp:382] Mconv5_stage1_L1_1_Mprelu5_stage1_L1_1_0_split -> Mconv5_stage1_L1_1_Mprelu5_stage1_L1_1_0_split_0
I0923 17:44:29.795820 2164736 net.cpp:382] Mconv5_stage1_L1_1_Mprelu5_stage1_L1_1_0_split -> Mconv5_stage1_L1_1_Mprelu5_stage1_L1_1_0_split_1
I0923 17:44:29.795827 2164736 net.cpp:124] Setting up Mconv5_stage1_L1_1_Mprelu5_stage1_L1_1_0_split
I0923 17:44:29.795828 2164736 net.cpp:131] Top shape: 1 128 2 2 (512)
I0923 17:44:29.795830 2164736 net.cpp:131] Top shape: 1 128 2 2 (512)
I0923 17:44:29.795830 2164736 net.cpp:139] Memory required for data: 1421888
I0923 17:44:29.795831 2164736 layer_factory.hpp:77] Creating layer Mconv5_stage1_L1_2
I0923 17:44:29.795835 2164736 net.cpp:86] Creating Layer Mconv5_stage1_L1_2
I0923 17:44:29.795835 2164736 net.cpp:408] Mconv5_stage1_L1_2 <- Mconv5_stage1_L1_1_Mprelu5_stage1_L1_1_0_split_0
I0923 17:44:29.795837 2164736 net.cpp:382] Mconv5_stage1_L1_2 -> Mconv5_stage1_L1_2
I0923 17:44:29.803670 2164736 net.cpp:124] Setting up Mconv5_stage1_L1_2
I0923 17:44:29.803675 2164736 net.cpp:131] Top shape: 1 128 2 2 (512)
I0923 17:44:29.803678 2164736 net.cpp:139] Memory required for data: 1423936
I0923 17:44:29.803680 2164736 layer_factory.hpp:77] Creating layer Mprelu5_stage1_L1_2
I0923 17:44:29.803682 2164736 net.cpp:86] Creating Layer Mprelu5_stage1_L1_2
I0923 17:44:29.803684 2164736 net.cpp:408] Mprelu5_stage1_L1_2 <- Mconv5_stage1_L1_2
I0923 17:44:29.803686 2164736 net.cpp:369] Mprelu5_stage1_L1_2 -> Mconv5_stage1_L1_2 (in-place)
I0923 17:44:29.803709 2164736 net.cpp:124] Setting up Mprelu5_stage1_L1_2
I0923 17:44:29.803711 2164736 net.cpp:131] Top shape: 1 128 2 2 (512)
I0923 17:44:29.803712 2164736 net.cpp:139] Memory required for data: 1425984
I0923 17:44:29.803714 2164736 layer_factory.hpp:77] Creating layer Mconv5_stage1_L1_concat
I0923 17:44:29.803715 2164736 net.cpp:86] Creating Layer Mconv5_stage1_L1_concat
I0923 17:44:29.803716 2164736 net.cpp:408] Mconv5_stage1_L1_concat <- Mconv5_stage1_L1_0_Mprelu5_stage1_L1_0_0_split_1
I0923 17:44:29.803718 2164736 net.cpp:408] Mconv5_stage1_L1_concat <- Mconv5_stage1_L1_1_Mprelu5_stage1_L1_1_0_split_1
I0923 17:44:29.803719 2164736 net.cpp:408] Mconv5_stage1_L1_concat <- Mconv5_stage1_L1_2
I0923 17:44:29.803721 2164736 net.cpp:382] Mconv5_stage1_L1_concat -> Mconv5_stage1_L1_concat
I0923 17:44:29.803726 2164736 net.cpp:124] Setting up Mconv5_stage1_L1_concat
I0923 17:44:29.803727 2164736 net.cpp:131] Top shape: 1 384 2 2 (1536)
I0923 17:44:29.803730 2164736 net.cpp:139] Memory required for data: 1432128
I0923 17:44:29.803730 2164736 layer_factory.hpp:77] Creating layer Mconv6_stage1_L1
I0923 17:44:29.803732 2164736 net.cpp:86] Creating Layer Mconv6_stage1_L1
I0923 17:44:29.803735 2164736 net.cpp:408] Mconv6_stage1_L1 <- Mconv5_stage1_L1_concat
I0923 17:44:29.803736 2164736 net.cpp:382] Mconv6_stage1_L1 -> Mconv6_stage1_L1
I0923 17:44:29.812572 2164736 net.cpp:124] Setting up Mconv6_stage1_L1
I0923 17:44:29.812577 2164736 net.cpp:131] Top shape: 1 512 2 2 (2048)
I0923 17:44:29.812579 2164736 net.cpp:139] Memory required for data: 1440320
I0923 17:44:29.812582 2164736 layer_factory.hpp:77] Creating layer Mprelu6_stage1_L1
I0923 17:44:29.812584 2164736 net.cpp:86] Creating Layer Mprelu6_stage1_L1
I0923 17:44:29.812585 2164736 net.cpp:408] Mprelu6_stage1_L1 <- Mconv6_stage1_L1
I0923 17:44:29.812587 2164736 net.cpp:369] Mprelu6_stage1_L1 -> Mconv6_stage1_L1 (in-place)
I0923 17:44:29.812611 2164736 net.cpp:124] Setting up Mprelu6_stage1_L1
I0923 17:44:29.812613 2164736 net.cpp:131] Top shape: 1 512 2 2 (2048)
I0923 17:44:29.812614 2164736 net.cpp:139] Memory required for data: 1448512
I0923 17:44:29.812615 2164736 layer_factory.hpp:77] Creating layer Mconv7_stage1_L1
I0923 17:44:29.812618 2164736 net.cpp:86] Creating Layer Mconv7_stage1_L1
I0923 17:44:29.812619 2164736 net.cpp:408] Mconv7_stage1_L1 <- Mconv6_stage1_L1
I0923 17:44:29.812621 2164736 net.cpp:382] Mconv7_stage1_L1 -> Mconv7_stage1_L1
I0923 17:44:29.820374 2164736 net.cpp:124] Setting up Mconv7_stage1_L1
I0923 17:44:29.820380 2164736 net.cpp:131] Top shape: 1 26 2 2 (104)
I0923 17:44:29.820382 2164736 net.cpp:139] Memory required for data: 1448928
I0923 17:44:29.820384 2164736 layer_factory.hpp:77] Creating layer net_output
I0923 17:44:29.820386 2164736 net.cpp:86] Creating Layer net_output
I0923 17:44:29.820389 2164736 net.cpp:408] net_output <- Mconv7_stage1_L1
I0923 17:44:29.820390 2164736 net.cpp:408] net_output <- Mconv7_stage3_L2_Mconv7_stage3_L2_0_split_2
I0923 17:44:29.820392 2164736 net.cpp:382] net_output -> net_output
I0923 17:44:29.820400 2164736 net.cpp:124] Setting up net_output
I0923 17:44:29.820402 2164736 net.cpp:131] Top shape: 1 78 2 2 (312)
I0923 17:44:29.820403 2164736 net.cpp:139] Memory required for data: 1450176
I0923 17:44:29.820405 2164736 net.cpp:202] net_output does not need backward computation.
I0923 17:44:29.820406 2164736 net.cpp:202] Mconv7_stage1_L1 does not need backward computation.
I0923 17:44:29.820407 2164736 net.cpp:202] Mprelu6_stage1_L1 does not need backward computation.
I0923 17:44:29.820408 2164736 net.cpp:202] Mconv6_stage1_L1 does not need backward computation.
I0923 17:44:29.820410 2164736 net.cpp:202] Mconv5_stage1_L1_concat does not need backward computation.
I0923 17:44:29.820410 2164736 net.cpp:202] Mprelu5_stage1_L1_2 does not need backward computation.
I0923 17:44:29.820412 2164736 net.cpp:202] Mconv5_stage1_L1_2 does not need backward computation.
I0923 17:44:29.820413 2164736 net.cpp:202] Mconv5_stage1_L1_1_Mprelu5_stage1_L1_1_0_split does not need backward computation.
I0923 17:44:29.820415 2164736 net.cpp:202] Mprelu5_stage1_L1_1 does not need backward computation.
I0923 17:44:29.820415 2164736 net.cpp:202] Mconv5_stage1_L1_1 does not need backward computation.
I0923 17:44:29.820417 2164736 net.cpp:202] Mconv5_stage1_L1_0_Mprelu5_stage1_L1_0_0_split does not need backward computation.
I0923 17:44:29.820418 2164736 net.cpp:202] Mprelu5_stage1_L1_0 does not need backward computation.
I0923 17:44:29.820420 2164736 net.cpp:202] Mconv5_stage1_L1_0 does not need backward computation.
I0923 17:44:29.820420 2164736 net.cpp:202] Mconv4_stage1_L1_concat does not need backward computation.
I0923 17:44:29.820421 2164736 net.cpp:202] Mprelu4_stage1_L1_2 does not need backward computation.
I0923 17:44:29.820423 2164736 net.cpp:202] Mconv4_stage1_L1_2 does not need backward computation.
I0923 17:44:29.820425 2164736 net.cpp:202] Mconv4_stage1_L1_1_Mprelu4_stage1_L1_1_0_split does not need backward computation.
I0923 17:44:29.820425 2164736 net.cpp:202] Mprelu4_stage1_L1_1 does not need backward computation.
I0923 17:44:29.820426 2164736 net.cpp:202] Mconv4_stage1_L1_1 does not need backward computation.
I0923 17:44:29.820427 2164736 net.cpp:202] Mconv4_stage1_L1_0_Mprelu4_stage1_L1_0_0_split does not need backward computation.
I0923 17:44:29.820428 2164736 net.cpp:202] Mprelu4_stage1_L1_0 does not need backward computation.
I0923 17:44:29.820429 2164736 net.cpp:202] Mconv4_stage1_L1_0 does not need backward computation.
I0923 17:44:29.820431 2164736 net.cpp:202] Mconv3_stage1_L1_concat does not need backward computation.
I0923 17:44:29.820432 2164736 net.cpp:202] Mprelu3_stage1_L1_2 does not need backward computation.
I0923 17:44:29.820433 2164736 net.cpp:202] Mconv3_stage1_L1_2 does not need backward computation.
I0923 17:44:29.820434 2164736 net.cpp:202] Mconv3_stage1_L1_1_Mprelu3_stage1_L1_1_0_split does not need backward computation.
I0923 17:44:29.820436 2164736 net.cpp:202] Mprelu3_stage1_L1_1 does not need backward computation.
I0923 17:44:29.820436 2164736 net.cpp:202] Mconv3_stage1_L1_1 does not need backward computation.
I0923 17:44:29.820438 2164736 net.cpp:202] Mconv3_stage1_L1_0_Mprelu3_stage1_L1_0_0_split does not need backward computation.
I0923 17:44:29.820439 2164736 net.cpp:202] Mprelu3_stage1_L1_0 does not need backward computation.
I0923 17:44:29.820441 2164736 net.cpp:202] Mconv3_stage1_L1_0 does not need backward computation.
I0923 17:44:29.820441 2164736 net.cpp:202] Mconv2_stage1_L1_concat does not need backward computation.
I0923 17:44:29.820442 2164736 net.cpp:202] Mprelu2_stage1_L1_2 does not need backward computation.
I0923 17:44:29.820443 2164736 net.cpp:202] Mconv2_stage1_L1_2 does not need backward computation.
I0923 17:44:29.820444 2164736 net.cpp:202] Mconv2_stage1_L1_1_Mprelu2_stage1_L1_1_0_split does not need backward computation.
I0923 17:44:29.820446 2164736 net.cpp:202] Mprelu2_stage1_L1_1 does not need backward computation.
I0923 17:44:29.820447 2164736 net.cpp:202] Mconv2_stage1_L1_1 does not need backward computation.
I0923 17:44:29.820448 2164736 net.cpp:202] Mconv2_stage1_L1_0_Mprelu2_stage1_L1_0_0_split does not need backward computation.
I0923 17:44:29.820451 2164736 net.cpp:202] Mprelu2_stage1_L1_0 does not need backward computation.
I0923 17:44:29.820451 2164736 net.cpp:202] Mconv2_stage1_L1_0 does not need backward computation.
I0923 17:44:29.820452 2164736 net.cpp:202] Mconv1_stage1_L1_concat does not need backward computation.
I0923 17:44:29.820453 2164736 net.cpp:202] Mprelu1_stage1_L1_2 does not need backward computation.
I0923 17:44:29.820454 2164736 net.cpp:202] Mconv1_stage1_L1_2 does not need backward computation.
I0923 17:44:29.820456 2164736 net.cpp:202] Mconv1_stage1_L1_1_Mprelu1_stage1_L1_1_0_split does not need backward computation.
I0923 17:44:29.820457 2164736 net.cpp:202] Mprelu1_stage1_L1_1 does not need backward computation.
I0923 17:44:29.820458 2164736 net.cpp:202] Mconv1_stage1_L1_1 does not need backward computation.
I0923 17:44:29.820459 2164736 net.cpp:202] Mconv1_stage1_L1_0_Mprelu1_stage1_L1_0_0_split does not need backward computation.
I0923 17:44:29.820461 2164736 net.cpp:202] Mprelu1_stage1_L1_0 does not need backward computation.
I0923 17:44:29.820461 2164736 net.cpp:202] Mconv1_stage1_L1_0 does not need backward computation.
I0923 17:44:29.820462 2164736 net.cpp:202] concat_stage1_L1 does not need backward computation.
I0923 17:44:29.820464 2164736 net.cpp:202] Mconv7_stage0_L1 does not need backward computation.
I0923 17:44:29.820465 2164736 net.cpp:202] Mprelu6_stage0_L1 does not need backward computation.
I0923 17:44:29.820466 2164736 net.cpp:202] Mconv6_stage0_L1 does not need backward computation.
I0923 17:44:29.820467 2164736 net.cpp:202] Mconv5_stage0_L1_concat does not need backward computation.
I0923 17:44:29.820469 2164736 net.cpp:202] Mprelu5_stage0_L1_2 does not need backward computation.
I0923 17:44:29.820470 2164736 net.cpp:202] Mconv5_stage0_L1_2 does not need backward computation.
I0923 17:44:29.820472 2164736 net.cpp:202] Mconv5_stage0_L1_1_Mprelu5_stage0_L1_1_0_split does not need backward computation.
I0923 17:44:29.820472 2164736 net.cpp:202] Mprelu5_stage0_L1_1 does not need backward computation.
I0923 17:44:29.820473 2164736 net.cpp:202] Mconv5_stage0_L1_1 does not need backward computation.
I0923 17:44:29.820474 2164736 net.cpp:202] Mconv5_stage0_L1_0_Mprelu5_stage0_L1_0_0_split does not need backward computation.
I0923 17:44:29.820477 2164736 net.cpp:202] Mprelu5_stage0_L1_0 does not need backward computation.
I0923 17:44:29.820477 2164736 net.cpp:202] Mconv5_stage0_L1_0 does not need backward computation.
I0923 17:44:29.820478 2164736 net.cpp:202] Mconv4_stage0_L1_concat does not need backward computation.
I0923 17:44:29.820479 2164736 net.cpp:202] Mprelu4_stage0_L1_2 does not need backward computation.
I0923 17:44:29.820482 2164736 net.cpp:202] Mconv4_stage0_L1_2 does not need backward computation.
I0923 17:44:29.820482 2164736 net.cpp:202] Mconv4_stage0_L1_1_Mprelu4_stage0_L1_1_0_split does not need backward computation.
I0923 17:44:29.820483 2164736 net.cpp:202] Mprelu4_stage0_L1_1 does not need backward computation.
I0923 17:44:29.820484 2164736 net.cpp:202] Mconv4_stage0_L1_1 does not need backward computation.
I0923 17:44:29.820485 2164736 net.cpp:202] Mconv4_stage0_L1_0_Mprelu4_stage0_L1_0_0_split does not need backward computation.
I0923 17:44:29.820487 2164736 net.cpp:202] Mprelu4_stage0_L1_0 does not need backward computation.
I0923 17:44:29.820487 2164736 net.cpp:202] Mconv4_stage0_L1_0 does not need backward computation.
I0923 17:44:29.820489 2164736 net.cpp:202] Mconv3_stage0_L1_concat does not need backward computation.
I0923 17:44:29.820490 2164736 net.cpp:202] Mprelu3_stage0_L1_2 does not need backward computation.
I0923 17:44:29.820492 2164736 net.cpp:202] Mconv3_stage0_L1_2 does not need backward computation.
I0923 17:44:29.820493 2164736 net.cpp:202] Mconv3_stage0_L1_1_Mprelu3_stage0_L1_1_0_split does not need backward computation.
I0923 17:44:29.820494 2164736 net.cpp:202] Mprelu3_stage0_L1_1 does not need backward computation.
I0923 17:44:29.820495 2164736 net.cpp:202] Mconv3_stage0_L1_1 does not need backward computation.
I0923 17:44:29.820497 2164736 net.cpp:202] Mconv3_stage0_L1_0_Mprelu3_stage0_L1_0_0_split does not need backward computation.
I0923 17:44:29.820498 2164736 net.cpp:202] Mprelu3_stage0_L1_0 does not need backward computation.
I0923 17:44:29.820499 2164736 net.cpp:202] Mconv3_stage0_L1_0 does not need backward computation.
I0923 17:44:29.820500 2164736 net.cpp:202] Mconv2_stage0_L1_concat does not need backward computation.
I0923 17:44:29.820502 2164736 net.cpp:202] Mprelu2_stage0_L1_2 does not need backward computation.
I0923 17:44:29.820503 2164736 net.cpp:202] Mconv2_stage0_L1_2 does not need backward computation.
I0923 17:44:29.820504 2164736 net.cpp:202] Mconv2_stage0_L1_1_Mprelu2_stage0_L1_1_0_split does not need backward computation.
I0923 17:44:29.820505 2164736 net.cpp:202] Mprelu2_stage0_L1_1 does not need backward computation.
I0923 17:44:29.820506 2164736 net.cpp:202] Mconv2_stage0_L1_1 does not need backward computation.
I0923 17:44:29.820508 2164736 net.cpp:202] Mconv2_stage0_L1_0_Mprelu2_stage0_L1_0_0_split does not need backward computation.
I0923 17:44:29.820509 2164736 net.cpp:202] Mprelu2_stage0_L1_0 does not need backward computation.
I0923 17:44:29.820510 2164736 net.cpp:202] Mconv2_stage0_L1_0 does not need backward computation.
I0923 17:44:29.820513 2164736 net.cpp:202] Mconv1_stage0_L1_concat does not need backward computation.
I0923 17:44:29.820513 2164736 net.cpp:202] Mprelu1_stage0_L1_2 does not need backward computation.
I0923 17:44:29.820514 2164736 net.cpp:202] Mconv1_stage0_L1_2 does not need backward computation.
I0923 17:44:29.820515 2164736 net.cpp:202] Mconv1_stage0_L1_1_Mprelu1_stage0_L1_1_0_split does not need backward computation.
I0923 17:44:29.820516 2164736 net.cpp:202] Mprelu1_stage0_L1_1 does not need backward computation.
I0923 17:44:29.820518 2164736 net.cpp:202] Mconv1_stage0_L1_1 does not need backward computation.
I0923 17:44:29.820519 2164736 net.cpp:202] Mconv1_stage0_L1_0_Mprelu1_stage0_L1_0_0_split does not need backward computation.
I0923 17:44:29.820520 2164736 net.cpp:202] Mprelu1_stage0_L1_0 does not need backward computation.
I0923 17:44:29.820521 2164736 net.cpp:202] Mconv1_stage0_L1_0 does not need backward computation.
I0923 17:44:29.820523 2164736 net.cpp:202] concat_stage0_L1 does not need backward computation.
I0923 17:44:29.820524 2164736 net.cpp:202] Mconv7_stage3_L2_Mconv7_stage3_L2_0_split does not need backward computation.
I0923 17:44:29.820526 2164736 net.cpp:202] Mconv7_stage3_L2 does not need backward computation.
I0923 17:44:29.820528 2164736 net.cpp:202] Mprelu6_stage3_L2 does not need backward computation.
I0923 17:44:29.820528 2164736 net.cpp:202] Mconv6_stage3_L2 does not need backward computation.
I0923 17:44:29.820530 2164736 net.cpp:202] Mconv5_stage3_L2_concat does not need backward computation.
I0923 17:44:29.820531 2164736 net.cpp:202] Mprelu5_stage3_L2_2 does not need backward computation.
I0923 17:44:29.820533 2164736 net.cpp:202] Mconv5_stage3_L2_2 does not need backward computation.
I0923 17:44:29.820534 2164736 net.cpp:202] Mconv5_stage3_L2_1_Mprelu5_stage3_L2_1_0_split does not need backward computation.
I0923 17:44:29.820535 2164736 net.cpp:202] Mprelu5_stage3_L2_1 does not need backward computation.
I0923 17:44:29.820537 2164736 net.cpp:202] Mconv5_stage3_L2_1 does not need backward computation.
I0923 17:44:29.820538 2164736 net.cpp:202] Mconv5_stage3_L2_0_Mprelu5_stage3_L2_0_0_split does not need backward computation.
I0923 17:44:29.820539 2164736 net.cpp:202] Mprelu5_stage3_L2_0 does not need backward computation.
I0923 17:44:29.820540 2164736 net.cpp:202] Mconv5_stage3_L2_0 does not need backward computation.
I0923 17:44:29.820541 2164736 net.cpp:202] Mconv4_stage3_L2_concat does not need backward computation.
I0923 17:44:29.820544 2164736 net.cpp:202] Mprelu4_stage3_L2_2 does not need backward computation.
I0923 17:44:29.820544 2164736 net.cpp:202] Mconv4_stage3_L2_2 does not need backward computation.
I0923 17:44:29.820545 2164736 net.cpp:202] Mconv4_stage3_L2_1_Mprelu4_stage3_L2_1_0_split does not need backward computation.
I0923 17:44:29.820547 2164736 net.cpp:202] Mprelu4_stage3_L2_1 does not need backward computation.
I0923 17:44:29.820549 2164736 net.cpp:202] Mconv4_stage3_L2_1 does not need backward computation.
I0923 17:44:29.820549 2164736 net.cpp:202] Mconv4_stage3_L2_0_Mprelu4_stage3_L2_0_0_split does not need backward computation.
I0923 17:44:29.820550 2164736 net.cpp:202] Mprelu4_stage3_L2_0 does not need backward computation.
I0923 17:44:29.820552 2164736 net.cpp:202] Mconv4_stage3_L2_0 does not need backward computation.
I0923 17:44:29.820554 2164736 net.cpp:202] Mconv3_stage3_L2_concat does not need backward computation.
I0923 17:44:29.820554 2164736 net.cpp:202] Mprelu3_stage3_L2_2 does not need backward computation.
I0923 17:44:29.820556 2164736 net.cpp:202] Mconv3_stage3_L2_2 does not need backward computation.
I0923 17:44:29.820557 2164736 net.cpp:202] Mconv3_stage3_L2_1_Mprelu3_stage3_L2_1_0_split does not need backward computation.
I0923 17:44:29.820559 2164736 net.cpp:202] Mprelu3_stage3_L2_1 does not need backward computation.
I0923 17:44:29.820560 2164736 net.cpp:202] Mconv3_stage3_L2_1 does not need backward computation.
I0923 17:44:29.820561 2164736 net.cpp:202] Mconv3_stage3_L2_0_Mprelu3_stage3_L2_0_0_split does not need backward computation.
I0923 17:44:29.820562 2164736 net.cpp:202] Mprelu3_stage3_L2_0 does not need backward computation.
I0923 17:44:29.820564 2164736 net.cpp:202] Mconv3_stage3_L2_0 does not need backward computation.
I0923 17:44:29.820565 2164736 net.cpp:202] Mconv2_stage3_L2_concat does not need backward computation.
I0923 17:44:29.820566 2164736 net.cpp:202] Mprelu2_stage3_L2_2 does not need backward computation.
I0923 17:44:29.820567 2164736 net.cpp:202] Mconv2_stage3_L2_2 does not need backward computation.
I0923 17:44:29.820569 2164736 net.cpp:202] Mconv2_stage3_L2_1_Mprelu2_stage3_L2_1_0_split does not need backward computation.
I0923 17:44:29.820570 2164736 net.cpp:202] Mprelu2_stage3_L2_1 does not need backward computation.
I0923 17:44:29.820571 2164736 net.cpp:202] Mconv2_stage3_L2_1 does not need backward computation.
I0923 17:44:29.820573 2164736 net.cpp:202] Mconv2_stage3_L2_0_Mprelu2_stage3_L2_0_0_split does not need backward computation.
I0923 17:44:29.820574 2164736 net.cpp:202] Mprelu2_stage3_L2_0 does not need backward computation.
I0923 17:44:29.820575 2164736 net.cpp:202] Mconv2_stage3_L2_0 does not need backward computation.
I0923 17:44:29.820577 2164736 net.cpp:202] Mconv1_stage3_L2_concat does not need backward computation.
I0923 17:44:29.820578 2164736 net.cpp:202] Mprelu1_stage3_L2_2 does not need backward computation.
I0923 17:44:29.820580 2164736 net.cpp:202] Mconv1_stage3_L2_2 does not need backward computation.
I0923 17:44:29.820581 2164736 net.cpp:202] Mconv1_stage3_L2_1_Mprelu1_stage3_L2_1_0_split does not need backward computation.
I0923 17:44:29.820582 2164736 net.cpp:202] Mprelu1_stage3_L2_1 does not need backward computation.
I0923 17:44:29.820583 2164736 net.cpp:202] Mconv1_stage3_L2_1 does not need backward computation.
I0923 17:44:29.820585 2164736 net.cpp:202] Mconv1_stage3_L2_0_Mprelu1_stage3_L2_0_0_split does not need backward computation.
I0923 17:44:29.820586 2164736 net.cpp:202] Mprelu1_stage3_L2_0 does not need backward computation.
I0923 17:44:29.820587 2164736 net.cpp:202] Mconv1_stage3_L2_0 does not need backward computation.
I0923 17:44:29.820588 2164736 net.cpp:202] concat_stage3_L2 does not need backward computation.
I0923 17:44:29.820590 2164736 net.cpp:202] Mconv7_stage2_L2 does not need backward computation.
I0923 17:44:29.820591 2164736 net.cpp:202] Mprelu6_stage2_L2 does not need backward computation.
I0923 17:44:29.820592 2164736 net.cpp:202] Mconv6_stage2_L2 does not need backward computation.
I0923 17:44:29.820595 2164736 net.cpp:202] Mconv5_stage2_L2_concat does not need backward computation.
I0923 17:44:29.820596 2164736 net.cpp:202] Mprelu5_stage2_L2_2 does not need backward computation.
I0923 17:44:29.820597 2164736 net.cpp:202] Mconv5_stage2_L2_2 does not need backward computation.
I0923 17:44:29.820600 2164736 net.cpp:202] Mconv5_stage2_L2_1_Mprelu5_stage2_L2_1_0_split does not need backward computation.
I0923 17:44:29.820600 2164736 net.cpp:202] Mprelu5_stage2_L2_1 does not need backward computation.
I0923 17:44:29.820602 2164736 net.cpp:202] Mconv5_stage2_L2_1 does not need backward computation.
I0923 17:44:29.820603 2164736 net.cpp:202] Mconv5_stage2_L2_0_Mprelu5_stage2_L2_0_0_split does not need backward computation.
I0923 17:44:29.820605 2164736 net.cpp:202] Mprelu5_stage2_L2_0 does not need backward computation.
I0923 17:44:29.820606 2164736 net.cpp:202] Mconv5_stage2_L2_0 does not need backward computation.
I0923 17:44:29.820607 2164736 net.cpp:202] Mconv4_stage2_L2_concat does not need backward computation.
I0923 17:44:29.820608 2164736 net.cpp:202] Mprelu4_stage2_L2_2 does not need backward computation.
I0923 17:44:29.820611 2164736 net.cpp:202] Mconv4_stage2_L2_2 does not need backward computation.
I0923 17:44:29.820611 2164736 net.cpp:202] Mconv4_stage2_L2_1_Mprelu4_stage2_L2_1_0_split does not need backward computation.
I0923 17:44:29.820612 2164736 net.cpp:202] Mprelu4_stage2_L2_1 does not need backward computation.
I0923 17:44:29.820613 2164736 net.cpp:202] Mconv4_stage2_L2_1 does not need backward computation.
I0923 17:44:29.820616 2164736 net.cpp:202] Mconv4_stage2_L2_0_Mprelu4_stage2_L2_0_0_split does not need backward computation.
I0923 17:44:29.820617 2164736 net.cpp:202] Mprelu4_stage2_L2_0 does not need backward computation.
I0923 17:44:29.820618 2164736 net.cpp:202] Mconv4_stage2_L2_0 does not need backward computation.
I0923 17:44:29.820619 2164736 net.cpp:202] Mconv3_stage2_L2_concat does not need backward computation.
I0923 17:44:29.820621 2164736 net.cpp:202] Mprelu3_stage2_L2_2 does not need backward computation.
I0923 17:44:29.820622 2164736 net.cpp:202] Mconv3_stage2_L2_2 does not need backward computation.
I0923 17:44:29.820624 2164736 net.cpp:202] Mconv3_stage2_L2_1_Mprelu3_stage2_L2_1_0_split does not need backward computation.
I0923 17:44:29.820626 2164736 net.cpp:202] Mprelu3_stage2_L2_1 does not need backward computation.
I0923 17:44:29.820627 2164736 net.cpp:202] Mconv3_stage2_L2_1 does not need backward computation.
I0923 17:44:29.820628 2164736 net.cpp:202] Mconv3_stage2_L2_0_Mprelu3_stage2_L2_0_0_split does not need backward computation.
I0923 17:44:29.820629 2164736 net.cpp:202] Mprelu3_stage2_L2_0 does not need backward computation.
I0923 17:44:29.820631 2164736 net.cpp:202] Mconv3_stage2_L2_0 does not need backward computation.
I0923 17:44:29.820632 2164736 net.cpp:202] Mconv2_stage2_L2_concat does not need backward computation.
I0923 17:44:29.820633 2164736 net.cpp:202] Mprelu2_stage2_L2_2 does not need backward computation.
I0923 17:44:29.820634 2164736 net.cpp:202] Mconv2_stage2_L2_2 does not need backward computation.
I0923 17:44:29.820636 2164736 net.cpp:202] Mconv2_stage2_L2_1_Mprelu2_stage2_L2_1_0_split does not need backward computation.
I0923 17:44:29.820637 2164736 net.cpp:202] Mprelu2_stage2_L2_1 does not need backward computation.
I0923 17:44:29.820638 2164736 net.cpp:202] Mconv2_stage2_L2_1 does not need backward computation.
I0923 17:44:29.820639 2164736 net.cpp:202] Mconv2_stage2_L2_0_Mprelu2_stage2_L2_0_0_split does not need backward computation.
I0923 17:44:29.820641 2164736 net.cpp:202] Mprelu2_stage2_L2_0 does not need backward computation.
I0923 17:44:29.820642 2164736 net.cpp:202] Mconv2_stage2_L2_0 does not need backward computation.
I0923 17:44:29.820643 2164736 net.cpp:202] Mconv1_stage2_L2_concat does not need backward computation.
I0923 17:44:29.820645 2164736 net.cpp:202] Mprelu1_stage2_L2_2 does not need backward computation.
I0923 17:44:29.820647 2164736 net.cpp:202] Mconv1_stage2_L2_2 does not need backward computation.
I0923 17:44:29.820648 2164736 net.cpp:202] Mconv1_stage2_L2_1_Mprelu1_stage2_L2_1_0_split does not need backward computation.
I0923 17:44:29.820649 2164736 net.cpp:202] Mprelu1_stage2_L2_1 does not need backward computation.
I0923 17:44:29.820652 2164736 net.cpp:202] Mconv1_stage2_L2_1 does not need backward computation.
I0923 17:44:29.820652 2164736 net.cpp:202] Mconv1_stage2_L2_0_Mprelu1_stage2_L2_0_0_split does not need backward computation.
I0923 17:44:29.820654 2164736 net.cpp:202] Mprelu1_stage2_L2_0 does not need backward computation.
I0923 17:44:29.820655 2164736 net.cpp:202] Mconv1_stage2_L2_0 does not need backward computation.
I0923 17:44:29.820657 2164736 net.cpp:202] concat_stage2_L2 does not need backward computation.
I0923 17:44:29.820658 2164736 net.cpp:202] Mconv7_stage1_L2 does not need backward computation.
I0923 17:44:29.820660 2164736 net.cpp:202] Mprelu6_stage1_L2 does not need backward computation.
I0923 17:44:29.820662 2164736 net.cpp:202] Mconv6_stage1_L2 does not need backward computation.
I0923 17:44:29.820662 2164736 net.cpp:202] Mconv5_stage1_L2_concat does not need backward computation.
I0923 17:44:29.820664 2164736 net.cpp:202] Mprelu5_stage1_L2_2 does not need backward computation.
I0923 17:44:29.820665 2164736 net.cpp:202] Mconv5_stage1_L2_2 does not need backward computation.
I0923 17:44:29.820667 2164736 net.cpp:202] Mconv5_stage1_L2_1_Mprelu5_stage1_L2_1_0_split does not need backward computation.
I0923 17:44:29.820668 2164736 net.cpp:202] Mprelu5_stage1_L2_1 does not need backward computation.
I0923 17:44:29.820670 2164736 net.cpp:202] Mconv5_stage1_L2_1 does not need backward computation.
I0923 17:44:29.820672 2164736 net.cpp:202] Mconv5_stage1_L2_0_Mprelu5_stage1_L2_0_0_split does not need backward computation.
I0923 17:44:29.820673 2164736 net.cpp:202] Mprelu5_stage1_L2_0 does not need backward computation.
I0923 17:44:29.820674 2164736 net.cpp:202] Mconv5_stage1_L2_0 does not need backward computation.
I0923 17:44:29.820675 2164736 net.cpp:202] Mconv4_stage1_L2_concat does not need backward computation.
I0923 17:44:29.820677 2164736 net.cpp:202] Mprelu4_stage1_L2_2 does not need backward computation.
I0923 17:44:29.820678 2164736 net.cpp:202] Mconv4_stage1_L2_2 does not need backward computation.
I0923 17:44:29.820680 2164736 net.cpp:202] Mconv4_stage1_L2_1_Mprelu4_stage1_L2_1_0_split does not need backward computation.
I0923 17:44:29.820681 2164736 net.cpp:202] Mprelu4_stage1_L2_1 does not need backward computation.
I0923 17:44:29.820683 2164736 net.cpp:202] Mconv4_stage1_L2_1 does not need backward computation.
I0923 17:44:29.820684 2164736 net.cpp:202] Mconv4_stage1_L2_0_Mprelu4_stage1_L2_0_0_split does not need backward computation.
I0923 17:44:29.820685 2164736 net.cpp:202] Mprelu4_stage1_L2_0 does not need backward computation.
I0923 17:44:29.820688 2164736 net.cpp:202] Mconv4_stage1_L2_0 does not need backward computation.
I0923 17:44:29.820688 2164736 net.cpp:202] Mconv3_stage1_L2_concat does not need backward computation.
I0923 17:44:29.820690 2164736 net.cpp:202] Mprelu3_stage1_L2_2 does not need backward computation.
I0923 17:44:29.820691 2164736 net.cpp:202] Mconv3_stage1_L2_2 does not need backward computation.
I0923 17:44:29.820693 2164736 net.cpp:202] Mconv3_stage1_L2_1_Mprelu3_stage1_L2_1_0_split does not need backward computation.
I0923 17:44:29.820694 2164736 net.cpp:202] Mprelu3_stage1_L2_1 does not need backward computation.
I0923 17:44:29.820695 2164736 net.cpp:202] Mconv3_stage1_L2_1 does not need backward computation.
I0923 17:44:29.820698 2164736 net.cpp:202] Mconv3_stage1_L2_0_Mprelu3_stage1_L2_0_0_split does not need backward computation.
I0923 17:44:29.820698 2164736 net.cpp:202] Mprelu3_stage1_L2_0 does not need backward computation.
I0923 17:44:29.820699 2164736 net.cpp:202] Mconv3_stage1_L2_0 does not need backward computation.
I0923 17:44:29.820701 2164736 net.cpp:202] Mconv2_stage1_L2_concat does not need backward computation.
I0923 17:44:29.820703 2164736 net.cpp:202] Mprelu2_stage1_L2_2 does not need backward computation.
I0923 17:44:29.820704 2164736 net.cpp:202] Mconv2_stage1_L2_2 does not need backward computation.
I0923 17:44:29.820705 2164736 net.cpp:202] Mconv2_stage1_L2_1_Mprelu2_stage1_L2_1_0_split does not need backward computation.
I0923 17:44:29.820708 2164736 net.cpp:202] Mprelu2_stage1_L2_1 does not need backward computation.
I0923 17:44:29.820708 2164736 net.cpp:202] Mconv2_stage1_L2_1 does not need backward computation.
I0923 17:44:29.820710 2164736 net.cpp:202] Mconv2_stage1_L2_0_Mprelu2_stage1_L2_0_0_split does not need backward computation.
I0923 17:44:29.820711 2164736 net.cpp:202] Mprelu2_stage1_L2_0 does not need backward computation.
I0923 17:44:29.820712 2164736 net.cpp:202] Mconv2_stage1_L2_0 does not need backward computation.
I0923 17:44:29.820714 2164736 net.cpp:202] Mconv1_stage1_L2_concat does not need backward computation.
I0923 17:44:29.820716 2164736 net.cpp:202] Mprelu1_stage1_L2_2 does not need backward computation.
I0923 17:44:29.820717 2164736 net.cpp:202] Mconv1_stage1_L2_2 does not need backward computation.
I0923 17:44:29.820719 2164736 net.cpp:202] Mconv1_stage1_L2_1_Mprelu1_stage1_L2_1_0_split does not need backward computation.
I0923 17:44:29.820720 2164736 net.cpp:202] Mprelu1_stage1_L2_1 does not need backward computation.
I0923 17:44:29.820721 2164736 net.cpp:202] Mconv1_stage1_L2_1 does not need backward computation.
I0923 17:44:29.820724 2164736 net.cpp:202] Mconv1_stage1_L2_0_Mprelu1_stage1_L2_0_0_split does not need backward computation.
I0923 17:44:29.820724 2164736 net.cpp:202] Mprelu1_stage1_L2_0 does not need backward computation.
I0923 17:44:29.820725 2164736 net.cpp:202] Mconv1_stage1_L2_0 does not need backward computation.
I0923 17:44:29.820726 2164736 net.cpp:202] concat_stage1_L2 does not need backward computation.
I0923 17:44:29.820729 2164736 net.cpp:202] Mconv7_stage0_L2 does not need backward computation.
I0923 17:44:29.820729 2164736 net.cpp:202] Mprelu6_stage0_L2 does not need backward computation.
I0923 17:44:29.820731 2164736 net.cpp:202] Mconv6_stage0_L2 does not need backward computation.
I0923 17:44:29.820732 2164736 net.cpp:202] Mconv5_stage0_L2_concat does not need backward computation.
I0923 17:44:29.820734 2164736 net.cpp:202] Mprelu5_stage0_L2_2 does not need backward computation.
I0923 17:44:29.820735 2164736 net.cpp:202] Mconv5_stage0_L2_2 does not need backward computation.
I0923 17:44:29.820736 2164736 net.cpp:202] Mconv5_stage0_L2_1_Mprelu5_stage0_L2_1_0_split does not need backward computation.
I0923 17:44:29.820739 2164736 net.cpp:202] Mprelu5_stage0_L2_1 does not need backward computation.
I0923 17:44:29.820739 2164736 net.cpp:202] Mconv5_stage0_L2_1 does not need backward computation.
I0923 17:44:29.820740 2164736 net.cpp:202] Mconv5_stage0_L2_0_Mprelu5_stage0_L2_0_0_split does not need backward computation.
I0923 17:44:29.820742 2164736 net.cpp:202] Mprelu5_stage0_L2_0 does not need backward computation.
I0923 17:44:29.820744 2164736 net.cpp:202] Mconv5_stage0_L2_0 does not need backward computation.
I0923 17:44:29.820745 2164736 net.cpp:202] Mconv4_stage0_L2_concat does not need backward computation.
I0923 17:44:29.820746 2164736 net.cpp:202] Mprelu4_stage0_L2_2 does not need backward computation.
I0923 17:44:29.820748 2164736 net.cpp:202] Mconv4_stage0_L2_2 does not need backward computation.
I0923 17:44:29.820749 2164736 net.cpp:202] Mconv4_stage0_L2_1_Mprelu4_stage0_L2_1_0_split does not need backward computation.
I0923 17:44:29.820751 2164736 net.cpp:202] Mprelu4_stage0_L2_1 does not need backward computation.
I0923 17:44:29.820752 2164736 net.cpp:202] Mconv4_stage0_L2_1 does not need backward computation.
I0923 17:44:29.820755 2164736 net.cpp:202] Mconv4_stage0_L2_0_Mprelu4_stage0_L2_0_0_split does not need backward computation.
I0923 17:44:29.820755 2164736 net.cpp:202] Mprelu4_stage0_L2_0 does not need backward computation.
I0923 17:44:29.820756 2164736 net.cpp:202] Mconv4_stage0_L2_0 does not need backward computation.
I0923 17:44:29.820758 2164736 net.cpp:202] Mconv3_stage0_L2_concat does not need backward computation.
I0923 17:44:29.820760 2164736 net.cpp:202] Mprelu3_stage0_L2_2 does not need backward computation.
I0923 17:44:29.820761 2164736 net.cpp:202] Mconv3_stage0_L2_2 does not need backward computation.
I0923 17:44:29.820763 2164736 net.cpp:202] Mconv3_stage0_L2_1_Mprelu3_stage0_L2_1_0_split does not need backward computation.
I0923 17:44:29.820765 2164736 net.cpp:202] Mprelu3_stage0_L2_1 does not need backward computation.
I0923 17:44:29.820765 2164736 net.cpp:202] Mconv3_stage0_L2_1 does not need backward computation.
I0923 17:44:29.820767 2164736 net.cpp:202] Mconv3_stage0_L2_0_Mprelu3_stage0_L2_0_0_split does not need backward computation.
I0923 17:44:29.820768 2164736 net.cpp:202] Mprelu3_stage0_L2_0 does not need backward computation.
I0923 17:44:29.820770 2164736 net.cpp:202] Mconv3_stage0_L2_0 does not need backward computation.
I0923 17:44:29.820771 2164736 net.cpp:202] Mconv2_stage0_L2_concat does not need backward computation.
I0923 17:44:29.820772 2164736 net.cpp:202] Mprelu2_stage0_L2_2 does not need backward computation.
I0923 17:44:29.820773 2164736 net.cpp:202] Mconv2_stage0_L2_2 does not need backward computation.
I0923 17:44:29.820775 2164736 net.cpp:202] Mconv2_stage0_L2_1_Mprelu2_stage0_L2_1_0_split does not need backward computation.
I0923 17:44:29.820776 2164736 net.cpp:202] Mprelu2_stage0_L2_1 does not need backward computation.
I0923 17:44:29.820778 2164736 net.cpp:202] Mconv2_stage0_L2_1 does not need backward computation.
I0923 17:44:29.820779 2164736 net.cpp:202] Mconv2_stage0_L2_0_Mprelu2_stage0_L2_0_0_split does not need backward computation.
I0923 17:44:29.820780 2164736 net.cpp:202] Mprelu2_stage0_L2_0 does not need backward computation.
I0923 17:44:29.820782 2164736 net.cpp:202] Mconv2_stage0_L2_0 does not need backward computation.
I0923 17:44:29.820783 2164736 net.cpp:202] Mconv1_stage0_L2_concat does not need backward computation.
I0923 17:44:29.820785 2164736 net.cpp:202] Mprelu1_stage0_L2_2 does not need backward computation.
I0923 17:44:29.820787 2164736 net.cpp:202] Mconv1_stage0_L2_2 does not need backward computation.
I0923 17:44:29.820788 2164736 net.cpp:202] Mconv1_stage0_L2_1_Mprelu1_stage0_L2_1_0_split does not need backward computation.
I0923 17:44:29.820791 2164736 net.cpp:202] Mprelu1_stage0_L2_1 does not need backward computation.
I0923 17:44:29.820791 2164736 net.cpp:202] Mconv1_stage0_L2_1 does not need backward computation.
I0923 17:44:29.820792 2164736 net.cpp:202] Mconv1_stage0_L2_0_Mprelu1_stage0_L2_0_0_split does not need backward computation.
I0923 17:44:29.820794 2164736 net.cpp:202] Mprelu1_stage0_L2_0 does not need backward computation.
I0923 17:44:29.820796 2164736 net.cpp:202] Mconv1_stage0_L2_0 does not need backward computation.
I0923 17:44:29.820797 2164736 net.cpp:202] conv4_4_CPM_prelu4_4_CPM_0_split does not need backward computation.
I0923 17:44:29.820798 2164736 net.cpp:202] prelu4_4_CPM does not need backward computation.
I0923 17:44:29.820801 2164736 net.cpp:202] conv4_4_CPM does not need backward computation.
I0923 17:44:29.820801 2164736 net.cpp:202] prelu4_3_CPM does not need backward computation.
I0923 17:44:29.820802 2164736 net.cpp:202] conv4_3_CPM does not need backward computation.
I0923 17:44:29.820804 2164736 net.cpp:202] prelu4_2 does not need backward computation.
I0923 17:44:29.820806 2164736 net.cpp:202] conv4_2 does not need backward computation.
I0923 17:44:29.820807 2164736 net.cpp:202] relu4_1 does not need backward computation.
I0923 17:44:29.820808 2164736 net.cpp:202] conv4_1 does not need backward computation.
I0923 17:44:29.820811 2164736 net.cpp:202] pool3_stage1 does not need backward computation.
I0923 17:44:29.820811 2164736 net.cpp:202] relu3_4 does not need backward computation.
I0923 17:44:29.820812 2164736 net.cpp:202] conv3_4 does not need backward computation.
I0923 17:44:29.820814 2164736 net.cpp:202] relu3_3 does not need backward computation.
I0923 17:44:29.820815 2164736 net.cpp:202] conv3_3 does not need backward computation.
I0923 17:44:29.820816 2164736 net.cpp:202] relu3_2 does not need backward computation.
I0923 17:44:29.820817 2164736 net.cpp:202] conv3_2 does not need backward computation.
I0923 17:44:29.820819 2164736 net.cpp:202] relu3_1 does not need backward computation.
I0923 17:44:29.820822 2164736 net.cpp:202] conv3_1 does not need backward computation.
I0923 17:44:29.820822 2164736 net.cpp:202] pool2_stage1 does not need backward computation.
I0923 17:44:29.820823 2164736 net.cpp:202] relu2_2 does not need backward computation.
I0923 17:44:29.820824 2164736 net.cpp:202] conv2_2 does not need backward computation.
I0923 17:44:29.820827 2164736 net.cpp:202] relu2_1 does not need backward computation.
I0923 17:44:29.820827 2164736 net.cpp:202] conv2_1 does not need backward computation.
I0923 17:44:29.820829 2164736 net.cpp:202] pool1_stage1 does not need backward computation.
I0923 17:44:29.820830 2164736 net.cpp:202] relu1_2 does not need backward computation.
I0923 17:44:29.820832 2164736 net.cpp:202] conv1_2 does not need backward computation.
I0923 17:44:29.820833 2164736 net.cpp:202] relu1_1 does not need backward computation.
I0923 17:44:29.820834 2164736 net.cpp:202] conv1_1 does not need backward computation.
I0923 17:44:29.820835 2164736 net.cpp:202] input does not need backward computation.
I0923 17:44:29.820837 2164736 net.cpp:244] This network produces output net_output
I0923 17:44:29.820904 2164736 net.cpp:257] Network initialization done.
I0923 17:44:29.880874 2164736 net.cpp:746] Ignoring source layer image
I0923 17:44:29.880887 2164736 net.cpp:746] Ignoring source layer vec_weight
I0923 17:44:29.880888 2164736 net.cpp:746] Ignoring source layer vec_weight_vec_weight_0_split
I0923 17:44:29.880889 2164736 net.cpp:746] Ignoring source layer heat_weight_vec_weight_1_split
I0923 17:44:29.880890 2164736 net.cpp:746] Ignoring source layer label_heat
I0923 17:44:29.880892 2164736 net.cpp:746] Ignoring source layer label_heat_label_heat_0_split
I0923 17:44:29.880893 2164736 net.cpp:746] Ignoring source layer label_vec
I0923 17:44:29.880894 2164736 net.cpp:746] Ignoring source layer label_vec_label_vec_0_split
I0923 17:44:29.883015 2164736 net.cpp:746] Ignoring source layer Mconv7_stage0_L2_Mconv7_stage0_L2_0_split
I0923 17:44:29.883020 2164736 net.cpp:746] Ignoring source layer weight_stage0_L2
I0923 17:44:29.883021 2164736 net.cpp:746] Ignoring source layer loss_stage0_L2
I0923 17:44:29.883882 2164736 net.cpp:746] Ignoring source layer Mconv7_stage1_L2_Mconv7_stage1_L2_0_split
I0923 17:44:29.883885 2164736 net.cpp:746] Ignoring source layer weight_stage1_L2
I0923 17:44:29.883886 2164736 net.cpp:746] Ignoring source layer loss_stage1_L2
I0923 17:44:29.884747 2164736 net.cpp:746] Ignoring source layer Mconv7_stage2_L2_Mconv7_stage2_L2_0_split
I0923 17:44:29.884750 2164736 net.cpp:746] Ignoring source layer weight_stage2_L2
I0923 17:44:29.884752 2164736 net.cpp:746] Ignoring source layer loss_stage2_L2
I0923 17:44:29.885591 2164736 net.cpp:746] Ignoring source layer weight_stage3_L2
I0923 17:44:29.885592 2164736 net.cpp:746] Ignoring source layer loss_stage3_L2
I0923 17:44:29.886071 2164736 net.cpp:746] Ignoring source layer Mconv7_stage0_L1_Mconv7_stage0_L1_0_split
I0923 17:44:29.886073 2164736 net.cpp:746] Ignoring source layer weight_stage0_L1
I0923 17:44:29.886075 2164736 net.cpp:746] Ignoring source layer loss_stage0_L1
I0923 17:44:29.886909 2164736 net.cpp:746] Ignoring source layer weight_stage1_L1
I0923 17:44:29.886912 2164736 net.cpp:746] Ignoring source layer loss_stage1_L1
I0923 17:44:29.889647 2164736 upgrade_proto.cpp:69] Attempting to upgrade input file specified using deprecated input fields: /opt/openpose/models/face/pose_deploy.prototxt
I0923 17:44:29.889653 2164736 upgrade_proto.cpp:72] Successfully upgraded file specified using deprecated input fields.
W0923 17:44:29.889654 2164736 upgrade_proto.cpp:74] Note that future Caffe releases will only support input layers and not input fields.
I0923 17:44:29.889710 2164736 net.cpp:53] Initializing net from parameters: 
state {
  phase: TEST
  level: 0
}
layer {
  name: "input"
  type: "Input"
  top: "image"
  input_param {
    shape {
      dim: 1
      dim: 3
      dim: 1
      dim: 1
    }
  }
}
layer {
  name: "conv1_1"
  type: "Convolution"
  bottom: "image"
  top: "conv1_1"
  param {
    lr_mult: 1
    decay_mult: 1
  }
  param {
    lr_mult: 2
    decay_mult: 0
  }
  convolution_param {
    num_output: 64
    pad: 1
    kernel_size: 3
    weight_filler {
      type: "gaussian"
      std: 0.01
    }
    bias_filler {
      type: "constant"
    }
  }
}
layer {
  name: "conv1_1_re"
  type: "ReLU"
  bottom: "conv1_1"
  top: "conv1_1"
}
layer {
  name: "conv1_2"
  type: "Convolution"
  bottom: "conv1_1"
  top: "conv1_2"
  param {
    lr_mult: 1
    decay_mult: 1
  }
  param {
    lr_mult: 2
    decay_mult: 0
  }
  convolution_param {
    num_output: 64
    pad: 1
    kernel_size: 3
    weight_filler {
      type: "gaussian"
      std: 0.01
    }
    bias_filler {
      type: "constant"
    }
  }
}
layer {
  name: "conv1_2_re"
  type: "ReLU"
  bottom: "conv1_2"
  top: "conv1_2"
}
layer {
  name: "pool1"
  type: "Pooling"
  bottom: "conv1_2"
  top: "pool1"
  pooling_param {
    pool: MAX
    kernel_size: 2
    stride: 2
  }
}
layer {
  name: "conv2_1"
  type: "Convolution"
  bottom: "pool1"
  top: "conv2_1"
  param {
    lr_mult: 1
    decay_mult: 1
  }
  param {
    lr_mult: 2
    decay_mult: 0
  }
  convolution_param {
    num_output: 128
    pad: 1
    kernel_size: 3
    weight_filler {
      type: "gaussian"
      std: 0.01
    }
    bias_filler {
      type: "constant"
    }
  }
}
layer {
  name: "conv2_1_re"
  type: "ReLU"
  bottom: "conv2_1"
  top: "conv2_1"
}
layer {
  name: "conv2_2"
  type: "Convolution"
  bottom: "conv2_1"
  top: "conv2_2"
  param {
    lr_mult: 1
    decay_mult: 1
  }
  param {
    lr_mult: 2
    decay_mult: 0
  }
  convolution_param {
    num_output: 128
    pad: 1
    kernel_size: 3
    weight_filler {
      type: "gaussian"
      std: 0.01
    }
    bias_filler {
      type: "constant"
    }
  }
}
layer {
  name: "conv2_2_re"
  type: "ReLU"
  bottom: "conv2_2"
  top: "conv2_2"
}
layer {
  name: "pool2"
  type: "Pooling"
  bottom: "conv2_2"
  top: "pool2"
  pooling_param {
    pool: MAX
    kernel_size: 2
    stride: 2
  }
}
layer {
  name: "conv3_1"
  type: "Convolution"
  bottom: "pool2"
  top: "conv3_1"
  param {
    lr_mult: 1
    decay_mult: 1
  }
  param {
    lr_mult: 2
    decay_mult: 0
  }
  convolution_param {
    num_output: 256
    pad: 1
    kernel_size: 3
    weight_filler {
      type: "gaussian"
      std: 0.01
    }
    bias_filler {
      type: "constant"
    }
  }
}
layer {
  name: "conv3_1_re"
  type: "ReLU"
  bottom: "conv3_1"
  top: "conv3_1"
}
layer {
  name: "conv3_2"
  type: "Convolution"
  bottom: "conv3_1"
  top: "conv3_2"
  param {
    lr_mult: 1
    decay_mult: 1
  }
  param {
    lr_mult: 2
    decay_mult: 0
  }
  convolution_param {
    num_output: 256
    pad: 1
    kernel_size: 3
    weight_filler {
      type: "gaussian"
      std: 0.01
    }
    bias_filler {
      type: "constant"
    }
  }
}
layer {
  name: "conv3_2_re"
  type: "ReLU"
  bottom: "conv3_2"
  top: "conv3_2"
}
layer {
  name: "conv3_3"
  type: "Convolution"
  bottom: "conv3_2"
  top: "conv3_3"
  param {
    lr_mult: 1
    decay_mult: 1
  }
  param {
    lr_mult: 2
    decay_mult: 0
  }
  convolution_param {
    num_output: 256
    pad: 1
    kernel_size: 3
    weight_filler {
      type: "gaussian"
      std: 0.01
    }
    bias_filler {
      type: "constant"
    }
  }
}
layer {
  name: "conv3_3_re"
  type: "ReLU"
  bottom: "conv3_3"
  top: "conv3_3"
}
layer {
  name: "conv3_4"
  type: "Convolution"
  bottom: "conv3_3"
  top: "conv3_4"
  param {
    lr_mult: 1
    decay_mult: 1
  }
  param {
    lr_mult: 2
    decay_mult: 0
  }
  convolution_param {
    num_output: 256
    pad: 1
    kernel_size: 3
    weight_filler {
      type: "gaussian"
      std: 0.01
    }
    bias_filler {
      type: "constant"
    }
  }
}
layer {
  name: "conv3_4_re"
  type: "ReLU"
  bottom: "conv3_4"
  top: "conv3_4"
}
layer {
  name: "pool3"
  type: "Pooling"
  bottom: "conv3_4"
  top: "pool3"
  pooling_param {
    pool: MAX
    kernel_size: 2
    stride: 2
  }
}
layer {
  name: "conv4_1"
  type: "Convolution"
  bottom: "pool3"
  top: "conv4_1"
  param {
    lr_mult: 1
    decay_mult: 1
  }
  param {
    lr_mult: 2
    decay_mult: 0
  }
  convolution_param {
    num_output: 512
    pad: 1
    kernel_size: 3
    weight_filler {
      type: "gaussian"
      std: 0.01
    }
    bias_filler {
      type: "constant"
    }
  }
}
layer {
  name: "conv4_1_re"
  type: "ReLU"
  bottom: "conv4_1"
  top: "conv4_1"
}
layer {
  name: "conv4_2"
  type: "Convolution"
  bottom: "conv4_1"
  top: "conv4_2"
  param {
    lr_mult: 1
    decay_mult: 1
  }
  param {
    lr_mult: 2
    decay_mult: 0
  }
  convolution_param {
    num_output: 512
    pad: 1
    kernel_size: 3
    weight_filler {
      type: "gaussian"
      std: 0.01
    }
    bias_filler {
      type: "constant"
    }
  }
}
layer {
  name: "conv4_2_re"
  type: "ReLU"
  bottom: "conv4_2"
  top: "conv4_2"
}
layer {
  name: "conv4_3"
  type: "Convolution"
  bottom: "conv4_2"
  top: "conv4_3"
  param {
    lr_mult: 1
    decay_mult: 1
  }
  param {
    lr_mult: 2
    decay_mult: 0
  }
  convolution_param {
    num_output: 512
    pad: 1
    kernel_size: 3
    weight_filler {
      type: "gaussian"
      std: 0.01
    }
    bias_filler {
      type: "constant"
    }
  }
}
layer {
  name: "conv4_3_re"
  type: "ReLU"
  bottom: "conv4_3"
  top: "conv4_3"
}
layer {
  name: "conv4_4"
  type: "Convolution"
  bottom: "conv4_3"
  top: "conv4_4"
  param {
    lr_mult: 1
    decay_mult: 1
  }
  param {
    lr_mult: 2
    decay_mult: 0
  }
  convolution_param {
    num_output: 512
    pad: 1
    kernel_size: 3
    weight_filler {
      type: "gaussian"
      std: 0.01
    }
    bias_filler {
      type: "constant"
    }
  }
}
layer {
  name: "conv4_4_re"
  type: "ReLU"
  bottom: "conv4_4"
  top: "conv4_4"
}
layer {
  name: "conv5_1"
  type: "Convolution"
  bottom: "conv4_4"
  top: "conv5_1"
  param {
    lr_mult: 1
    decay_mult: 1
  }
  param {
    lr_mult: 2
    decay_mult: 0
  }
  convolution_param {
    num_output: 512
    pad: 1
    kernel_size: 3
    weight_filler {
      type: "gaussian"
      std: 0.01
    }
    bias_filler {
      type: "constant"
    }
  }
}
layer {
  name: "conv5_1_re"
  type: "ReLU"
  bottom: "conv5_1"
  top: "conv5_1"
}
layer {
  name: "conv5_2"
  type: "Convolution"
  bottom: "conv5_1"
  top: "conv5_2"
  param {
    lr_mult: 1
    decay_mult: 1
  }
  param {
    lr_mult: 2
    decay_mult: 0
  }
  convolution_param {
    num_output: 512
    pad: 1
    kernel_size: 3
    weight_filler {
      type: "gaussian"
      std: 0.01
    }
    bias_filler {
      type: "constant"
    }
  }
}
layer {
  name: "conv5_2_re"
  type: "ReLU"
  bottom: "conv5_2"
  top: "conv5_2"
}
layer {
  name: "conv5_3_CPM"
  type: "Convolution"
  bottom: "conv5_2"
  top: "conv5_3_CPM"
  param {
    lr_mult: 1
    decay_mult: 1
  }
  param {
    lr_mult: 2
    decay_mult: 0
  }
  convolution_param {
    num_output: 128
    pad: 1
    kernel_size: 3
    weight_filler {
      type: "gaussian"
      std: 0.01
    }
    bias_filler {
      type: "constant"
    }
  }
}
layer {
  name: "conv5_3_CPM_re"
  type: "ReLU"
  bottom: "conv5_3_CPM"
  top: "conv5_3_CPM"
}
layer {
  name: "conv6_1_CPM"
  type: "Convolution"
  bottom: "conv5_3_CPM"
  top: "conv6_1_CPM"
  param {
    lr_mult: 1
    decay_mult: 1
  }
  param {
    lr_mult: 2
    decay_mult: 0
  }
  convolution_param {
    num_output: 512
    pad: 0
    kernel_size: 1
    weight_filler {
      type: "gaussian"
      std: 0.01
    }
    bias_filler {
      type: "constant"
    }
  }
}
layer {
  name: "conv6_1_CPM_re"
  type: "ReLU"
  bottom: "conv6_1_CPM"
  top: "conv6_1_CPM"
}
layer {
  name: "conv6_2_CPM"
  type: "Convolution"
  bottom: "conv6_1_CPM"
  top: "conv6_2_CPM"
  param {
    lr_mult: 1
    decay_mult: 1
  }
  param {
    lr_mult: 2
    decay_mult: 0
  }
  convolution_param {
    num_output: 71
    pad: 0
    kernel_size: 1
    weight_filler {
      type: "gaussian"
      std: 0.01
    }
    bias_filler {
      type: "constant"
    }
  }
}
layer {
  name: "features_in_stage_2"
  type: "Concat"
  bottom: "conv6_2_CPM"
  bottom: "conv5_3_CPM"
  top: "features_in_stage_2"
  concat_param {
    axis: 1
  }
}
layer {
  name: "Mconv1_stage2"
  type: "Convolution"
  bottom: "features_in_stage_2"
  top: "Mconv1_stage2"
  param {
    lr_mult: 4
    decay_mult: 1
  }
  param {
    lr_mult: 8
    decay_mult: 0
  }
  convolution_param {
    num_output: 128
    pad: 3
    kernel_size: 7
    weight_filler {
      type: "gaussian"
      std: 0.01
    }
    bias_filler {
      type: "constant"
    }
  }
}
layer {
  name: "Mconv1_stage2_re"
  type: "ReLU"
  bottom: "Mconv1_stage2"
  top: "Mconv1_stage2"
}
layer {
  name: "Mconv2_stage2"
  type: "Convolution"
  bottom: "Mconv1_stage2"
  top: "Mconv2_stage2"
  param {
    lr_mult: 4
    decay_mult: 1
  }
  param {
    lr_mult: 8
    decay_mult: 0
  }
  convolution_param {
    num_output: 128
    pad: 3
    kernel_size: 7
    weight_filler {
      type: "gaussian"
      std: 0.01
    }
    bias_filler {
      type: "constant"
    }
  }
}
layer {
  name: "Mconv2_stage2_re"
  type: "ReLU"
  bottom: "Mconv2_stage2"
  top: "Mconv2_stage2"
}
layer {
  name: "Mconv3_stage2"
  type: "Convolution"
  bottom: "Mconv2_stage2"
  top: "Mconv3_stage2"
  param {
    lr_mult: 4
    decay_mult: 1
  }
  param {
    lr_mult: 8
    decay_mult: 0
  }
  convolution_param {
    num_output: 128
    pad: 3
    kernel_size: 7
    weight_filler {
      type: "gaussian"
      std: 0.01
    }
    bias_filler {
      type: "constant"
    }
  }
}
layer {
  name: "Mconv3_stage2_re"
  type: "ReLU"
  bottom: "Mconv3_stage2"
  top: "Mconv3_stage2"
}
layer {
  name: "Mconv4_stage2"
  type: "Convolution"
  bottom: "Mconv3_stage2"
  top: "Mconv4_stage2"
  param {
    lr_mult: 4
    decay_mult: 1
  }
  param {
    lr_mult: 8
    decay_mult: 0
  }
  convolution_param {
    num_output: 128
    pad: 3
    kernel_size: 7
    weight_filler {
      type: "gaussian"
      std: 0.01
    }
    bias_filler {
      type: "constant"
    }
  }
}
layer {
  name: "Mconv4_stage2_re"
  type: "ReLU"
  bottom: "Mconv4_stage2"
  top: "Mconv4_stage2"
}
layer {
  name: "Mconv5_stage2"
  type: "Convolution"
  bottom: "Mconv4_stage2"
  top: "Mconv5_stage2"
  param {
    lr_mult: 4
    decay_mult: 1
  }
  param {
    lr_mult: 8
    decay_mult: 0
  }
  convolution_param {
    num_output: 128
    pad: 3
    kernel_size: 7
    weight_filler {
      type: "gaussian"
      std: 0.01
    }
    bias_filler {
      type: "constant"
    }
  }
}
layer {
  name: "Mconv5_stage2_re"
  type: "ReLU"
  bottom: "Mconv5_stage2"
  top: "Mconv5_stage2"
}
layer {
  name: "Mconv6_stage2"
  type: "Convolution"
  bottom: "Mconv5_stage2"
  top: "Mconv6_stage2"
  param {
    lr_mult: 4
    decay_mult: 1
  }
  param {
    lr_mult: 8
    decay_mult: 0
  }
  convolution_param {
    num_output: 128
    pad: 0
    kernel_size: 1
    weight_filler {
      type: "gaussian"
      std: 0.01
    }
    bias_filler {
      type: "constant"
    }
  }
}
layer {
  name: "Mconv6_stage2_re"
  type: "ReLU"
  bottom: "Mconv6_stage2"
  top: "Mconv6_stage2"
}
layer {
  name: "Mconv7_stage2"
  type: "Convolution"
  bottom: "Mconv6_stage2"
  top: "Mconv7_stage2"
  param {
    lr_mult: 4
    decay_mult: 1
  }
  param {
    lr_mult: 8
    decay_mult: 0
  }
  convolution_param {
    num_output: 71
    pad: 0
    kernel_size: 1
    weight_filler {
      type: "gaussian"
      std: 0.01
    }
    bias_filler {
      type: "constant"
    }
  }
}
layer {
  name: "features_in_stage_3"
  type: "Concat"
  bottom: "Mconv7_stage2"
  bottom: "conv5_3_CPM"
  top: "features_in_stage_3"
  concat_param {
    axis: 1
  }
}
layer {
  name: "Mconv1_stage3"
  type: "Convolution"
  bottom: "features_in_stage_3"
  top: "Mconv1_stage3"
  param {
    lr_mult: 4
    decay_mult: 1
  }
  param {
    lr_mult: 8
    decay_mult: 0
  }
  convolution_param {
    num_output: 128
    pad: 3
    kernel_size: 7
    weight_filler {
      type: "gaussian"
      std: 0.01
    }
    bias_filler {
      type: "constant"
    }
  }
}
layer {
  name: "Mconv1_stage3_re"
  type: "ReLU"
  bottom: "Mconv1_stage3"
  top: "Mconv1_stage3"
}
layer {
  name: "Mconv2_stage3"
  type: "Convolution"
  bottom: "Mconv1_stage3"
  top: "Mconv2_stage3"
  param {
    lr_mult: 4
    decay_mult: 1
  }
  param {
    lr_mult: 8
    decay_mult: 0
  }
  convolution_param {
    num_output: 128
    pad: 3
    kernel_size: 7
    weight_filler {
      type: "gaussian"
      std: 0.01
    }
    bias_filler {
      type: "constant"
    }
  }
}
layer {
  name: "Mconv2_stage3_re"
  type: "ReLU"
  bottom: "Mconv2_stage3"
  top: "Mconv2_stage3"
}
layer {
  name: "Mconv3_stage3"
  type: "Convolution"
  bottom: "Mconv2_stage3"
  top: "Mconv3_stage3"
  param {
    lr_mult: 4
    decay_mult: 1
  }
  param {
    lr_mult: 8
    decay_mult: 0
  }
  convolution_param {
    num_output: 128
    pad: 3
    kernel_size: 7
    weight_filler {
      type: "gaussian"
      std: 0.01
    }
    bias_filler {
      type: "constant"
    }
  }
}
layer {
  name: "Mconv3_stage3_re"
  type: "ReLU"
  bottom: "Mconv3_stage3"
  top: "Mconv3_stage3"
}
layer {
  name: "Mconv4_stage3"
  type: "Convolution"
  bottom: "Mconv3_stage3"
  top: "Mconv4_stage3"
  param {
    lr_mult: 4
    decay_mult: 1
  }
  param {
    lr_mult: 8
    decay_mult: 0
  }
  convolution_param {
    num_output: 128
    pad: 3
    kernel_size: 7
    weight_filler {
      type: "gaussian"
      std: 0.01
    }
    bias_filler {
      type: "constant"
    }
  }
}
layer {
  name: "Mconv4_stage3_re"
  type: "ReLU"
  bottom: "Mconv4_stage3"
  top: "Mconv4_stage3"
}
layer {
  name: "Mconv5_stage3"
  type: "Convolution"
  bottom: "Mconv4_stage3"
  top: "Mconv5_stage3"
  param {
    lr_mult: 4
    decay_mult: 1
  }
  param {
    lr_mult: 8
    decay_mult: 0
  }
  convolution_param {
    num_output: 128
    pad: 3
    kernel_size: 7
    weight_filler {
      type: "gaussian"
      std: 0.01
    }
    bias_filler {
      type: "constant"
    }
  }
}
layer {
  name: "Mconv5_stage3_re"
  type: "ReLU"
  bottom: "Mconv5_stage3"
  top: "Mconv5_stage3"
}
layer {
  name: "Mconv6_stage3"
  type: "Convolution"
  bottom: "Mconv5_stage3"
  top: "Mconv6_stage3"
  param {
    lr_mult: 4
    decay_mult: 1
  }
  param {
    lr_mult: 8
    decay_mult: 0
  }
  convolution_param {
    num_output: 128
    pad: 0
    kernel_size: 1
    weight_filler {
      type: "gaussian"
      std: 0.01
    }
    bias_filler {
      type: "constant"
    }
  }
}
layer {
  name: "Mconv6_stage3_re"
  type: "ReLU"
  bottom: "Mconv6_stage3"
  top: "Mconv6_stage3"
}
layer {
  name: "Mconv7_stage3"
  type: "Convolution"
  bottom: "Mconv6_stage3"
  top: "Mconv7_stage3"
  param {
    lr_mult: 4
    decay_mult: 1
  }
  param {
    lr_mult: 8
    decay_mult: 0
  }
  convolution_param {
    num_output: 71
    pad: 0
    kernel_size: 1
    weight_filler {
      type: "gaussian"
      std: 0.01
    }
    bias_filler {
      type: "constant"
    }
  }
}
layer {
  name: "features_in_stage_4"
  type: "Concat"
  bottom: "Mconv7_stage3"
  bottom: "conv5_3_CPM"
  top: "features_in_stage_4"
  concat_param {
    axis: 1
  }
}
layer {
  name: "Mconv1_stage4"
  type: "Convolution"
  bottom: "features_in_stage_4"
  top: "Mconv1_stage4"
  param {
    lr_mult: 4
    decay_mult: 1
  }
  param {
    lr_mult: 8
    decay_mult: 0
  }
  convolution_param {
    num_output: 128
    pad: 3
    kernel_size: 7
    weight_filler {
      type: "gaussian"
      std: 0.01
    }
    bias_filler {
      type: "constant"
    }
  }
}
layer {
  name: "Mconv1_stage4_re"
  type: "ReLU"
  bottom: "Mconv1_stage4"
  top: "Mconv1_stage4"
}
layer {
  name: "Mconv2_stage4"
  type: "Convolution"
  bottom: "Mconv1_stage4"
  top: "Mconv2_stage4"
  param {
    lr_mult: 4
    decay_mult: 1
  }
  param {
    lr_mult: 8
    decay_mult: 0
  }
  convolution_param {
    num_output: 128
    pad: 3
    kernel_size: 7
    weight_filler {
      type: "gaussian"
      std: 0.01
    }
    bias_filler {
      type: "constant"
    }
  }
}
layer {
  name: "Mconv2_stage4_re"
  type: "ReLU"
  bottom: "Mconv2_stage4"
  top: "Mconv2_stage4"
}
layer {
  name: "Mconv3_stage4"
  type: "Convolution"
  bottom: "Mconv2_stage4"
  top: "Mconv3_stage4"
  param {
    lr_mult: 4
    decay_mult: 1
  }
  param {
    lr_mult: 8
    decay_mult: 0
  }
  convolution_param {
    num_output: 128
    pad: 3
    kernel_size: 7
    weight_filler {
      type: "gaussian"
      std: 0.01
    }
    bias_filler {
      type: "constant"
    }
  }
}
layer {
  name: "Mconv3_stage4_re"
  type: "ReLU"
  bottom: "Mconv3_stage4"
  top: "Mconv3_stage4"
}
layer {
  name: "Mconv4_stage4"
  type: "Convolution"
  bottom: "Mconv3_stage4"
  top: "Mconv4_stage4"
  param {
    lr_mult: 4
    decay_mult: 1
  }
  param {
    lr_mult: 8
    decay_mult: 0
  }
  convolution_param {
    num_output: 128
    pad: 3
    kernel_size: 7
    weight_filler {
      type: "gaussian"
      std: 0.01
    }
    bias_filler {
      type: "constant"
    }
  }
}
layer {
  name: "Mconv4_stage4_re"
  type: "ReLU"
  bottom: "Mconv4_stage4"
  top: "Mconv4_stage4"
}
layer {
  name: "Mconv5_stage4"
  type: "Convolution"
  bottom: "Mconv4_stage4"
  top: "Mconv5_stage4"
  param {
    lr_mult: 4
    decay_mult: 1
  }
  param {
    lr_mult: 8
    decay_mult: 0
  }
  convolution_param {
    num_output: 128
    pad: 3
    kernel_size: 7
    weight_filler {
      type: "gaussian"
      std: 0.01
    }
    bias_filler {
      type: "constant"
    }
  }
}
layer {
  name: "Mconv5_stage4_re"
  type: "ReLU"
  bottom: "Mconv5_stage4"
  top: "Mconv5_stage4"
}
layer {
  name: "Mconv6_stage4"
  type: "Convolution"
  bottom: "Mconv5_stage4"
  top: "Mconv6_stage4"
  param {
    lr_mult: 4
    decay_mult: 1
  }
  param {
    lr_mult: 8
    decay_mult: 0
  }
  convolution_param {
    num_output: 128
    pad: 0
    kernel_size: 1
    weight_filler {
      type: "gaussian"
      std: 0.01
    }
    bias_filler {
      type: "constant"
    }
  }
}
layer {
  name: "Mconv6_stage4_re"
  type: "ReLU"
  bottom: "Mconv6_stage4"
  top: "Mconv6_stage4"
}
layer {
  name: "Mconv7_stage4"
  type: "Convolution"
  bottom: "Mconv6_stage4"
  top: "Mconv7_stage4"
  param {
    lr_mult: 4
    decay_mult: 1
  }
  param {
    lr_mult: 8
    decay_mult: 0
  }
  convolution_param {
    num_output: 71
    pad: 0
    kernel_size: 1
    weight_filler {
      type: "gaussian"
      std: 0.01
    }
    bias_filler {
      type: "constant"
    }
  }
}
layer {
  name: "features_in_stage_5"
  type: "Concat"
  bottom: "Mconv7_stage4"
  bottom: "conv5_3_CPM"
  top: "features_in_stage_5"
  concat_param {
    axis: 1
  }
}
layer {
  name: "Mconv1_stage5"
  type: "Convolution"
  bottom: "features_in_stage_5"
  top: "Mconv1_stage5"
  param {
    lr_mult: 4
    decay_mult: 1
  }
  param {
    lr_mult: 8
    decay_mult: 0
  }
  convolution_param {
    num_output: 128
    pad: 3
    kernel_size: 7
    weight_filler {
      type: "gaussian"
      std: 0.01
    }
    bias_filler {
      type: "constant"
    }
  }
}
layer {
  name: "Mconv1_stage5_re"
  type: "ReLU"
  bottom: "Mconv1_stage5"
  top: "Mconv1_stage5"
}
layer {
  name: "Mconv2_stage5"
  type: "Convolution"
  bottom: "Mconv1_stage5"
  top: "Mconv2_stage5"
  param {
    lr_mult: 4
    decay_mult: 1
  }
  param {
    lr_mult: 8
    decay_mult: 0
  }
  convolution_param {
    num_output: 128
    pad: 3
    kernel_size: 7
    weight_filler {
      type: "gaussian"
      std: 0.01
    }
    bias_filler {
      type: "constant"
    }
  }
}
layer {
  name: "Mconv2_stage5_re"
  type: "ReLU"
  bottom: "Mconv2_stage5"
  top: "Mconv2_stage5"
}
layer {
  name: "Mconv3_stage5"
  type: "Convolution"
  bottom: "Mconv2_stage5"
  top: "Mconv3_stage5"
  param {
    lr_mult: 4
    decay_mult: 1
  }
  param {
    lr_mult: 8
    decay_mult: 0
  }
  convolution_param {
    num_output: 128
    pad: 3
    kernel_size: 7
    weight_filler {
      type: "gaussian"
      std: 0.01
    }
    bias_filler {
      type: "constant"
    }
  }
}
layer {
  name: "Mconv3_stage5_re"
  type: "ReLU"
  bottom: "Mconv3_stage5"
  top: "Mconv3_stage5"
}
layer {
  name: "Mconv4_stage5"
  type: "Convolution"
  bottom: "Mconv3_stage5"
  top: "Mconv4_stage5"
  param {
    lr_mult: 4
    decay_mult: 1
  }
  param {
    lr_mult: 8
    decay_mult: 0
  }
  convolution_param {
    num_output: 128
    pad: 3
    kernel_size: 7
    weight_filler {
      type: "gaussian"
      std: 0.01
    }
    bias_filler {
      type: "constant"
    }
  }
}
layer {
  name: "Mconv4_stage5_re"
  type: "ReLU"
  bottom: "Mconv4_stage5"
  top: "Mconv4_stage5"
}
layer {
  name: "Mconv5_stage5"
  type: "Convolution"
  bottom: "Mconv4_stage5"
  top: "Mconv5_stage5"
  param {
    lr_mult: 4
    decay_mult: 1
  }
  param {
    lr_mult: 8
    decay_mult: 0
  }
  convolution_param {
    num_output: 128
    pad: 3
    kernel_size: 7
    weight_filler {
      type: "gaussian"
      std: 0.01
    }
    bias_filler {
      type: "constant"
    }
  }
}
layer {
  name: "Mconv5_stage5_re"
  type: "ReLU"
  bottom: "Mconv5_stage5"
  top: "Mconv5_stage5"
}
layer {
  name: "Mconv6_stage5"
  type: "Convolution"
  bottom: "Mconv5_stage5"
  top: "Mconv6_stage5"
  param {
    lr_mult: 4
    decay_mult: 1
  }
  param {
    lr_mult: 8
    decay_mult: 0
  }
  convolution_param {
    num_output: 128
    pad: 0
    kernel_size: 1
    weight_filler {
      type: "gaussian"
      std: 0.01
    }
    bias_filler {
      type: "constant"
    }
  }
}
layer {
  name: "Mconv6_stage5_re"
  type: "ReLU"
  bottom: "Mconv6_stage5"
  top: "Mconv6_stage5"
}
layer {
  name: "Mconv7_stage5"
  type: "Convolution"
  bottom: "Mconv6_stage5"
  top: "Mconv7_stage5"
  param {
    lr_mult: 4
    decay_mult: 1
  }
  param {
    lr_mult: 8
    decay_mult: 0
  }
  convolution_param {
    num_output: 71
    pad: 0
    kernel_size: 1
    weight_filler {
      type: "gaussian"
      std: 0.01
    }
    bias_filler {
      type: "constant"
    }
  }
}
layer {
  name: "features_in_stage_6"
  type: "Concat"
  bottom: "Mconv7_stage5"
  bottom: "conv5_3_CPM"
  top: "features_in_stage_6"
  concat_param {
    axis: 1
  }
}
layer {
  name: "Mconv1_stage6"
  type: "Convolution"
  bottom: "features_in_stage_6"
  top: "Mconv1_stage6"
  param {
    lr_mult: 4
    decay_mult: 1
  }
  param {
    lr_mult: 8
    decay_mult: 0
  }
  convolution_param {
    num_output: 128
    pad: 3
    kernel_size: 7
    weight_filler {
      type: "gaussian"
      std: 0.01
    }
    bias_filler {
      type: "constant"
    }
  }
}
layer {
  name: "Mconv1_stage6_re"
  type: "ReLU"
  bottom: "Mconv1_stage6"
  top: "Mconv1_stage6"
}
layer {
  name: "Mconv2_stage6"
  type: "Convolution"
  bottom: "Mconv1_stage6"
  top: "Mconv2_stage6"
  param {
    lr_mult: 4
    decay_mult: 1
  }
  param {
    lr_mult: 8
    decay_mult: 0
  }
  convolution_param {
    num_output: 128
    pad: 3
    kernel_size: 7
    weight_filler {
      type: "gaussian"
      std: 0.01
    }
    bias_filler {
      type: "constant"
    }
  }
}
layer {
  name: "Mconv2_stage6_re"
  type: "ReLU"
  bottom: "Mconv2_stage6"
  top: "Mconv2_stage6"
}
layer {
  name: "Mconv3_stage6"
  type: "Convolution"
  bottom: "Mconv2_stage6"
  top: "Mconv3_stage6"
  param {
    lr_mult: 4
    decay_mult: 1
  }
  param {
    lr_mult: 8
    decay_mult: 0
  }
  convolution_param {
    num_output: 128
    pad: 3
    kernel_size: 7
    weight_filler {
      type: "gaussian"
      std: 0.01
    }
    bias_filler {
      type: "constant"
    }
  }
}
layer {
  name: "Mconv3_stage6_re"
  type: "ReLU"
  bottom: "Mconv3_stage6"
  top: "Mconv3_stage6"
}
layer {
  name: "Mconv4_stage6"
  type: "Convolution"
  bottom: "Mconv3_stage6"
  top: "Mconv4_stage6"
  param {
    lr_mult: 4
    decay_mult: 1
  }
  param {
    lr_mult: 8
    decay_mult: 0
  }
  convolution_param {
    num_output: 128
    pad: 3
    kernel_size: 7
    weight_filler {
      type: "gaussian"
      std: 0.01
    }
    bias_filler {
      type: "constant"
    }
  }
}
layer {
  name: "Mconv4_stage6_re"
  type: "ReLU"
  bottom: "Mconv4_stage6"
  top: "Mconv4_stage6"
}
layer {
  name: "Mconv5_stage6"
  type: "Convolution"
  bottom: "Mconv4_stage6"
  top: "Mconv5_stage6"
  param {
    lr_mult: 4
    decay_mult: 1
  }
  param {
    lr_mult: 8
    decay_mult: 0
  }
  convolution_param {
    num_output: 128
    pad: 3
    kernel_size: 7
    weight_filler {
      type: "gaussian"
      std: 0.01
    }
    bias_filler {
      type: "constant"
    }
  }
}
layer {
  name: "Mconv5_stage6_re"
  type: "ReLU"
  bottom: "Mconv5_stage6"
  top: "Mconv5_stage6"
}
layer {
  name: "Mconv6_stage6"
  type: "Convolution"
  bottom: "Mconv5_stage6"
  top: "Mconv6_stage6"
  param {
    lr_mult: 4
    decay_mult: 1
  }
  param {
    lr_mult: 8
    decay_mult: 0
  }
  convolution_param {
    num_output: 128
    pad: 0
    kernel_size: 1
    weight_filler {
      type: "gaussian"
      std: 0.01
    }
    bias_filler {
      type: "constant"
    }
  }
}
layer {
  name: "Mconv6_stage6_re"
  type: "ReLU"
  bottom: "Mconv6_stage6"
  top: "Mconv6_stage6"
}
layer {
  name: "Mconv7_stage6"
  type: "Convolution"
  bottom: "Mconv6_stage6"
  top: "net_output"
  param {
    lr_mult: 4
    decay_mult: 1
  }
  param {
    lr_mult: 8
    decay_mult: 0
  }
  convolution_param {
    num_output: 71
    pad: 0
    kernel_size: 1
    weight_filler {
      type: "gaussian"
      std: 0.01
    }
    bias_filler {
      type: "constant"
    }
  }
}
I0923 17:44:29.890043 2164736 layer_factory.hpp:77] Creating layer input
I0923 17:44:29.890048 2164736 net.cpp:86] Creating Layer input
I0923 17:44:29.890049 2164736 net.cpp:382] input -> image
I0923 17:44:29.890064 2164736 net.cpp:124] Setting up input
I0923 17:44:29.890065 2164736 net.cpp:131] Top shape: 1 3 1 1 (3)
I0923 17:44:29.890067 2164736 net.cpp:139] Memory required for data: 12
I0923 17:44:29.890069 2164736 layer_factory.hpp:77] Creating layer conv1_1
I0923 17:44:29.890071 2164736 net.cpp:86] Creating Layer conv1_1
I0923 17:44:29.890072 2164736 net.cpp:408] conv1_1 <- image
I0923 17:44:29.890075 2164736 net.cpp:382] conv1_1 -> conv1_1
I0923 17:44:29.898926 2164736 net.cpp:124] Setting up conv1_1
I0923 17:44:29.898931 2164736 net.cpp:131] Top shape: 1 64 1 1 (64)
I0923 17:44:29.898933 2164736 net.cpp:139] Memory required for data: 268
I0923 17:44:29.898937 2164736 layer_factory.hpp:77] Creating layer conv1_1_re
I0923 17:44:29.898940 2164736 net.cpp:86] Creating Layer conv1_1_re
I0923 17:44:29.898942 2164736 net.cpp:408] conv1_1_re <- conv1_1
I0923 17:44:29.898944 2164736 net.cpp:369] conv1_1_re -> conv1_1 (in-place)
I0923 17:44:29.902161 2164736 net.cpp:124] Setting up conv1_1_re
I0923 17:44:29.902164 2164736 net.cpp:131] Top shape: 1 64 1 1 (64)
I0923 17:44:29.902166 2164736 net.cpp:139] Memory required for data: 524
I0923 17:44:29.902168 2164736 layer_factory.hpp:77] Creating layer conv1_2
I0923 17:44:29.902171 2164736 net.cpp:86] Creating Layer conv1_2
I0923 17:44:29.902172 2164736 net.cpp:408] conv1_2 <- conv1_1
I0923 17:44:29.902174 2164736 net.cpp:382] conv1_2 -> conv1_2
I0923 17:44:29.910884 2164736 net.cpp:124] Setting up conv1_2
I0923 17:44:29.910889 2164736 net.cpp:131] Top shape: 1 64 1 1 (64)
I0923 17:44:29.910892 2164736 net.cpp:139] Memory required for data: 780
I0923 17:44:29.910894 2164736 layer_factory.hpp:77] Creating layer conv1_2_re
I0923 17:44:29.910897 2164736 net.cpp:86] Creating Layer conv1_2_re
I0923 17:44:29.910899 2164736 net.cpp:408] conv1_2_re <- conv1_2
I0923 17:44:29.910902 2164736 net.cpp:369] conv1_2_re -> conv1_2 (in-place)
I0923 17:44:29.913491 2164736 net.cpp:124] Setting up conv1_2_re
I0923 17:44:29.913494 2164736 net.cpp:131] Top shape: 1 64 1 1 (64)
I0923 17:44:29.913496 2164736 net.cpp:139] Memory required for data: 1036
I0923 17:44:29.913496 2164736 layer_factory.hpp:77] Creating layer pool1
I0923 17:44:29.913499 2164736 net.cpp:86] Creating Layer pool1
I0923 17:44:29.913501 2164736 net.cpp:408] pool1 <- conv1_2
I0923 17:44:29.913502 2164736 net.cpp:382] pool1 -> pool1
I0923 17:44:29.913514 2164736 net.cpp:124] Setting up pool1
I0923 17:44:29.913516 2164736 net.cpp:131] Top shape: 1 64 1 1 (64)
I0923 17:44:29.913517 2164736 net.cpp:139] Memory required for data: 1292
I0923 17:44:29.913518 2164736 layer_factory.hpp:77] Creating layer conv2_1
I0923 17:44:29.913522 2164736 net.cpp:86] Creating Layer conv2_1
I0923 17:44:29.913522 2164736 net.cpp:408] conv2_1 <- pool1
I0923 17:44:29.913524 2164736 net.cpp:382] conv2_1 -> conv2_1
I0923 17:44:29.922362 2164736 net.cpp:124] Setting up conv2_1
I0923 17:44:29.922366 2164736 net.cpp:131] Top shape: 1 128 1 1 (128)
I0923 17:44:29.922369 2164736 net.cpp:139] Memory required for data: 1804
I0923 17:44:29.922371 2164736 layer_factory.hpp:77] Creating layer conv2_1_re
I0923 17:44:29.922374 2164736 net.cpp:86] Creating Layer conv2_1_re
I0923 17:44:29.922375 2164736 net.cpp:408] conv2_1_re <- conv2_1
I0923 17:44:29.922377 2164736 net.cpp:369] conv2_1_re -> conv2_1 (in-place)
I0923 17:44:29.924919 2164736 net.cpp:124] Setting up conv2_1_re
I0923 17:44:29.924922 2164736 net.cpp:131] Top shape: 1 128 1 1 (128)
I0923 17:44:29.924923 2164736 net.cpp:139] Memory required for data: 2316
I0923 17:44:29.924924 2164736 layer_factory.hpp:77] Creating layer conv2_2
I0923 17:44:29.924928 2164736 net.cpp:86] Creating Layer conv2_2
I0923 17:44:29.924930 2164736 net.cpp:408] conv2_2 <- conv2_1
I0923 17:44:29.924932 2164736 net.cpp:382] conv2_2 -> conv2_2
I0923 17:44:29.934211 2164736 net.cpp:124] Setting up conv2_2
I0923 17:44:29.934216 2164736 net.cpp:131] Top shape: 1 128 1 1 (128)
I0923 17:44:29.934218 2164736 net.cpp:139] Memory required for data: 2828
I0923 17:44:29.934221 2164736 layer_factory.hpp:77] Creating layer conv2_2_re
I0923 17:44:29.934222 2164736 net.cpp:86] Creating Layer conv2_2_re
I0923 17:44:29.934224 2164736 net.cpp:408] conv2_2_re <- conv2_2
I0923 17:44:29.934226 2164736 net.cpp:369] conv2_2_re -> conv2_2 (in-place)
I0923 17:44:29.936750 2164736 net.cpp:124] Setting up conv2_2_re
I0923 17:44:29.936753 2164736 net.cpp:131] Top shape: 1 128 1 1 (128)
I0923 17:44:29.936754 2164736 net.cpp:139] Memory required for data: 3340
I0923 17:44:29.936755 2164736 layer_factory.hpp:77] Creating layer pool2
I0923 17:44:29.936757 2164736 net.cpp:86] Creating Layer pool2
I0923 17:44:29.936758 2164736 net.cpp:408] pool2 <- conv2_2
I0923 17:44:29.936760 2164736 net.cpp:382] pool2 -> pool2
I0923 17:44:29.936770 2164736 net.cpp:124] Setting up pool2
I0923 17:44:29.936771 2164736 net.cpp:131] Top shape: 1 128 1 1 (128)
I0923 17:44:29.936772 2164736 net.cpp:139] Memory required for data: 3852
I0923 17:44:29.936774 2164736 layer_factory.hpp:77] Creating layer conv3_1
I0923 17:44:29.936776 2164736 net.cpp:86] Creating Layer conv3_1
I0923 17:44:29.936777 2164736 net.cpp:408] conv3_1 <- pool2
I0923 17:44:29.936779 2164736 net.cpp:382] conv3_1 -> conv3_1
I0923 17:44:29.946498 2164736 net.cpp:124] Setting up conv3_1
I0923 17:44:29.946503 2164736 net.cpp:131] Top shape: 1 256 1 1 (256)
I0923 17:44:29.946506 2164736 net.cpp:139] Memory required for data: 4876
I0923 17:44:29.946508 2164736 layer_factory.hpp:77] Creating layer conv3_1_re
I0923 17:44:29.946511 2164736 net.cpp:86] Creating Layer conv3_1_re
I0923 17:44:29.946512 2164736 net.cpp:408] conv3_1_re <- conv3_1
I0923 17:44:29.946514 2164736 net.cpp:369] conv3_1_re -> conv3_1 (in-place)
I0923 17:44:29.949123 2164736 net.cpp:124] Setting up conv3_1_re
I0923 17:44:29.949126 2164736 net.cpp:131] Top shape: 1 256 1 1 (256)
I0923 17:44:29.949127 2164736 net.cpp:139] Memory required for data: 5900
I0923 17:44:29.949128 2164736 layer_factory.hpp:77] Creating layer conv3_2
I0923 17:44:29.949132 2164736 net.cpp:86] Creating Layer conv3_2
I0923 17:44:29.949134 2164736 net.cpp:408] conv3_2 <- conv3_1
I0923 17:44:29.949136 2164736 net.cpp:382] conv3_2 -> conv3_2
I0923 17:44:29.960585 2164736 net.cpp:124] Setting up conv3_2
I0923 17:44:29.960590 2164736 net.cpp:131] Top shape: 1 256 1 1 (256)
I0923 17:44:29.960592 2164736 net.cpp:139] Memory required for data: 6924
I0923 17:44:29.960595 2164736 layer_factory.hpp:77] Creating layer conv3_2_re
I0923 17:44:29.960597 2164736 net.cpp:86] Creating Layer conv3_2_re
I0923 17:44:29.960599 2164736 net.cpp:408] conv3_2_re <- conv3_2
I0923 17:44:29.960600 2164736 net.cpp:369] conv3_2_re -> conv3_2 (in-place)
I0923 17:44:29.963114 2164736 net.cpp:124] Setting up conv3_2_re
I0923 17:44:29.963116 2164736 net.cpp:131] Top shape: 1 256 1 1 (256)
I0923 17:44:29.963117 2164736 net.cpp:139] Memory required for data: 7948
I0923 17:44:29.963119 2164736 layer_factory.hpp:77] Creating layer conv3_3
I0923 17:44:29.963122 2164736 net.cpp:86] Creating Layer conv3_3
I0923 17:44:29.963124 2164736 net.cpp:408] conv3_3 <- conv3_2
I0923 17:44:29.963125 2164736 net.cpp:382] conv3_3 -> conv3_3
I0923 17:44:29.975540 2164736 net.cpp:124] Setting up conv3_3
I0923 17:44:29.975544 2164736 net.cpp:131] Top shape: 1 256 1 1 (256)
I0923 17:44:29.975546 2164736 net.cpp:139] Memory required for data: 8972
I0923 17:44:29.975548 2164736 layer_factory.hpp:77] Creating layer conv3_3_re
I0923 17:44:29.975551 2164736 net.cpp:86] Creating Layer conv3_3_re
I0923 17:44:29.975553 2164736 net.cpp:408] conv3_3_re <- conv3_3
I0923 17:44:29.975554 2164736 net.cpp:369] conv3_3_re -> conv3_3 (in-place)
I0923 17:44:29.978058 2164736 net.cpp:124] Setting up conv3_3_re
I0923 17:44:29.978061 2164736 net.cpp:131] Top shape: 1 256 1 1 (256)
I0923 17:44:29.978062 2164736 net.cpp:139] Memory required for data: 9996
I0923 17:44:29.978063 2164736 layer_factory.hpp:77] Creating layer conv3_4
I0923 17:44:29.978067 2164736 net.cpp:86] Creating Layer conv3_4
I0923 17:44:29.978068 2164736 net.cpp:408] conv3_4 <- conv3_3
I0923 17:44:29.978070 2164736 net.cpp:382] conv3_4 -> conv3_4
I0923 17:44:29.991464 2164736 net.cpp:124] Setting up conv3_4
I0923 17:44:29.991473 2164736 net.cpp:131] Top shape: 1 256 1 1 (256)
I0923 17:44:29.991475 2164736 net.cpp:139] Memory required for data: 11020
I0923 17:44:29.991479 2164736 layer_factory.hpp:77] Creating layer conv3_4_re
I0923 17:44:29.991483 2164736 net.cpp:86] Creating Layer conv3_4_re
I0923 17:44:29.991485 2164736 net.cpp:408] conv3_4_re <- conv3_4
I0923 17:44:29.991488 2164736 net.cpp:369] conv3_4_re -> conv3_4 (in-place)
I0923 17:44:29.993893 2164736 net.cpp:124] Setting up conv3_4_re
I0923 17:44:29.993896 2164736 net.cpp:131] Top shape: 1 256 1 1 (256)
I0923 17:44:29.993896 2164736 net.cpp:139] Memory required for data: 12044
I0923 17:44:29.993898 2164736 layer_factory.hpp:77] Creating layer pool3
I0923 17:44:29.993902 2164736 net.cpp:86] Creating Layer pool3
I0923 17:44:29.993903 2164736 net.cpp:408] pool3 <- conv3_4
I0923 17:44:29.993906 2164736 net.cpp:382] pool3 -> pool3
I0923 17:44:29.993919 2164736 net.cpp:124] Setting up pool3
I0923 17:44:29.993920 2164736 net.cpp:131] Top shape: 1 256 1 1 (256)
I0923 17:44:29.993921 2164736 net.cpp:139] Memory required for data: 13068
I0923 17:44:29.993922 2164736 layer_factory.hpp:77] Creating layer conv4_1
I0923 17:44:29.993927 2164736 net.cpp:86] Creating Layer conv4_1
I0923 17:44:29.993928 2164736 net.cpp:408] conv4_1 <- pool3
I0923 17:44:29.993929 2164736 net.cpp:382] conv4_1 -> conv4_1
I0923 17:44:30.007552 2164736 net.cpp:124] Setting up conv4_1
I0923 17:44:30.007558 2164736 net.cpp:131] Top shape: 1 512 1 1 (512)
I0923 17:44:30.007561 2164736 net.cpp:139] Memory required for data: 15116
I0923 17:44:30.007565 2164736 layer_factory.hpp:77] Creating layer conv4_1_re
I0923 17:44:30.007567 2164736 net.cpp:86] Creating Layer conv4_1_re
I0923 17:44:30.007570 2164736 net.cpp:408] conv4_1_re <- conv4_1
I0923 17:44:30.007570 2164736 net.cpp:369] conv4_1_re -> conv4_1 (in-place)
I0923 17:44:30.010056 2164736 net.cpp:124] Setting up conv4_1_re
I0923 17:44:30.010058 2164736 net.cpp:131] Top shape: 1 512 1 1 (512)
I0923 17:44:30.010061 2164736 net.cpp:139] Memory required for data: 17164
I0923 17:44:30.010061 2164736 layer_factory.hpp:77] Creating layer conv4_2
I0923 17:44:30.010066 2164736 net.cpp:86] Creating Layer conv4_2
I0923 17:44:30.010066 2164736 net.cpp:408] conv4_2 <- conv4_1
I0923 17:44:30.010068 2164736 net.cpp:382] conv4_2 -> conv4_2
I0923 17:44:30.028874 2164736 net.cpp:124] Setting up conv4_2
I0923 17:44:30.028880 2164736 net.cpp:131] Top shape: 1 512 1 1 (512)
I0923 17:44:30.028882 2164736 net.cpp:139] Memory required for data: 19212
I0923 17:44:30.028884 2164736 layer_factory.hpp:77] Creating layer conv4_2_re
I0923 17:44:30.028887 2164736 net.cpp:86] Creating Layer conv4_2_re
I0923 17:44:30.028888 2164736 net.cpp:408] conv4_2_re <- conv4_2
I0923 17:44:30.028890 2164736 net.cpp:369] conv4_2_re -> conv4_2 (in-place)
I0923 17:44:30.033720 2164736 net.cpp:124] Setting up conv4_2_re
I0923 17:44:30.033723 2164736 net.cpp:131] Top shape: 1 512 1 1 (512)
I0923 17:44:30.033725 2164736 net.cpp:139] Memory required for data: 21260
I0923 17:44:30.033726 2164736 layer_factory.hpp:77] Creating layer conv4_3
I0923 17:44:30.033730 2164736 net.cpp:86] Creating Layer conv4_3
I0923 17:44:30.033731 2164736 net.cpp:408] conv4_3 <- conv4_2
I0923 17:44:30.033733 2164736 net.cpp:382] conv4_3 -> conv4_3
I0923 17:44:30.053194 2164736 net.cpp:124] Setting up conv4_3
I0923 17:44:30.053200 2164736 net.cpp:131] Top shape: 1 512 1 1 (512)
I0923 17:44:30.053201 2164736 net.cpp:139] Memory required for data: 23308
I0923 17:44:30.053205 2164736 layer_factory.hpp:77] Creating layer conv4_3_re
I0923 17:44:30.053206 2164736 net.cpp:86] Creating Layer conv4_3_re
I0923 17:44:30.053207 2164736 net.cpp:408] conv4_3_re <- conv4_3
I0923 17:44:30.053210 2164736 net.cpp:369] conv4_3_re -> conv4_3 (in-place)
I0923 17:44:30.055693 2164736 net.cpp:124] Setting up conv4_3_re
I0923 17:44:30.055696 2164736 net.cpp:131] Top shape: 1 512 1 1 (512)
I0923 17:44:30.055697 2164736 net.cpp:139] Memory required for data: 25356
I0923 17:44:30.055699 2164736 layer_factory.hpp:77] Creating layer conv4_4
I0923 17:44:30.055702 2164736 net.cpp:86] Creating Layer conv4_4
I0923 17:44:30.055704 2164736 net.cpp:408] conv4_4 <- conv4_3
I0923 17:44:30.055706 2164736 net.cpp:382] conv4_4 -> conv4_4
I0923 17:44:30.075577 2164736 net.cpp:124] Setting up conv4_4
I0923 17:44:30.075582 2164736 net.cpp:131] Top shape: 1 512 1 1 (512)
I0923 17:44:30.075584 2164736 net.cpp:139] Memory required for data: 27404
I0923 17:44:30.075587 2164736 layer_factory.hpp:77] Creating layer conv4_4_re
I0923 17:44:30.075589 2164736 net.cpp:86] Creating Layer conv4_4_re
I0923 17:44:30.075590 2164736 net.cpp:408] conv4_4_re <- conv4_4
I0923 17:44:30.075592 2164736 net.cpp:369] conv4_4_re -> conv4_4 (in-place)
I0923 17:44:30.077999 2164736 net.cpp:124] Setting up conv4_4_re
I0923 17:44:30.078002 2164736 net.cpp:131] Top shape: 1 512 1 1 (512)
I0923 17:44:30.078004 2164736 net.cpp:139] Memory required for data: 29452
I0923 17:44:30.078006 2164736 layer_factory.hpp:77] Creating layer conv5_1
I0923 17:44:30.078009 2164736 net.cpp:86] Creating Layer conv5_1
I0923 17:44:30.078011 2164736 net.cpp:408] conv5_1 <- conv4_4
I0923 17:44:30.078012 2164736 net.cpp:382] conv5_1 -> conv5_1
I0923 17:44:30.096582 2164736 net.cpp:124] Setting up conv5_1
I0923 17:44:30.096587 2164736 net.cpp:131] Top shape: 1 512 1 1 (512)
I0923 17:44:30.096589 2164736 net.cpp:139] Memory required for data: 31500
I0923 17:44:30.096592 2164736 layer_factory.hpp:77] Creating layer conv5_1_re
I0923 17:44:30.096594 2164736 net.cpp:86] Creating Layer conv5_1_re
I0923 17:44:30.096596 2164736 net.cpp:408] conv5_1_re <- conv5_1
I0923 17:44:30.096597 2164736 net.cpp:369] conv5_1_re -> conv5_1 (in-place)
I0923 17:44:30.099149 2164736 net.cpp:124] Setting up conv5_1_re
I0923 17:44:30.099154 2164736 net.cpp:131] Top shape: 1 512 1 1 (512)
I0923 17:44:30.099155 2164736 net.cpp:139] Memory required for data: 33548
I0923 17:44:30.099156 2164736 layer_factory.hpp:77] Creating layer conv5_2
I0923 17:44:30.099160 2164736 net.cpp:86] Creating Layer conv5_2
I0923 17:44:30.099161 2164736 net.cpp:408] conv5_2 <- conv5_1
I0923 17:44:30.099164 2164736 net.cpp:382] conv5_2 -> conv5_2
I0923 17:44:30.117656 2164736 net.cpp:124] Setting up conv5_2
I0923 17:44:30.117661 2164736 net.cpp:131] Top shape: 1 512 1 1 (512)
I0923 17:44:30.117663 2164736 net.cpp:139] Memory required for data: 35596
I0923 17:44:30.117666 2164736 layer_factory.hpp:77] Creating layer conv5_2_re
I0923 17:44:30.117667 2164736 net.cpp:86] Creating Layer conv5_2_re
I0923 17:44:30.117669 2164736 net.cpp:408] conv5_2_re <- conv5_2
I0923 17:44:30.117671 2164736 net.cpp:369] conv5_2_re -> conv5_2 (in-place)
I0923 17:44:30.120179 2164736 net.cpp:124] Setting up conv5_2_re
I0923 17:44:30.120182 2164736 net.cpp:131] Top shape: 1 512 1 1 (512)
I0923 17:44:30.120184 2164736 net.cpp:139] Memory required for data: 37644
I0923 17:44:30.120185 2164736 layer_factory.hpp:77] Creating layer conv5_3_CPM
I0923 17:44:30.120189 2164736 net.cpp:86] Creating Layer conv5_3_CPM
I0923 17:44:30.120191 2164736 net.cpp:408] conv5_3_CPM <- conv5_2
I0923 17:44:30.120193 2164736 net.cpp:382] conv5_3_CPM -> conv5_3_CPM
I0923 17:44:30.130703 2164736 net.cpp:124] Setting up conv5_3_CPM
I0923 17:44:30.130708 2164736 net.cpp:131] Top shape: 1 128 1 1 (128)
I0923 17:44:30.130710 2164736 net.cpp:139] Memory required for data: 38156
I0923 17:44:30.130712 2164736 layer_factory.hpp:77] Creating layer conv5_3_CPM_re
I0923 17:44:30.130715 2164736 net.cpp:86] Creating Layer conv5_3_CPM_re
I0923 17:44:30.130716 2164736 net.cpp:408] conv5_3_CPM_re <- conv5_3_CPM
I0923 17:44:30.130717 2164736 net.cpp:369] conv5_3_CPM_re -> conv5_3_CPM (in-place)
I0923 17:44:30.133778 2164736 net.cpp:124] Setting up conv5_3_CPM_re
I0923 17:44:30.133781 2164736 net.cpp:131] Top shape: 1 128 1 1 (128)
I0923 17:44:30.133782 2164736 net.cpp:139] Memory required for data: 38668
I0923 17:44:30.133783 2164736 layer_factory.hpp:77] Creating layer conv5_3_CPM_conv5_3_CPM_re_0_split
I0923 17:44:30.133786 2164736 net.cpp:86] Creating Layer conv5_3_CPM_conv5_3_CPM_re_0_split
I0923 17:44:30.133787 2164736 net.cpp:408] conv5_3_CPM_conv5_3_CPM_re_0_split <- conv5_3_CPM
I0923 17:44:30.133790 2164736 net.cpp:382] conv5_3_CPM_conv5_3_CPM_re_0_split -> conv5_3_CPM_conv5_3_CPM_re_0_split_0
I0923 17:44:30.133792 2164736 net.cpp:382] conv5_3_CPM_conv5_3_CPM_re_0_split -> conv5_3_CPM_conv5_3_CPM_re_0_split_1
I0923 17:44:30.133795 2164736 net.cpp:382] conv5_3_CPM_conv5_3_CPM_re_0_split -> conv5_3_CPM_conv5_3_CPM_re_0_split_2
I0923 17:44:30.133796 2164736 net.cpp:382] conv5_3_CPM_conv5_3_CPM_re_0_split -> conv5_3_CPM_conv5_3_CPM_re_0_split_3
I0923 17:44:30.133797 2164736 net.cpp:382] conv5_3_CPM_conv5_3_CPM_re_0_split -> conv5_3_CPM_conv5_3_CPM_re_0_split_4
I0923 17:44:30.133800 2164736 net.cpp:382] conv5_3_CPM_conv5_3_CPM_re_0_split -> conv5_3_CPM_conv5_3_CPM_re_0_split_5
I0923 17:44:30.133818 2164736 net.cpp:124] Setting up conv5_3_CPM_conv5_3_CPM_re_0_split
I0923 17:44:30.133819 2164736 net.cpp:131] Top shape: 1 128 1 1 (128)
I0923 17:44:30.133821 2164736 net.cpp:131] Top shape: 1 128 1 1 (128)
I0923 17:44:30.133821 2164736 net.cpp:131] Top shape: 1 128 1 1 (128)
I0923 17:44:30.133822 2164736 net.cpp:131] Top shape: 1 128 1 1 (128)
I0923 17:44:30.133823 2164736 net.cpp:131] Top shape: 1 128 1 1 (128)
I0923 17:44:30.133824 2164736 net.cpp:131] Top shape: 1 128 1 1 (128)
I0923 17:44:30.133826 2164736 net.cpp:139] Memory required for data: 41740
I0923 17:44:30.133826 2164736 layer_factory.hpp:77] Creating layer conv6_1_CPM
I0923 17:44:30.133831 2164736 net.cpp:86] Creating Layer conv6_1_CPM
I0923 17:44:30.133831 2164736 net.cpp:408] conv6_1_CPM <- conv5_3_CPM_conv5_3_CPM_re_0_split_0
I0923 17:44:30.133833 2164736 net.cpp:382] conv6_1_CPM -> conv6_1_CPM
I0923 17:44:30.143366 2164736 net.cpp:124] Setting up conv6_1_CPM
I0923 17:44:30.143371 2164736 net.cpp:131] Top shape: 1 512 1 1 (512)
I0923 17:44:30.143373 2164736 net.cpp:139] Memory required for data: 43788
I0923 17:44:30.143375 2164736 layer_factory.hpp:77] Creating layer conv6_1_CPM_re
I0923 17:44:30.143378 2164736 net.cpp:86] Creating Layer conv6_1_CPM_re
I0923 17:44:30.143379 2164736 net.cpp:408] conv6_1_CPM_re <- conv6_1_CPM
I0923 17:44:30.143381 2164736 net.cpp:369] conv6_1_CPM_re -> conv6_1_CPM (in-place)
I0923 17:44:30.145862 2164736 net.cpp:124] Setting up conv6_1_CPM_re
I0923 17:44:30.145865 2164736 net.cpp:131] Top shape: 1 512 1 1 (512)
I0923 17:44:30.145867 2164736 net.cpp:139] Memory required for data: 45836
I0923 17:44:30.145869 2164736 layer_factory.hpp:77] Creating layer conv6_2_CPM
I0923 17:44:30.145872 2164736 net.cpp:86] Creating Layer conv6_2_CPM
I0923 17:44:30.145874 2164736 net.cpp:408] conv6_2_CPM <- conv6_1_CPM
I0923 17:44:30.145875 2164736 net.cpp:382] conv6_2_CPM -> conv6_2_CPM
I0923 17:44:30.154374 2164736 net.cpp:124] Setting up conv6_2_CPM
I0923 17:44:30.154379 2164736 net.cpp:131] Top shape: 1 71 1 1 (71)
I0923 17:44:30.154381 2164736 net.cpp:139] Memory required for data: 46120
I0923 17:44:30.154385 2164736 layer_factory.hpp:77] Creating layer features_in_stage_2
I0923 17:44:30.154388 2164736 net.cpp:86] Creating Layer features_in_stage_2
I0923 17:44:30.154389 2164736 net.cpp:408] features_in_stage_2 <- conv6_2_CPM
I0923 17:44:30.154392 2164736 net.cpp:408] features_in_stage_2 <- conv5_3_CPM_conv5_3_CPM_re_0_split_1
I0923 17:44:30.154393 2164736 net.cpp:382] features_in_stage_2 -> features_in_stage_2
I0923 17:44:30.154402 2164736 net.cpp:124] Setting up features_in_stage_2
I0923 17:44:30.154402 2164736 net.cpp:131] Top shape: 1 199 1 1 (199)
I0923 17:44:30.154403 2164736 net.cpp:139] Memory required for data: 46916
I0923 17:44:30.154404 2164736 layer_factory.hpp:77] Creating layer Mconv1_stage2
I0923 17:44:30.154407 2164736 net.cpp:86] Creating Layer Mconv1_stage2
I0923 17:44:30.154408 2164736 net.cpp:408] Mconv1_stage2 <- features_in_stage_2
I0923 17:44:30.154410 2164736 net.cpp:382] Mconv1_stage2 -> Mconv1_stage2
I0923 17:44:30.168218 2164736 net.cpp:124] Setting up Mconv1_stage2
I0923 17:44:30.168224 2164736 net.cpp:131] Top shape: 1 128 1 1 (128)
I0923 17:44:30.168226 2164736 net.cpp:139] Memory required for data: 47428
I0923 17:44:30.168228 2164736 layer_factory.hpp:77] Creating layer Mconv1_stage2_re
I0923 17:44:30.168231 2164736 net.cpp:86] Creating Layer Mconv1_stage2_re
I0923 17:44:30.168232 2164736 net.cpp:408] Mconv1_stage2_re <- Mconv1_stage2
I0923 17:44:30.168234 2164736 net.cpp:369] Mconv1_stage2_re -> Mconv1_stage2 (in-place)
I0923 17:44:30.170626 2164736 net.cpp:124] Setting up Mconv1_stage2_re
I0923 17:44:30.170630 2164736 net.cpp:131] Top shape: 1 128 1 1 (128)
I0923 17:44:30.170631 2164736 net.cpp:139] Memory required for data: 47940
I0923 17:44:30.170632 2164736 layer_factory.hpp:77] Creating layer Mconv2_stage2
I0923 17:44:30.170636 2164736 net.cpp:86] Creating Layer Mconv2_stage2
I0923 17:44:30.170637 2164736 net.cpp:408] Mconv2_stage2 <- Mconv1_stage2
I0923 17:44:30.170639 2164736 net.cpp:382] Mconv2_stage2 -> Mconv2_stage2
I0923 17:44:30.183213 2164736 net.cpp:124] Setting up Mconv2_stage2
I0923 17:44:30.183218 2164736 net.cpp:131] Top shape: 1 128 1 1 (128)
I0923 17:44:30.183220 2164736 net.cpp:139] Memory required for data: 48452
I0923 17:44:30.183223 2164736 layer_factory.hpp:77] Creating layer Mconv2_stage2_re
I0923 17:44:30.183224 2164736 net.cpp:86] Creating Layer Mconv2_stage2_re
I0923 17:44:30.183225 2164736 net.cpp:408] Mconv2_stage2_re <- Mconv2_stage2
I0923 17:44:30.183228 2164736 net.cpp:369] Mconv2_stage2_re -> Mconv2_stage2 (in-place)
I0923 17:44:30.185721 2164736 net.cpp:124] Setting up Mconv2_stage2_re
I0923 17:44:30.185724 2164736 net.cpp:131] Top shape: 1 128 1 1 (128)
I0923 17:44:30.185725 2164736 net.cpp:139] Memory required for data: 48964
I0923 17:44:30.185726 2164736 layer_factory.hpp:77] Creating layer Mconv3_stage2
I0923 17:44:30.185730 2164736 net.cpp:86] Creating Layer Mconv3_stage2
I0923 17:44:30.185731 2164736 net.cpp:408] Mconv3_stage2 <- Mconv2_stage2
I0923 17:44:30.185734 2164736 net.cpp:382] Mconv3_stage2 -> Mconv3_stage2
I0923 17:44:30.197175 2164736 net.cpp:124] Setting up Mconv3_stage2
I0923 17:44:30.197180 2164736 net.cpp:131] Top shape: 1 128 1 1 (128)
I0923 17:44:30.197180 2164736 net.cpp:139] Memory required for data: 49476
I0923 17:44:30.197183 2164736 layer_factory.hpp:77] Creating layer Mconv3_stage2_re
I0923 17:44:30.197185 2164736 net.cpp:86] Creating Layer Mconv3_stage2_re
I0923 17:44:30.197187 2164736 net.cpp:408] Mconv3_stage2_re <- Mconv3_stage2
I0923 17:44:30.197189 2164736 net.cpp:369] Mconv3_stage2_re -> Mconv3_stage2 (in-place)
I0923 17:44:30.199612 2164736 net.cpp:124] Setting up Mconv3_stage2_re
I0923 17:44:30.199616 2164736 net.cpp:131] Top shape: 1 128 1 1 (128)
I0923 17:44:30.199617 2164736 net.cpp:139] Memory required for data: 49988
I0923 17:44:30.199618 2164736 layer_factory.hpp:77] Creating layer Mconv4_stage2
I0923 17:44:30.199621 2164736 net.cpp:86] Creating Layer Mconv4_stage2
I0923 17:44:30.199623 2164736 net.cpp:408] Mconv4_stage2 <- Mconv3_stage2
I0923 17:44:30.199625 2164736 net.cpp:382] Mconv4_stage2 -> Mconv4_stage2
I0923 17:44:30.210984 2164736 net.cpp:124] Setting up Mconv4_stage2
I0923 17:44:30.210988 2164736 net.cpp:131] Top shape: 1 128 1 1 (128)
I0923 17:44:30.210990 2164736 net.cpp:139] Memory required for data: 50500
I0923 17:44:30.210994 2164736 layer_factory.hpp:77] Creating layer Mconv4_stage2_re
I0923 17:44:30.210995 2164736 net.cpp:86] Creating Layer Mconv4_stage2_re
I0923 17:44:30.210996 2164736 net.cpp:408] Mconv4_stage2_re <- Mconv4_stage2
I0923 17:44:30.210999 2164736 net.cpp:369] Mconv4_stage2_re -> Mconv4_stage2 (in-place)
I0923 17:44:30.213485 2164736 net.cpp:124] Setting up Mconv4_stage2_re
I0923 17:44:30.213488 2164736 net.cpp:131] Top shape: 1 128 1 1 (128)
I0923 17:44:30.213490 2164736 net.cpp:139] Memory required for data: 51012
I0923 17:44:30.213490 2164736 layer_factory.hpp:77] Creating layer Mconv5_stage2
I0923 17:44:30.213493 2164736 net.cpp:86] Creating Layer Mconv5_stage2
I0923 17:44:30.213495 2164736 net.cpp:408] Mconv5_stage2 <- Mconv4_stage2
I0923 17:44:30.213497 2164736 net.cpp:382] Mconv5_stage2 -> Mconv5_stage2
I0923 17:44:30.225031 2164736 net.cpp:124] Setting up Mconv5_stage2
I0923 17:44:30.225036 2164736 net.cpp:131] Top shape: 1 128 1 1 (128)
I0923 17:44:30.225039 2164736 net.cpp:139] Memory required for data: 51524
I0923 17:44:30.225040 2164736 layer_factory.hpp:77] Creating layer Mconv5_stage2_re
I0923 17:44:30.225044 2164736 net.cpp:86] Creating Layer Mconv5_stage2_re
I0923 17:44:30.225045 2164736 net.cpp:408] Mconv5_stage2_re <- Mconv5_stage2
I0923 17:44:30.225046 2164736 net.cpp:369] Mconv5_stage2_re -> Mconv5_stage2 (in-place)
I0923 17:44:30.227432 2164736 net.cpp:124] Setting up Mconv5_stage2_re
I0923 17:44:30.227437 2164736 net.cpp:131] Top shape: 1 128 1 1 (128)
I0923 17:44:30.227437 2164736 net.cpp:139] Memory required for data: 52036
I0923 17:44:30.227438 2164736 layer_factory.hpp:77] Creating layer Mconv6_stage2
I0923 17:44:30.227442 2164736 net.cpp:86] Creating Layer Mconv6_stage2
I0923 17:44:30.227444 2164736 net.cpp:408] Mconv6_stage2 <- Mconv5_stage2
I0923 17:44:30.227447 2164736 net.cpp:382] Mconv6_stage2 -> Mconv6_stage2
I0923 17:44:30.238379 2164736 net.cpp:124] Setting up Mconv6_stage2
I0923 17:44:30.238384 2164736 net.cpp:131] Top shape: 1 128 1 1 (128)
I0923 17:44:30.238386 2164736 net.cpp:139] Memory required for data: 52548
I0923 17:44:30.238389 2164736 layer_factory.hpp:77] Creating layer Mconv6_stage2_re
I0923 17:44:30.238391 2164736 net.cpp:86] Creating Layer Mconv6_stage2_re
I0923 17:44:30.238392 2164736 net.cpp:408] Mconv6_stage2_re <- Mconv6_stage2
I0923 17:44:30.238394 2164736 net.cpp:369] Mconv6_stage2_re -> Mconv6_stage2 (in-place)
I0923 17:44:30.241124 2164736 net.cpp:124] Setting up Mconv6_stage2_re
I0923 17:44:30.241127 2164736 net.cpp:131] Top shape: 1 128 1 1 (128)
I0923 17:44:30.241129 2164736 net.cpp:139] Memory required for data: 53060
I0923 17:44:30.241130 2164736 layer_factory.hpp:77] Creating layer Mconv7_stage2
I0923 17:44:30.241134 2164736 net.cpp:86] Creating Layer Mconv7_stage2
I0923 17:44:30.241135 2164736 net.cpp:408] Mconv7_stage2 <- Mconv6_stage2
I0923 17:44:30.241137 2164736 net.cpp:382] Mconv7_stage2 -> Mconv7_stage2
I0923 17:44:30.248579 2164736 net.cpp:124] Setting up Mconv7_stage2
I0923 17:44:30.248584 2164736 net.cpp:131] Top shape: 1 71 1 1 (71)
I0923 17:44:30.248585 2164736 net.cpp:139] Memory required for data: 53344
I0923 17:44:30.248587 2164736 layer_factory.hpp:77] Creating layer features_in_stage_3
I0923 17:44:30.248590 2164736 net.cpp:86] Creating Layer features_in_stage_3
I0923 17:44:30.248591 2164736 net.cpp:408] features_in_stage_3 <- Mconv7_stage2
I0923 17:44:30.248593 2164736 net.cpp:408] features_in_stage_3 <- conv5_3_CPM_conv5_3_CPM_re_0_split_2
I0923 17:44:30.248595 2164736 net.cpp:382] features_in_stage_3 -> features_in_stage_3
I0923 17:44:30.248605 2164736 net.cpp:124] Setting up features_in_stage_3
I0923 17:44:30.248605 2164736 net.cpp:131] Top shape: 1 199 1 1 (199)
I0923 17:44:30.248606 2164736 net.cpp:139] Memory required for data: 54140
I0923 17:44:30.248607 2164736 layer_factory.hpp:77] Creating layer Mconv1_stage3
I0923 17:44:30.248610 2164736 net.cpp:86] Creating Layer Mconv1_stage3
I0923 17:44:30.248611 2164736 net.cpp:408] Mconv1_stage3 <- features_in_stage_3
I0923 17:44:30.248613 2164736 net.cpp:382] Mconv1_stage3 -> Mconv1_stage3
I0923 17:44:30.262171 2164736 net.cpp:124] Setting up Mconv1_stage3
I0923 17:44:30.262176 2164736 net.cpp:131] Top shape: 1 128 1 1 (128)
I0923 17:44:30.262178 2164736 net.cpp:139] Memory required for data: 54652
I0923 17:44:30.262180 2164736 layer_factory.hpp:77] Creating layer Mconv1_stage3_re
I0923 17:44:30.262183 2164736 net.cpp:86] Creating Layer Mconv1_stage3_re
I0923 17:44:30.262185 2164736 net.cpp:408] Mconv1_stage3_re <- Mconv1_stage3
I0923 17:44:30.262187 2164736 net.cpp:369] Mconv1_stage3_re -> Mconv1_stage3 (in-place)
I0923 17:44:30.264564 2164736 net.cpp:124] Setting up Mconv1_stage3_re
I0923 17:44:30.264567 2164736 net.cpp:131] Top shape: 1 128 1 1 (128)
I0923 17:44:30.264568 2164736 net.cpp:139] Memory required for data: 55164
I0923 17:44:30.264569 2164736 layer_factory.hpp:77] Creating layer Mconv2_stage3
I0923 17:44:30.264573 2164736 net.cpp:86] Creating Layer Mconv2_stage3
I0923 17:44:30.264575 2164736 net.cpp:408] Mconv2_stage3 <- Mconv1_stage3
I0923 17:44:30.264576 2164736 net.cpp:382] Mconv2_stage3 -> Mconv2_stage3
I0923 17:44:30.277470 2164736 net.cpp:124] Setting up Mconv2_stage3
I0923 17:44:30.277475 2164736 net.cpp:131] Top shape: 1 128 1 1 (128)
I0923 17:44:30.277477 2164736 net.cpp:139] Memory required for data: 55676
I0923 17:44:30.277479 2164736 layer_factory.hpp:77] Creating layer Mconv2_stage3_re
I0923 17:44:30.277482 2164736 net.cpp:86] Creating Layer Mconv2_stage3_re
I0923 17:44:30.277483 2164736 net.cpp:408] Mconv2_stage3_re <- Mconv2_stage3
I0923 17:44:30.277485 2164736 net.cpp:369] Mconv2_stage3_re -> Mconv2_stage3 (in-place)
I0923 17:44:30.279934 2164736 net.cpp:124] Setting up Mconv2_stage3_re
I0923 17:44:30.279937 2164736 net.cpp:131] Top shape: 1 128 1 1 (128)
I0923 17:44:30.279939 2164736 net.cpp:139] Memory required for data: 56188
I0923 17:44:30.279940 2164736 layer_factory.hpp:77] Creating layer Mconv3_stage3
I0923 17:44:30.279944 2164736 net.cpp:86] Creating Layer Mconv3_stage3
I0923 17:44:30.279945 2164736 net.cpp:408] Mconv3_stage3 <- Mconv2_stage3
I0923 17:44:30.279947 2164736 net.cpp:382] Mconv3_stage3 -> Mconv3_stage3
I0923 17:44:30.291473 2164736 net.cpp:124] Setting up Mconv3_stage3
I0923 17:44:30.291478 2164736 net.cpp:131] Top shape: 1 128 1 1 (128)
I0923 17:44:30.291481 2164736 net.cpp:139] Memory required for data: 56700
I0923 17:44:30.291482 2164736 layer_factory.hpp:77] Creating layer Mconv3_stage3_re
I0923 17:44:30.291486 2164736 net.cpp:86] Creating Layer Mconv3_stage3_re
I0923 17:44:30.291486 2164736 net.cpp:408] Mconv3_stage3_re <- Mconv3_stage3
I0923 17:44:30.291488 2164736 net.cpp:369] Mconv3_stage3_re -> Mconv3_stage3 (in-place)
I0923 17:44:30.294610 2164736 net.cpp:124] Setting up Mconv3_stage3_re
I0923 17:44:30.294613 2164736 net.cpp:131] Top shape: 1 128 1 1 (128)
I0923 17:44:30.294615 2164736 net.cpp:139] Memory required for data: 57212
I0923 17:44:30.294615 2164736 layer_factory.hpp:77] Creating layer Mconv4_stage3
I0923 17:44:30.294620 2164736 net.cpp:86] Creating Layer Mconv4_stage3
I0923 17:44:30.294620 2164736 net.cpp:408] Mconv4_stage3 <- Mconv3_stage3
I0923 17:44:30.294622 2164736 net.cpp:382] Mconv4_stage3 -> Mconv4_stage3
I0923 17:44:30.306205 2164736 net.cpp:124] Setting up Mconv4_stage3
I0923 17:44:30.306209 2164736 net.cpp:131] Top shape: 1 128 1 1 (128)
I0923 17:44:30.306211 2164736 net.cpp:139] Memory required for data: 57724
I0923 17:44:30.306214 2164736 layer_factory.hpp:77] Creating layer Mconv4_stage3_re
I0923 17:44:30.306216 2164736 net.cpp:86] Creating Layer Mconv4_stage3_re
I0923 17:44:30.306218 2164736 net.cpp:408] Mconv4_stage3_re <- Mconv4_stage3
I0923 17:44:30.306221 2164736 net.cpp:369] Mconv4_stage3_re -> Mconv4_stage3 (in-place)
I0923 17:44:30.308939 2164736 net.cpp:124] Setting up Mconv4_stage3_re
I0923 17:44:30.308943 2164736 net.cpp:131] Top shape: 1 128 1 1 (128)
I0923 17:44:30.308944 2164736 net.cpp:139] Memory required for data: 58236
I0923 17:44:30.308945 2164736 layer_factory.hpp:77] Creating layer Mconv5_stage3
I0923 17:44:30.308949 2164736 net.cpp:86] Creating Layer Mconv5_stage3
I0923 17:44:30.308950 2164736 net.cpp:408] Mconv5_stage3 <- Mconv4_stage3
I0923 17:44:30.308952 2164736 net.cpp:382] Mconv5_stage3 -> Mconv5_stage3
I0923 17:44:30.320295 2164736 net.cpp:124] Setting up Mconv5_stage3
I0923 17:44:30.320300 2164736 net.cpp:131] Top shape: 1 128 1 1 (128)
I0923 17:44:30.320302 2164736 net.cpp:139] Memory required for data: 58748
I0923 17:44:30.320304 2164736 layer_factory.hpp:77] Creating layer Mconv5_stage3_re
I0923 17:44:30.320307 2164736 net.cpp:86] Creating Layer Mconv5_stage3_re
I0923 17:44:30.320308 2164736 net.cpp:408] Mconv5_stage3_re <- Mconv5_stage3
I0923 17:44:30.320310 2164736 net.cpp:369] Mconv5_stage3_re -> Mconv5_stage3 (in-place)
I0923 17:44:30.322943 2164736 net.cpp:124] Setting up Mconv5_stage3_re
I0923 17:44:30.322947 2164736 net.cpp:131] Top shape: 1 128 1 1 (128)
I0923 17:44:30.322948 2164736 net.cpp:139] Memory required for data: 59260
I0923 17:44:30.322949 2164736 layer_factory.hpp:77] Creating layer Mconv6_stage3
I0923 17:44:30.322953 2164736 net.cpp:86] Creating Layer Mconv6_stage3
I0923 17:44:30.322954 2164736 net.cpp:408] Mconv6_stage3 <- Mconv5_stage3
I0923 17:44:30.322957 2164736 net.cpp:382] Mconv6_stage3 -> Mconv6_stage3
I0923 17:44:30.330451 2164736 net.cpp:124] Setting up Mconv6_stage3
I0923 17:44:30.330456 2164736 net.cpp:131] Top shape: 1 128 1 1 (128)
I0923 17:44:30.330457 2164736 net.cpp:139] Memory required for data: 59772
I0923 17:44:30.330459 2164736 layer_factory.hpp:77] Creating layer Mconv6_stage3_re
I0923 17:44:30.330464 2164736 net.cpp:86] Creating Layer Mconv6_stage3_re
I0923 17:44:30.330466 2164736 net.cpp:408] Mconv6_stage3_re <- Mconv6_stage3
I0923 17:44:30.330467 2164736 net.cpp:369] Mconv6_stage3_re -> Mconv6_stage3 (in-place)
I0923 17:44:30.334138 2164736 net.cpp:124] Setting up Mconv6_stage3_re
I0923 17:44:30.334142 2164736 net.cpp:131] Top shape: 1 128 1 1 (128)
I0923 17:44:30.334144 2164736 net.cpp:139] Memory required for data: 60284
I0923 17:44:30.334146 2164736 layer_factory.hpp:77] Creating layer Mconv7_stage3
I0923 17:44:30.334154 2164736 net.cpp:86] Creating Layer Mconv7_stage3
I0923 17:44:30.334156 2164736 net.cpp:408] Mconv7_stage3 <- Mconv6_stage3
I0923 17:44:30.334159 2164736 net.cpp:382] Mconv7_stage3 -> Mconv7_stage3
I0923 17:44:30.341771 2164736 net.cpp:124] Setting up Mconv7_stage3
I0923 17:44:30.341776 2164736 net.cpp:131] Top shape: 1 71 1 1 (71)
I0923 17:44:30.341777 2164736 net.cpp:139] Memory required for data: 60568
I0923 17:44:30.341779 2164736 layer_factory.hpp:77] Creating layer features_in_stage_4
I0923 17:44:30.341782 2164736 net.cpp:86] Creating Layer features_in_stage_4
I0923 17:44:30.341784 2164736 net.cpp:408] features_in_stage_4 <- Mconv7_stage3
I0923 17:44:30.341785 2164736 net.cpp:408] features_in_stage_4 <- conv5_3_CPM_conv5_3_CPM_re_0_split_3
I0923 17:44:30.341789 2164736 net.cpp:382] features_in_stage_4 -> features_in_stage_4
I0923 17:44:30.341796 2164736 net.cpp:124] Setting up features_in_stage_4
I0923 17:44:30.341797 2164736 net.cpp:131] Top shape: 1 199 1 1 (199)
I0923 17:44:30.341799 2164736 net.cpp:139] Memory required for data: 61364
I0923 17:44:30.341799 2164736 layer_factory.hpp:77] Creating layer Mconv1_stage4
I0923 17:44:30.341802 2164736 net.cpp:86] Creating Layer Mconv1_stage4
I0923 17:44:30.341804 2164736 net.cpp:408] Mconv1_stage4 <- features_in_stage_4
I0923 17:44:30.341805 2164736 net.cpp:382] Mconv1_stage4 -> Mconv1_stage4
I0923 17:44:30.356150 2164736 net.cpp:124] Setting up Mconv1_stage4
I0923 17:44:30.356155 2164736 net.cpp:131] Top shape: 1 128 1 1 (128)
I0923 17:44:30.356158 2164736 net.cpp:139] Memory required for data: 61876
I0923 17:44:30.356159 2164736 layer_factory.hpp:77] Creating layer Mconv1_stage4_re
I0923 17:44:30.356163 2164736 net.cpp:86] Creating Layer Mconv1_stage4_re
I0923 17:44:30.356163 2164736 net.cpp:408] Mconv1_stage4_re <- Mconv1_stage4
I0923 17:44:30.356165 2164736 net.cpp:369] Mconv1_stage4_re -> Mconv1_stage4 (in-place)
I0923 17:44:30.358553 2164736 net.cpp:124] Setting up Mconv1_stage4_re
I0923 17:44:30.358556 2164736 net.cpp:131] Top shape: 1 128 1 1 (128)
I0923 17:44:30.358558 2164736 net.cpp:139] Memory required for data: 62388
I0923 17:44:30.358559 2164736 layer_factory.hpp:77] Creating layer Mconv2_stage4
I0923 17:44:30.358562 2164736 net.cpp:86] Creating Layer Mconv2_stage4
I0923 17:44:30.358563 2164736 net.cpp:408] Mconv2_stage4 <- Mconv1_stage4
I0923 17:44:30.358565 2164736 net.cpp:382] Mconv2_stage4 -> Mconv2_stage4
I0923 17:44:30.370074 2164736 net.cpp:124] Setting up Mconv2_stage4
I0923 17:44:30.370077 2164736 net.cpp:131] Top shape: 1 128 1 1 (128)
I0923 17:44:30.370079 2164736 net.cpp:139] Memory required for data: 62900
I0923 17:44:30.370085 2164736 layer_factory.hpp:77] Creating layer Mconv2_stage4_re
I0923 17:44:30.370086 2164736 net.cpp:86] Creating Layer Mconv2_stage4_re
I0923 17:44:30.370088 2164736 net.cpp:408] Mconv2_stage4_re <- Mconv2_stage4
I0923 17:44:30.370090 2164736 net.cpp:369] Mconv2_stage4_re -> Mconv2_stage4 (in-place)
I0923 17:44:30.373688 2164736 net.cpp:124] Setting up Mconv2_stage4_re
I0923 17:44:30.373692 2164736 net.cpp:131] Top shape: 1 128 1 1 (128)
I0923 17:44:30.373693 2164736 net.cpp:139] Memory required for data: 63412
I0923 17:44:30.373694 2164736 layer_factory.hpp:77] Creating layer Mconv3_stage4
I0923 17:44:30.373697 2164736 net.cpp:86] Creating Layer Mconv3_stage4
I0923 17:44:30.373698 2164736 net.cpp:408] Mconv3_stage4 <- Mconv2_stage4
I0923 17:44:30.373700 2164736 net.cpp:382] Mconv3_stage4 -> Mconv3_stage4
I0923 17:44:30.385080 2164736 net.cpp:124] Setting up Mconv3_stage4
I0923 17:44:30.385085 2164736 net.cpp:131] Top shape: 1 128 1 1 (128)
I0923 17:44:30.385087 2164736 net.cpp:139] Memory required for data: 63924
I0923 17:44:30.385089 2164736 layer_factory.hpp:77] Creating layer Mconv3_stage4_re
I0923 17:44:30.385092 2164736 net.cpp:86] Creating Layer Mconv3_stage4_re
I0923 17:44:30.385093 2164736 net.cpp:408] Mconv3_stage4_re <- Mconv3_stage4
I0923 17:44:30.385095 2164736 net.cpp:369] Mconv3_stage4_re -> Mconv3_stage4 (in-place)
I0923 17:44:30.387848 2164736 net.cpp:124] Setting up Mconv3_stage4_re
I0923 17:44:30.387852 2164736 net.cpp:131] Top shape: 1 128 1 1 (128)
I0923 17:44:30.387853 2164736 net.cpp:139] Memory required for data: 64436
I0923 17:44:30.387856 2164736 layer_factory.hpp:77] Creating layer Mconv4_stage4
I0923 17:44:30.387858 2164736 net.cpp:86] Creating Layer Mconv4_stage4
I0923 17:44:30.387861 2164736 net.cpp:408] Mconv4_stage4 <- Mconv3_stage4
I0923 17:44:30.387862 2164736 net.cpp:382] Mconv4_stage4 -> Mconv4_stage4
I0923 17:44:30.398885 2164736 net.cpp:124] Setting up Mconv4_stage4
I0923 17:44:30.398890 2164736 net.cpp:131] Top shape: 1 128 1 1 (128)
I0923 17:44:30.398892 2164736 net.cpp:139] Memory required for data: 64948
I0923 17:44:30.398895 2164736 layer_factory.hpp:77] Creating layer Mconv4_stage4_re
I0923 17:44:30.398896 2164736 net.cpp:86] Creating Layer Mconv4_stage4_re
I0923 17:44:30.398898 2164736 net.cpp:408] Mconv4_stage4_re <- Mconv4_stage4
I0923 17:44:30.398900 2164736 net.cpp:369] Mconv4_stage4_re -> Mconv4_stage4 (in-place)
I0923 17:44:30.401666 2164736 net.cpp:124] Setting up Mconv4_stage4_re
I0923 17:44:30.401669 2164736 net.cpp:131] Top shape: 1 128 1 1 (128)
I0923 17:44:30.401670 2164736 net.cpp:139] Memory required for data: 65460
I0923 17:44:30.401672 2164736 layer_factory.hpp:77] Creating layer Mconv5_stage4
I0923 17:44:30.401675 2164736 net.cpp:86] Creating Layer Mconv5_stage4
I0923 17:44:30.401676 2164736 net.cpp:408] Mconv5_stage4 <- Mconv4_stage4
I0923 17:44:30.401679 2164736 net.cpp:382] Mconv5_stage4 -> Mconv5_stage4
I0923 17:44:30.412807 2164736 net.cpp:124] Setting up Mconv5_stage4
I0923 17:44:30.412812 2164736 net.cpp:131] Top shape: 1 128 1 1 (128)
I0923 17:44:30.412814 2164736 net.cpp:139] Memory required for data: 65972
I0923 17:44:30.412817 2164736 layer_factory.hpp:77] Creating layer Mconv5_stage4_re
I0923 17:44:30.412819 2164736 net.cpp:86] Creating Layer Mconv5_stage4_re
I0923 17:44:30.412822 2164736 net.cpp:408] Mconv5_stage4_re <- Mconv5_stage4
I0923 17:44:30.412823 2164736 net.cpp:369] Mconv5_stage4_re -> Mconv5_stage4 (in-place)
I0923 17:44:30.415655 2164736 net.cpp:124] Setting up Mconv5_stage4_re
I0923 17:44:30.415659 2164736 net.cpp:131] Top shape: 1 128 1 1 (128)
I0923 17:44:30.415663 2164736 net.cpp:139] Memory required for data: 66484
I0923 17:44:30.415664 2164736 layer_factory.hpp:77] Creating layer Mconv6_stage4
I0923 17:44:30.415669 2164736 net.cpp:86] Creating Layer Mconv6_stage4
I0923 17:44:30.415670 2164736 net.cpp:408] Mconv6_stage4 <- Mconv5_stage4
I0923 17:44:30.415673 2164736 net.cpp:382] Mconv6_stage4 -> Mconv6_stage4
I0923 17:44:30.423252 2164736 net.cpp:124] Setting up Mconv6_stage4
I0923 17:44:30.423257 2164736 net.cpp:131] Top shape: 1 128 1 1 (128)
I0923 17:44:30.423259 2164736 net.cpp:139] Memory required for data: 66996
I0923 17:44:30.423261 2164736 layer_factory.hpp:77] Creating layer Mconv6_stage4_re
I0923 17:44:30.423264 2164736 net.cpp:86] Creating Layer Mconv6_stage4_re
I0923 17:44:30.423264 2164736 net.cpp:408] Mconv6_stage4_re <- Mconv6_stage4
I0923 17:44:30.423266 2164736 net.cpp:369] Mconv6_stage4_re -> Mconv6_stage4 (in-place)
I0923 17:44:30.426076 2164736 net.cpp:124] Setting up Mconv6_stage4_re
I0923 17:44:30.426079 2164736 net.cpp:131] Top shape: 1 128 1 1 (128)
I0923 17:44:30.426081 2164736 net.cpp:139] Memory required for data: 67508
I0923 17:44:30.426082 2164736 layer_factory.hpp:77] Creating layer Mconv7_stage4
I0923 17:44:30.426085 2164736 net.cpp:86] Creating Layer Mconv7_stage4
I0923 17:44:30.426086 2164736 net.cpp:408] Mconv7_stage4 <- Mconv6_stage4
I0923 17:44:30.426090 2164736 net.cpp:382] Mconv7_stage4 -> Mconv7_stage4
I0923 17:44:30.436969 2164736 net.cpp:124] Setting up Mconv7_stage4
I0923 17:44:30.436975 2164736 net.cpp:131] Top shape: 1 71 1 1 (71)
I0923 17:44:30.436975 2164736 net.cpp:139] Memory required for data: 67792
I0923 17:44:30.436978 2164736 layer_factory.hpp:77] Creating layer features_in_stage_5
I0923 17:44:30.436981 2164736 net.cpp:86] Creating Layer features_in_stage_5
I0923 17:44:30.436982 2164736 net.cpp:408] features_in_stage_5 <- Mconv7_stage4
I0923 17:44:30.436985 2164736 net.cpp:408] features_in_stage_5 <- conv5_3_CPM_conv5_3_CPM_re_0_split_4
I0923 17:44:30.436986 2164736 net.cpp:382] features_in_stage_5 -> features_in_stage_5
I0923 17:44:30.436995 2164736 net.cpp:124] Setting up features_in_stage_5
I0923 17:44:30.436996 2164736 net.cpp:131] Top shape: 1 199 1 1 (199)
I0923 17:44:30.436997 2164736 net.cpp:139] Memory required for data: 68588
I0923 17:44:30.436998 2164736 layer_factory.hpp:77] Creating layer Mconv1_stage5
I0923 17:44:30.437000 2164736 net.cpp:86] Creating Layer Mconv1_stage5
I0923 17:44:30.437002 2164736 net.cpp:408] Mconv1_stage5 <- features_in_stage_5
I0923 17:44:30.437003 2164736 net.cpp:382] Mconv1_stage5 -> Mconv1_stage5
I0923 17:44:30.451655 2164736 net.cpp:124] Setting up Mconv1_stage5
I0923 17:44:30.451664 2164736 net.cpp:131] Top shape: 1 128 1 1 (128)
I0923 17:44:30.451668 2164736 net.cpp:139] Memory required for data: 69100
I0923 17:44:30.451670 2164736 layer_factory.hpp:77] Creating layer Mconv1_stage5_re
I0923 17:44:30.451675 2164736 net.cpp:86] Creating Layer Mconv1_stage5_re
I0923 17:44:30.451678 2164736 net.cpp:408] Mconv1_stage5_re <- Mconv1_stage5
I0923 17:44:30.451680 2164736 net.cpp:369] Mconv1_stage5_re -> Mconv1_stage5 (in-place)
I0923 17:44:30.455637 2164736 net.cpp:124] Setting up Mconv1_stage5_re
I0923 17:44:30.455641 2164736 net.cpp:131] Top shape: 1 128 1 1 (128)
I0923 17:44:30.455643 2164736 net.cpp:139] Memory required for data: 69612
I0923 17:44:30.455644 2164736 layer_factory.hpp:77] Creating layer Mconv2_stage5
I0923 17:44:30.455649 2164736 net.cpp:86] Creating Layer Mconv2_stage5
I0923 17:44:30.455651 2164736 net.cpp:408] Mconv2_stage5 <- Mconv1_stage5
I0923 17:44:30.455654 2164736 net.cpp:382] Mconv2_stage5 -> Mconv2_stage5
I0923 17:44:30.466722 2164736 net.cpp:124] Setting up Mconv2_stage5
I0923 17:44:30.466727 2164736 net.cpp:131] Top shape: 1 128 1 1 (128)
I0923 17:44:30.466728 2164736 net.cpp:139] Memory required for data: 70124
I0923 17:44:30.466732 2164736 layer_factory.hpp:77] Creating layer Mconv2_stage5_re
I0923 17:44:30.466734 2164736 net.cpp:86] Creating Layer Mconv2_stage5_re
I0923 17:44:30.466737 2164736 net.cpp:408] Mconv2_stage5_re <- Mconv2_stage5
I0923 17:44:30.466739 2164736 net.cpp:369] Mconv2_stage5_re -> Mconv2_stage5 (in-place)
I0923 17:44:30.469863 2164736 net.cpp:124] Setting up Mconv2_stage5_re
I0923 17:44:30.469867 2164736 net.cpp:131] Top shape: 1 128 1 1 (128)
I0923 17:44:30.469869 2164736 net.cpp:139] Memory required for data: 70636
I0923 17:44:30.469870 2164736 layer_factory.hpp:77] Creating layer Mconv3_stage5
I0923 17:44:30.469874 2164736 net.cpp:86] Creating Layer Mconv3_stage5
I0923 17:44:30.469877 2164736 net.cpp:408] Mconv3_stage5 <- Mconv2_stage5
I0923 17:44:30.469878 2164736 net.cpp:382] Mconv3_stage5 -> Mconv3_stage5
I0923 17:44:30.482492 2164736 net.cpp:124] Setting up Mconv3_stage5
I0923 17:44:30.482497 2164736 net.cpp:131] Top shape: 1 128 1 1 (128)
I0923 17:44:30.482499 2164736 net.cpp:139] Memory required for data: 71148
I0923 17:44:30.482501 2164736 layer_factory.hpp:77] Creating layer Mconv3_stage5_re
I0923 17:44:30.482506 2164736 net.cpp:86] Creating Layer Mconv3_stage5_re
I0923 17:44:30.482507 2164736 net.cpp:408] Mconv3_stage5_re <- Mconv3_stage5
I0923 17:44:30.482509 2164736 net.cpp:369] Mconv3_stage5_re -> Mconv3_stage5 (in-place)
I0923 17:44:30.485684 2164736 net.cpp:124] Setting up Mconv3_stage5_re
I0923 17:44:30.485688 2164736 net.cpp:131] Top shape: 1 128 1 1 (128)
I0923 17:44:30.485690 2164736 net.cpp:139] Memory required for data: 71660
I0923 17:44:30.485692 2164736 layer_factory.hpp:77] Creating layer Mconv4_stage5
I0923 17:44:30.485695 2164736 net.cpp:86] Creating Layer Mconv4_stage5
I0923 17:44:30.485697 2164736 net.cpp:408] Mconv4_stage5 <- Mconv3_stage5
I0923 17:44:30.485699 2164736 net.cpp:382] Mconv4_stage5 -> Mconv4_stage5
I0923 17:44:30.497597 2164736 net.cpp:124] Setting up Mconv4_stage5
I0923 17:44:30.497602 2164736 net.cpp:131] Top shape: 1 128 1 1 (128)
I0923 17:44:30.497604 2164736 net.cpp:139] Memory required for data: 72172
I0923 17:44:30.497607 2164736 layer_factory.hpp:77] Creating layer Mconv4_stage5_re
I0923 17:44:30.497610 2164736 net.cpp:86] Creating Layer Mconv4_stage5_re
I0923 17:44:30.497612 2164736 net.cpp:408] Mconv4_stage5_re <- Mconv4_stage5
I0923 17:44:30.497614 2164736 net.cpp:369] Mconv4_stage5_re -> Mconv4_stage5 (in-place)
I0923 17:44:30.500706 2164736 net.cpp:124] Setting up Mconv4_stage5_re
I0923 17:44:30.500710 2164736 net.cpp:131] Top shape: 1 128 1 1 (128)
I0923 17:44:30.500712 2164736 net.cpp:139] Memory required for data: 72684
I0923 17:44:30.500713 2164736 layer_factory.hpp:77] Creating layer Mconv5_stage5
I0923 17:44:30.500717 2164736 net.cpp:86] Creating Layer Mconv5_stage5
I0923 17:44:30.500720 2164736 net.cpp:408] Mconv5_stage5 <- Mconv4_stage5
I0923 17:44:30.500721 2164736 net.cpp:382] Mconv5_stage5 -> Mconv5_stage5
I0923 17:44:30.511998 2164736 net.cpp:124] Setting up Mconv5_stage5
I0923 17:44:30.512003 2164736 net.cpp:131] Top shape: 1 128 1 1 (128)
I0923 17:44:30.512005 2164736 net.cpp:139] Memory required for data: 73196
I0923 17:44:30.512007 2164736 layer_factory.hpp:77] Creating layer Mconv5_stage5_re
I0923 17:44:30.512010 2164736 net.cpp:86] Creating Layer Mconv5_stage5_re
I0923 17:44:30.512012 2164736 net.cpp:408] Mconv5_stage5_re <- Mconv5_stage5
I0923 17:44:30.512014 2164736 net.cpp:369] Mconv5_stage5_re -> Mconv5_stage5 (in-place)
I0923 17:44:30.515100 2164736 net.cpp:124] Setting up Mconv5_stage5_re
I0923 17:44:30.515103 2164736 net.cpp:131] Top shape: 1 128 1 1 (128)
I0923 17:44:30.515105 2164736 net.cpp:139] Memory required for data: 73708
I0923 17:44:30.515106 2164736 layer_factory.hpp:77] Creating layer Mconv6_stage5
I0923 17:44:30.515110 2164736 net.cpp:86] Creating Layer Mconv6_stage5
I0923 17:44:30.515111 2164736 net.cpp:408] Mconv6_stage5 <- Mconv5_stage5
I0923 17:44:30.515113 2164736 net.cpp:382] Mconv6_stage5 -> Mconv6_stage5
I0923 17:44:30.523077 2164736 net.cpp:124] Setting up Mconv6_stage5
I0923 17:44:30.523082 2164736 net.cpp:131] Top shape: 1 128 1 1 (128)
I0923 17:44:30.523084 2164736 net.cpp:139] Memory required for data: 74220
I0923 17:44:30.523087 2164736 layer_factory.hpp:77] Creating layer Mconv6_stage5_re
I0923 17:44:30.523088 2164736 net.cpp:86] Creating Layer Mconv6_stage5_re
I0923 17:44:30.523090 2164736 net.cpp:408] Mconv6_stage5_re <- Mconv6_stage5
I0923 17:44:30.523092 2164736 net.cpp:369] Mconv6_stage5_re -> Mconv6_stage5 (in-place)
I0923 17:44:30.525543 2164736 net.cpp:124] Setting up Mconv6_stage5_re
I0923 17:44:30.525545 2164736 net.cpp:131] Top shape: 1 128 1 1 (128)
I0923 17:44:30.525547 2164736 net.cpp:139] Memory required for data: 74732
I0923 17:44:30.525548 2164736 layer_factory.hpp:77] Creating layer Mconv7_stage5
I0923 17:44:30.525552 2164736 net.cpp:86] Creating Layer Mconv7_stage5
I0923 17:44:30.525553 2164736 net.cpp:408] Mconv7_stage5 <- Mconv6_stage5
I0923 17:44:30.525555 2164736 net.cpp:382] Mconv7_stage5 -> Mconv7_stage5
I0923 17:44:30.533823 2164736 net.cpp:124] Setting up Mconv7_stage5
I0923 17:44:30.533828 2164736 net.cpp:131] Top shape: 1 71 1 1 (71)
I0923 17:44:30.533829 2164736 net.cpp:139] Memory required for data: 75016
I0923 17:44:30.533831 2164736 layer_factory.hpp:77] Creating layer features_in_stage_6
I0923 17:44:30.533834 2164736 net.cpp:86] Creating Layer features_in_stage_6
I0923 17:44:30.533836 2164736 net.cpp:408] features_in_stage_6 <- Mconv7_stage5
I0923 17:44:30.533838 2164736 net.cpp:408] features_in_stage_6 <- conv5_3_CPM_conv5_3_CPM_re_0_split_5
I0923 17:44:30.533840 2164736 net.cpp:382] features_in_stage_6 -> features_in_stage_6
I0923 17:44:30.533849 2164736 net.cpp:124] Setting up features_in_stage_6
I0923 17:44:30.533850 2164736 net.cpp:131] Top shape: 1 199 1 1 (199)
I0923 17:44:30.533851 2164736 net.cpp:139] Memory required for data: 75812
I0923 17:44:30.533852 2164736 layer_factory.hpp:77] Creating layer Mconv1_stage6
I0923 17:44:30.533855 2164736 net.cpp:86] Creating Layer Mconv1_stage6
I0923 17:44:30.533856 2164736 net.cpp:408] Mconv1_stage6 <- features_in_stage_6
I0923 17:44:30.533859 2164736 net.cpp:382] Mconv1_stage6 -> Mconv1_stage6
I0923 17:44:30.547151 2164736 net.cpp:124] Setting up Mconv1_stage6
I0923 17:44:30.547155 2164736 net.cpp:131] Top shape: 1 128 1 1 (128)
I0923 17:44:30.547158 2164736 net.cpp:139] Memory required for data: 76324
I0923 17:44:30.547160 2164736 layer_factory.hpp:77] Creating layer Mconv1_stage6_re
I0923 17:44:30.547163 2164736 net.cpp:86] Creating Layer Mconv1_stage6_re
I0923 17:44:30.547164 2164736 net.cpp:408] Mconv1_stage6_re <- Mconv1_stage6
I0923 17:44:30.547166 2164736 net.cpp:369] Mconv1_stage6_re -> Mconv1_stage6 (in-place)
I0923 17:44:30.549901 2164736 net.cpp:124] Setting up Mconv1_stage6_re
I0923 17:44:30.549903 2164736 net.cpp:131] Top shape: 1 128 1 1 (128)
I0923 17:44:30.549904 2164736 net.cpp:139] Memory required for data: 76836
I0923 17:44:30.549906 2164736 layer_factory.hpp:77] Creating layer Mconv2_stage6
I0923 17:44:30.549909 2164736 net.cpp:86] Creating Layer Mconv2_stage6
I0923 17:44:30.549911 2164736 net.cpp:408] Mconv2_stage6 <- Mconv1_stage6
I0923 17:44:30.549912 2164736 net.cpp:382] Mconv2_stage6 -> Mconv2_stage6
I0923 17:44:30.561836 2164736 net.cpp:124] Setting up Mconv2_stage6
I0923 17:44:30.561841 2164736 net.cpp:131] Top shape: 1 128 1 1 (128)
I0923 17:44:30.561842 2164736 net.cpp:139] Memory required for data: 77348
I0923 17:44:30.561844 2164736 layer_factory.hpp:77] Creating layer Mconv2_stage6_re
I0923 17:44:30.561847 2164736 net.cpp:86] Creating Layer Mconv2_stage6_re
I0923 17:44:30.561848 2164736 net.cpp:408] Mconv2_stage6_re <- Mconv2_stage6
I0923 17:44:30.561851 2164736 net.cpp:369] Mconv2_stage6_re -> Mconv2_stage6 (in-place)
I0923 17:44:30.564582 2164736 net.cpp:124] Setting up Mconv2_stage6_re
I0923 17:44:30.564585 2164736 net.cpp:131] Top shape: 1 128 1 1 (128)
I0923 17:44:30.564587 2164736 net.cpp:139] Memory required for data: 77860
I0923 17:44:30.564589 2164736 layer_factory.hpp:77] Creating layer Mconv3_stage6
I0923 17:44:30.564592 2164736 net.cpp:86] Creating Layer Mconv3_stage6
I0923 17:44:30.564594 2164736 net.cpp:408] Mconv3_stage6 <- Mconv2_stage6
I0923 17:44:30.564595 2164736 net.cpp:382] Mconv3_stage6 -> Mconv3_stage6
I0923 17:44:30.577061 2164736 net.cpp:124] Setting up Mconv3_stage6
I0923 17:44:30.577066 2164736 net.cpp:131] Top shape: 1 128 1 1 (128)
I0923 17:44:30.577068 2164736 net.cpp:139] Memory required for data: 78372
I0923 17:44:30.577070 2164736 layer_factory.hpp:77] Creating layer Mconv3_stage6_re
I0923 17:44:30.577072 2164736 net.cpp:86] Creating Layer Mconv3_stage6_re
I0923 17:44:30.577075 2164736 net.cpp:408] Mconv3_stage6_re <- Mconv3_stage6
I0923 17:44:30.577075 2164736 net.cpp:369] Mconv3_stage6_re -> Mconv3_stage6 (in-place)
I0923 17:44:30.579808 2164736 net.cpp:124] Setting up Mconv3_stage6_re
I0923 17:44:30.579813 2164736 net.cpp:131] Top shape: 1 128 1 1 (128)
I0923 17:44:30.579813 2164736 net.cpp:139] Memory required for data: 78884
I0923 17:44:30.579814 2164736 layer_factory.hpp:77] Creating layer Mconv4_stage6
I0923 17:44:30.579818 2164736 net.cpp:86] Creating Layer Mconv4_stage6
I0923 17:44:30.579819 2164736 net.cpp:408] Mconv4_stage6 <- Mconv3_stage6
I0923 17:44:30.579821 2164736 net.cpp:382] Mconv4_stage6 -> Mconv4_stage6
I0923 17:44:30.590880 2164736 net.cpp:124] Setting up Mconv4_stage6
I0923 17:44:30.590885 2164736 net.cpp:131] Top shape: 1 128 1 1 (128)
I0923 17:44:30.590888 2164736 net.cpp:139] Memory required for data: 79396
I0923 17:44:30.590889 2164736 layer_factory.hpp:77] Creating layer Mconv4_stage6_re
I0923 17:44:30.590891 2164736 net.cpp:86] Creating Layer Mconv4_stage6_re
I0923 17:44:30.590893 2164736 net.cpp:408] Mconv4_stage6_re <- Mconv4_stage6
I0923 17:44:30.590894 2164736 net.cpp:369] Mconv4_stage6_re -> Mconv4_stage6 (in-place)
I0923 17:44:30.593663 2164736 net.cpp:124] Setting up Mconv4_stage6_re
I0923 17:44:30.593667 2164736 net.cpp:131] Top shape: 1 128 1 1 (128)
I0923 17:44:30.593667 2164736 net.cpp:139] Memory required for data: 79908
I0923 17:44:30.593668 2164736 layer_factory.hpp:77] Creating layer Mconv5_stage6
I0923 17:44:30.593672 2164736 net.cpp:86] Creating Layer Mconv5_stage6
I0923 17:44:30.593673 2164736 net.cpp:408] Mconv5_stage6 <- Mconv4_stage6
I0923 17:44:30.593675 2164736 net.cpp:382] Mconv5_stage6 -> Mconv5_stage6
I0923 17:44:30.605094 2164736 net.cpp:124] Setting up Mconv5_stage6
I0923 17:44:30.605100 2164736 net.cpp:131] Top shape: 1 128 1 1 (128)
I0923 17:44:30.605103 2164736 net.cpp:139] Memory required for data: 80420
I0923 17:44:30.605104 2164736 layer_factory.hpp:77] Creating layer Mconv5_stage6_re
I0923 17:44:30.605108 2164736 net.cpp:86] Creating Layer Mconv5_stage6_re
I0923 17:44:30.605108 2164736 net.cpp:408] Mconv5_stage6_re <- Mconv5_stage6
I0923 17:44:30.605110 2164736 net.cpp:369] Mconv5_stage6_re -> Mconv5_stage6 (in-place)
I0923 17:44:30.607650 2164736 net.cpp:124] Setting up Mconv5_stage6_re
I0923 17:44:30.607654 2164736 net.cpp:131] Top shape: 1 128 1 1 (128)
I0923 17:44:30.607656 2164736 net.cpp:139] Memory required for data: 80932
I0923 17:44:30.607656 2164736 layer_factory.hpp:77] Creating layer Mconv6_stage6
I0923 17:44:30.607661 2164736 net.cpp:86] Creating Layer Mconv6_stage6
I0923 17:44:30.607661 2164736 net.cpp:408] Mconv6_stage6 <- Mconv5_stage6
I0923 17:44:30.607663 2164736 net.cpp:382] Mconv6_stage6 -> Mconv6_stage6
I0923 17:44:30.615470 2164736 net.cpp:124] Setting up Mconv6_stage6
I0923 17:44:30.615475 2164736 net.cpp:131] Top shape: 1 128 1 1 (128)
I0923 17:44:30.615477 2164736 net.cpp:139] Memory required for data: 81444
I0923 17:44:30.615479 2164736 layer_factory.hpp:77] Creating layer Mconv6_stage6_re
I0923 17:44:30.615481 2164736 net.cpp:86] Creating Layer Mconv6_stage6_re
I0923 17:44:30.615483 2164736 net.cpp:408] Mconv6_stage6_re <- Mconv6_stage6
I0923 17:44:30.615484 2164736 net.cpp:369] Mconv6_stage6_re -> Mconv6_stage6 (in-place)
I0923 17:44:30.617877 2164736 net.cpp:124] Setting up Mconv6_stage6_re
I0923 17:44:30.617880 2164736 net.cpp:131] Top shape: 1 128 1 1 (128)
I0923 17:44:30.617882 2164736 net.cpp:139] Memory required for data: 81956
I0923 17:44:30.617882 2164736 layer_factory.hpp:77] Creating layer Mconv7_stage6
I0923 17:44:30.617885 2164736 net.cpp:86] Creating Layer Mconv7_stage6
I0923 17:44:30.617887 2164736 net.cpp:408] Mconv7_stage6 <- Mconv6_stage6
I0923 17:44:30.617889 2164736 net.cpp:382] Mconv7_stage6 -> net_output
I0923 17:44:30.625783 2164736 net.cpp:124] Setting up Mconv7_stage6
I0923 17:44:30.625788 2164736 net.cpp:131] Top shape: 1 71 1 1 (71)
I0923 17:44:30.625790 2164736 net.cpp:139] Memory required for data: 82240
I0923 17:44:30.625792 2164736 net.cpp:202] Mconv7_stage6 does not need backward computation.
I0923 17:44:30.625794 2164736 net.cpp:202] Mconv6_stage6_re does not need backward computation.
I0923 17:44:30.625795 2164736 net.cpp:202] Mconv6_stage6 does not need backward computation.
I0923 17:44:30.625797 2164736 net.cpp:202] Mconv5_stage6_re does not need backward computation.
I0923 17:44:30.625797 2164736 net.cpp:202] Mconv5_stage6 does not need backward computation.
I0923 17:44:30.625798 2164736 net.cpp:202] Mconv4_stage6_re does not need backward computation.
I0923 17:44:30.625799 2164736 net.cpp:202] Mconv4_stage6 does not need backward computation.
I0923 17:44:30.625800 2164736 net.cpp:202] Mconv3_stage6_re does not need backward computation.
I0923 17:44:30.625801 2164736 net.cpp:202] Mconv3_stage6 does not need backward computation.
I0923 17:44:30.625802 2164736 net.cpp:202] Mconv2_stage6_re does not need backward computation.
I0923 17:44:30.625803 2164736 net.cpp:202] Mconv2_stage6 does not need backward computation.
I0923 17:44:30.625804 2164736 net.cpp:202] Mconv1_stage6_re does not need backward computation.
I0923 17:44:30.625805 2164736 net.cpp:202] Mconv1_stage6 does not need backward computation.
I0923 17:44:30.625808 2164736 net.cpp:202] features_in_stage_6 does not need backward computation.
I0923 17:44:30.625808 2164736 net.cpp:202] Mconv7_stage5 does not need backward computation.
I0923 17:44:30.625810 2164736 net.cpp:202] Mconv6_stage5_re does not need backward computation.
I0923 17:44:30.625811 2164736 net.cpp:202] Mconv6_stage5 does not need backward computation.
I0923 17:44:30.625813 2164736 net.cpp:202] Mconv5_stage5_re does not need backward computation.
I0923 17:44:30.625814 2164736 net.cpp:202] Mconv5_stage5 does not need backward computation.
I0923 17:44:30.625815 2164736 net.cpp:202] Mconv4_stage5_re does not need backward computation.
I0923 17:44:30.625816 2164736 net.cpp:202] Mconv4_stage5 does not need backward computation.
I0923 17:44:30.625818 2164736 net.cpp:202] Mconv3_stage5_re does not need backward computation.
I0923 17:44:30.625819 2164736 net.cpp:202] Mconv3_stage5 does not need backward computation.
I0923 17:44:30.625820 2164736 net.cpp:202] Mconv2_stage5_re does not need backward computation.
I0923 17:44:30.625821 2164736 net.cpp:202] Mconv2_stage5 does not need backward computation.
I0923 17:44:30.625823 2164736 net.cpp:202] Mconv1_stage5_re does not need backward computation.
I0923 17:44:30.625823 2164736 net.cpp:202] Mconv1_stage5 does not need backward computation.
I0923 17:44:30.625824 2164736 net.cpp:202] features_in_stage_5 does not need backward computation.
I0923 17:44:30.625826 2164736 net.cpp:202] Mconv7_stage4 does not need backward computation.
I0923 17:44:30.625828 2164736 net.cpp:202] Mconv6_stage4_re does not need backward computation.
I0923 17:44:30.625829 2164736 net.cpp:202] Mconv6_stage4 does not need backward computation.
I0923 17:44:30.625830 2164736 net.cpp:202] Mconv5_stage4_re does not need backward computation.
I0923 17:44:30.625831 2164736 net.cpp:202] Mconv5_stage4 does not need backward computation.
I0923 17:44:30.625833 2164736 net.cpp:202] Mconv4_stage4_re does not need backward computation.
I0923 17:44:30.625833 2164736 net.cpp:202] Mconv4_stage4 does not need backward computation.
I0923 17:44:30.625835 2164736 net.cpp:202] Mconv3_stage4_re does not need backward computation.
I0923 17:44:30.625836 2164736 net.cpp:202] Mconv3_stage4 does not need backward computation.
I0923 17:44:30.625837 2164736 net.cpp:202] Mconv2_stage4_re does not need backward computation.
I0923 17:44:30.625838 2164736 net.cpp:202] Mconv2_stage4 does not need backward computation.
I0923 17:44:30.625840 2164736 net.cpp:202] Mconv1_stage4_re does not need backward computation.
I0923 17:44:30.625841 2164736 net.cpp:202] Mconv1_stage4 does not need backward computation.
I0923 17:44:30.625842 2164736 net.cpp:202] features_in_stage_4 does not need backward computation.
I0923 17:44:30.625844 2164736 net.cpp:202] Mconv7_stage3 does not need backward computation.
I0923 17:44:30.625845 2164736 net.cpp:202] Mconv6_stage3_re does not need backward computation.
I0923 17:44:30.625847 2164736 net.cpp:202] Mconv6_stage3 does not need backward computation.
I0923 17:44:30.625849 2164736 net.cpp:202] Mconv5_stage3_re does not need backward computation.
I0923 17:44:30.625849 2164736 net.cpp:202] Mconv5_stage3 does not need backward computation.
I0923 17:44:30.625851 2164736 net.cpp:202] Mconv4_stage3_re does not need backward computation.
I0923 17:44:30.625852 2164736 net.cpp:202] Mconv4_stage3 does not need backward computation.
I0923 17:44:30.625854 2164736 net.cpp:202] Mconv3_stage3_re does not need backward computation.
I0923 17:44:30.625854 2164736 net.cpp:202] Mconv3_stage3 does not need backward computation.
I0923 17:44:30.625856 2164736 net.cpp:202] Mconv2_stage3_re does not need backward computation.
I0923 17:44:30.625857 2164736 net.cpp:202] Mconv2_stage3 does not need backward computation.
I0923 17:44:30.625859 2164736 net.cpp:202] Mconv1_stage3_re does not need backward computation.
I0923 17:44:30.625859 2164736 net.cpp:202] Mconv1_stage3 does not need backward computation.
I0923 17:44:30.625861 2164736 net.cpp:202] features_in_stage_3 does not need backward computation.
I0923 17:44:30.625862 2164736 net.cpp:202] Mconv7_stage2 does not need backward computation.
I0923 17:44:30.625864 2164736 net.cpp:202] Mconv6_stage2_re does not need backward computation.
I0923 17:44:30.625865 2164736 net.cpp:202] Mconv6_stage2 does not need backward computation.
I0923 17:44:30.625866 2164736 net.cpp:202] Mconv5_stage2_re does not need backward computation.
I0923 17:44:30.625867 2164736 net.cpp:202] Mconv5_stage2 does not need backward computation.
I0923 17:44:30.625869 2164736 net.cpp:202] Mconv4_stage2_re does not need backward computation.
I0923 17:44:30.625869 2164736 net.cpp:202] Mconv4_stage2 does not need backward computation.
I0923 17:44:30.625871 2164736 net.cpp:202] Mconv3_stage2_re does not need backward computation.
I0923 17:44:30.625872 2164736 net.cpp:202] Mconv3_stage2 does not need backward computation.
I0923 17:44:30.625873 2164736 net.cpp:202] Mconv2_stage2_re does not need backward computation.
I0923 17:44:30.625874 2164736 net.cpp:202] Mconv2_stage2 does not need backward computation.
I0923 17:44:30.625876 2164736 net.cpp:202] Mconv1_stage2_re does not need backward computation.
I0923 17:44:30.625877 2164736 net.cpp:202] Mconv1_stage2 does not need backward computation.
I0923 17:44:30.625878 2164736 net.cpp:202] features_in_stage_2 does not need backward computation.
I0923 17:44:30.625880 2164736 net.cpp:202] conv6_2_CPM does not need backward computation.
I0923 17:44:30.625881 2164736 net.cpp:202] conv6_1_CPM_re does not need backward computation.
I0923 17:44:30.625882 2164736 net.cpp:202] conv6_1_CPM does not need backward computation.
I0923 17:44:30.625885 2164736 net.cpp:202] conv5_3_CPM_conv5_3_CPM_re_0_split does not need backward computation.
I0923 17:44:30.625885 2164736 net.cpp:202] conv5_3_CPM_re does not need backward computation.
I0923 17:44:30.625887 2164736 net.cpp:202] conv5_3_CPM does not need backward computation.
I0923 17:44:30.625888 2164736 net.cpp:202] conv5_2_re does not need backward computation.
I0923 17:44:30.625890 2164736 net.cpp:202] conv5_2 does not need backward computation.
I0923 17:44:30.625891 2164736 net.cpp:202] conv5_1_re does not need backward computation.
I0923 17:44:30.625892 2164736 net.cpp:202] conv5_1 does not need backward computation.
I0923 17:44:30.625893 2164736 net.cpp:202] conv4_4_re does not need backward computation.
I0923 17:44:30.625895 2164736 net.cpp:202] conv4_4 does not need backward computation.
I0923 17:44:30.625895 2164736 net.cpp:202] conv4_3_re does not need backward computation.
I0923 17:44:30.625897 2164736 net.cpp:202] conv4_3 does not need backward computation.
I0923 17:44:30.625898 2164736 net.cpp:202] conv4_2_re does not need backward computation.
I0923 17:44:30.625900 2164736 net.cpp:202] conv4_2 does not need backward computation.
I0923 17:44:30.625900 2164736 net.cpp:202] conv4_1_re does not need backward computation.
I0923 17:44:30.625902 2164736 net.cpp:202] conv4_1 does not need backward computation.
I0923 17:44:30.625903 2164736 net.cpp:202] pool3 does not need backward computation.
I0923 17:44:30.625905 2164736 net.cpp:202] conv3_4_re does not need backward computation.
I0923 17:44:30.625906 2164736 net.cpp:202] conv3_4 does not need backward computation.
I0923 17:44:30.625907 2164736 net.cpp:202] conv3_3_re does not need backward computation.
I0923 17:44:30.625908 2164736 net.cpp:202] conv3_3 does not need backward computation.
I0923 17:44:30.625909 2164736 net.cpp:202] conv3_2_re does not need backward computation.
I0923 17:44:30.625910 2164736 net.cpp:202] conv3_2 does not need backward computation.
I0923 17:44:30.625912 2164736 net.cpp:202] conv3_1_re does not need backward computation.
I0923 17:44:30.625913 2164736 net.cpp:202] conv3_1 does not need backward computation.
I0923 17:44:30.625914 2164736 net.cpp:202] pool2 does not need backward computation.
I0923 17:44:30.625916 2164736 net.cpp:202] conv2_2_re does not need backward computation.
I0923 17:44:30.625916 2164736 net.cpp:202] conv2_2 does not need backward computation.
I0923 17:44:30.625918 2164736 net.cpp:202] conv2_1_re does not need backward computation.
I0923 17:44:30.625919 2164736 net.cpp:202] conv2_1 does not need backward computation.
I0923 17:44:30.625921 2164736 net.cpp:202] pool1 does not need backward computation.
I0923 17:44:30.625921 2164736 net.cpp:202] conv1_2_re does not need backward computation.
I0923 17:44:30.625923 2164736 net.cpp:202] conv1_2 does not need backward computation.
I0923 17:44:30.625924 2164736 net.cpp:202] conv1_1_re does not need backward computation.
I0923 17:44:30.625926 2164736 net.cpp:202] conv1_1 does not need backward computation.
I0923 17:44:30.625926 2164736 net.cpp:202] input does not need backward computation.
I0923 17:44:30.625927 2164736 net.cpp:244] This network produces output net_output
I0923 17:44:30.625942 2164736 net.cpp:257] Network initialization done.
I0923 17:44:30.701659 2164736 net.cpp:746] Ignoring source layer data
I0923 17:44:30.701671 2164736 net.cpp:746] Ignoring source layer hlabels
I0923 17:44:30.701673 2164736 net.cpp:746] Ignoring source layer weights_hlabels_1_split
I0923 17:44:30.701673 2164736 net.cpp:746] Ignoring source layer labels
I0923 17:44:30.701674 2164736 net.cpp:746] Ignoring source layer labels_labels_0_split
I0923 17:44:30.701675 2164736 net.cpp:746] Ignoring source layer image
I0923 17:44:30.701676 2164736 net.cpp:746] Ignoring source layer silence_center_map
I0923 17:44:30.705682 2164736 net.cpp:746] Ignoring source layer conv6_2_CPM_conv6_2_CPM_0_split
I0923 17:44:30.705694 2164736 net.cpp:746] Ignoring source layer conv6_2_CPM_weighted
I0923 17:44:30.705695 2164736 net.cpp:746] Ignoring source layer loss_stage1
I0923 17:44:30.706806 2164736 net.cpp:746] Ignoring source layer Mconv7_stage2_Mconv7_stage2_0_split
I0923 17:44:30.706811 2164736 net.cpp:746] Ignoring source layer Mconv7_stage2_weighted
I0923 17:44:30.706812 2164736 net.cpp:746] Ignoring source layer loss_stage2
I0923 17:44:30.707835 2164736 net.cpp:746] Ignoring source layer Mconv7_stage3_Mconv7_stage3_0_split
I0923 17:44:30.707839 2164736 net.cpp:746] Ignoring source layer Mconv7_stage3_weighted
I0923 17:44:30.707840 2164736 net.cpp:746] Ignoring source layer loss_stage3
I0923 17:44:30.708882 2164736 net.cpp:746] Ignoring source layer Mconv7_stage4_Mconv7_stage4_0_split
I0923 17:44:30.708886 2164736 net.cpp:746] Ignoring source layer Mconv7_stage4_weighted
I0923 17:44:30.708887 2164736 net.cpp:746] Ignoring source layer loss_stage4
I0923 17:44:30.709921 2164736 net.cpp:746] Ignoring source layer Mconv7_stage5_Mconv7_stage5_0_split
I0923 17:44:30.709924 2164736 net.cpp:746] Ignoring source layer Mconv7_stage5_weighted
I0923 17:44:30.709925 2164736 net.cpp:746] Ignoring source layer loss_stage5
I0923 17:44:30.710978 2164736 net.cpp:746] Ignoring source layer Mconv7_stage6_weighted
I0923 17:44:30.710980 2164736 net.cpp:746] Ignoring source layer loss_stage6
I0923 17:44:30.717044 2164736 upgrade_proto.cpp:69] Attempting to upgrade input file specified using deprecated input fields: /opt/openpose/models/hand/pose_deploy.prototxt
I0923 17:44:30.717051 2164736 upgrade_proto.cpp:72] Successfully upgraded file specified using deprecated input fields.
W0923 17:44:30.717053 2164736 upgrade_proto.cpp:74] Note that future Caffe releases will only support input layers and not input fields.
I0923 17:44:30.717095 2164736 net.cpp:53] Initializing net from parameters: 
state {
  phase: TEST
  level: 0
}
layer {
  name: "input"
  type: "Input"
  top: "image"
  input_param {
    shape {
      dim: 1
      dim: 3
      dim: 1
      dim: 1
    }
  }
}
layer {
  name: "conv1_1"
  type: "Convolution"
  bottom: "image"
  top: "conv1_1"
  param {
    lr_mult: 1
    decay_mult: 1
  }
  param {
    lr_mult: 2
    decay_mult: 0
  }
  convolution_param {
    num_output: 64
    pad: 1
    kernel_size: 3
    weight_filler {
      type: "xavier"
    }
    bias_filler {
      type: "constant"
    }
    dilation: 1
  }
}
layer {
  name: "relu1_1"
  type: "ReLU"
  bottom: "conv1_1"
  top: "conv1_1"
}
layer {
  name: "conv1_2"
  type: "Convolution"
  bottom: "conv1_1"
  top: "conv1_2"
  param {
    lr_mult: 1
    decay_mult: 1
  }
  param {
    lr_mult: 2
    decay_mult: 0
  }
  convolution_param {
    num_output: 64
    pad: 1
    kernel_size: 3
    weight_filler {
      type: "xavier"
    }
    bias_filler {
      type: "constant"
    }
    dilation: 1
  }
}
layer {
  name: "relu1_2"
  type: "ReLU"
  bottom: "conv1_2"
  top: "conv1_2"
}
layer {
  name: "pool1_stage1"
  type: "Pooling"
  bottom: "conv1_2"
  top: "pool1_stage1"
  pooling_param {
    pool: MAX
    kernel_size: 2
    stride: 2
  }
}
layer {
  name: "conv2_1"
  type: "Convolution"
  bottom: "pool1_stage1"
  top: "conv2_1"
  param {
    lr_mult: 1
    decay_mult: 1
  }
  param {
    lr_mult: 2
    decay_mult: 0
  }
  convolution_param {
    num_output: 128
    pad: 1
    kernel_size: 3
    weight_filler {
      type: "xavier"
    }
    bias_filler {
      type: "constant"
    }
    dilation: 1
  }
}
layer {
  name: "relu2_1"
  type: "ReLU"
  bottom: "conv2_1"
  top: "conv2_1"
}
layer {
  name: "conv2_2"
  type: "Convolution"
  bottom: "conv2_1"
  top: "conv2_2"
  param {
    lr_mult: 1
    decay_mult: 1
  }
  param {
    lr_mult: 2
    decay_mult: 0
  }
  convolution_param {
    num_output: 128
    pad: 1
    kernel_size: 3
    weight_filler {
      type: "xavier"
    }
    bias_filler {
      type: "constant"
    }
    dilation: 1
  }
}
layer {
  name: "relu2_2"
  type: "ReLU"
  bottom: "conv2_2"
  top: "conv2_2"
}
layer {
  name: "pool2_stage1"
  type: "Pooling"
  bottom: "conv2_2"
  top: "pool2_stage1"
  pooling_param {
    pool: MAX
    kernel_size: 2
    stride: 2
  }
}
layer {
  name: "conv3_1"
  type: "Convolution"
  bottom: "pool2_stage1"
  top: "conv3_1"
  param {
    lr_mult: 1
    decay_mult: 1
  }
  param {
    lr_mult: 2
    decay_mult: 0
  }
  convolution_param {
    num_output: 256
    pad: 1
    kernel_size: 3
    weight_filler {
      type: "xavier"
    }
    bias_filler {
      type: "constant"
    }
    dilation: 1
  }
}
layer {
  name: "relu3_1"
  type: "ReLU"
  bottom: "conv3_1"
  top: "conv3_1"
}
layer {
  name: "conv3_2"
  type: "Convolution"
  bottom: "conv3_1"
  top: "conv3_2"
  param {
    lr_mult: 1
    decay_mult: 1
  }
  param {
    lr_mult: 2
    decay_mult: 0
  }
  convolution_param {
    num_output: 256
    pad: 1
    kernel_size: 3
    weight_filler {
      type: "xavier"
    }
    bias_filler {
      type: "constant"
    }
    dilation: 1
  }
}
layer {
  name: "relu3_2"
  type: "ReLU"
  bottom: "conv3_2"
  top: "conv3_2"
}
layer {
  name: "conv3_3"
  type: "Convolution"
  bottom: "conv3_2"
  top: "conv3_3"
  param {
    lr_mult: 1
    decay_mult: 1
  }
  param {
    lr_mult: 2
    decay_mult: 0
  }
  convolution_param {
    num_output: 256
    pad: 1
    kernel_size: 3
    weight_filler {
      type: "xavier"
    }
    bias_filler {
      type: "constant"
    }
    dilation: 1
  }
}
layer {
  name: "relu3_3"
  type: "ReLU"
  bottom: "conv3_3"
  top: "conv3_3"
}
layer {
  name: "conv3_4"
  type: "Convolution"
  bottom: "conv3_3"
  top: "conv3_4"
  param {
    lr_mult: 1
    decay_mult: 1
  }
  param {
    lr_mult: 2
    decay_mult: 0
  }
  convolution_param {
    num_output: 256
    pad: 1
    kernel_size: 3
    weight_filler {
      type: "xavier"
    }
    bias_filler {
      type: "constant"
    }
    dilation: 1
  }
}
layer {
  name: "relu3_4"
  type: "ReLU"
  bottom: "conv3_4"
  top: "conv3_4"
}
layer {
  name: "pool3_stage1"
  type: "Pooling"
  bottom: "conv3_4"
  top: "pool3_stage1"
  pooling_param {
    pool: MAX
    kernel_size: 2
    stride: 2
  }
}
layer {
  name: "conv4_1"
  type: "Convolution"
  bottom: "pool3_stage1"
  top: "conv4_1"
  param {
    lr_mult: 1
    decay_mult: 1
  }
  param {
    lr_mult: 2
    decay_mult: 0
  }
  convolution_param {
    num_output: 512
    pad: 1
    kernel_size: 3
    weight_filler {
      type: "xavier"
    }
    bias_filler {
      type: "constant"
    }
    dilation: 1
  }
}
layer {
  name: "relu4_1"
  type: "ReLU"
  bottom: "conv4_1"
  top: "conv4_1"
}
layer {
  name: "conv4_2"
  type: "Convolution"
  bottom: "conv4_1"
  top: "conv4_2"
  param {
    lr_mult: 1
    decay_mult: 1
  }
  param {
    lr_mult: 2
    decay_mult: 0
  }
  convolution_param {
    num_output: 512
    pad: 1
    kernel_size: 3
    weight_filler {
      type: "xavier"
    }
    bias_filler {
      type: "constant"
    }
    dilation: 1
  }
}
layer {
  name: "relu4_2"
  type: "ReLU"
  bottom: "conv4_2"
  top: "conv4_2"
}
layer {
  name: "conv4_3"
  type: "Convolution"
  bottom: "conv4_2"
  top: "conv4_3"
  param {
    lr_mult: 1
    decay_mult: 1
  }
  param {
    lr_mult: 2
    decay_mult: 0
  }
  convolution_param {
    num_output: 512
    pad: 1
    kernel_size: 3
    weight_filler {
      type: "xavier"
    }
    bias_filler {
      type: "constant"
    }
    dilation: 1
  }
}
layer {
  name: "relu4_3"
  type: "ReLU"
  bottom: "conv4_3"
  top: "conv4_3"
}
layer {
  name: "conv4_4"
  type: "Convolution"
  bottom: "conv4_3"
  top: "conv4_4"
  param {
    lr_mult: 1
    decay_mult: 1
  }
  param {
    lr_mult: 2
    decay_mult: 0
  }
  convolution_param {
    num_output: 512
    pad: 1
    kernel_size: 3
    weight_filler {
      type: "xavier"
    }
    bias_filler {
      type: "constant"
    }
    dilation: 1
  }
}
layer {
  name: "relu4_4"
  type: "ReLU"
  bottom: "conv4_4"
  top: "conv4_4"
}
layer {
  name: "conv5_1"
  type: "Convolution"
  bottom: "conv4_4"
  top: "conv5_1"
  param {
    lr_mult: 1
    decay_mult: 1
  }
  param {
    lr_mult: 2
    decay_mult: 0
  }
  convolution_param {
    num_output: 512
    pad: 1
    kernel_size: 3
    weight_filler {
      type: "xavier"
    }
    bias_filler {
      type: "constant"
    }
    dilation: 1
  }
}
layer {
  name: "relu5_1"
  type: "ReLU"
  bottom: "conv5_1"
  top: "conv5_1"
}
layer {
  name: "conv5_2"
  type: "Convolution"
  bottom: "conv5_1"
  top: "conv5_2"
  param {
    lr_mult: 1
    decay_mult: 1
  }
  param {
    lr_mult: 2
    decay_mult: 0
  }
  convolution_param {
    num_output: 512
    pad: 1
    kernel_size: 3
    weight_filler {
      type: "xavier"
    }
    bias_filler {
      type: "constant"
    }
    dilation: 1
  }
}
layer {
  name: "relu5_2"
  type: "ReLU"
  bottom: "conv5_2"
  top: "conv5_2"
}
layer {
  name: "conv5_3_CPM"
  type: "Convolution"
  bottom: "conv5_2"
  top: "conv5_3_CPM"
  param {
    lr_mult: 1
    decay_mult: 1
  }
  param {
    lr_mult: 2
    decay_mult: 0
  }
  convolution_param {
    num_output: 128
    pad: 1
    kernel_size: 3
    weight_filler {
      type: "gaussian"
      std: 0.01
    }
    bias_filler {
      type: "constant"
    }
    dilation: 1
  }
}
layer {
  name: "relu5_4_stage1_3"
  type: "ReLU"
  bottom: "conv5_3_CPM"
  top: "conv5_3_CPM"
}
layer {
  name: "conv6_1_CPM"
  type: "Convolution"
  bottom: "conv5_3_CPM"
  top: "conv6_1_CPM"
  param {
    lr_mult: 1
    decay_mult: 1
  }
  param {
    lr_mult: 2
    decay_mult: 0
  }
  convolution_param {
    num_output: 512
    pad: 0
    kernel_size: 1
    weight_filler {
      type: "gaussian"
      std: 0.01
    }
    bias_filler {
      type: "constant"
    }
    dilation: 1
  }
}
layer {
  name: "relu6_4_stage1_1"
  type: "ReLU"
  bottom: "conv6_1_CPM"
  top: "conv6_1_CPM"
}
layer {
  name: "conv6_2_CPM"
  type: "Convolution"
  bottom: "conv6_1_CPM"
  top: "conv6_2_CPM"
  param {
    lr_mult: 1
    decay_mult: 1
  }
  param {
    lr_mult: 2
    decay_mult: 0
  }
  convolution_param {
    num_output: 22
    pad: 0
    kernel_size: 1
    weight_filler {
      type: "gaussian"
      std: 0.01
    }
    bias_filler {
      type: "constant"
    }
    dilation: 1
  }
}
layer {
  name: "concat_stage2"
  type: "Concat"
  bottom: "conv6_2_CPM"
  bottom: "conv5_3_CPM"
  top: "concat_stage2"
  concat_param {
    axis: 1
  }
}
layer {
  name: "Mconv1_stage2"
  type: "Convolution"
  bottom: "concat_stage2"
  top: "Mconv1_stage2"
  param {
    lr_mult: 4
    decay_mult: 1
  }
  param {
    lr_mult: 8
    decay_mult: 0
  }
  convolution_param {
    num_output: 128
    pad: 3
    kernel_size: 7
    weight_filler {
      type: "gaussian"
      std: 0.01
    }
    bias_filler {
      type: "constant"
    }
    dilation: 1
  }
}
layer {
  name: "Mrelu1_2_stage2_1"
  type: "ReLU"
  bottom: "Mconv1_stage2"
  top: "Mconv1_stage2"
}
layer {
  name: "Mconv2_stage2"
  type: "Convolution"
  bottom: "Mconv1_stage2"
  top: "Mconv2_stage2"
  param {
    lr_mult: 4
    decay_mult: 1
  }
  param {
    lr_mult: 8
    decay_mult: 0
  }
  convolution_param {
    num_output: 128
    pad: 3
    kernel_size: 7
    weight_filler {
      type: "gaussian"
      std: 0.01
    }
    bias_filler {
      type: "constant"
    }
    dilation: 1
  }
}
layer {
  name: "Mrelu1_3_stage2_2"
  type: "ReLU"
  bottom: "Mconv2_stage2"
  top: "Mconv2_stage2"
}
layer {
  name: "Mconv3_stage2"
  type: "Convolution"
  bottom: "Mconv2_stage2"
  top: "Mconv3_stage2"
  param {
    lr_mult: 4
    decay_mult: 1
  }
  param {
    lr_mult: 8
    decay_mult: 0
  }
  convolution_param {
    num_output: 128
    pad: 3
    kernel_size: 7
    weight_filler {
      type: "gaussian"
      std: 0.01
    }
    bias_filler {
      type: "constant"
    }
    dilation: 1
  }
}
layer {
  name: "Mrelu1_4_stage2_3"
  type: "ReLU"
  bottom: "Mconv3_stage2"
  top: "Mconv3_stage2"
}
layer {
  name: "Mconv4_stage2"
  type: "Convolution"
  bottom: "Mconv3_stage2"
  top: "Mconv4_stage2"
  param {
    lr_mult: 4
    decay_mult: 1
  }
  param {
    lr_mult: 8
    decay_mult: 0
  }
  convolution_param {
    num_output: 128
    pad: 3
    kernel_size: 7
    weight_filler {
      type: "gaussian"
      std: 0.01
    }
    bias_filler {
      type: "constant"
    }
    dilation: 1
  }
}
layer {
  name: "Mrelu1_5_stage2_4"
  type: "ReLU"
  bottom: "Mconv4_stage2"
  top: "Mconv4_stage2"
}
layer {
  name: "Mconv5_stage2"
  type: "Convolution"
  bottom: "Mconv4_stage2"
  top: "Mconv5_stage2"
  param {
    lr_mult: 4
    decay_mult: 1
  }
  param {
    lr_mult: 8
    decay_mult: 0
  }
  convolution_param {
    num_output: 128
    pad: 3
    kernel_size: 7
    weight_filler {
      type: "gaussian"
      std: 0.01
    }
    bias_filler {
      type: "constant"
    }
    dilation: 1
  }
}
layer {
  name: "Mrelu1_6_stage2_5"
  type: "ReLU"
  bottom: "Mconv5_stage2"
  top: "Mconv5_stage2"
}
layer {
  name: "Mconv6_stage2"
  type: "Convolution"
  bottom: "Mconv5_stage2"
  top: "Mconv6_stage2"
  param {
    lr_mult: 4
    decay_mult: 1
  }
  param {
    lr_mult: 8
    decay_mult: 0
  }
  convolution_param {
    num_output: 128
    pad: 0
    kernel_size: 1
    weight_filler {
      type: "gaussian"
      std: 0.01
    }
    bias_filler {
      type: "constant"
    }
    dilation: 1
  }
}
layer {
  name: "Mrelu1_7_stage2_6"
  type: "ReLU"
  bottom: "Mconv6_stage2"
  top: "Mconv6_stage2"
}
layer {
  name: "Mconv7_stage2"
  type: "Convolution"
  bottom: "Mconv6_stage2"
  top: "Mconv7_stage2"
  param {
    lr_mult: 4
    decay_mult: 1
  }
  param {
    lr_mult: 8
    decay_mult: 0
  }
  convolution_param {
    num_output: 22
    pad: 0
    kernel_size: 1
    weight_filler {
      type: "gaussian"
      std: 0.01
    }
    bias_filler {
      type: "constant"
    }
    dilation: 1
  }
}
layer {
  name: "concat_stage3"
  type: "Concat"
  bottom: "Mconv7_stage2"
  bottom: "conv5_3_CPM"
  top: "concat_stage3"
  concat_param {
    axis: 1
  }
}
layer {
  name: "Mconv1_stage3"
  type: "Convolution"
  bottom: "concat_stage3"
  top: "Mconv1_stage3"
  param {
    lr_mult: 4
    decay_mult: 1
  }
  param {
    lr_mult: 8
    decay_mult: 0
  }
  convolution_param {
    num_output: 128
    pad: 3
    kernel_size: 7
    weight_filler {
      type: "gaussian"
      std: 0.01
    }
    bias_filler {
      type: "constant"
    }
    dilation: 1
  }
}
layer {
  name: "Mrelu1_2_stage3_1"
  type: "ReLU"
  bottom: "Mconv1_stage3"
  top: "Mconv1_stage3"
}
layer {
  name: "Mconv2_stage3"
  type: "Convolution"
  bottom: "Mconv1_stage3"
  top: "Mconv2_stage3"
  param {
    lr_mult: 4
    decay_mult: 1
  }
  param {
    lr_mult: 8
    decay_mult: 0
  }
  convolution_param {
    num_output: 128
    pad: 3
    kernel_size: 7
    weight_filler {
      type: "gaussian"
      std: 0.01
    }
    bias_filler {
      type: "constant"
    }
    dilation: 1
  }
}
layer {
  name: "Mrelu1_3_stage3_2"
  type: "ReLU"
  bottom: "Mconv2_stage3"
  top: "Mconv2_stage3"
}
layer {
  name: "Mconv3_stage3"
  type: "Convolution"
  bottom: "Mconv2_stage3"
  top: "Mconv3_stage3"
  param {
    lr_mult: 4
    decay_mult: 1
  }
  param {
    lr_mult: 8
    decay_mult: 0
  }
  convolution_param {
    num_output: 128
    pad: 3
    kernel_size: 7
    weight_filler {
      type: "gaussian"
      std: 0.01
    }
    bias_filler {
      type: "constant"
    }
    dilation: 1
  }
}
layer {
  name: "Mrelu1_4_stage3_3"
  type: "ReLU"
  bottom: "Mconv3_stage3"
  top: "Mconv3_stage3"
}
layer {
  name: "Mconv4_stage3"
  type: "Convolution"
  bottom: "Mconv3_stage3"
  top: "Mconv4_stage3"
  param {
    lr_mult: 4
    decay_mult: 1
  }
  param {
    lr_mult: 8
    decay_mult: 0
  }
  convolution_param {
    num_output: 128
    pad: 3
    kernel_size: 7
    weight_filler {
      type: "gaussian"
      std: 0.01
    }
    bias_filler {
      type: "constant"
    }
    dilation: 1
  }
}
layer {
  name: "Mrelu1_5_stage3_4"
  type: "ReLU"
  bottom: "Mconv4_stage3"
  top: "Mconv4_stage3"
}
layer {
  name: "Mconv5_stage3"
  type: "Convolution"
  bottom: "Mconv4_stage3"
  top: "Mconv5_stage3"
  param {
    lr_mult: 4
    decay_mult: 1
  }
  param {
    lr_mult: 8
    decay_mult: 0
  }
  convolution_param {
    num_output: 128
    pad: 3
    kernel_size: 7
    weight_filler {
      type: "gaussian"
      std: 0.01
    }
    bias_filler {
      type: "constant"
    }
    dilation: 1
  }
}
layer {
  name: "Mrelu1_6_stage3_5"
  type: "ReLU"
  bottom: "Mconv5_stage3"
  top: "Mconv5_stage3"
}
layer {
  name: "Mconv6_stage3"
  type: "Convolution"
  bottom: "Mconv5_stage3"
  top: "Mconv6_stage3"
  param {
    lr_mult: 4
    decay_mult: 1
  }
  param {
    lr_mult: 8
    decay_mult: 0
  }
  convolution_param {
    num_output: 128
    pad: 0
    kernel_size: 1
    weight_filler {
      type: "gaussian"
      std: 0.01
    }
    bias_filler {
      type: "constant"
    }
    dilation: 1
  }
}
layer {
  name: "Mrelu1_7_stage3_6"
  type: "ReLU"
  bottom: "Mconv6_stage3"
  top: "Mconv6_stage3"
}
layer {
  name: "Mconv7_stage3"
  type: "Convolution"
  bottom: "Mconv6_stage3"
  top: "Mconv7_stage3"
  param {
    lr_mult: 4
    decay_mult: 1
  }
  param {
    lr_mult: 8
    decay_mult: 0
  }
  convolution_param {
    num_output: 22
    pad: 0
    kernel_size: 1
    weight_filler {
      type: "gaussian"
      std: 0.01
    }
    bias_filler {
      type: "constant"
    }
    dilation: 1
  }
}
layer {
  name: "concat_stage4"
  type: "Concat"
  bottom: "Mconv7_stage3"
  bottom: "conv5_3_CPM"
  top: "concat_stage4"
  concat_param {
    axis: 1
  }
}
layer {
  name: "Mconv1_stage4"
  type: "Convolution"
  bottom: "concat_stage4"
  top: "Mconv1_stage4"
  param {
    lr_mult: 4
    decay_mult: 1
  }
  param {
    lr_mult: 8
    decay_mult: 0
  }
  convolution_param {
    num_output: 128
    pad: 3
    kernel_size: 7
    weight_filler {
      type: "gaussian"
      std: 0.01
    }
    bias_filler {
      type: "constant"
    }
    dilation: 1
  }
}
layer {
  name: "Mrelu1_2_stage4_1"
  type: "ReLU"
  bottom: "Mconv1_stage4"
  top: "Mconv1_stage4"
}
layer {
  name: "Mconv2_stage4"
  type: "Convolution"
  bottom: "Mconv1_stage4"
  top: "Mconv2_stage4"
  param {
    lr_mult: 4
    decay_mult: 1
  }
  param {
    lr_mult: 8
    decay_mult: 0
  }
  convolution_param {
    num_output: 128
    pad: 3
    kernel_size: 7
    weight_filler {
      type: "gaussian"
      std: 0.01
    }
    bias_filler {
      type: "constant"
    }
    dilation: 1
  }
}
layer {
  name: "Mrelu1_3_stage4_2"
  type: "ReLU"
  bottom: "Mconv2_stage4"
  top: "Mconv2_stage4"
}
layer {
  name: "Mconv3_stage4"
  type: "Convolution"
  bottom: "Mconv2_stage4"
  top: "Mconv3_stage4"
  param {
    lr_mult: 4
    decay_mult: 1
  }
  param {
    lr_mult: 8
    decay_mult: 0
  }
  convolution_param {
    num_output: 128
    pad: 3
    kernel_size: 7
    weight_filler {
      type: "gaussian"
      std: 0.01
    }
    bias_filler {
      type: "constant"
    }
    dilation: 1
  }
}
layer {
  name: "Mrelu1_4_stage4_3"
  type: "ReLU"
  bottom: "Mconv3_stage4"
  top: "Mconv3_stage4"
}
layer {
  name: "Mconv4_stage4"
  type: "Convolution"
  bottom: "Mconv3_stage4"
  top: "Mconv4_stage4"
  param {
    lr_mult: 4
    decay_mult: 1
  }
  param {
    lr_mult: 8
    decay_mult: 0
  }
  convolution_param {
    num_output: 128
    pad: 3
    kernel_size: 7
    weight_filler {
      type: "gaussian"
      std: 0.01
    }
    bias_filler {
      type: "constant"
    }
    dilation: 1
  }
}
layer {
  name: "Mrelu1_5_stage4_4"
  type: "ReLU"
  bottom: "Mconv4_stage4"
  top: "Mconv4_stage4"
}
layer {
  name: "Mconv5_stage4"
  type: "Convolution"
  bottom: "Mconv4_stage4"
  top: "Mconv5_stage4"
  param {
    lr_mult: 4
    decay_mult: 1
  }
  param {
    lr_mult: 8
    decay_mult: 0
  }
  convolution_param {
    num_output: 128
    pad: 3
    kernel_size: 7
    weight_filler {
      type: "gaussian"
      std: 0.01
    }
    bias_filler {
      type: "constant"
    }
    dilation: 1
  }
}
layer {
  name: "Mrelu1_6_stage4_5"
  type: "ReLU"
  bottom: "Mconv5_stage4"
  top: "Mconv5_stage4"
}
layer {
  name: "Mconv6_stage4"
  type: "Convolution"
  bottom: "Mconv5_stage4"
  top: "Mconv6_stage4"
  param {
    lr_mult: 4
    decay_mult: 1
  }
  param {
    lr_mult: 8
    decay_mult: 0
  }
  convolution_param {
    num_output: 128
    pad: 0
    kernel_size: 1
    weight_filler {
      type: "gaussian"
      std: 0.01
    }
    bias_filler {
      type: "constant"
    }
    dilation: 1
  }
}
layer {
  name: "Mrelu1_7_stage4_6"
  type: "ReLU"
  bottom: "Mconv6_stage4"
  top: "Mconv6_stage4"
}
layer {
  name: "Mconv7_stage4"
  type: "Convolution"
  bottom: "Mconv6_stage4"
  top: "Mconv7_stage4"
  param {
    lr_mult: 4
    decay_mult: 1
  }
  param {
    lr_mult: 8
    decay_mult: 0
  }
  convolution_param {
    num_output: 22
    pad: 0
    kernel_size: 1
    weight_filler {
      type: "gaussian"
      std: 0.01
    }
    bias_filler {
      type: "constant"
    }
    dilation: 1
  }
}
layer {
  name: "concat_stage5"
  type: "Concat"
  bottom: "Mconv7_stage4"
  bottom: "conv5_3_CPM"
  top: "concat_stage5"
  concat_param {
    axis: 1
  }
}
layer {
  name: "Mconv1_stage5"
  type: "Convolution"
  bottom: "concat_stage5"
  top: "Mconv1_stage5"
  param {
    lr_mult: 4
    decay_mult: 1
  }
  param {
    lr_mult: 8
    decay_mult: 0
  }
  convolution_param {
    num_output: 128
    pad: 3
    kernel_size: 7
    weight_filler {
      type: "gaussian"
      std: 0.01
    }
    bias_filler {
      type: "constant"
    }
    dilation: 1
  }
}
layer {
  name: "Mrelu1_2_stage5_1"
  type: "ReLU"
  bottom: "Mconv1_stage5"
  top: "Mconv1_stage5"
}
layer {
  name: "Mconv2_stage5"
  type: "Convolution"
  bottom: "Mconv1_stage5"
  top: "Mconv2_stage5"
  param {
    lr_mult: 4
    decay_mult: 1
  }
  param {
    lr_mult: 8
    decay_mult: 0
  }
  convolution_param {
    num_output: 128
    pad: 3
    kernel_size: 7
    weight_filler {
      type: "gaussian"
      std: 0.01
    }
    bias_filler {
      type: "constant"
    }
    dilation: 1
  }
}
layer {
  name: "Mrelu1_3_stage5_2"
  type: "ReLU"
  bottom: "Mconv2_stage5"
  top: "Mconv2_stage5"
}
layer {
  name: "Mconv3_stage5"
  type: "Convolution"
  bottom: "Mconv2_stage5"
  top: "Mconv3_stage5"
  param {
    lr_mult: 4
    decay_mult: 1
  }
  param {
    lr_mult: 8
    decay_mult: 0
  }
  convolution_param {
    num_output: 128
    pad: 3
    kernel_size: 7
    weight_filler {
      type: "gaussian"
      std: 0.01
    }
    bias_filler {
      type: "constant"
    }
    dilation: 1
  }
}
layer {
  name: "Mrelu1_4_stage5_3"
  type: "ReLU"
  bottom: "Mconv3_stage5"
  top: "Mconv3_stage5"
}
layer {
  name: "Mconv4_stage5"
  type: "Convolution"
  bottom: "Mconv3_stage5"
  top: "Mconv4_stage5"
  param {
    lr_mult: 4
    decay_mult: 1
  }
  param {
    lr_mult: 8
    decay_mult: 0
  }
  convolution_param {
    num_output: 128
    pad: 3
    kernel_size: 7
    weight_filler {
      type: "gaussian"
      std: 0.01
    }
    bias_filler {
      type: "constant"
    }
    dilation: 1
  }
}
layer {
  name: "Mrelu1_5_stage5_4"
  type: "ReLU"
  bottom: "Mconv4_stage5"
  top: "Mconv4_stage5"
}
layer {
  name: "Mconv5_stage5"
  type: "Convolution"
  bottom: "Mconv4_stage5"
  top: "Mconv5_stage5"
  param {
    lr_mult: 4
    decay_mult: 1
  }
  param {
    lr_mult: 8
    decay_mult: 0
  }
  convolution_param {
    num_output: 128
    pad: 3
    kernel_size: 7
    weight_filler {
      type: "gaussian"
      std: 0.01
    }
    bias_filler {
      type: "constant"
    }
    dilation: 1
  }
}
layer {
  name: "Mrelu1_6_stage5_5"
  type: "ReLU"
  bottom: "Mconv5_stage5"
  top: "Mconv5_stage5"
}
layer {
  name: "Mconv6_stage5"
  type: "Convolution"
  bottom: "Mconv5_stage5"
  top: "Mconv6_stage5"
  param {
    lr_mult: 4
    decay_mult: 1
  }
  param {
    lr_mult: 8
    decay_mult: 0
  }
  convolution_param {
    num_output: 128
    pad: 0
    kernel_size: 1
    weight_filler {
      type: "gaussian"
      std: 0.01
    }
    bias_filler {
      type: "constant"
    }
    dilation: 1
  }
}
layer {
  name: "Mrelu1_7_stage5_6"
  type: "ReLU"
  bottom: "Mconv6_stage5"
  top: "Mconv6_stage5"
}
layer {
  name: "Mconv7_stage5"
  type: "Convolution"
  bottom: "Mconv6_stage5"
  top: "Mconv7_stage5"
  param {
    lr_mult: 4
    decay_mult: 1
  }
  param {
    lr_mult: 8
    decay_mult: 0
  }
  convolution_param {
    num_output: 22
    pad: 0
    kernel_size: 1
    weight_filler {
      type: "gaussian"
      std: 0.01
    }
    bias_filler {
      type: "constant"
    }
    dilation: 1
  }
}
layer {
  name: "concat_stage6"
  type: "Concat"
  bottom: "Mconv7_stage5"
  bottom: "conv5_3_CPM"
  top: "concat_stage6"
  concat_param {
    axis: 1
  }
}
layer {
  name: "Mconv1_stage6"
  type: "Convolution"
  bottom: "concat_stage6"
  top: "Mconv1_stage6"
  param {
    lr_mult: 4
    decay_mult: 1
  }
  param {
    lr_mult: 8
    decay_mult: 0
  }
  convolution_param {
    num_output: 128
    pad: 3
    kernel_size: 7
    weight_filler {
      type: "gaussian"
      std: 0.01
    }
    bias_filler {
      type: "constant"
    }
    dilation: 1
  }
}
layer {
  name: "Mrelu1_2_stage6_1"
  type: "ReLU"
  bottom: "Mconv1_stage6"
  top: "Mconv1_stage6"
}
layer {
  name: "Mconv2_stage6"
  type: "Convolution"
  bottom: "Mconv1_stage6"
  top: "Mconv2_stage6"
  param {
    lr_mult: 4
    decay_mult: 1
  }
  param {
    lr_mult: 8
    decay_mult: 0
  }
  convolution_param {
    num_output: 128
    pad: 3
    kernel_size: 7
    weight_filler {
      type: "gaussian"
      std: 0.01
    }
    bias_filler {
      type: "constant"
    }
    dilation: 1
  }
}
layer {
  name: "Mrelu1_3_stage6_2"
  type: "ReLU"
  bottom: "Mconv2_stage6"
  top: "Mconv2_stage6"
}
layer {
  name: "Mconv3_stage6"
  type: "Convolution"
  bottom: "Mconv2_stage6"
  top: "Mconv3_stage6"
  param {
    lr_mult: 4
    decay_mult: 1
  }
  param {
    lr_mult: 8
    decay_mult: 0
  }
  convolution_param {
    num_output: 128
    pad: 3
    kernel_size: 7
    weight_filler {
      type: "gaussian"
      std: 0.01
    }
    bias_filler {
      type: "constant"
    }
    dilation: 1
  }
}
layer {
  name: "Mrelu1_4_stage6_3"
  type: "ReLU"
  bottom: "Mconv3_stage6"
  top: "Mconv3_stage6"
}
layer {
  name: "Mconv4_stage6"
  type: "Convolution"
  bottom: "Mconv3_stage6"
  top: "Mconv4_stage6"
  param {
    lr_mult: 4
    decay_mult: 1
  }
  param {
    lr_mult: 8
    decay_mult: 0
  }
  convolution_param {
    num_output: 128
    pad: 3
    kernel_size: 7
    weight_filler {
      type: "gaussian"
      std: 0.01
    }
    bias_filler {
      type: "constant"
    }
    dilation: 1
  }
}
layer {
  name: "Mrelu1_5_stage6_4"
  type: "ReLU"
  bottom: "Mconv4_stage6"
  top: "Mconv4_stage6"
}
layer {
  name: "Mconv5_stage6"
  type: "Convolution"
  bottom: "Mconv4_stage6"
  top: "Mconv5_stage6"
  param {
    lr_mult: 4
    decay_mult: 1
  }
  param {
    lr_mult: 8
    decay_mult: 0
  }
  convolution_param {
    num_output: 128
    pad: 3
    kernel_size: 7
    weight_filler {
      type: "gaussian"
      std: 0.01
    }
    bias_filler {
      type: "constant"
    }
    dilation: 1
  }
}
layer {
  name: "Mrelu1_6_stage6_5"
  type: "ReLU"
  bottom: "Mconv5_stage6"
  top: "Mconv5_stage6"
}
layer {
  name: "Mconv6_stage6"
  type: "Convolution"
  bottom: "Mconv5_stage6"
  top: "Mconv6_stage6"
  param {
    lr_mult: 4
    decay_mult: 1
  }
  param {
    lr_mult: 8
    decay_mult: 0
  }
  convolution_param {
    num_output: 128
    pad: 0
    kernel_size: 1
    weight_filler {
      type: "gaussian"
      std: 0.01
    }
    bias_filler {
      type: "constant"
    }
    dilation: 1
  }
}
layer {
  name: "Mrelu1_7_stage6_6"
  type: "ReLU"
  bottom: "Mconv6_stage6"
  top: "Mconv6_stage6"
}
layer {
  name: "Mconv7_stage6"
  type: "Convolution"
  bottom: "Mconv6_stage6"
  top: "net_output"
  param {
    lr_mult: 4
    decay_mult: 1
  }
  param {
    lr_mult: 8
    decay_mult: 0
  }
  convolution_param {
    num_output: 22
    pad: 0
    kernel_size: 1
    weight_filler {
      type: "gaussian"
      std: 0.01
    }
    bias_filler {
      type: "constant"
    }
    dilation: 1
  }
}
I0923 17:44:30.717382 2164736 layer_factory.hpp:77] Creating layer input
I0923 17:44:30.717386 2164736 net.cpp:86] Creating Layer input
I0923 17:44:30.717388 2164736 net.cpp:382] input -> image
I0923 17:44:30.717401 2164736 net.cpp:124] Setting up input
I0923 17:44:30.717402 2164736 net.cpp:131] Top shape: 1 3 1 1 (3)
I0923 17:44:30.717404 2164736 net.cpp:139] Memory required for data: 12
I0923 17:44:30.717406 2164736 layer_factory.hpp:77] Creating layer conv1_1
I0923 17:44:30.717408 2164736 net.cpp:86] Creating Layer conv1_1
I0923 17:44:30.717409 2164736 net.cpp:408] conv1_1 <- image
I0923 17:44:30.717411 2164736 net.cpp:382] conv1_1 -> conv1_1
I0923 17:44:30.725426 2164736 net.cpp:124] Setting up conv1_1
I0923 17:44:30.725430 2164736 net.cpp:131] Top shape: 1 64 1 1 (64)
I0923 17:44:30.725432 2164736 net.cpp:139] Memory required for data: 268
I0923 17:44:30.725435 2164736 layer_factory.hpp:77] Creating layer relu1_1
I0923 17:44:30.725438 2164736 net.cpp:86] Creating Layer relu1_1
I0923 17:44:30.725440 2164736 net.cpp:408] relu1_1 <- conv1_1
I0923 17:44:30.725441 2164736 net.cpp:369] relu1_1 -> conv1_1 (in-place)
I0923 17:44:30.728763 2164736 net.cpp:124] Setting up relu1_1
I0923 17:44:30.728765 2164736 net.cpp:131] Top shape: 1 64 1 1 (64)
I0923 17:44:30.728767 2164736 net.cpp:139] Memory required for data: 524
I0923 17:44:30.728768 2164736 layer_factory.hpp:77] Creating layer conv1_2
I0923 17:44:30.728771 2164736 net.cpp:86] Creating Layer conv1_2
I0923 17:44:30.728772 2164736 net.cpp:408] conv1_2 <- conv1_1
I0923 17:44:30.728775 2164736 net.cpp:382] conv1_2 -> conv1_2
I0923 17:44:30.737048 2164736 net.cpp:124] Setting up conv1_2
I0923 17:44:30.737051 2164736 net.cpp:131] Top shape: 1 64 1 1 (64)
I0923 17:44:30.737053 2164736 net.cpp:139] Memory required for data: 780
I0923 17:44:30.737056 2164736 layer_factory.hpp:77] Creating layer relu1_2
I0923 17:44:30.737058 2164736 net.cpp:86] Creating Layer relu1_2
I0923 17:44:30.737061 2164736 net.cpp:408] relu1_2 <- conv1_2
I0923 17:44:30.737061 2164736 net.cpp:369] relu1_2 -> conv1_2 (in-place)
I0923 17:44:30.739874 2164736 net.cpp:124] Setting up relu1_2
I0923 17:44:30.739877 2164736 net.cpp:131] Top shape: 1 64 1 1 (64)
I0923 17:44:30.739878 2164736 net.cpp:139] Memory required for data: 1036
I0923 17:44:30.739879 2164736 layer_factory.hpp:77] Creating layer pool1_stage1
I0923 17:44:30.739882 2164736 net.cpp:86] Creating Layer pool1_stage1
I0923 17:44:30.739883 2164736 net.cpp:408] pool1_stage1 <- conv1_2
I0923 17:44:30.739885 2164736 net.cpp:382] pool1_stage1 -> pool1_stage1
I0923 17:44:30.739895 2164736 net.cpp:124] Setting up pool1_stage1
I0923 17:44:30.739897 2164736 net.cpp:131] Top shape: 1 64 1 1 (64)
I0923 17:44:30.739897 2164736 net.cpp:139] Memory required for data: 1292
I0923 17:44:30.739898 2164736 layer_factory.hpp:77] Creating layer conv2_1
I0923 17:44:30.739902 2164736 net.cpp:86] Creating Layer conv2_1
I0923 17:44:30.739902 2164736 net.cpp:408] conv2_1 <- pool1_stage1
I0923 17:44:30.739903 2164736 net.cpp:382] conv2_1 -> conv2_1
I0923 17:44:30.747964 2164736 net.cpp:124] Setting up conv2_1
I0923 17:44:30.747968 2164736 net.cpp:131] Top shape: 1 128 1 1 (128)
I0923 17:44:30.747970 2164736 net.cpp:139] Memory required for data: 1804
I0923 17:44:30.747973 2164736 layer_factory.hpp:77] Creating layer relu2_1
I0923 17:44:30.747975 2164736 net.cpp:86] Creating Layer relu2_1
I0923 17:44:30.747977 2164736 net.cpp:408] relu2_1 <- conv2_1
I0923 17:44:30.747978 2164736 net.cpp:369] relu2_1 -> conv2_1 (in-place)
I0923 17:44:30.750361 2164736 net.cpp:124] Setting up relu2_1
I0923 17:44:30.750363 2164736 net.cpp:131] Top shape: 1 128 1 1 (128)
I0923 17:44:30.750365 2164736 net.cpp:139] Memory required for data: 2316
I0923 17:44:30.750366 2164736 layer_factory.hpp:77] Creating layer conv2_2
I0923 17:44:30.750370 2164736 net.cpp:86] Creating Layer conv2_2
I0923 17:44:30.750370 2164736 net.cpp:408] conv2_2 <- conv2_1
I0923 17:44:30.750372 2164736 net.cpp:382] conv2_2 -> conv2_2
I0923 17:44:30.759080 2164736 net.cpp:124] Setting up conv2_2
I0923 17:44:30.759083 2164736 net.cpp:131] Top shape: 1 128 1 1 (128)
I0923 17:44:30.759085 2164736 net.cpp:139] Memory required for data: 2828
I0923 17:44:30.759087 2164736 layer_factory.hpp:77] Creating layer relu2_2
I0923 17:44:30.759090 2164736 net.cpp:86] Creating Layer relu2_2
I0923 17:44:30.759091 2164736 net.cpp:408] relu2_2 <- conv2_2
I0923 17:44:30.759092 2164736 net.cpp:369] relu2_2 -> conv2_2 (in-place)
I0923 17:44:30.761656 2164736 net.cpp:124] Setting up relu2_2
I0923 17:44:30.761658 2164736 net.cpp:131] Top shape: 1 128 1 1 (128)
I0923 17:44:30.761660 2164736 net.cpp:139] Memory required for data: 3340
I0923 17:44:30.761662 2164736 layer_factory.hpp:77] Creating layer pool2_stage1
I0923 17:44:30.761663 2164736 net.cpp:86] Creating Layer pool2_stage1
I0923 17:44:30.761664 2164736 net.cpp:408] pool2_stage1 <- conv2_2
I0923 17:44:30.761665 2164736 net.cpp:382] pool2_stage1 -> pool2_stage1
I0923 17:44:30.761675 2164736 net.cpp:124] Setting up pool2_stage1
I0923 17:44:30.761677 2164736 net.cpp:131] Top shape: 1 128 1 1 (128)
I0923 17:44:30.761677 2164736 net.cpp:139] Memory required for data: 3852
I0923 17:44:30.761678 2164736 layer_factory.hpp:77] Creating layer conv3_1
I0923 17:44:30.761680 2164736 net.cpp:86] Creating Layer conv3_1
I0923 17:44:30.761682 2164736 net.cpp:408] conv3_1 <- pool2_stage1
I0923 17:44:30.761683 2164736 net.cpp:382] conv3_1 -> conv3_1
I0923 17:44:30.771027 2164736 net.cpp:124] Setting up conv3_1
I0923 17:44:30.771032 2164736 net.cpp:131] Top shape: 1 256 1 1 (256)
I0923 17:44:30.771034 2164736 net.cpp:139] Memory required for data: 4876
I0923 17:44:30.771037 2164736 layer_factory.hpp:77] Creating layer relu3_1
I0923 17:44:30.771040 2164736 net.cpp:86] Creating Layer relu3_1
I0923 17:44:30.771041 2164736 net.cpp:408] relu3_1 <- conv3_1
I0923 17:44:30.771044 2164736 net.cpp:369] relu3_1 -> conv3_1 (in-place)
I0923 17:44:30.774701 2164736 net.cpp:124] Setting up relu3_1
I0923 17:44:30.774704 2164736 net.cpp:131] Top shape: 1 256 1 1 (256)
I0923 17:44:30.774706 2164736 net.cpp:139] Memory required for data: 5900
I0923 17:44:30.774708 2164736 layer_factory.hpp:77] Creating layer conv3_2
I0923 17:44:30.774711 2164736 net.cpp:86] Creating Layer conv3_2
I0923 17:44:30.774712 2164736 net.cpp:408] conv3_2 <- conv3_1
I0923 17:44:30.774714 2164736 net.cpp:382] conv3_2 -> conv3_2
I0923 17:44:30.784698 2164736 net.cpp:124] Setting up conv3_2
I0923 17:44:30.784703 2164736 net.cpp:131] Top shape: 1 256 1 1 (256)
I0923 17:44:30.784704 2164736 net.cpp:139] Memory required for data: 6924
I0923 17:44:30.784706 2164736 layer_factory.hpp:77] Creating layer relu3_2
I0923 17:44:30.784709 2164736 net.cpp:86] Creating Layer relu3_2
I0923 17:44:30.784710 2164736 net.cpp:408] relu3_2 <- conv3_2
I0923 17:44:30.784713 2164736 net.cpp:369] relu3_2 -> conv3_2 (in-place)
I0923 17:44:30.787153 2164736 net.cpp:124] Setting up relu3_2
I0923 17:44:30.787155 2164736 net.cpp:131] Top shape: 1 256 1 1 (256)
I0923 17:44:30.787156 2164736 net.cpp:139] Memory required for data: 7948
I0923 17:44:30.787158 2164736 layer_factory.hpp:77] Creating layer conv3_3
I0923 17:44:30.787161 2164736 net.cpp:86] Creating Layer conv3_3
I0923 17:44:30.787163 2164736 net.cpp:408] conv3_3 <- conv3_2
I0923 17:44:30.787164 2164736 net.cpp:382] conv3_3 -> conv3_3
I0923 17:44:30.796965 2164736 net.cpp:124] Setting up conv3_3
I0923 17:44:30.796969 2164736 net.cpp:131] Top shape: 1 256 1 1 (256)
I0923 17:44:30.796972 2164736 net.cpp:139] Memory required for data: 8972
I0923 17:44:30.796973 2164736 layer_factory.hpp:77] Creating layer relu3_3
I0923 17:44:30.796976 2164736 net.cpp:86] Creating Layer relu3_3
I0923 17:44:30.796977 2164736 net.cpp:408] relu3_3 <- conv3_3
I0923 17:44:30.796979 2164736 net.cpp:369] relu3_3 -> conv3_3 (in-place)
I0923 17:44:30.799480 2164736 net.cpp:124] Setting up relu3_3
I0923 17:44:30.799484 2164736 net.cpp:131] Top shape: 1 256 1 1 (256)
I0923 17:44:30.799484 2164736 net.cpp:139] Memory required for data: 9996
I0923 17:44:30.799485 2164736 layer_factory.hpp:77] Creating layer conv3_4
I0923 17:44:30.799489 2164736 net.cpp:86] Creating Layer conv3_4
I0923 17:44:30.799490 2164736 net.cpp:408] conv3_4 <- conv3_3
I0923 17:44:30.799492 2164736 net.cpp:382] conv3_4 -> conv3_4
I0923 17:44:30.809369 2164736 net.cpp:124] Setting up conv3_4
I0923 17:44:30.809373 2164736 net.cpp:131] Top shape: 1 256 1 1 (256)
I0923 17:44:30.809376 2164736 net.cpp:139] Memory required for data: 11020
I0923 17:44:30.809377 2164736 layer_factory.hpp:77] Creating layer relu3_4
I0923 17:44:30.809379 2164736 net.cpp:86] Creating Layer relu3_4
I0923 17:44:30.809381 2164736 net.cpp:408] relu3_4 <- conv3_4
I0923 17:44:30.809382 2164736 net.cpp:369] relu3_4 -> conv3_4 (in-place)
I0923 17:44:30.811795 2164736 net.cpp:124] Setting up relu3_4
I0923 17:44:30.811797 2164736 net.cpp:131] Top shape: 1 256 1 1 (256)
I0923 17:44:30.811800 2164736 net.cpp:139] Memory required for data: 12044
I0923 17:44:30.811800 2164736 layer_factory.hpp:77] Creating layer pool3_stage1
I0923 17:44:30.811802 2164736 net.cpp:86] Creating Layer pool3_stage1
I0923 17:44:30.811803 2164736 net.cpp:408] pool3_stage1 <- conv3_4
I0923 17:44:30.811805 2164736 net.cpp:382] pool3_stage1 -> pool3_stage1
I0923 17:44:30.811815 2164736 net.cpp:124] Setting up pool3_stage1
I0923 17:44:30.811816 2164736 net.cpp:131] Top shape: 1 256 1 1 (256)
I0923 17:44:30.811817 2164736 net.cpp:139] Memory required for data: 13068
I0923 17:44:30.811818 2164736 layer_factory.hpp:77] Creating layer conv4_1
I0923 17:44:30.811821 2164736 net.cpp:86] Creating Layer conv4_1
I0923 17:44:30.811822 2164736 net.cpp:408] conv4_1 <- pool3_stage1
I0923 17:44:30.811825 2164736 net.cpp:382] conv4_1 -> conv4_1
I0923 17:44:30.823568 2164736 net.cpp:124] Setting up conv4_1
I0923 17:44:30.823573 2164736 net.cpp:131] Top shape: 1 512 1 1 (512)
I0923 17:44:30.823575 2164736 net.cpp:139] Memory required for data: 15116
I0923 17:44:30.823578 2164736 layer_factory.hpp:77] Creating layer relu4_1
I0923 17:44:30.823581 2164736 net.cpp:86] Creating Layer relu4_1
I0923 17:44:30.823583 2164736 net.cpp:408] relu4_1 <- conv4_1
I0923 17:44:30.823585 2164736 net.cpp:369] relu4_1 -> conv4_1 (in-place)
I0923 17:44:30.826017 2164736 net.cpp:124] Setting up relu4_1
I0923 17:44:30.826020 2164736 net.cpp:131] Top shape: 1 512 1 1 (512)
I0923 17:44:30.826021 2164736 net.cpp:139] Memory required for data: 17164
I0923 17:44:30.826022 2164736 layer_factory.hpp:77] Creating layer conv4_2
I0923 17:44:30.826026 2164736 net.cpp:86] Creating Layer conv4_2
I0923 17:44:30.826027 2164736 net.cpp:408] conv4_2 <- conv4_1
I0923 17:44:30.826030 2164736 net.cpp:382] conv4_2 -> conv4_2
I0923 17:44:30.842154 2164736 net.cpp:124] Setting up conv4_2
I0923 17:44:30.842159 2164736 net.cpp:131] Top shape: 1 512 1 1 (512)
I0923 17:44:30.842160 2164736 net.cpp:139] Memory required for data: 19212
I0923 17:44:30.842163 2164736 layer_factory.hpp:77] Creating layer relu4_2
I0923 17:44:30.842166 2164736 net.cpp:86] Creating Layer relu4_2
I0923 17:44:30.842167 2164736 net.cpp:408] relu4_2 <- conv4_2
I0923 17:44:30.842170 2164736 net.cpp:369] relu4_2 -> conv4_2 (in-place)
I0923 17:44:30.844704 2164736 net.cpp:124] Setting up relu4_2
I0923 17:44:30.844707 2164736 net.cpp:131] Top shape: 1 512 1 1 (512)
I0923 17:44:30.844708 2164736 net.cpp:139] Memory required for data: 21260
I0923 17:44:30.844709 2164736 layer_factory.hpp:77] Creating layer conv4_3
I0923 17:44:30.844713 2164736 net.cpp:86] Creating Layer conv4_3
I0923 17:44:30.844714 2164736 net.cpp:408] conv4_3 <- conv4_2
I0923 17:44:30.844717 2164736 net.cpp:382] conv4_3 -> conv4_3
I0923 17:44:30.861251 2164736 net.cpp:124] Setting up conv4_3
I0923 17:44:30.861255 2164736 net.cpp:131] Top shape: 1 512 1 1 (512)
I0923 17:44:30.861258 2164736 net.cpp:139] Memory required for data: 23308
I0923 17:44:30.861260 2164736 layer_factory.hpp:77] Creating layer relu4_3
I0923 17:44:30.861263 2164736 net.cpp:86] Creating Layer relu4_3
I0923 17:44:30.861264 2164736 net.cpp:408] relu4_3 <- conv4_3
I0923 17:44:30.861265 2164736 net.cpp:369] relu4_3 -> conv4_3 (in-place)
I0923 17:44:30.863711 2164736 net.cpp:124] Setting up relu4_3
I0923 17:44:30.863713 2164736 net.cpp:131] Top shape: 1 512 1 1 (512)
I0923 17:44:30.863715 2164736 net.cpp:139] Memory required for data: 25356
I0923 17:44:30.863716 2164736 layer_factory.hpp:77] Creating layer conv4_4
I0923 17:44:30.863719 2164736 net.cpp:86] Creating Layer conv4_4
I0923 17:44:30.863720 2164736 net.cpp:408] conv4_4 <- conv4_3
I0923 17:44:30.863722 2164736 net.cpp:382] conv4_4 -> conv4_4
I0923 17:44:30.880689 2164736 net.cpp:124] Setting up conv4_4
I0923 17:44:30.880693 2164736 net.cpp:131] Top shape: 1 512 1 1 (512)
I0923 17:44:30.880695 2164736 net.cpp:139] Memory required for data: 27404
I0923 17:44:30.880697 2164736 layer_factory.hpp:77] Creating layer relu4_4
I0923 17:44:30.880700 2164736 net.cpp:86] Creating Layer relu4_4
I0923 17:44:30.880702 2164736 net.cpp:408] relu4_4 <- conv4_4
I0923 17:44:30.880703 2164736 net.cpp:369] relu4_4 -> conv4_4 (in-place)
I0923 17:44:30.883129 2164736 net.cpp:124] Setting up relu4_4
I0923 17:44:30.883132 2164736 net.cpp:131] Top shape: 1 512 1 1 (512)
I0923 17:44:30.883134 2164736 net.cpp:139] Memory required for data: 29452
I0923 17:44:30.883136 2164736 layer_factory.hpp:77] Creating layer conv5_1
I0923 17:44:30.883138 2164736 net.cpp:86] Creating Layer conv5_1
I0923 17:44:30.883139 2164736 net.cpp:408] conv5_1 <- conv4_4
I0923 17:44:30.883141 2164736 net.cpp:382] conv5_1 -> conv5_1
I0923 17:44:30.898916 2164736 net.cpp:124] Setting up conv5_1
I0923 17:44:30.898922 2164736 net.cpp:131] Top shape: 1 512 1 1 (512)
I0923 17:44:30.898924 2164736 net.cpp:139] Memory required for data: 31500
I0923 17:44:30.898926 2164736 layer_factory.hpp:77] Creating layer relu5_1
I0923 17:44:30.898928 2164736 net.cpp:86] Creating Layer relu5_1
I0923 17:44:30.898931 2164736 net.cpp:408] relu5_1 <- conv5_1
I0923 17:44:30.898931 2164736 net.cpp:369] relu5_1 -> conv5_1 (in-place)
I0923 17:44:30.901360 2164736 net.cpp:124] Setting up relu5_1
I0923 17:44:30.901363 2164736 net.cpp:131] Top shape: 1 512 1 1 (512)
I0923 17:44:30.901364 2164736 net.cpp:139] Memory required for data: 33548
I0923 17:44:30.901365 2164736 layer_factory.hpp:77] Creating layer conv5_2
I0923 17:44:30.901369 2164736 net.cpp:86] Creating Layer conv5_2
I0923 17:44:30.901371 2164736 net.cpp:408] conv5_2 <- conv5_1
I0923 17:44:30.901372 2164736 net.cpp:382] conv5_2 -> conv5_2
I0923 17:44:30.917183 2164736 net.cpp:124] Setting up conv5_2
I0923 17:44:30.917188 2164736 net.cpp:131] Top shape: 1 512 1 1 (512)
I0923 17:44:30.917191 2164736 net.cpp:139] Memory required for data: 35596
I0923 17:44:30.917192 2164736 layer_factory.hpp:77] Creating layer relu5_2
I0923 17:44:30.917196 2164736 net.cpp:86] Creating Layer relu5_2
I0923 17:44:30.917196 2164736 net.cpp:408] relu5_2 <- conv5_2
I0923 17:44:30.917198 2164736 net.cpp:369] relu5_2 -> conv5_2 (in-place)
I0923 17:44:30.919586 2164736 net.cpp:124] Setting up relu5_2
I0923 17:44:30.919590 2164736 net.cpp:131] Top shape: 1 512 1 1 (512)
I0923 17:44:30.919591 2164736 net.cpp:139] Memory required for data: 37644
I0923 17:44:30.919592 2164736 layer_factory.hpp:77] Creating layer conv5_3_CPM
I0923 17:44:30.919597 2164736 net.cpp:86] Creating Layer conv5_3_CPM
I0923 17:44:30.919598 2164736 net.cpp:408] conv5_3_CPM <- conv5_2
I0923 17:44:30.919600 2164736 net.cpp:382] conv5_3_CPM -> conv5_3_CPM
I0923 17:44:30.930263 2164736 net.cpp:124] Setting up conv5_3_CPM
I0923 17:44:30.930269 2164736 net.cpp:131] Top shape: 1 128 1 1 (128)
I0923 17:44:30.930270 2164736 net.cpp:139] Memory required for data: 38156
I0923 17:44:30.930272 2164736 layer_factory.hpp:77] Creating layer relu5_4_stage1_3
I0923 17:44:30.930275 2164736 net.cpp:86] Creating Layer relu5_4_stage1_3
I0923 17:44:30.930276 2164736 net.cpp:408] relu5_4_stage1_3 <- conv5_3_CPM
I0923 17:44:30.930279 2164736 net.cpp:369] relu5_4_stage1_3 -> conv5_3_CPM (in-place)
I0923 17:44:30.932708 2164736 net.cpp:124] Setting up relu5_4_stage1_3
I0923 17:44:30.932710 2164736 net.cpp:131] Top shape: 1 128 1 1 (128)
I0923 17:44:30.932711 2164736 net.cpp:139] Memory required for data: 38668
I0923 17:44:30.932713 2164736 layer_factory.hpp:77] Creating layer conv5_3_CPM_relu5_4_stage1_3_0_split
I0923 17:44:30.932716 2164736 net.cpp:86] Creating Layer conv5_3_CPM_relu5_4_stage1_3_0_split
I0923 17:44:30.932717 2164736 net.cpp:408] conv5_3_CPM_relu5_4_stage1_3_0_split <- conv5_3_CPM
I0923 17:44:30.932719 2164736 net.cpp:382] conv5_3_CPM_relu5_4_stage1_3_0_split -> conv5_3_CPM_relu5_4_stage1_3_0_split_0
I0923 17:44:30.932722 2164736 net.cpp:382] conv5_3_CPM_relu5_4_stage1_3_0_split -> conv5_3_CPM_relu5_4_stage1_3_0_split_1
I0923 17:44:30.932724 2164736 net.cpp:382] conv5_3_CPM_relu5_4_stage1_3_0_split -> conv5_3_CPM_relu5_4_stage1_3_0_split_2
I0923 17:44:30.932726 2164736 net.cpp:382] conv5_3_CPM_relu5_4_stage1_3_0_split -> conv5_3_CPM_relu5_4_stage1_3_0_split_3
I0923 17:44:30.932727 2164736 net.cpp:382] conv5_3_CPM_relu5_4_stage1_3_0_split -> conv5_3_CPM_relu5_4_stage1_3_0_split_4
I0923 17:44:30.932729 2164736 net.cpp:382] conv5_3_CPM_relu5_4_stage1_3_0_split -> conv5_3_CPM_relu5_4_stage1_3_0_split_5
I0923 17:44:30.932751 2164736 net.cpp:124] Setting up conv5_3_CPM_relu5_4_stage1_3_0_split
I0923 17:44:30.932752 2164736 net.cpp:131] Top shape: 1 128 1 1 (128)
I0923 17:44:30.932754 2164736 net.cpp:131] Top shape: 1 128 1 1 (128)
I0923 17:44:30.932755 2164736 net.cpp:131] Top shape: 1 128 1 1 (128)
I0923 17:44:30.932756 2164736 net.cpp:131] Top shape: 1 128 1 1 (128)
I0923 17:44:30.932757 2164736 net.cpp:131] Top shape: 1 128 1 1 (128)
I0923 17:44:30.932758 2164736 net.cpp:131] Top shape: 1 128 1 1 (128)
I0923 17:44:30.932760 2164736 net.cpp:139] Memory required for data: 41740
I0923 17:44:30.932760 2164736 layer_factory.hpp:77] Creating layer conv6_1_CPM
I0923 17:44:30.932763 2164736 net.cpp:86] Creating Layer conv6_1_CPM
I0923 17:44:30.932765 2164736 net.cpp:408] conv6_1_CPM <- conv5_3_CPM_relu5_4_stage1_3_0_split_0
I0923 17:44:30.932767 2164736 net.cpp:382] conv6_1_CPM -> conv6_1_CPM
I0923 17:44:30.941412 2164736 net.cpp:124] Setting up conv6_1_CPM
I0923 17:44:30.941417 2164736 net.cpp:131] Top shape: 1 512 1 1 (512)
I0923 17:44:30.941419 2164736 net.cpp:139] Memory required for data: 43788
I0923 17:44:30.941421 2164736 layer_factory.hpp:77] Creating layer relu6_4_stage1_1
I0923 17:44:30.941424 2164736 net.cpp:86] Creating Layer relu6_4_stage1_1
I0923 17:44:30.941426 2164736 net.cpp:408] relu6_4_stage1_1 <- conv6_1_CPM
I0923 17:44:30.941428 2164736 net.cpp:369] relu6_4_stage1_1 -> conv6_1_CPM (in-place)
I0923 17:44:30.943867 2164736 net.cpp:124] Setting up relu6_4_stage1_1
I0923 17:44:30.943871 2164736 net.cpp:131] Top shape: 1 512 1 1 (512)
I0923 17:44:30.943872 2164736 net.cpp:139] Memory required for data: 45836
I0923 17:44:30.943873 2164736 layer_factory.hpp:77] Creating layer conv6_2_CPM
I0923 17:44:30.943877 2164736 net.cpp:86] Creating Layer conv6_2_CPM
I0923 17:44:30.943878 2164736 net.cpp:408] conv6_2_CPM <- conv6_1_CPM
I0923 17:44:30.943881 2164736 net.cpp:382] conv6_2_CPM -> conv6_2_CPM
I0923 17:44:30.951829 2164736 net.cpp:124] Setting up conv6_2_CPM
I0923 17:44:30.951834 2164736 net.cpp:131] Top shape: 1 22 1 1 (22)
I0923 17:44:30.951836 2164736 net.cpp:139] Memory required for data: 45924
I0923 17:44:30.951840 2164736 layer_factory.hpp:77] Creating layer concat_stage2
I0923 17:44:30.951843 2164736 net.cpp:86] Creating Layer concat_stage2
I0923 17:44:30.951844 2164736 net.cpp:408] concat_stage2 <- conv6_2_CPM
I0923 17:44:30.951846 2164736 net.cpp:408] concat_stage2 <- conv5_3_CPM_relu5_4_stage1_3_0_split_1
I0923 17:44:30.951848 2164736 net.cpp:382] concat_stage2 -> concat_stage2
I0923 17:44:30.951857 2164736 net.cpp:124] Setting up concat_stage2
I0923 17:44:30.951858 2164736 net.cpp:131] Top shape: 1 150 1 1 (150)
I0923 17:44:30.951859 2164736 net.cpp:139] Memory required for data: 46524
I0923 17:44:30.951860 2164736 layer_factory.hpp:77] Creating layer Mconv1_stage2
I0923 17:44:30.951864 2164736 net.cpp:86] Creating Layer Mconv1_stage2
I0923 17:44:30.951864 2164736 net.cpp:408] Mconv1_stage2 <- concat_stage2
I0923 17:44:30.951866 2164736 net.cpp:382] Mconv1_stage2 -> Mconv1_stage2
I0923 17:44:30.964921 2164736 net.cpp:124] Setting up Mconv1_stage2
I0923 17:44:30.964926 2164736 net.cpp:131] Top shape: 1 128 1 1 (128)
I0923 17:44:30.964928 2164736 net.cpp:139] Memory required for data: 47036
I0923 17:44:30.964931 2164736 layer_factory.hpp:77] Creating layer Mrelu1_2_stage2_1
I0923 17:44:30.964933 2164736 net.cpp:86] Creating Layer Mrelu1_2_stage2_1
I0923 17:44:30.964936 2164736 net.cpp:408] Mrelu1_2_stage2_1 <- Mconv1_stage2
I0923 17:44:30.964937 2164736 net.cpp:369] Mrelu1_2_stage2_1 -> Mconv1_stage2 (in-place)
I0923 17:44:30.967384 2164736 net.cpp:124] Setting up Mrelu1_2_stage2_1
I0923 17:44:30.967388 2164736 net.cpp:131] Top shape: 1 128 1 1 (128)
I0923 17:44:30.967389 2164736 net.cpp:139] Memory required for data: 47548
I0923 17:44:30.967391 2164736 layer_factory.hpp:77] Creating layer Mconv2_stage2
I0923 17:44:30.967394 2164736 net.cpp:86] Creating Layer Mconv2_stage2
I0923 17:44:30.967396 2164736 net.cpp:408] Mconv2_stage2 <- Mconv1_stage2
I0923 17:44:30.967397 2164736 net.cpp:382] Mconv2_stage2 -> Mconv2_stage2
I0923 17:44:30.980373 2164736 net.cpp:124] Setting up Mconv2_stage2
I0923 17:44:30.980378 2164736 net.cpp:131] Top shape: 1 128 1 1 (128)
I0923 17:44:30.980381 2164736 net.cpp:139] Memory required for data: 48060
I0923 17:44:30.980382 2164736 layer_factory.hpp:77] Creating layer Mrelu1_3_stage2_2
I0923 17:44:30.980386 2164736 net.cpp:86] Creating Layer Mrelu1_3_stage2_2
I0923 17:44:30.980386 2164736 net.cpp:408] Mrelu1_3_stage2_2 <- Mconv2_stage2
I0923 17:44:30.980388 2164736 net.cpp:369] Mrelu1_3_stage2_2 -> Mconv2_stage2 (in-place)
I0923 17:44:30.982834 2164736 net.cpp:124] Setting up Mrelu1_3_stage2_2
I0923 17:44:30.982838 2164736 net.cpp:131] Top shape: 1 128 1 1 (128)
I0923 17:44:30.982839 2164736 net.cpp:139] Memory required for data: 48572
I0923 17:44:30.982841 2164736 layer_factory.hpp:77] Creating layer Mconv3_stage2
I0923 17:44:30.982844 2164736 net.cpp:86] Creating Layer Mconv3_stage2
I0923 17:44:30.982846 2164736 net.cpp:408] Mconv3_stage2 <- Mconv2_stage2
I0923 17:44:30.982847 2164736 net.cpp:382] Mconv3_stage2 -> Mconv3_stage2
I0923 17:44:30.994398 2164736 net.cpp:124] Setting up Mconv3_stage2
I0923 17:44:30.994403 2164736 net.cpp:131] Top shape: 1 128 1 1 (128)
I0923 17:44:30.994405 2164736 net.cpp:139] Memory required for data: 49084
I0923 17:44:30.994407 2164736 layer_factory.hpp:77] Creating layer Mrelu1_4_stage2_3
I0923 17:44:30.994410 2164736 net.cpp:86] Creating Layer Mrelu1_4_stage2_3
I0923 17:44:30.994411 2164736 net.cpp:408] Mrelu1_4_stage2_3 <- Mconv3_stage2
I0923 17:44:30.994413 2164736 net.cpp:369] Mrelu1_4_stage2_3 -> Mconv3_stage2 (in-place)
I0923 17:44:30.996898 2164736 net.cpp:124] Setting up Mrelu1_4_stage2_3
I0923 17:44:30.996901 2164736 net.cpp:131] Top shape: 1 128 1 1 (128)
I0923 17:44:30.996903 2164736 net.cpp:139] Memory required for data: 49596
I0923 17:44:30.996904 2164736 layer_factory.hpp:77] Creating layer Mconv4_stage2
I0923 17:44:30.996908 2164736 net.cpp:86] Creating Layer Mconv4_stage2
I0923 17:44:30.996909 2164736 net.cpp:408] Mconv4_stage2 <- Mconv3_stage2
I0923 17:44:30.996912 2164736 net.cpp:382] Mconv4_stage2 -> Mconv4_stage2
I0923 17:44:31.008615 2164736 net.cpp:124] Setting up Mconv4_stage2
I0923 17:44:31.008620 2164736 net.cpp:131] Top shape: 1 128 1 1 (128)
I0923 17:44:31.008622 2164736 net.cpp:139] Memory required for data: 50108
I0923 17:44:31.008625 2164736 layer_factory.hpp:77] Creating layer Mrelu1_5_stage2_4
I0923 17:44:31.008627 2164736 net.cpp:86] Creating Layer Mrelu1_5_stage2_4
I0923 17:44:31.008630 2164736 net.cpp:408] Mrelu1_5_stage2_4 <- Mconv4_stage2
I0923 17:44:31.008631 2164736 net.cpp:369] Mrelu1_5_stage2_4 -> Mconv4_stage2 (in-place)
I0923 17:44:31.011019 2164736 net.cpp:124] Setting up Mrelu1_5_stage2_4
I0923 17:44:31.011022 2164736 net.cpp:131] Top shape: 1 128 1 1 (128)
I0923 17:44:31.011024 2164736 net.cpp:139] Memory required for data: 50620
I0923 17:44:31.011025 2164736 layer_factory.hpp:77] Creating layer Mconv5_stage2
I0923 17:44:31.011029 2164736 net.cpp:86] Creating Layer Mconv5_stage2
I0923 17:44:31.011031 2164736 net.cpp:408] Mconv5_stage2 <- Mconv4_stage2
I0923 17:44:31.011034 2164736 net.cpp:382] Mconv5_stage2 -> Mconv5_stage2
I0923 17:44:31.022750 2164736 net.cpp:124] Setting up Mconv5_stage2
I0923 17:44:31.022756 2164736 net.cpp:131] Top shape: 1 128 1 1 (128)
I0923 17:44:31.022758 2164736 net.cpp:139] Memory required for data: 51132
I0923 17:44:31.022760 2164736 layer_factory.hpp:77] Creating layer Mrelu1_6_stage2_5
I0923 17:44:31.022763 2164736 net.cpp:86] Creating Layer Mrelu1_6_stage2_5
I0923 17:44:31.022763 2164736 net.cpp:408] Mrelu1_6_stage2_5 <- Mconv5_stage2
I0923 17:44:31.022765 2164736 net.cpp:369] Mrelu1_6_stage2_5 -> Mconv5_stage2 (in-place)
I0923 17:44:31.025193 2164736 net.cpp:124] Setting up Mrelu1_6_stage2_5
I0923 17:44:31.025195 2164736 net.cpp:131] Top shape: 1 128 1 1 (128)
I0923 17:44:31.025197 2164736 net.cpp:139] Memory required for data: 51644
I0923 17:44:31.025198 2164736 layer_factory.hpp:77] Creating layer Mconv6_stage2
I0923 17:44:31.025202 2164736 net.cpp:86] Creating Layer Mconv6_stage2
I0923 17:44:31.025202 2164736 net.cpp:408] Mconv6_stage2 <- Mconv5_stage2
I0923 17:44:31.025204 2164736 net.cpp:382] Mconv6_stage2 -> Mconv6_stage2
I0923 17:44:31.033384 2164736 net.cpp:124] Setting up Mconv6_stage2
I0923 17:44:31.033389 2164736 net.cpp:131] Top shape: 1 128 1 1 (128)
I0923 17:44:31.033391 2164736 net.cpp:139] Memory required for data: 52156
I0923 17:44:31.033393 2164736 layer_factory.hpp:77] Creating layer Mrelu1_7_stage2_6
I0923 17:44:31.033396 2164736 net.cpp:86] Creating Layer Mrelu1_7_stage2_6
I0923 17:44:31.033397 2164736 net.cpp:408] Mrelu1_7_stage2_6 <- Mconv6_stage2
I0923 17:44:31.033399 2164736 net.cpp:369] Mrelu1_7_stage2_6 -> Mconv6_stage2 (in-place)
I0923 17:44:31.036255 2164736 net.cpp:124] Setting up Mrelu1_7_stage2_6
I0923 17:44:31.036259 2164736 net.cpp:131] Top shape: 1 128 1 1 (128)
I0923 17:44:31.036262 2164736 net.cpp:139] Memory required for data: 52668
I0923 17:44:31.036262 2164736 layer_factory.hpp:77] Creating layer Mconv7_stage2
I0923 17:44:31.036265 2164736 net.cpp:86] Creating Layer Mconv7_stage2
I0923 17:44:31.036267 2164736 net.cpp:408] Mconv7_stage2 <- Mconv6_stage2
I0923 17:44:31.036269 2164736 net.cpp:382] Mconv7_stage2 -> Mconv7_stage2
I0923 17:44:31.044154 2164736 net.cpp:124] Setting up Mconv7_stage2
I0923 17:44:31.044158 2164736 net.cpp:131] Top shape: 1 22 1 1 (22)
I0923 17:44:31.044160 2164736 net.cpp:139] Memory required for data: 52756
I0923 17:44:31.044162 2164736 layer_factory.hpp:77] Creating layer concat_stage3
I0923 17:44:31.044165 2164736 net.cpp:86] Creating Layer concat_stage3
I0923 17:44:31.044167 2164736 net.cpp:408] concat_stage3 <- Mconv7_stage2
I0923 17:44:31.044168 2164736 net.cpp:408] concat_stage3 <- conv5_3_CPM_relu5_4_stage1_3_0_split_2
I0923 17:44:31.044170 2164736 net.cpp:382] concat_stage3 -> concat_stage3
I0923 17:44:31.044180 2164736 net.cpp:124] Setting up concat_stage3
I0923 17:44:31.044181 2164736 net.cpp:131] Top shape: 1 150 1 1 (150)
I0923 17:44:31.044183 2164736 net.cpp:139] Memory required for data: 53356
I0923 17:44:31.044184 2164736 layer_factory.hpp:77] Creating layer Mconv1_stage3
I0923 17:44:31.044188 2164736 net.cpp:86] Creating Layer Mconv1_stage3
I0923 17:44:31.044188 2164736 net.cpp:408] Mconv1_stage3 <- concat_stage3
I0923 17:44:31.044190 2164736 net.cpp:382] Mconv1_stage3 -> Mconv1_stage3
I0923 17:44:31.057045 2164736 net.cpp:124] Setting up Mconv1_stage3
I0923 17:44:31.057050 2164736 net.cpp:131] Top shape: 1 128 1 1 (128)
I0923 17:44:31.057051 2164736 net.cpp:139] Memory required for data: 53868
I0923 17:44:31.057054 2164736 layer_factory.hpp:77] Creating layer Mrelu1_2_stage3_1
I0923 17:44:31.057056 2164736 net.cpp:86] Creating Layer Mrelu1_2_stage3_1
I0923 17:44:31.057058 2164736 net.cpp:408] Mrelu1_2_stage3_1 <- Mconv1_stage3
I0923 17:44:31.057060 2164736 net.cpp:369] Mrelu1_2_stage3_1 -> Mconv1_stage3 (in-place)
I0923 17:44:31.059475 2164736 net.cpp:124] Setting up Mrelu1_2_stage3_1
I0923 17:44:31.059479 2164736 net.cpp:131] Top shape: 1 128 1 1 (128)
I0923 17:44:31.059480 2164736 net.cpp:139] Memory required for data: 54380
I0923 17:44:31.059482 2164736 layer_factory.hpp:77] Creating layer Mconv2_stage3
I0923 17:44:31.059486 2164736 net.cpp:86] Creating Layer Mconv2_stage3
I0923 17:44:31.059487 2164736 net.cpp:408] Mconv2_stage3 <- Mconv1_stage3
I0923 17:44:31.059489 2164736 net.cpp:382] Mconv2_stage3 -> Mconv2_stage3
I0923 17:44:31.070951 2164736 net.cpp:124] Setting up Mconv2_stage3
I0923 17:44:31.070956 2164736 net.cpp:131] Top shape: 1 128 1 1 (128)
I0923 17:44:31.070957 2164736 net.cpp:139] Memory required for data: 54892
I0923 17:44:31.070960 2164736 layer_factory.hpp:77] Creating layer Mrelu1_3_stage3_2
I0923 17:44:31.070962 2164736 net.cpp:86] Creating Layer Mrelu1_3_stage3_2
I0923 17:44:31.070963 2164736 net.cpp:408] Mrelu1_3_stage3_2 <- Mconv2_stage3
I0923 17:44:31.070966 2164736 net.cpp:369] Mrelu1_3_stage3_2 -> Mconv2_stage3 (in-place)
I0923 17:44:31.074653 2164736 net.cpp:124] Setting up Mrelu1_3_stage3_2
I0923 17:44:31.074656 2164736 net.cpp:131] Top shape: 1 128 1 1 (128)
I0923 17:44:31.074658 2164736 net.cpp:139] Memory required for data: 55404
I0923 17:44:31.074659 2164736 layer_factory.hpp:77] Creating layer Mconv3_stage3
I0923 17:44:31.074663 2164736 net.cpp:86] Creating Layer Mconv3_stage3
I0923 17:44:31.074664 2164736 net.cpp:408] Mconv3_stage3 <- Mconv2_stage3
I0923 17:44:31.074666 2164736 net.cpp:382] Mconv3_stage3 -> Mconv3_stage3
I0923 17:44:31.086207 2164736 net.cpp:124] Setting up Mconv3_stage3
I0923 17:44:31.086213 2164736 net.cpp:131] Top shape: 1 128 1 1 (128)
I0923 17:44:31.086215 2164736 net.cpp:139] Memory required for data: 55916
I0923 17:44:31.086217 2164736 layer_factory.hpp:77] Creating layer Mrelu1_4_stage3_3
I0923 17:44:31.086223 2164736 net.cpp:86] Creating Layer Mrelu1_4_stage3_3
I0923 17:44:31.086225 2164736 net.cpp:408] Mrelu1_4_stage3_3 <- Mconv3_stage3
I0923 17:44:31.086226 2164736 net.cpp:369] Mrelu1_4_stage3_3 -> Mconv3_stage3 (in-place)
I0923 17:44:31.088618 2164736 net.cpp:124] Setting up Mrelu1_4_stage3_3
I0923 17:44:31.088621 2164736 net.cpp:131] Top shape: 1 128 1 1 (128)
I0923 17:44:31.088624 2164736 net.cpp:139] Memory required for data: 56428
I0923 17:44:31.088624 2164736 layer_factory.hpp:77] Creating layer Mconv4_stage3
I0923 17:44:31.088629 2164736 net.cpp:86] Creating Layer Mconv4_stage3
I0923 17:44:31.088629 2164736 net.cpp:408] Mconv4_stage3 <- Mconv3_stage3
I0923 17:44:31.088631 2164736 net.cpp:382] Mconv4_stage3 -> Mconv4_stage3
I0923 17:44:31.100749 2164736 net.cpp:124] Setting up Mconv4_stage3
I0923 17:44:31.100754 2164736 net.cpp:131] Top shape: 1 128 1 1 (128)
I0923 17:44:31.100756 2164736 net.cpp:139] Memory required for data: 56940
I0923 17:44:31.100759 2164736 layer_factory.hpp:77] Creating layer Mrelu1_5_stage3_4
I0923 17:44:31.100761 2164736 net.cpp:86] Creating Layer Mrelu1_5_stage3_4
I0923 17:44:31.100762 2164736 net.cpp:408] Mrelu1_5_stage3_4 <- Mconv4_stage3
I0923 17:44:31.100764 2164736 net.cpp:369] Mrelu1_5_stage3_4 -> Mconv4_stage3 (in-place)
I0923 17:44:31.103195 2164736 net.cpp:124] Setting up Mrelu1_5_stage3_4
I0923 17:44:31.103199 2164736 net.cpp:131] Top shape: 1 128 1 1 (128)
I0923 17:44:31.103200 2164736 net.cpp:139] Memory required for data: 57452
I0923 17:44:31.103201 2164736 layer_factory.hpp:77] Creating layer Mconv5_stage3
I0923 17:44:31.103205 2164736 net.cpp:86] Creating Layer Mconv5_stage3
I0923 17:44:31.103206 2164736 net.cpp:408] Mconv5_stage3 <- Mconv4_stage3
I0923 17:44:31.103209 2164736 net.cpp:382] Mconv5_stage3 -> Mconv5_stage3
I0923 17:44:31.114830 2164736 net.cpp:124] Setting up Mconv5_stage3
I0923 17:44:31.114835 2164736 net.cpp:131] Top shape: 1 128 1 1 (128)
I0923 17:44:31.114836 2164736 net.cpp:139] Memory required for data: 57964
I0923 17:44:31.114838 2164736 layer_factory.hpp:77] Creating layer Mrelu1_6_stage3_5
I0923 17:44:31.114841 2164736 net.cpp:86] Creating Layer Mrelu1_6_stage3_5
I0923 17:44:31.114843 2164736 net.cpp:408] Mrelu1_6_stage3_5 <- Mconv5_stage3
I0923 17:44:31.114845 2164736 net.cpp:369] Mrelu1_6_stage3_5 -> Mconv5_stage3 (in-place)
I0923 17:44:31.117275 2164736 net.cpp:124] Setting up Mrelu1_6_stage3_5
I0923 17:44:31.117278 2164736 net.cpp:131] Top shape: 1 128 1 1 (128)
I0923 17:44:31.117280 2164736 net.cpp:139] Memory required for data: 58476
I0923 17:44:31.117281 2164736 layer_factory.hpp:77] Creating layer Mconv6_stage3
I0923 17:44:31.117285 2164736 net.cpp:86] Creating Layer Mconv6_stage3
I0923 17:44:31.117286 2164736 net.cpp:408] Mconv6_stage3 <- Mconv5_stage3
I0923 17:44:31.117288 2164736 net.cpp:382] Mconv6_stage3 -> Mconv6_stage3
I0923 17:44:31.125428 2164736 net.cpp:124] Setting up Mconv6_stage3
I0923 17:44:31.125433 2164736 net.cpp:131] Top shape: 1 128 1 1 (128)
I0923 17:44:31.125435 2164736 net.cpp:139] Memory required for data: 58988
I0923 17:44:31.125437 2164736 layer_factory.hpp:77] Creating layer Mrelu1_7_stage3_6
I0923 17:44:31.125442 2164736 net.cpp:86] Creating Layer Mrelu1_7_stage3_6
I0923 17:44:31.125443 2164736 net.cpp:408] Mrelu1_7_stage3_6 <- Mconv6_stage3
I0923 17:44:31.125445 2164736 net.cpp:369] Mrelu1_7_stage3_6 -> Mconv6_stage3 (in-place)
I0923 17:44:31.128188 2164736 net.cpp:124] Setting up Mrelu1_7_stage3_6
I0923 17:44:31.128192 2164736 net.cpp:131] Top shape: 1 128 1 1 (128)
I0923 17:44:31.128194 2164736 net.cpp:139] Memory required for data: 59500
I0923 17:44:31.128196 2164736 layer_factory.hpp:77] Creating layer Mconv7_stage3
I0923 17:44:31.128201 2164736 net.cpp:86] Creating Layer Mconv7_stage3
I0923 17:44:31.128201 2164736 net.cpp:408] Mconv7_stage3 <- Mconv6_stage3
I0923 17:44:31.128203 2164736 net.cpp:382] Mconv7_stage3 -> Mconv7_stage3
I0923 17:44:31.136230 2164736 net.cpp:124] Setting up Mconv7_stage3
I0923 17:44:31.136235 2164736 net.cpp:131] Top shape: 1 22 1 1 (22)
I0923 17:44:31.136237 2164736 net.cpp:139] Memory required for data: 59588
I0923 17:44:31.136240 2164736 layer_factory.hpp:77] Creating layer concat_stage4
I0923 17:44:31.136242 2164736 net.cpp:86] Creating Layer concat_stage4
I0923 17:44:31.136243 2164736 net.cpp:408] concat_stage4 <- Mconv7_stage3
I0923 17:44:31.136245 2164736 net.cpp:408] concat_stage4 <- conv5_3_CPM_relu5_4_stage1_3_0_split_3
I0923 17:44:31.136247 2164736 net.cpp:382] concat_stage4 -> concat_stage4
I0923 17:44:31.136255 2164736 net.cpp:124] Setting up concat_stage4
I0923 17:44:31.136256 2164736 net.cpp:131] Top shape: 1 150 1 1 (150)
I0923 17:44:31.136258 2164736 net.cpp:139] Memory required for data: 60188
I0923 17:44:31.136260 2164736 layer_factory.hpp:77] Creating layer Mconv1_stage4
I0923 17:44:31.136262 2164736 net.cpp:86] Creating Layer Mconv1_stage4
I0923 17:44:31.136263 2164736 net.cpp:408] Mconv1_stage4 <- concat_stage4
I0923 17:44:31.136265 2164736 net.cpp:382] Mconv1_stage4 -> Mconv1_stage4
I0923 17:44:31.148573 2164736 net.cpp:124] Setting up Mconv1_stage4
I0923 17:44:31.148579 2164736 net.cpp:131] Top shape: 1 128 1 1 (128)
I0923 17:44:31.148581 2164736 net.cpp:139] Memory required for data: 60700
I0923 17:44:31.148584 2164736 layer_factory.hpp:77] Creating layer Mrelu1_2_stage4_1
I0923 17:44:31.148587 2164736 net.cpp:86] Creating Layer Mrelu1_2_stage4_1
I0923 17:44:31.148588 2164736 net.cpp:408] Mrelu1_2_stage4_1 <- Mconv1_stage4
I0923 17:44:31.148591 2164736 net.cpp:369] Mrelu1_2_stage4_1 -> Mconv1_stage4 (in-place)
I0923 17:44:31.151049 2164736 net.cpp:124] Setting up Mrelu1_2_stage4_1
I0923 17:44:31.151053 2164736 net.cpp:131] Top shape: 1 128 1 1 (128)
I0923 17:44:31.151055 2164736 net.cpp:139] Memory required for data: 61212
I0923 17:44:31.151057 2164736 layer_factory.hpp:77] Creating layer Mconv2_stage4
I0923 17:44:31.151060 2164736 net.cpp:86] Creating Layer Mconv2_stage4
I0923 17:44:31.151062 2164736 net.cpp:408] Mconv2_stage4 <- Mconv1_stage4
I0923 17:44:31.151064 2164736 net.cpp:382] Mconv2_stage4 -> Mconv2_stage4
I0923 17:44:31.163254 2164736 net.cpp:124] Setting up Mconv2_stage4
I0923 17:44:31.163259 2164736 net.cpp:131] Top shape: 1 128 1 1 (128)
I0923 17:44:31.163260 2164736 net.cpp:139] Memory required for data: 61724
I0923 17:44:31.163265 2164736 layer_factory.hpp:77] Creating layer Mrelu1_3_stage4_2
I0923 17:44:31.163268 2164736 net.cpp:86] Creating Layer Mrelu1_3_stage4_2
I0923 17:44:31.163269 2164736 net.cpp:408] Mrelu1_3_stage4_2 <- Mconv2_stage4
I0923 17:44:31.163271 2164736 net.cpp:369] Mrelu1_3_stage4_2 -> Mconv2_stage4 (in-place)
I0923 17:44:31.165803 2164736 net.cpp:124] Setting up Mrelu1_3_stage4_2
I0923 17:44:31.165807 2164736 net.cpp:131] Top shape: 1 128 1 1 (128)
I0923 17:44:31.165807 2164736 net.cpp:139] Memory required for data: 62236
I0923 17:44:31.165808 2164736 layer_factory.hpp:77] Creating layer Mconv3_stage4
I0923 17:44:31.165812 2164736 net.cpp:86] Creating Layer Mconv3_stage4
I0923 17:44:31.165813 2164736 net.cpp:408] Mconv3_stage4 <- Mconv2_stage4
I0923 17:44:31.165815 2164736 net.cpp:382] Mconv3_stage4 -> Mconv3_stage4
I0923 17:44:31.179299 2164736 net.cpp:124] Setting up Mconv3_stage4
I0923 17:44:31.179306 2164736 net.cpp:131] Top shape: 1 128 1 1 (128)
I0923 17:44:31.179307 2164736 net.cpp:139] Memory required for data: 62748
I0923 17:44:31.179309 2164736 layer_factory.hpp:77] Creating layer Mrelu1_4_stage4_3
I0923 17:44:31.179312 2164736 net.cpp:86] Creating Layer Mrelu1_4_stage4_3
I0923 17:44:31.179314 2164736 net.cpp:408] Mrelu1_4_stage4_3 <- Mconv3_stage4
I0923 17:44:31.179316 2164736 net.cpp:369] Mrelu1_4_stage4_3 -> Mconv3_stage4 (in-place)
I0923 17:44:31.181890 2164736 net.cpp:124] Setting up Mrelu1_4_stage4_3
I0923 17:44:31.181893 2164736 net.cpp:131] Top shape: 1 128 1 1 (128)
I0923 17:44:31.181895 2164736 net.cpp:139] Memory required for data: 63260
I0923 17:44:31.181896 2164736 layer_factory.hpp:77] Creating layer Mconv4_stage4
I0923 17:44:31.181900 2164736 net.cpp:86] Creating Layer Mconv4_stage4
I0923 17:44:31.181902 2164736 net.cpp:408] Mconv4_stage4 <- Mconv3_stage4
I0923 17:44:31.181905 2164736 net.cpp:382] Mconv4_stage4 -> Mconv4_stage4
I0923 17:44:31.193586 2164736 net.cpp:124] Setting up Mconv4_stage4
I0923 17:44:31.193591 2164736 net.cpp:131] Top shape: 1 128 1 1 (128)
I0923 17:44:31.193593 2164736 net.cpp:139] Memory required for data: 63772
I0923 17:44:31.193595 2164736 layer_factory.hpp:77] Creating layer Mrelu1_5_stage4_4
I0923 17:44:31.193598 2164736 net.cpp:86] Creating Layer Mrelu1_5_stage4_4
I0923 17:44:31.193599 2164736 net.cpp:408] Mrelu1_5_stage4_4 <- Mconv4_stage4
I0923 17:44:31.193601 2164736 net.cpp:369] Mrelu1_5_stage4_4 -> Mconv4_stage4 (in-place)
I0923 17:44:31.196419 2164736 net.cpp:124] Setting up Mrelu1_5_stage4_4
I0923 17:44:31.196421 2164736 net.cpp:131] Top shape: 1 128 1 1 (128)
I0923 17:44:31.196424 2164736 net.cpp:139] Memory required for data: 64284
I0923 17:44:31.196424 2164736 layer_factory.hpp:77] Creating layer Mconv5_stage4
I0923 17:44:31.196429 2164736 net.cpp:86] Creating Layer Mconv5_stage4
I0923 17:44:31.196430 2164736 net.cpp:408] Mconv5_stage4 <- Mconv4_stage4
I0923 17:44:31.196432 2164736 net.cpp:382] Mconv5_stage4 -> Mconv5_stage4
I0923 17:44:31.207547 2164736 net.cpp:124] Setting up Mconv5_stage4
I0923 17:44:31.207552 2164736 net.cpp:131] Top shape: 1 128 1 1 (128)
I0923 17:44:31.207554 2164736 net.cpp:139] Memory required for data: 64796
I0923 17:44:31.207556 2164736 layer_factory.hpp:77] Creating layer Mrelu1_6_stage4_5
I0923 17:44:31.207559 2164736 net.cpp:86] Creating Layer Mrelu1_6_stage4_5
I0923 17:44:31.207561 2164736 net.cpp:408] Mrelu1_6_stage4_5 <- Mconv5_stage4
I0923 17:44:31.207563 2164736 net.cpp:369] Mrelu1_6_stage4_5 -> Mconv5_stage4 (in-place)
I0923 17:44:31.210431 2164736 net.cpp:124] Setting up Mrelu1_6_stage4_5
I0923 17:44:31.210435 2164736 net.cpp:131] Top shape: 1 128 1 1 (128)
I0923 17:44:31.210438 2164736 net.cpp:139] Memory required for data: 65308
I0923 17:44:31.210438 2164736 layer_factory.hpp:77] Creating layer Mconv6_stage4
I0923 17:44:31.210443 2164736 net.cpp:86] Creating Layer Mconv6_stage4
I0923 17:44:31.210445 2164736 net.cpp:408] Mconv6_stage4 <- Mconv5_stage4
I0923 17:44:31.210448 2164736 net.cpp:382] Mconv6_stage4 -> Mconv6_stage4
I0923 17:44:31.218072 2164736 net.cpp:124] Setting up Mconv6_stage4
I0923 17:44:31.218077 2164736 net.cpp:131] Top shape: 1 128 1 1 (128)
I0923 17:44:31.218079 2164736 net.cpp:139] Memory required for data: 65820
I0923 17:44:31.218081 2164736 layer_factory.hpp:77] Creating layer Mrelu1_7_stage4_6
I0923 17:44:31.218083 2164736 net.cpp:86] Creating Layer Mrelu1_7_stage4_6
I0923 17:44:31.218086 2164736 net.cpp:408] Mrelu1_7_stage4_6 <- Mconv6_stage4
I0923 17:44:31.218087 2164736 net.cpp:369] Mrelu1_7_stage4_6 -> Mconv6_stage4 (in-place)
I0923 17:44:31.220924 2164736 net.cpp:124] Setting up Mrelu1_7_stage4_6
I0923 17:44:31.220927 2164736 net.cpp:131] Top shape: 1 128 1 1 (128)
I0923 17:44:31.220929 2164736 net.cpp:139] Memory required for data: 66332
I0923 17:44:31.220932 2164736 layer_factory.hpp:77] Creating layer Mconv7_stage4
I0923 17:44:31.220935 2164736 net.cpp:86] Creating Layer Mconv7_stage4
I0923 17:44:31.220937 2164736 net.cpp:408] Mconv7_stage4 <- Mconv6_stage4
I0923 17:44:31.220938 2164736 net.cpp:382] Mconv7_stage4 -> Mconv7_stage4
I0923 17:44:31.228534 2164736 net.cpp:124] Setting up Mconv7_stage4
I0923 17:44:31.228539 2164736 net.cpp:131] Top shape: 1 22 1 1 (22)
I0923 17:44:31.228541 2164736 net.cpp:139] Memory required for data: 66420
I0923 17:44:31.228543 2164736 layer_factory.hpp:77] Creating layer concat_stage5
I0923 17:44:31.228546 2164736 net.cpp:86] Creating Layer concat_stage5
I0923 17:44:31.228549 2164736 net.cpp:408] concat_stage5 <- Mconv7_stage4
I0923 17:44:31.228550 2164736 net.cpp:408] concat_stage5 <- conv5_3_CPM_relu5_4_stage1_3_0_split_4
I0923 17:44:31.228552 2164736 net.cpp:382] concat_stage5 -> concat_stage5
I0923 17:44:31.228560 2164736 net.cpp:124] Setting up concat_stage5
I0923 17:44:31.228561 2164736 net.cpp:131] Top shape: 1 150 1 1 (150)
I0923 17:44:31.228562 2164736 net.cpp:139] Memory required for data: 67020
I0923 17:44:31.228564 2164736 layer_factory.hpp:77] Creating layer Mconv1_stage5
I0923 17:44:31.228567 2164736 net.cpp:86] Creating Layer Mconv1_stage5
I0923 17:44:31.228569 2164736 net.cpp:408] Mconv1_stage5 <- concat_stage5
I0923 17:44:31.228569 2164736 net.cpp:382] Mconv1_stage5 -> Mconv1_stage5
I0923 17:44:31.241319 2164736 net.cpp:124] Setting up Mconv1_stage5
I0923 17:44:31.241326 2164736 net.cpp:131] Top shape: 1 128 1 1 (128)
I0923 17:44:31.241328 2164736 net.cpp:139] Memory required for data: 67532
I0923 17:44:31.241330 2164736 layer_factory.hpp:77] Creating layer Mrelu1_2_stage5_1
I0923 17:44:31.241334 2164736 net.cpp:86] Creating Layer Mrelu1_2_stage5_1
I0923 17:44:31.241336 2164736 net.cpp:408] Mrelu1_2_stage5_1 <- Mconv1_stage5
I0923 17:44:31.241338 2164736 net.cpp:369] Mrelu1_2_stage5_1 -> Mconv1_stage5 (in-place)
I0923 17:44:31.243723 2164736 net.cpp:124] Setting up Mrelu1_2_stage5_1
I0923 17:44:31.243726 2164736 net.cpp:131] Top shape: 1 128 1 1 (128)
I0923 17:44:31.243728 2164736 net.cpp:139] Memory required for data: 68044
I0923 17:44:31.243729 2164736 layer_factory.hpp:77] Creating layer Mconv2_stage5
I0923 17:44:31.243737 2164736 net.cpp:86] Creating Layer Mconv2_stage5
I0923 17:44:31.243738 2164736 net.cpp:408] Mconv2_stage5 <- Mconv1_stage5
I0923 17:44:31.243741 2164736 net.cpp:382] Mconv2_stage5 -> Mconv2_stage5
I0923 17:44:31.256187 2164736 net.cpp:124] Setting up Mconv2_stage5
I0923 17:44:31.256192 2164736 net.cpp:131] Top shape: 1 128 1 1 (128)
I0923 17:44:31.256194 2164736 net.cpp:139] Memory required for data: 68556
I0923 17:44:31.256196 2164736 layer_factory.hpp:77] Creating layer Mrelu1_3_stage5_2
I0923 17:44:31.256198 2164736 net.cpp:86] Creating Layer Mrelu1_3_stage5_2
I0923 17:44:31.256201 2164736 net.cpp:408] Mrelu1_3_stage5_2 <- Mconv2_stage5
I0923 17:44:31.256202 2164736 net.cpp:369] Mrelu1_3_stage5_2 -> Mconv2_stage5 (in-place)
I0923 17:44:31.259058 2164736 net.cpp:124] Setting up Mrelu1_3_stage5_2
I0923 17:44:31.259063 2164736 net.cpp:131] Top shape: 1 128 1 1 (128)
I0923 17:44:31.259063 2164736 net.cpp:139] Memory required for data: 69068
I0923 17:44:31.259064 2164736 layer_factory.hpp:77] Creating layer Mconv3_stage5
I0923 17:44:31.259068 2164736 net.cpp:86] Creating Layer Mconv3_stage5
I0923 17:44:31.259070 2164736 net.cpp:408] Mconv3_stage5 <- Mconv2_stage5
I0923 17:44:31.259073 2164736 net.cpp:382] Mconv3_stage5 -> Mconv3_stage5
I0923 17:44:31.270251 2164736 net.cpp:124] Setting up Mconv3_stage5
I0923 17:44:31.270255 2164736 net.cpp:131] Top shape: 1 128 1 1 (128)
I0923 17:44:31.270257 2164736 net.cpp:139] Memory required for data: 69580
I0923 17:44:31.270259 2164736 layer_factory.hpp:77] Creating layer Mrelu1_4_stage5_3
I0923 17:44:31.270262 2164736 net.cpp:86] Creating Layer Mrelu1_4_stage5_3
I0923 17:44:31.270262 2164736 net.cpp:408] Mrelu1_4_stage5_3 <- Mconv3_stage5
I0923 17:44:31.270264 2164736 net.cpp:369] Mrelu1_4_stage5_3 -> Mconv3_stage5 (in-place)
I0923 17:44:31.273520 2164736 net.cpp:124] Setting up Mrelu1_4_stage5_3
I0923 17:44:31.273524 2164736 net.cpp:131] Top shape: 1 128 1 1 (128)
I0923 17:44:31.273525 2164736 net.cpp:139] Memory required for data: 70092
I0923 17:44:31.273527 2164736 layer_factory.hpp:77] Creating layer Mconv4_stage5
I0923 17:44:31.273530 2164736 net.cpp:86] Creating Layer Mconv4_stage5
I0923 17:44:31.273532 2164736 net.cpp:408] Mconv4_stage5 <- Mconv3_stage5
I0923 17:44:31.273535 2164736 net.cpp:382] Mconv4_stage5 -> Mconv4_stage5
I0923 17:44:31.285894 2164736 net.cpp:124] Setting up Mconv4_stage5
I0923 17:44:31.285899 2164736 net.cpp:131] Top shape: 1 128 1 1 (128)
I0923 17:44:31.285902 2164736 net.cpp:139] Memory required for data: 70604
I0923 17:44:31.285903 2164736 layer_factory.hpp:77] Creating layer Mrelu1_5_stage5_4
I0923 17:44:31.285905 2164736 net.cpp:86] Creating Layer Mrelu1_5_stage5_4
I0923 17:44:31.285907 2164736 net.cpp:408] Mrelu1_5_stage5_4 <- Mconv4_stage5
I0923 17:44:31.285909 2164736 net.cpp:369] Mrelu1_5_stage5_4 -> Mconv4_stage5 (in-place)
I0923 17:44:31.288833 2164736 net.cpp:124] Setting up Mrelu1_5_stage5_4
I0923 17:44:31.288837 2164736 net.cpp:131] Top shape: 1 128 1 1 (128)
I0923 17:44:31.288838 2164736 net.cpp:139] Memory required for data: 71116
I0923 17:44:31.288839 2164736 layer_factory.hpp:77] Creating layer Mconv5_stage5
I0923 17:44:31.288844 2164736 net.cpp:86] Creating Layer Mconv5_stage5
I0923 17:44:31.288846 2164736 net.cpp:408] Mconv5_stage5 <- Mconv4_stage5
I0923 17:44:31.288847 2164736 net.cpp:382] Mconv5_stage5 -> Mconv5_stage5
I0923 17:44:31.300506 2164736 net.cpp:124] Setting up Mconv5_stage5
I0923 17:44:31.300510 2164736 net.cpp:131] Top shape: 1 128 1 1 (128)
I0923 17:44:31.300513 2164736 net.cpp:139] Memory required for data: 71628
I0923 17:44:31.300515 2164736 layer_factory.hpp:77] Creating layer Mrelu1_6_stage5_5
I0923 17:44:31.300518 2164736 net.cpp:86] Creating Layer Mrelu1_6_stage5_5
I0923 17:44:31.300519 2164736 net.cpp:408] Mrelu1_6_stage5_5 <- Mconv5_stage5
I0923 17:44:31.300520 2164736 net.cpp:369] Mrelu1_6_stage5_5 -> Mconv5_stage5 (in-place)
I0923 17:44:31.303488 2164736 net.cpp:124] Setting up Mrelu1_6_stage5_5
I0923 17:44:31.303491 2164736 net.cpp:131] Top shape: 1 128 1 1 (128)
I0923 17:44:31.303493 2164736 net.cpp:139] Memory required for data: 72140
I0923 17:44:31.303493 2164736 layer_factory.hpp:77] Creating layer Mconv6_stage5
I0923 17:44:31.303498 2164736 net.cpp:86] Creating Layer Mconv6_stage5
I0923 17:44:31.303498 2164736 net.cpp:408] Mconv6_stage5 <- Mconv5_stage5
I0923 17:44:31.303500 2164736 net.cpp:382] Mconv6_stage5 -> Mconv6_stage5
I0923 17:44:31.310968 2164736 net.cpp:124] Setting up Mconv6_stage5
I0923 17:44:31.310973 2164736 net.cpp:131] Top shape: 1 128 1 1 (128)
I0923 17:44:31.310976 2164736 net.cpp:139] Memory required for data: 72652
I0923 17:44:31.310977 2164736 layer_factory.hpp:77] Creating layer Mrelu1_7_stage5_6
I0923 17:44:31.310979 2164736 net.cpp:86] Creating Layer Mrelu1_7_stage5_6
I0923 17:44:31.310981 2164736 net.cpp:408] Mrelu1_7_stage5_6 <- Mconv6_stage5
I0923 17:44:31.310982 2164736 net.cpp:369] Mrelu1_7_stage5_6 -> Mconv6_stage5 (in-place)
I0923 17:44:31.313864 2164736 net.cpp:124] Setting up Mrelu1_7_stage5_6
I0923 17:44:31.313867 2164736 net.cpp:131] Top shape: 1 128 1 1 (128)
I0923 17:44:31.313868 2164736 net.cpp:139] Memory required for data: 73164
I0923 17:44:31.313870 2164736 layer_factory.hpp:77] Creating layer Mconv7_stage5
I0923 17:44:31.313874 2164736 net.cpp:86] Creating Layer Mconv7_stage5
I0923 17:44:31.313874 2164736 net.cpp:408] Mconv7_stage5 <- Mconv6_stage5
I0923 17:44:31.313876 2164736 net.cpp:382] Mconv7_stage5 -> Mconv7_stage5
I0923 17:44:31.321470 2164736 net.cpp:124] Setting up Mconv7_stage5
I0923 17:44:31.321475 2164736 net.cpp:131] Top shape: 1 22 1 1 (22)
I0923 17:44:31.321476 2164736 net.cpp:139] Memory required for data: 73252
I0923 17:44:31.321478 2164736 layer_factory.hpp:77] Creating layer concat_stage6
I0923 17:44:31.321481 2164736 net.cpp:86] Creating Layer concat_stage6
I0923 17:44:31.321482 2164736 net.cpp:408] concat_stage6 <- Mconv7_stage5
I0923 17:44:31.321484 2164736 net.cpp:408] concat_stage6 <- conv5_3_CPM_relu5_4_stage1_3_0_split_5
I0923 17:44:31.321486 2164736 net.cpp:382] concat_stage6 -> concat_stage6
I0923 17:44:31.321494 2164736 net.cpp:124] Setting up concat_stage6
I0923 17:44:31.321496 2164736 net.cpp:131] Top shape: 1 150 1 1 (150)
I0923 17:44:31.321496 2164736 net.cpp:139] Memory required for data: 73852
I0923 17:44:31.321497 2164736 layer_factory.hpp:77] Creating layer Mconv1_stage6
I0923 17:44:31.321501 2164736 net.cpp:86] Creating Layer Mconv1_stage6
I0923 17:44:31.321501 2164736 net.cpp:408] Mconv1_stage6 <- concat_stage6
I0923 17:44:31.321503 2164736 net.cpp:382] Mconv1_stage6 -> Mconv1_stage6
I0923 17:44:31.333534 2164736 net.cpp:124] Setting up Mconv1_stage6
I0923 17:44:31.333539 2164736 net.cpp:131] Top shape: 1 128 1 1 (128)
I0923 17:44:31.333542 2164736 net.cpp:139] Memory required for data: 74364
I0923 17:44:31.333544 2164736 layer_factory.hpp:77] Creating layer Mrelu1_2_stage6_1
I0923 17:44:31.333547 2164736 net.cpp:86] Creating Layer Mrelu1_2_stage6_1
I0923 17:44:31.333549 2164736 net.cpp:408] Mrelu1_2_stage6_1 <- Mconv1_stage6
I0923 17:44:31.333550 2164736 net.cpp:369] Mrelu1_2_stage6_1 -> Mconv1_stage6 (in-place)
I0923 17:44:31.336917 2164736 net.cpp:124] Setting up Mrelu1_2_stage6_1
I0923 17:44:31.336920 2164736 net.cpp:131] Top shape: 1 128 1 1 (128)
I0923 17:44:31.336922 2164736 net.cpp:139] Memory required for data: 74876
I0923 17:44:31.336923 2164736 layer_factory.hpp:77] Creating layer Mconv2_stage6
I0923 17:44:31.336927 2164736 net.cpp:86] Creating Layer Mconv2_stage6
I0923 17:44:31.336928 2164736 net.cpp:408] Mconv2_stage6 <- Mconv1_stage6
I0923 17:44:31.336930 2164736 net.cpp:382] Mconv2_stage6 -> Mconv2_stage6
I0923 17:44:31.347919 2164736 net.cpp:124] Setting up Mconv2_stage6
I0923 17:44:31.347924 2164736 net.cpp:131] Top shape: 1 128 1 1 (128)
I0923 17:44:31.347925 2164736 net.cpp:139] Memory required for data: 75388
I0923 17:44:31.347927 2164736 layer_factory.hpp:77] Creating layer Mrelu1_3_stage6_2
I0923 17:44:31.347930 2164736 net.cpp:86] Creating Layer Mrelu1_3_stage6_2
I0923 17:44:31.347932 2164736 net.cpp:408] Mrelu1_3_stage6_2 <- Mconv2_stage6
I0923 17:44:31.347934 2164736 net.cpp:369] Mrelu1_3_stage6_2 -> Mconv2_stage6 (in-place)
I0923 17:44:31.350930 2164736 net.cpp:124] Setting up Mrelu1_3_stage6_2
I0923 17:44:31.350934 2164736 net.cpp:131] Top shape: 1 128 1 1 (128)
I0923 17:44:31.350935 2164736 net.cpp:139] Memory required for data: 75900
I0923 17:44:31.350936 2164736 layer_factory.hpp:77] Creating layer Mconv3_stage6
I0923 17:44:31.350940 2164736 net.cpp:86] Creating Layer Mconv3_stage6
I0923 17:44:31.350941 2164736 net.cpp:408] Mconv3_stage6 <- Mconv2_stage6
I0923 17:44:31.350943 2164736 net.cpp:382] Mconv3_stage6 -> Mconv3_stage6
I0923 17:44:31.362571 2164736 net.cpp:124] Setting up Mconv3_stage6
I0923 17:44:31.362576 2164736 net.cpp:131] Top shape: 1 128 1 1 (128)
I0923 17:44:31.362577 2164736 net.cpp:139] Memory required for data: 76412
I0923 17:44:31.362579 2164736 layer_factory.hpp:77] Creating layer Mrelu1_4_stage6_3
I0923 17:44:31.362582 2164736 net.cpp:86] Creating Layer Mrelu1_4_stage6_3
I0923 17:44:31.362583 2164736 net.cpp:408] Mrelu1_4_stage6_3 <- Mconv3_stage6
I0923 17:44:31.362586 2164736 net.cpp:369] Mrelu1_4_stage6_3 -> Mconv3_stage6 (in-place)
I0923 17:44:31.366462 2164736 net.cpp:124] Setting up Mrelu1_4_stage6_3
I0923 17:44:31.366467 2164736 net.cpp:131] Top shape: 1 128 1 1 (128)
I0923 17:44:31.366469 2164736 net.cpp:139] Memory required for data: 76924
I0923 17:44:31.366470 2164736 layer_factory.hpp:77] Creating layer Mconv4_stage6
I0923 17:44:31.366475 2164736 net.cpp:86] Creating Layer Mconv4_stage6
I0923 17:44:31.366477 2164736 net.cpp:408] Mconv4_stage6 <- Mconv3_stage6
I0923 17:44:31.366479 2164736 net.cpp:382] Mconv4_stage6 -> Mconv4_stage6
I0923 17:44:31.379588 2164736 net.cpp:124] Setting up Mconv4_stage6
I0923 17:44:31.379593 2164736 net.cpp:131] Top shape: 1 128 1 1 (128)
I0923 17:44:31.379595 2164736 net.cpp:139] Memory required for data: 77436
I0923 17:44:31.379597 2164736 layer_factory.hpp:77] Creating layer Mrelu1_5_stage6_4
I0923 17:44:31.379599 2164736 net.cpp:86] Creating Layer Mrelu1_5_stage6_4
I0923 17:44:31.379601 2164736 net.cpp:408] Mrelu1_5_stage6_4 <- Mconv4_stage6
I0923 17:44:31.379602 2164736 net.cpp:369] Mrelu1_5_stage6_4 -> Mconv4_stage6 (in-place)
I0923 17:44:31.382560 2164736 net.cpp:124] Setting up Mrelu1_5_stage6_4
I0923 17:44:31.382563 2164736 net.cpp:131] Top shape: 1 128 1 1 (128)
I0923 17:44:31.382565 2164736 net.cpp:139] Memory required for data: 77948
I0923 17:44:31.382566 2164736 layer_factory.hpp:77] Creating layer Mconv5_stage6
I0923 17:44:31.382570 2164736 net.cpp:86] Creating Layer Mconv5_stage6
I0923 17:44:31.382571 2164736 net.cpp:408] Mconv5_stage6 <- Mconv4_stage6
I0923 17:44:31.382573 2164736 net.cpp:382] Mconv5_stage6 -> Mconv5_stage6
I0923 17:44:31.394282 2164736 net.cpp:124] Setting up Mconv5_stage6
I0923 17:44:31.394287 2164736 net.cpp:131] Top shape: 1 128 1 1 (128)
I0923 17:44:31.394289 2164736 net.cpp:139] Memory required for data: 78460
I0923 17:44:31.394291 2164736 layer_factory.hpp:77] Creating layer Mrelu1_6_stage6_5
I0923 17:44:31.394294 2164736 net.cpp:86] Creating Layer Mrelu1_6_stage6_5
I0923 17:44:31.394296 2164736 net.cpp:408] Mrelu1_6_stage6_5 <- Mconv5_stage6
I0923 17:44:31.394299 2164736 net.cpp:369] Mrelu1_6_stage6_5 -> Mconv5_stage6 (in-place)
I0923 17:44:31.397317 2164736 net.cpp:124] Setting up Mrelu1_6_stage6_5
I0923 17:44:31.397320 2164736 net.cpp:131] Top shape: 1 128 1 1 (128)
I0923 17:44:31.397322 2164736 net.cpp:139] Memory required for data: 78972
I0923 17:44:31.397323 2164736 layer_factory.hpp:77] Creating layer Mconv6_stage6
I0923 17:44:31.397326 2164736 net.cpp:86] Creating Layer Mconv6_stage6
I0923 17:44:31.397328 2164736 net.cpp:408] Mconv6_stage6 <- Mconv5_stage6
I0923 17:44:31.397330 2164736 net.cpp:382] Mconv6_stage6 -> Mconv6_stage6
I0923 17:44:31.405485 2164736 net.cpp:124] Setting up Mconv6_stage6
I0923 17:44:31.405490 2164736 net.cpp:131] Top shape: 1 128 1 1 (128)
I0923 17:44:31.405493 2164736 net.cpp:139] Memory required for data: 79484
I0923 17:44:31.405494 2164736 layer_factory.hpp:77] Creating layer Mrelu1_7_stage6_6
I0923 17:44:31.405496 2164736 net.cpp:86] Creating Layer Mrelu1_7_stage6_6
I0923 17:44:31.405498 2164736 net.cpp:408] Mrelu1_7_stage6_6 <- Mconv6_stage6
I0923 17:44:31.405499 2164736 net.cpp:369] Mrelu1_7_stage6_6 -> Mconv6_stage6 (in-place)
I0923 17:44:31.407899 2164736 net.cpp:124] Setting up Mrelu1_7_stage6_6
I0923 17:44:31.407902 2164736 net.cpp:131] Top shape: 1 128 1 1 (128)
I0923 17:44:31.407904 2164736 net.cpp:139] Memory required for data: 79996
I0923 17:44:31.407905 2164736 layer_factory.hpp:77] Creating layer Mconv7_stage6
I0923 17:44:31.407908 2164736 net.cpp:86] Creating Layer Mconv7_stage6
I0923 17:44:31.407910 2164736 net.cpp:408] Mconv7_stage6 <- Mconv6_stage6
I0923 17:44:31.407912 2164736 net.cpp:382] Mconv7_stage6 -> net_output
I0923 17:44:31.421818 2164736 net.cpp:124] Setting up Mconv7_stage6
I0923 17:44:31.421823 2164736 net.cpp:131] Top shape: 1 22 1 1 (22)
I0923 17:44:31.421825 2164736 net.cpp:139] Memory required for data: 80084
I0923 17:44:31.421828 2164736 net.cpp:202] Mconv7_stage6 does not need backward computation.
I0923 17:44:31.421828 2164736 net.cpp:202] Mrelu1_7_stage6_6 does not need backward computation.
I0923 17:44:31.421830 2164736 net.cpp:202] Mconv6_stage6 does not need backward computation.
I0923 17:44:31.421831 2164736 net.cpp:202] Mrelu1_6_stage6_5 does not need backward computation.
I0923 17:44:31.421832 2164736 net.cpp:202] Mconv5_stage6 does not need backward computation.
I0923 17:44:31.421833 2164736 net.cpp:202] Mrelu1_5_stage6_4 does not need backward computation.
I0923 17:44:31.421834 2164736 net.cpp:202] Mconv4_stage6 does not need backward computation.
I0923 17:44:31.421836 2164736 net.cpp:202] Mrelu1_4_stage6_3 does not need backward computation.
I0923 17:44:31.421837 2164736 net.cpp:202] Mconv3_stage6 does not need backward computation.
I0923 17:44:31.421838 2164736 net.cpp:202] Mrelu1_3_stage6_2 does not need backward computation.
I0923 17:44:31.421839 2164736 net.cpp:202] Mconv2_stage6 does not need backward computation.
I0923 17:44:31.421841 2164736 net.cpp:202] Mrelu1_2_stage6_1 does not need backward computation.
I0923 17:44:31.421842 2164736 net.cpp:202] Mconv1_stage6 does not need backward computation.
I0923 17:44:31.421844 2164736 net.cpp:202] concat_stage6 does not need backward computation.
I0923 17:44:31.421845 2164736 net.cpp:202] Mconv7_stage5 does not need backward computation.
I0923 17:44:31.421846 2164736 net.cpp:202] Mrelu1_7_stage5_6 does not need backward computation.
I0923 17:44:31.421847 2164736 net.cpp:202] Mconv6_stage5 does not need backward computation.
I0923 17:44:31.421849 2164736 net.cpp:202] Mrelu1_6_stage5_5 does not need backward computation.
I0923 17:44:31.421850 2164736 net.cpp:202] Mconv5_stage5 does not need backward computation.
I0923 17:44:31.421851 2164736 net.cpp:202] Mrelu1_5_stage5_4 does not need backward computation.
I0923 17:44:31.421852 2164736 net.cpp:202] Mconv4_stage5 does not need backward computation.
I0923 17:44:31.421854 2164736 net.cpp:202] Mrelu1_4_stage5_3 does not need backward computation.
I0923 17:44:31.421855 2164736 net.cpp:202] Mconv3_stage5 does not need backward computation.
I0923 17:44:31.421856 2164736 net.cpp:202] Mrelu1_3_stage5_2 does not need backward computation.
I0923 17:44:31.421857 2164736 net.cpp:202] Mconv2_stage5 does not need backward computation.
I0923 17:44:31.421859 2164736 net.cpp:202] Mrelu1_2_stage5_1 does not need backward computation.
I0923 17:44:31.421860 2164736 net.cpp:202] Mconv1_stage5 does not need backward computation.
I0923 17:44:31.421861 2164736 net.cpp:202] concat_stage5 does not need backward computation.
I0923 17:44:31.421864 2164736 net.cpp:202] Mconv7_stage4 does not need backward computation.
I0923 17:44:31.421864 2164736 net.cpp:202] Mrelu1_7_stage4_6 does not need backward computation.
I0923 17:44:31.421866 2164736 net.cpp:202] Mconv6_stage4 does not need backward computation.
I0923 17:44:31.421867 2164736 net.cpp:202] Mrelu1_6_stage4_5 does not need backward computation.
I0923 17:44:31.421868 2164736 net.cpp:202] Mconv5_stage4 does not need backward computation.
I0923 17:44:31.421870 2164736 net.cpp:202] Mrelu1_5_stage4_4 does not need backward computation.
I0923 17:44:31.421871 2164736 net.cpp:202] Mconv4_stage4 does not need backward computation.
I0923 17:44:31.421873 2164736 net.cpp:202] Mrelu1_4_stage4_3 does not need backward computation.
I0923 17:44:31.421875 2164736 net.cpp:202] Mconv3_stage4 does not need backward computation.
I0923 17:44:31.421875 2164736 net.cpp:202] Mrelu1_3_stage4_2 does not need backward computation.
I0923 17:44:31.421877 2164736 net.cpp:202] Mconv2_stage4 does not need backward computation.
I0923 17:44:31.421878 2164736 net.cpp:202] Mrelu1_2_stage4_1 does not need backward computation.
I0923 17:44:31.421880 2164736 net.cpp:202] Mconv1_stage4 does not need backward computation.
I0923 17:44:31.421881 2164736 net.cpp:202] concat_stage4 does not need backward computation.
I0923 17:44:31.421882 2164736 net.cpp:202] Mconv7_stage3 does not need backward computation.
I0923 17:44:31.421885 2164736 net.cpp:202] Mrelu1_7_stage3_6 does not need backward computation.
I0923 17:44:31.421886 2164736 net.cpp:202] Mconv6_stage3 does not need backward computation.
I0923 17:44:31.421887 2164736 net.cpp:202] Mrelu1_6_stage3_5 does not need backward computation.
I0923 17:44:31.421888 2164736 net.cpp:202] Mconv5_stage3 does not need backward computation.
I0923 17:44:31.421890 2164736 net.cpp:202] Mrelu1_5_stage3_4 does not need backward computation.
I0923 17:44:31.421890 2164736 net.cpp:202] Mconv4_stage3 does not need backward computation.
I0923 17:44:31.421891 2164736 net.cpp:202] Mrelu1_4_stage3_3 does not need backward computation.
I0923 17:44:31.421893 2164736 net.cpp:202] Mconv3_stage3 does not need backward computation.
I0923 17:44:31.421895 2164736 net.cpp:202] Mrelu1_3_stage3_2 does not need backward computation.
I0923 17:44:31.421895 2164736 net.cpp:202] Mconv2_stage3 does not need backward computation.
I0923 17:44:31.421896 2164736 net.cpp:202] Mrelu1_2_stage3_1 does not need backward computation.
I0923 17:44:31.421898 2164736 net.cpp:202] Mconv1_stage3 does not need backward computation.
I0923 17:44:31.421900 2164736 net.cpp:202] concat_stage3 does not need backward computation.
I0923 17:44:31.421900 2164736 net.cpp:202] Mconv7_stage2 does not need backward computation.
I0923 17:44:31.421902 2164736 net.cpp:202] Mrelu1_7_stage2_6 does not need backward computation.
I0923 17:44:31.421903 2164736 net.cpp:202] Mconv6_stage2 does not need backward computation.
I0923 17:44:31.421904 2164736 net.cpp:202] Mrelu1_6_stage2_5 does not need backward computation.
I0923 17:44:31.421905 2164736 net.cpp:202] Mconv5_stage2 does not need backward computation.
I0923 17:44:31.421907 2164736 net.cpp:202] Mrelu1_5_stage2_4 does not need backward computation.
I0923 17:44:31.421908 2164736 net.cpp:202] Mconv4_stage2 does not need backward computation.
I0923 17:44:31.421909 2164736 net.cpp:202] Mrelu1_4_stage2_3 does not need backward computation.
I0923 17:44:31.421911 2164736 net.cpp:202] Mconv3_stage2 does not need backward computation.
I0923 17:44:31.421912 2164736 net.cpp:202] Mrelu1_3_stage2_2 does not need backward computation.
I0923 17:44:31.421913 2164736 net.cpp:202] Mconv2_stage2 does not need backward computation.
I0923 17:44:31.421914 2164736 net.cpp:202] Mrelu1_2_stage2_1 does not need backward computation.
I0923 17:44:31.421916 2164736 net.cpp:202] Mconv1_stage2 does not need backward computation.
I0923 17:44:31.421916 2164736 net.cpp:202] concat_stage2 does not need backward computation.
I0923 17:44:31.421918 2164736 net.cpp:202] conv6_2_CPM does not need backward computation.
I0923 17:44:31.421919 2164736 net.cpp:202] relu6_4_stage1_1 does not need backward computation.
I0923 17:44:31.421921 2164736 net.cpp:202] conv6_1_CPM does not need backward computation.
I0923 17:44:31.421922 2164736 net.cpp:202] conv5_3_CPM_relu5_4_stage1_3_0_split does not need backward computation.
I0923 17:44:31.421924 2164736 net.cpp:202] relu5_4_stage1_3 does not need backward computation.
I0923 17:44:31.421926 2164736 net.cpp:202] conv5_3_CPM does not need backward computation.
I0923 17:44:31.421926 2164736 net.cpp:202] relu5_2 does not need backward computation.
I0923 17:44:31.421928 2164736 net.cpp:202] conv5_2 does not need backward computation.
I0923 17:44:31.421929 2164736 net.cpp:202] relu5_1 does not need backward computation.
I0923 17:44:31.421931 2164736 net.cpp:202] conv5_1 does not need backward computation.
I0923 17:44:31.421931 2164736 net.cpp:202] relu4_4 does not need backward computation.
I0923 17:44:31.421933 2164736 net.cpp:202] conv4_4 does not need backward computation.
I0923 17:44:31.421934 2164736 net.cpp:202] relu4_3 does not need backward computation.
I0923 17:44:31.421936 2164736 net.cpp:202] conv4_3 does not need backward computation.
I0923 17:44:31.421937 2164736 net.cpp:202] relu4_2 does not need backward computation.
I0923 17:44:31.421938 2164736 net.cpp:202] conv4_2 does not need backward computation.
I0923 17:44:31.421940 2164736 net.cpp:202] relu4_1 does not need backward computation.
I0923 17:44:31.421941 2164736 net.cpp:202] conv4_1 does not need backward computation.
I0923 17:44:31.421942 2164736 net.cpp:202] pool3_stage1 does not need backward computation.
I0923 17:44:31.421943 2164736 net.cpp:202] relu3_4 does not need backward computation.
I0923 17:44:31.421944 2164736 net.cpp:202] conv3_4 does not need backward computation.
I0923 17:44:31.421947 2164736 net.cpp:202] relu3_3 does not need backward computation.
I0923 17:44:31.421947 2164736 net.cpp:202] conv3_3 does not need backward computation.
I0923 17:44:31.421948 2164736 net.cpp:202] relu3_2 does not need backward computation.
I0923 17:44:31.421949 2164736 net.cpp:202] conv3_2 does not need backward computation.
I0923 17:44:31.421952 2164736 net.cpp:202] relu3_1 does not need backward computation.
I0923 17:44:31.421953 2164736 net.cpp:202] conv3_1 does not need backward computation.
I0923 17:44:31.421955 2164736 net.cpp:202] pool2_stage1 does not need backward computation.
I0923 17:44:31.421957 2164736 net.cpp:202] relu2_2 does not need backward computation.
I0923 17:44:31.421957 2164736 net.cpp:202] conv2_2 does not need backward computation.
I0923 17:44:31.421959 2164736 net.cpp:202] relu2_1 does not need backward computation.
I0923 17:44:31.421960 2164736 net.cpp:202] conv2_1 does not need backward computation.
I0923 17:44:31.421962 2164736 net.cpp:202] pool1_stage1 does not need backward computation.
I0923 17:44:31.421963 2164736 net.cpp:202] relu1_2 does not need backward computation.
I0923 17:44:31.421964 2164736 net.cpp:202] conv1_2 does not need backward computation.
I0923 17:44:31.421965 2164736 net.cpp:202] relu1_1 does not need backward computation.
I0923 17:44:31.421967 2164736 net.cpp:202] conv1_1 does not need backward computation.
I0923 17:44:31.421967 2164736 net.cpp:202] input does not need backward computation.
I0923 17:44:31.421968 2164736 net.cpp:244] This network produces output net_output
I0923 17:44:31.421983 2164736 net.cpp:257] Network initialization done.
I0923 17:44:31.512356 2164736 net.cpp:746] Ignoring source layer data
I0923 17:44:31.512367 2164736 net.cpp:746] Ignoring source layer label_lower
I0923 17:44:31.512368 2164736 net.cpp:746] Ignoring source layer label_lower_label_lower_0_split
I0923 17:44:31.512369 2164736 net.cpp:746] Ignoring source layer label_1st_lower_label_lower_1_split
I0923 17:44:31.512370 2164736 net.cpp:746] Ignoring source layer silence_loss0
I0923 17:44:31.512372 2164736 net.cpp:746] Ignoring source layer image
I0923 17:44:31.516072 2164736 net.cpp:746] Ignoring source layer conv6_2_CPM_conv6_2_CPM_0_split
I0923 17:44:31.516083 2164736 net.cpp:746] Ignoring source layer loss_prod_stage1
I0923 17:44:31.516083 2164736 net.cpp:746] Ignoring source layer loss_stage1
I0923 17:44:31.517100 2164736 net.cpp:746] Ignoring source layer Mconv7_stage2_Mconv7_stage2_0_split
I0923 17:44:31.517105 2164736 net.cpp:746] Ignoring source layer loss_prod_stage2
I0923 17:44:31.517107 2164736 net.cpp:746] Ignoring source layer loss_stage2
I0923 17:44:31.518079 2164736 net.cpp:746] Ignoring source layer Mconv7_stage3_Mconv7_stage3_0_split
I0923 17:44:31.518085 2164736 net.cpp:746] Ignoring source layer loss_prod_stage3
I0923 17:44:31.518085 2164736 net.cpp:746] Ignoring source layer loss_stage3
I0923 17:44:31.519076 2164736 net.cpp:746] Ignoring source layer Mconv7_stage4_Mconv7_stage4_0_split
I0923 17:44:31.519079 2164736 net.cpp:746] Ignoring source layer loss_prod_stage4
I0923 17:44:31.519080 2164736 net.cpp:746] Ignoring source layer loss_stage4
I0923 17:44:31.520051 2164736 net.cpp:746] Ignoring source layer Mconv7_stage5_Mconv7_stage5_0_split
I0923 17:44:31.520054 2164736 net.cpp:746] Ignoring source layer loss_prod_stage5
I0923 17:44:31.520056 2164736 net.cpp:746] Ignoring source layer loss_stage5
I0923 17:44:31.521046 2164736 net.cpp:746] Ignoring source layer loss_prod_stage6
I0923 17:44:31.521049 2164736 net.cpp:746] Ignoring source layer loss_stage6
I0923 17:44:31.521050 2164736 net.cpp:746] Ignoring source layer silence
OpenPose demo successfully finished. Total time: 5.852780 seconds.
[exit=0 timed_out=False duration=6.3s]
2026-09-23 17:44:34,738 INFO    OpenPose normalisation: 100 frames -> body=0 rows, hands=0 rows, face=0 rows
2026-09-23 17:44:34,942 INFO    completed
