2026-09-23 17:57:12,873 INFO    start (status is pending)
2026-09-23 17:57:13,217 INFO    running OpenPose (model=BODY_25, hands=True, face=True, gpu=0)

$ /opt/openpose/build/examples/openpose/openpose.bin --video /data/home/raulagent/miscosas/repos/storytel-pipeline/data/input_videos/pipeline_demo.mp4 --model_folder /opt/openpose/models --write_json /data/home/raulagent/miscosas/repos/storytel-pipeline/data/processed/pipeline_demo/pose/raw --num_gpu 1 --num_gpu_start 0 --display 0 --render_pose 0 --disable_multi_thread --model_pose BODY_25 --hand --face --logtostderr --alsologtostderr
(cwd=/data/home/raulagent/miscosas/repos/storytel-pipeline/data/processed/pipeline_demo)
Starting OpenPose demo...
Configuring OpenPose...
Starting thread(s)...
I0923 17:57:13.494586 2173474 upgrade_proto.cpp:69] Attempting to upgrade input file specified using deprecated input fields: /opt/openpose/models/pose/body_25/pose_deploy.prototxt
I0923 17:57:13.494647 2173474 upgrade_proto.cpp:72] Successfully upgraded file specified using deprecated input fields.
W0923 17:57:13.494649 2173474 upgrade_proto.cpp:74] Note that future Caffe releases will only support input layers and not input fields.
I0923 17:57:13.494860 2173474 net.cpp:53] Initializing net from parameters: 
name: "OpenPose - BODY_25"
state {
  phase: TEST
  level: 0
}
layer {
  name: "input"
  type: "Input"
  top: "image"
  input_param {
    shape {
      dim: 1
      dim: 3
      dim: 16
      dim: 16
    }
  }
}
layer {
  name: "conv1_1"
  type: "Convolution"
  bottom: "image"
  top: "conv1_1"
  convolution_param {
    num_output: 64
    pad: 1
    kernel_size: 3
  }
}
layer {
  name: "relu1_1"
  type: "ReLU"
  bottom: "conv1_1"
  top: "conv1_1"
}
layer {
  name: "conv1_2"
  type: "Convolution"
  bottom: "conv1_1"
  top: "conv1_2"
  convolution_param {
    num_output: 64
    pad: 1
    kernel_size: 3
  }
}
layer {
  name: "relu1_2"
  type: "ReLU"
  bottom: "conv1_2"
  top: "conv1_2"
}
layer {
  name: "pool1_stage1"
  type: "Pooling"
  bottom: "conv1_2"
  top: "pool1_stage1"
  pooling_param {
    pool: MAX
    kernel_size: 2
    stride: 2
  }
}
layer {
  name: "conv2_1"
  type: "Convolution"
  bottom: "pool1_stage1"
  top: "conv2_1"
  convolution_param {
    num_output: 128
    pad: 1
    kernel_size: 3
  }
}
layer {
  name: "relu2_1"
  type: "ReLU"
  bottom: "conv2_1"
  top: "conv2_1"
}
layer {
  name: "conv2_2"
  type: "Convolution"
  bottom: "conv2_1"
  top: "conv2_2"
  convolution_param {
    num_output: 128
    pad: 1
    kernel_size: 3
  }
}
layer {
  name: "relu2_2"
  type: "ReLU"
  bottom: "conv2_2"
  top: "conv2_2"
}
layer {
  name: "pool2_stage1"
  type: "Pooling"
  bottom: "conv2_2"
  top: "pool2_stage1"
  pooling_param {
    pool: MAX
    kernel_size: 2
    stride: 2
  }
}
layer {
  name: "conv3_1"
  type: "Convolution"
  bottom: "pool2_stage1"
  top: "conv3_1"
  convolution_param {
    num_output: 256
    pad: 1
    kernel_size: 3
  }
}
layer {
  name: "relu3_1"
  type: "ReLU"
  bottom: "conv3_1"
  top: "conv3_1"
}
layer {
  name: "conv3_2"
  type: "Convolution"
  bottom: "conv3_1"
  top: "conv3_2"
  convolution_param {
    num_output: 256
    pad: 1
    kernel_size: 3
  }
}
layer {
  name: "relu3_2"
  type: "ReLU"
  bottom: "conv3_2"
  top: "conv3_2"
}
layer {
  name: "conv3_3"
  type: "Convolution"
  bottom: "conv3_2"
  top: "conv3_3"
  convolution_param {
    num_output: 256
    pad: 1
    kernel_size: 3
  }
}
layer {
  name: "relu3_3"
  type: "ReLU"
  bottom: "conv3_3"
  top: "conv3_3"
}
layer {
  name: "conv3_4"
  type: "Convolution"
  bottom: "conv3_3"
  top: "conv3_4"
  convolution_param {
    num_output: 256
    pad: 1
    kernel_size: 3
  }
}
layer {
  name: "relu3_4"
  type: "ReLU"
  bottom: "conv3_4"
  top: "conv3_4"
}
layer {
  name: "pool3_stage1"
  type: "Pooling"
  bottom: "conv3_4"
  top: "pool3_stage1"
  pooling_param {
    pool: MAX
    kernel_size: 2
    stride: 2
  }
}
layer {
  name: "conv4_1"
  type: "Convolution"
  bottom: "pool3_stage1"
  top: "conv4_1"
  convolution_param {
    num_output: 512
    pad: 1
    kernel_size: 3
  }
}
layer {
  name: "relu4_1"
  type: "ReLU"
  bottom: "conv4_1"
  top: "conv4_1"
}
layer {
  name: "conv4_2"
  type: "Convolution"
  bottom: "conv4_1"
  top: "conv4_2"
  convolution_param {
    num_output: 512
    pad: 1
    kernel_size: 3
  }
}
layer {
  name: "prelu4_2"
  type: "PReLU"
  bottom: "conv4_2"
  top: "conv4_2"
}
layer {
  name: "conv4_3_CPM"
  type: "Convolution"
  bottom: "conv4_2"
  top: "conv4_3_CPM"
  convolution_param {
    num_output: 256
    pad: 1
    kernel_size: 3
  }
}
layer {
  name: "prelu4_3_CPM"
  type: "PReLU"
  bottom: "conv4_3_CPM"
  top: "conv4_3_CPM"
}
layer {
  name: "conv4_4_CPM"
  type: "Convolution"
  bottom: "conv4_3_CPM"
  top: "conv4_4_CPM"
  convolution_param {
    num_output: 128
    pad: 1
    kernel_size: 3
  }
}
layer {
  name: "prelu4_4_CPM"
  type: "PReLU"
  bottom: "conv4_4_CPM"
  top: "conv4_4_CPM"
}
layer {
  name: "Mconv1_stage0_L2_0"
  type: "Convolution"
  bottom: "conv4_4_CPM"
  top: "Mconv1_stage0_L2_0"
  convolution_param {
    num_output: 96
    pad: 1
    kernel_size: 3
  }
}
layer {
  name: "Mprelu1_stage0_L2_0"
  type: "PReLU"
  bottom: "Mconv1_stage0_L2_0"
  top: "Mconv1_stage0_L2_0"
}
layer {
  name: "Mconv1_stage0_L2_1"
  type: "Convolution"
  bottom: "Mconv1_stage0_L2_0"
  top: "Mconv1_stage0_L2_1"
  convolution_param {
    num_output: 96
    pad: 1
    kernel_size: 3
  }
}
layer {
  name: "Mprelu1_stage0_L2_1"
  type: "PReLU"
  bottom: "Mconv1_stage0_L2_1"
  top: "Mconv1_stage0_L2_1"
}
layer {
  name: "Mconv1_stage0_L2_2"
  type: "Convolution"
  bottom: "Mconv1_stage0_L2_1"
  top: "Mconv1_stage0_L2_2"
  convolution_param {
    num_output: 96
    pad: 1
    kernel_size: 3
  }
}
layer {
  name: "Mprelu1_stage0_L2_2"
  type: "PReLU"
  bottom: "Mconv1_stage0_L2_2"
  top: "Mconv1_stage0_L2_2"
}
layer {
  name: "Mconv1_stage0_L2_concat"
  type: "Concat"
  bottom: "Mconv1_stage0_L2_0"
  bottom: "Mconv1_stage0_L2_1"
  bottom: "Mconv1_stage0_L2_2"
  top: "Mconv1_stage0_L2_concat"
  concat_param {
    axis: 1
  }
}
layer {
  name: "Mconv2_stage0_L2_0"
  type: "Convolution"
  bottom: "Mconv1_stage0_L2_concat"
  top: "Mconv2_stage0_L2_0"
  convolution_param {
    num_output: 96
    pad: 1
    kernel_size: 3
  }
}
layer {
  name: "Mprelu2_stage0_L2_0"
  type: "PReLU"
  bottom: "Mconv2_stage0_L2_0"
  top: "Mconv2_stage0_L2_0"
}
layer {
  name: "Mconv2_stage0_L2_1"
  type: "Convolution"
  bottom: "Mconv2_stage0_L2_0"
  top: "Mconv2_stage0_L2_1"
  convolution_param {
    num_output: 96
    pad: 1
    kernel_size: 3
  }
}
layer {
  name: "Mprelu2_stage0_L2_1"
  type: "PReLU"
  bottom: "Mconv2_stage0_L2_1"
  top: "Mconv2_stage0_L2_1"
}
layer {
  name: "Mconv2_stage0_L2_2"
  type: "Convolution"
  bottom: "Mconv2_stage0_L2_1"
  top: "Mconv2_stage0_L2_2"
  convolution_param {
    num_output: 96
    pad: 1
    kernel_size: 3
  }
}
layer {
  name: "Mprelu2_stage0_L2_2"
  type: "PReLU"
  bottom: "Mconv2_stage0_L2_2"
  top: "Mconv2_stage0_L2_2"
}
layer {
  name: "Mconv2_stage0_L2_concat"
  type: "Concat"
  bottom: "Mconv2_stage0_L2_0"
  bottom: "Mconv2_stage0_L2_1"
  bottom: "Mconv2_stage0_L2_2"
  top: "Mconv2_stage0_L2_concat"
  concat_param {
    axis: 1
  }
}
layer {
  name: "Mconv3_stage0_L2_0"
  type: "Convolution"
  bottom: "Mconv2_stage0_L2_concat"
  top: "Mconv3_stage0_L2_0"
  convolution_param {
    num_output: 96
    pad: 1
    kernel_size: 3
  }
}
layer {
  name: "Mprelu3_stage0_L2_0"
  type: "PReLU"
  bottom: "Mconv3_stage0_L2_0"
  top: "Mconv3_stage0_L2_0"
}
layer {
  name: "Mconv3_stage0_L2_1"
  type: "Convolution"
  bottom: "Mconv3_stage0_L2_0"
  top: "Mconv3_stage0_L2_1"
  convolution_param {
    num_output: 96
    pad: 1
    kernel_size: 3
  }
}
layer {
  name: "Mprelu3_stage0_L2_1"
  type: "PReLU"
  bottom: "Mconv3_stage0_L2_1"
  top: "Mconv3_stage0_L2_1"
}
layer {
  name: "Mconv3_stage0_L2_2"
  type: "Convolution"
  bottom: "Mconv3_stage0_L2_1"
  top: "Mconv3_stage0_L2_2"
  convolution_param {
    num_output: 96
    pad: 1
    kernel_size: 3
  }
}
layer {
  name: "Mprelu3_stage0_L2_2"
  type: "PReLU"
  bottom: "Mconv3_stage0_L2_2"
  top: "Mconv3_stage0_L2_2"
}
layer {
  name: "Mconv3_stage0_L2_concat"
  type: "Concat"
  bottom: "Mconv3_stage0_L2_0"
  bottom: "Mconv3_stage0_L2_1"
  bottom: "Mconv3_stage0_L2_2"
  top: "Mconv3_stage0_L2_concat"
  concat_param {
    axis: 1
  }
}
layer {
  name: "Mconv4_stage0_L2_0"
  type: "Convolution"
  bottom: "Mconv3_stage0_L2_concat"
  top: "Mconv4_stage0_L2_0"
  convolution_param {
    num_output: 96
    pad: 1
    kernel_size: 3
  }
}
layer {
  name: "Mprelu4_stage0_L2_0"
  type: "PReLU"
  bottom: "Mconv4_stage0_L2_0"
  top: "Mconv4_stage0_L2_0"
}
layer {
  name: "Mconv4_stage0_L2_1"
  type: "Convolution"
  bottom: "Mconv4_stage0_L2_0"
  top: "Mconv4_stage0_L2_1"
  convolution_param {
    num_output: 96
    pad: 1
    kernel_size: 3
  }
}
layer {
  name: "Mprelu4_stage0_L2_1"
  type: "PReLU"
  bottom: "Mconv4_stage0_L2_1"
  top: "Mconv4_stage0_L2_1"
}
layer {
  name: "Mconv4_stage0_L2_2"
  type: "Convolution"
  bottom: "Mconv4_stage0_L2_1"
  top: "Mconv4_stage0_L2_2"
  convolution_param {
    num_output: 96
    pad: 1
    kernel_size: 3
  }
}
layer {
  name: "Mprelu4_stage0_L2_2"
  type: "PReLU"
  bottom: "Mconv4_stage0_L2_2"
  top: "Mconv4_stage0_L2_2"
}
layer {
  name: "Mconv4_stage0_L2_concat"
  type: "Concat"
  bottom: "Mconv4_stage0_L2_0"
  bottom: "Mconv4_stage0_L2_1"
  bottom: "Mconv4_stage0_L2_2"
  top: "Mconv4_stage0_L2_concat"
  concat_param {
    axis: 1
  }
}
layer {
  name: "Mconv5_stage0_L2_0"
  type: "Convolution"
  bottom: "Mconv4_stage0_L2_concat"
  top: "Mconv5_stage0_L2_0"
  convolution_param {
    num_output: 96
    pad: 1
    kernel_size: 3
  }
}
layer {
  name: "Mprelu5_stage0_L2_0"
  type: "PReLU"
  bottom: "Mconv5_stage0_L2_0"
  top: "Mconv5_stage0_L2_0"
}
layer {
  name: "Mconv5_stage0_L2_1"
  type: "Convolution"
  bottom: "Mconv5_stage0_L2_0"
  top: "Mconv5_stage0_L2_1"
  convolution_param {
    num_output: 96
    pad: 1
    kernel_size: 3
  }
}
layer {
  name: "Mprelu5_stage0_L2_1"
  type: "PReLU"
  bottom: "Mconv5_stage0_L2_1"
  top: "Mconv5_stage0_L2_1"
}
layer {
  name: "Mconv5_stage0_L2_2"
  type: "Convolution"
  bottom: "Mconv5_stage0_L2_1"
  top: "Mconv5_stage0_L2_2"
  convolution_param {
    num_output: 96
    pad: 1
    kernel_size: 3
  }
}
layer {
  name: "Mprelu5_stage0_L2_2"
  type: "PReLU"
  bottom: "Mconv5_stage0_L2_2"
  top: "Mconv5_stage0_L2_2"
}
layer {
  name: "Mconv5_stage0_L2_concat"
  type: "Concat"
  bottom: "Mconv5_stage0_L2_0"
  bottom: "Mconv5_stage0_L2_1"
  bottom: "Mconv5_stage0_L2_2"
  top: "Mconv5_stage0_L2_concat"
  concat_param {
    axis: 1
  }
}
layer {
  name: "Mconv6_stage0_L2"
  type: "Convolution"
  bottom: "Mconv5_stage0_L2_concat"
  top: "Mconv6_stage0_L2"
  convolution_param {
    num_output: 256
    pad: 0
    kernel_size: 1
  }
}
layer {
  name: "Mprelu6_stage0_L2"
  type: "PReLU"
  bottom: "Mconv6_stage0_L2"
  top: "Mconv6_stage0_L2"
}
layer {
  name: "Mconv7_stage0_L2"
  type: "Convolution"
  bottom: "Mconv6_stage0_L2"
  top: "Mconv7_stage0_L2"
  convolution_param {
    num_output: 52
    pad: 0
    kernel_size: 1
  }
}
layer {
  name: "concat_stage1_L2"
  type: "Concat"
  bottom: "conv4_4_CPM"
  bottom: "Mconv7_stage0_L2"
  top: "concat_stage1_L2"
  concat_param {
    axis: 1
  }
}
layer {
  name: "Mconv1_stage1_L2_0"
  type: "Convolution"
  bottom: "concat_stage1_L2"
  top: "Mconv1_stage1_L2_0"
  convolution_param {
    num_output: 128
    pad: 1
    kernel_size: 3
  }
}
layer {
  name: "Mprelu1_stage1_L2_0"
  type: "PReLU"
  bottom: "Mconv1_stage1_L2_0"
  top: "Mconv1_stage1_L2_0"
}
layer {
  name: "Mconv1_stage1_L2_1"
  type: "Convolution"
  bottom: "Mconv1_stage1_L2_0"
  top: "Mconv1_stage1_L2_1"
  convolution_param {
    num_output: 128
    pad: 1
    kernel_size: 3
  }
}
layer {
  name: "Mprelu1_stage1_L2_1"
  type: "PReLU"
  bottom: "Mconv1_stage1_L2_1"
  top: "Mconv1_stage1_L2_1"
}
layer {
  name: "Mconv1_stage1_L2_2"
  type: "Convolution"
  bottom: "Mconv1_stage1_L2_1"
  top: "Mconv1_stage1_L2_2"
  convolution_param {
    num_output: 128
    pad: 1
    kernel_size: 3
  }
}
layer {
  name: "Mprelu1_stage1_L2_2"
  type: "PReLU"
  bottom: "Mconv1_stage1_L2_2"
  top: "Mconv1_stage1_L2_2"
}
layer {
  name: "Mconv1_stage1_L2_concat"
  type: "Concat"
  bottom: "Mconv1_stage1_L2_0"
  bottom: "Mconv1_stage1_L2_1"
  bottom: "Mconv1_stage1_L2_2"
  top: "Mconv1_stage1_L2_concat"
  concat_param {
    axis: 1
  }
}
layer {
  name: "Mconv2_stage1_L2_0"
  type: "Convolution"
  bottom: "Mconv1_stage1_L2_concat"
  top: "Mconv2_stage1_L2_0"
  convolution_param {
    num_output: 128
    pad: 1
    kernel_size: 3
  }
}
layer {
  name: "Mprelu2_stage1_L2_0"
  type: "PReLU"
  bottom: "Mconv2_stage1_L2_0"
  top: "Mconv2_stage1_L2_0"
}
layer {
  name: "Mconv2_stage1_L2_1"
  type: "Convolution"
  bottom: "Mconv2_stage1_L2_0"
  top: "Mconv2_stage1_L2_1"
  convolution_param {
    num_output: 128
    pad: 1
    kernel_size: 3
  }
}
layer {
  name: "Mprelu2_stage1_L2_1"
  type: "PReLU"
  bottom: "Mconv2_stage1_L2_1"
  top: "Mconv2_stage1_L2_1"
}
layer {
  name: "Mconv2_stage1_L2_2"
  type: "Convolution"
  bottom: "Mconv2_stage1_L2_1"
  top: "Mconv2_stage1_L2_2"
  convolution_param {
    num_output: 128
    pad: 1
    kernel_size: 3
  }
}
layer {
  name: "Mprelu2_stage1_L2_2"
  type: "PReLU"
  bottom: "Mconv2_stage1_L2_2"
  top: "Mconv2_stage1_L2_2"
}
layer {
  name: "Mconv2_stage1_L2_concat"
  type: "Concat"
  bottom: "Mconv2_stage1_L2_0"
  bottom: "Mconv2_stage1_L2_1"
  bottom: "Mconv2_stage1_L2_2"
  top: "Mconv2_stage1_L2_concat"
  concat_param {
    axis: 1
  }
}
layer {
  name: "Mconv3_stage1_L2_0"
  type: "Convolution"
  bottom: "Mconv2_stage1_L2_concat"
  top: "Mconv3_stage1_L2_0"
  convolution_param {
    num_output: 128
    pad: 1
    kernel_size: 3
  }
}
layer {
  name: "Mprelu3_stage1_L2_0"
  type: "PReLU"
  bottom: "Mconv3_stage1_L2_0"
  top: "Mconv3_stage1_L2_0"
}
layer {
  name: "Mconv3_stage1_L2_1"
  type: "Convolution"
  bottom: "Mconv3_stage1_L2_0"
  top: "Mconv3_stage1_L2_1"
  convolution_param {
    num_output: 128
    pad: 1
    kernel_size: 3
  }
}
layer {
  name: "Mprelu3_stage1_L2_1"
  type: "PReLU"
  bottom: "Mconv3_stage1_L2_1"
  top: "Mconv3_stage1_L2_1"
}
layer {
  name: "Mconv3_stage1_L2_2"
  type: "Convolution"
  bottom: "Mconv3_stage1_L2_1"
  top: "Mconv3_stage1_L2_2"
  convolution_param {
    num_output: 128
    pad: 1
    kernel_size: 3
  }
}
layer {
  name: "Mprelu3_stage1_L2_2"
  type: "PReLU"
  bottom: "Mconv3_stage1_L2_2"
  top: "Mconv3_stage1_L2_2"
}
layer {
  name: "Mconv3_stage1_L2_concat"
  type: "Concat"
  bottom: "Mconv3_stage1_L2_0"
  bottom: "Mconv3_stage1_L2_1"
  bottom: "Mconv3_stage1_L2_2"
  top: "Mconv3_stage1_L2_concat"
  concat_param {
    axis: 1
  }
}
layer {
  name: "Mconv4_stage1_L2_0"
  type: "Convolution"
  bottom: "Mconv3_stage1_L2_concat"
  top: "Mconv4_stage1_L2_0"
  convolution_param {
    num_output: 128
    pad: 1
    kernel_size: 3
  }
}
layer {
  name: "Mprelu4_stage1_L2_0"
  type: "PReLU"
  bottom: "Mconv4_stage1_L2_0"
  top: "Mconv4_stage1_L2_0"
}
layer {
  name: "Mconv4_stage1_L2_1"
  type: "Convolution"
  bottom: "Mconv4_stage1_L2_0"
  top: "Mconv4_stage1_L2_1"
  convolution_param {
    num_output: 128
    pad: 1
    kernel_size: 3
  }
}
layer {
  name: "Mprelu4_stage1_L2_1"
  type: "PReLU"
  bottom: "Mconv4_stage1_L2_1"
  top: "Mconv4_stage1_L2_1"
}
layer {
  name: "Mconv4_stage1_L2_2"
  type: "Convolution"
  bottom: "Mconv4_stage1_L2_1"
  top: "Mconv4_stage1_L2_2"
  convolution_param {
    num_output: 128
    pad: 1
    kernel_size: 3
  }
}
layer {
  name: "Mprelu4_stage1_L2_2"
  type: "PReLU"
  bottom: "Mconv4_stage1_L2_2"
  top: "Mconv4_stage1_L2_2"
}
layer {
  name: "Mconv4_stage1_L2_concat"
  type: "Concat"
  bottom: "Mconv4_stage1_L2_0"
  bottom: "Mconv4_stage1_L2_1"
  bottom: "Mconv4_stage1_L2_2"
  top: "Mconv4_stage1_L2_concat"
  concat_param {
    axis: 1
  }
}
layer {
  name: "Mconv5_stage1_L2_0"
  type: "Convolution"
  bottom: "Mconv4_stage1_L2_concat"
  top: "Mconv5_stage1_L2_0"
  convolution_param {
    num_output: 128
    pad: 1
    kernel_size: 3
  }
}
layer {
  name: "Mprelu5_stage1_L2_0"
  type: "PReLU"
  bottom: "Mconv5_stage1_L2_0"
  top: "Mconv5_stage1_L2_0"
}
layer {
  name: "Mconv5_stage1_L2_1"
  type: "Convolution"
  bottom: "Mconv5_stage1_L2_0"
  top: "Mconv5_stage1_L2_1"
  convolution_param {
    num_output: 128
    pad: 1
    kernel_size: 3
  }
}
layer {
  name: "Mprelu5_stage1_L2_1"
  type: "PReLU"
  bottom: "Mconv5_stage1_L2_1"
  top: "Mconv5_stage1_L2_1"
}
layer {
  name: "Mconv5_stage1_L2_2"
  type: "Convolution"
  bottom: "Mconv5_stage1_L2_1"
  top: "Mconv5_stage1_L2_2"
  convolution_param {
    num_output: 128
    pad: 1
    kernel_size: 3
  }
}
layer {
  name: "Mprelu5_stage1_L2_2"
  type: "PReLU"
  bottom: "Mconv5_stage1_L2_2"
  top: "Mconv5_stage1_L2_2"
}
layer {
  name: "Mconv5_stage1_L2_concat"
  type: "Concat"
  bottom: "Mconv5_stage1_L2_0"
  bottom: "Mconv5_stage1_L2_1"
  bottom: "Mconv5_stage1_L2_2"
  top: "Mconv5_stage1_L2_concat"
  concat_param {
    axis: 1
  }
}
layer {
  name: "Mconv6_stage1_L2"
  type: "Convolution"
  bottom: "Mconv5_stage1_L2_concat"
  top: "Mconv6_stage1_L2"
  convolution_param {
    num_output: 512
    pad: 0
    kernel_size: 1
  }
}
layer {
  name: "Mprelu6_stage1_L2"
  type: "PReLU"
  bottom: "Mconv6_stage1_L2"
  top: "Mconv6_stage1_L2"
}
layer {
  name: "Mconv7_stage1_L2"
  type: "Convolution"
  bottom: "Mconv6_stage1_L2"
  top: "Mconv7_stage1_L2"
  convolution_param {
    num_output: 52
    pad: 0
    kernel_size: 1
  }
}
layer {
  name: "concat_stage2_L2"
  type: "Concat"
  bottom: "conv4_4_CPM"
  bottom: "Mconv7_stage1_L2"
  top: "concat_stage2_L2"
  concat_param {
    axis: 1
  }
}
layer {
  name: "Mconv1_stage2_L2_0"
  type: "Convolution"
  bottom: "concat_stage2_L2"
  top: "Mconv1_stage2_L2_0"
  convolution_param {
    num_output: 128
    pad: 1
    kernel_size: 3
  }
}
layer {
  name: "Mprelu1_stage2_L2_0"
  type: "PReLU"
  bottom: "Mconv1_stage2_L2_0"
  top: "Mconv1_stage2_L2_0"
}
layer {
  name: "Mconv1_stage2_L2_1"
  type: "Convolution"
  bottom: "Mconv1_stage2_L2_0"
  top: "Mconv1_stage2_L2_1"
  convolution_param {
    num_output: 128
    pad: 1
    kernel_size: 3
  }
}
layer {
  name: "Mprelu1_stage2_L2_1"
  type: "PReLU"
  bottom: "Mconv1_stage2_L2_1"
  top: "Mconv1_stage2_L2_1"
}
layer {
  name: "Mconv1_stage2_L2_2"
  type: "Convolution"
  bottom: "Mconv1_stage2_L2_1"
  top: "Mconv1_stage2_L2_2"
  convolution_param {
    num_output: 128
    pad: 1
    kernel_size: 3
  }
}
layer {
  name: "Mprelu1_stage2_L2_2"
  type: "PReLU"
  bottom: "Mconv1_stage2_L2_2"
  top: "Mconv1_stage2_L2_2"
}
layer {
  name: "Mconv1_stage2_L2_concat"
  type: "Concat"
  bottom: "Mconv1_stage2_L2_0"
  bottom: "Mconv1_stage2_L2_1"
  bottom: "Mconv1_stage2_L2_2"
  top: "Mconv1_stage2_L2_concat"
  concat_param {
    axis: 1
  }
}
layer {
  name: "Mconv2_stage2_L2_0"
  type: "Convolution"
  bottom: "Mconv1_stage2_L2_concat"
  top: "Mconv2_stage2_L2_0"
  convolution_param {
    num_output: 128
    pad: 1
    kernel_size: 3
  }
}
layer {
  name: "Mprelu2_stage2_L2_0"
  type: "PReLU"
  bottom: "Mconv2_stage2_L2_0"
  top: "Mconv2_stage2_L2_0"
}
layer {
  name: "Mconv2_stage2_L2_1"
  type: "Convolution"
  bottom: "Mconv2_stage2_L2_0"
  top: "Mconv2_stage2_L2_1"
  convolution_param {
    num_output: 128
    pad: 1
    kernel_size: 3
  }
}
layer {
  name: "Mprelu2_stage2_L2_1"
  type: "PReLU"
  bottom: "Mconv2_stage2_L2_1"
  top: "Mconv2_stage2_L2_1"
}
layer {
  name: "Mconv2_stage2_L2_2"
  type: "Convolution"
  bottom: "Mconv2_stage2_L2_1"
  top: "Mconv2_stage2_L2_2"
  convolution_param {
    num_output: 128
    pad: 1
    kernel_size: 3
  }
}
layer {
  name: "Mprelu2_stage2_L2_2"
  type: "PReLU"
  bottom: "Mconv2_stage2_L2_2"
  top: "Mconv2_stage2_L2_2"
}
layer {
  name: "Mconv2_stage2_L2_concat"
  type: "Concat"
  bottom: "Mconv2_stage2_L2_0"
  bottom: "Mconv2_stage2_L2_1"
  bottom: "Mconv2_stage2_L2_2"
  top: "Mconv2_stage2_L2_concat"
  concat_param {
    axis: 1
  }
}
layer {
  name: "Mconv3_stage2_L2_0"
  type: "Convolution"
  bottom: "Mconv2_stage2_L2_concat"
  top: "Mconv3_stage2_L2_0"
  convolution_param {
    num_output: 128
    pad: 1
    kernel_size: 3
  }
}
layer {
  name: "Mprelu3_stage2_L2_0"
  type: "PReLU"
  bottom: "Mconv3_stage2_L2_0"
  top: "Mconv3_stage2_L2_0"
}
layer {
  name: "Mconv3_stage2_L2_1"
  type: "Convolution"
  bottom: "Mconv3_stage2_L2_0"
  top: "Mconv3_stage2_L2_1"
  convolution_param {
    num_output: 128
    pad: 1
    kernel_size: 3
  }
}
layer {
  name: "Mprelu3_stage2_L2_1"
  type: "PReLU"
  bottom: "Mconv3_stage2_L2_1"
  top: "Mconv3_stage2_L2_1"
}
layer {
  name: "Mconv3_stage2_L2_2"
  type: "Convolution"
  bottom: "Mconv3_stage2_L2_1"
  top: "Mconv3_stage2_L2_2"
  convolution_param {
    num_output: 128
    pad: 1
    kernel_size: 3
  }
}
layer {
  name: "Mprelu3_stage2_L2_2"
  type: "PReLU"
  bottom: "Mconv3_stage2_L2_2"
  top: "Mconv3_stage2_L2_2"
}
layer {
  name: "Mconv3_stage2_L2_concat"
  type: "Concat"
  bottom: "Mconv3_stage2_L2_0"
  bottom: "Mconv3_stage2_L2_1"
  bottom: "Mconv3_stage2_L2_2"
  top: "Mconv3_stage2_L2_concat"
  concat_param {
    axis: 1
  }
}
layer {
  name: "Mconv4_stage2_L2_0"
  type: "Convolution"
  bottom: "Mconv3_stage2_L2_concat"
  top: "Mconv4_stage2_L2_0"
  convolution_param {
    num_output: 128
    pad: 1
    kernel_size: 3
  }
}
layer {
  name: "Mprelu4_stage2_L2_0"
  type: "PReLU"
  bottom: "Mconv4_stage2_L2_0"
  top: "Mconv4_stage2_L2_0"
}
layer {
  name: "Mconv4_stage2_L2_1"
  type: "Convolution"
  bottom: "Mconv4_stage2_L2_0"
  top: "Mconv4_stage2_L2_1"
  convolution_param {
    num_output: 128
    pad: 1
    kernel_size: 3
  }
}
layer {
  name: "Mprelu4_stage2_L2_1"
  type: "PReLU"
  bottom: "Mconv4_stage2_L2_1"
  top: "Mconv4_stage2_L2_1"
}
layer {
  name: "Mconv4_stage2_L2_2"
  type: "Convolution"
  bottom: "Mconv4_stage2_L2_1"
  top: "Mconv4_stage2_L2_2"
  convolution_param {
    num_output: 128
    pad: 1
    kernel_size: 3
  }
}
layer {
  name: "Mprelu4_stage2_L2_2"
  type: "PReLU"
  bottom: "Mconv4_stage2_L2_2"
  top: "Mconv4_stage2_L2_2"
}
layer {
  name: "Mconv4_stage2_L2_concat"
  type: "Concat"
  bottom: "Mconv4_stage2_L2_0"
  bottom: "Mconv4_stage2_L2_1"
  bottom: "Mconv4_stage2_L2_2"
  top: "Mconv4_stage2_L2_concat"
  concat_param {
    axis: 1
  }
}
layer {
  name: "Mconv5_stage2_L2_0"
  type: "Convolution"
  bottom: "Mconv4_stage2_L2_concat"
  top: "Mconv5_stage2_L2_0"
  convolution_param {
    num_output: 128
    pad: 1
    kernel_size: 3
  }
}
layer {
  name: "Mprelu5_stage2_L2_0"
  type: "PReLU"
  bottom: "Mconv5_stage2_L2_0"
  top: "Mconv5_stage2_L2_0"
}
layer {
  name: "Mconv5_stage2_L2_1"
  type: "Convolution"
  bottom: "Mconv5_stage2_L2_0"
  top: "Mconv5_stage2_L2_1"
  convolution_param {
    num_output: 128
    pad: 1
    kernel_size: 3
  }
}
layer {
  name: "Mprelu5_stage2_L2_1"
  type: "PReLU"
  bottom: "Mconv5_stage2_L2_1"
  top: "Mconv5_stage2_L2_1"
}
layer {
  name: "Mconv5_stage2_L2_2"
  type: "Convolution"
  bottom: "Mconv5_stage2_L2_1"
  top: "Mconv5_stage2_L2_2"
  convolution_param {
    num_output: 128
    pad: 1
    kernel_size: 3
  }
}
layer {
  name: "Mprelu5_stage2_L2_2"
  type: "PReLU"
  bottom: "Mconv5_stage2_L2_2"
  top: "Mconv5_stage2_L2_2"
}
layer {
  name: "Mconv5_stage2_L2_concat"
  type: "Concat"
  bottom: "Mconv5_stage2_L2_0"
  bottom: "Mconv5_stage2_L2_1"
  bottom: "Mconv5_stage2_L2_2"
  top: "Mconv5_stage2_L2_concat"
  concat_param {
    axis: 1
  }
}
layer {
  name: "Mconv6_stage2_L2"
  type: "Convolution"
  bottom: "Mconv5_stage2_L2_concat"
  top: "Mconv6_stage2_L2"
  convolution_param {
    num_output: 512
    pad: 0
    kernel_size: 1
  }
}
layer {
  name: "Mprelu6_stage2_L2"
  type: "PReLU"
  bottom: "Mconv6_stage2_L2"
  top: "Mconv6_stage2_L2"
}
layer {
  name: "Mconv7_stage2_L2"
  type: "Convolution"
  bottom: "Mconv6_stage2_L2"
  top: "Mconv7_stage2_L2"
  convolution_param {
    num_output: 52
    pad: 0
    kernel_size: 1
  }
}
layer {
  name: "concat_stage3_L2"
  type: "Concat"
  bottom: "conv4_4_CPM"
  bottom: "Mconv7_stage2_L2"
  top: "concat_stage3_L2"
  concat_param {
    axis: 1
  }
}
layer {
  name: "Mconv1_stage3_L2_0"
  type: "Convolution"
  bottom: "concat_stage3_L2"
  top: "Mconv1_stage3_L2_0"
  convolution_param {
    num_output: 128
    pad: 1
    kernel_size: 3
  }
}
layer {
  name: "Mprelu1_stage3_L2_0"
  type: "PReLU"
  bottom: "Mconv1_stage3_L2_0"
  top: "Mconv1_stage3_L2_0"
}
layer {
  name: "Mconv1_stage3_L2_1"
  type: "Convolution"
  bottom: "Mconv1_stage3_L2_0"
  top: "Mconv1_stage3_L2_1"
  convolution_param {
    num_output: 128
    pad: 1
    kernel_size: 3
  }
}
layer {
  name: "Mprelu1_stage3_L2_1"
  type: "PReLU"
  bottom: "Mconv1_stage3_L2_1"
  top: "Mconv1_stage3_L2_1"
}
layer {
  name: "Mconv1_stage3_L2_2"
  type: "Convolution"
  bottom: "Mconv1_stage3_L2_1"
  top: "Mconv1_stage3_L2_2"
  convolution_param {
    num_output: 128
    pad: 1
    kernel_size: 3
  }
}
layer {
  name: "Mprelu1_stage3_L2_2"
  type: "PReLU"
  bottom: "Mconv1_stage3_L2_2"
  top: "Mconv1_stage3_L2_2"
}
layer {
  name: "Mconv1_stage3_L2_concat"
  type: "Concat"
  bottom: "Mconv1_stage3_L2_0"
  bottom: "Mconv1_stage3_L2_1"
  bottom: "Mconv1_stage3_L2_2"
  top: "Mconv1_stage3_L2_concat"
  concat_param {
    axis: 1
  }
}
layer {
  name: "Mconv2_stage3_L2_0"
  type: "Convolution"
  bottom: "Mconv1_stage3_L2_concat"
  top: "Mconv2_stage3_L2_0"
  convolution_param {
    num_output: 128
    pad: 1
    kernel_size: 3
  }
}
layer {
  name: "Mprelu2_stage3_L2_0"
  type: "PReLU"
  bottom: "Mconv2_stage3_L2_0"
  top: "Mconv2_stage3_L2_0"
}
layer {
  name: "Mconv2_stage3_L2_1"
  type: "Convolution"
  bottom: "Mconv2_stage3_L2_0"
  top: "Mconv2_stage3_L2_1"
  convolution_param {
    num_output: 128
    pad: 1
    kernel_size: 3
  }
}
layer {
  name: "Mprelu2_stage3_L2_1"
  type: "PReLU"
  bottom: "Mconv2_stage3_L2_1"
  top: "Mconv2_stage3_L2_1"
}
layer {
  name: "Mconv2_stage3_L2_2"
  type: "Convolution"
  bottom: "Mconv2_stage3_L2_1"
  top: "Mconv2_stage3_L2_2"
  convolution_param {
    num_output: 128
    pad: 1
    kernel_size: 3
  }
}
layer {
  name: "Mprelu2_stage3_L2_2"
  type: "PReLU"
  bottom: "Mconv2_stage3_L2_2"
  top: "Mconv2_stage3_L2_2"
}
layer {
  name: "Mconv2_stage3_L2_concat"
  type: "Concat"
  bottom: "Mconv2_stage3_L2_0"
  bottom: "Mconv2_stage3_L2_1"
  bottom: "Mconv2_stage3_L2_2"
  top: "Mconv2_stage3_L2_concat"
  concat_param {
    axis: 1
  }
}
layer {
  name: "Mconv3_stage3_L2_0"
  type: "Convolution"
  bottom: "Mconv2_stage3_L2_concat"
  top: "Mconv3_stage3_L2_0"
  convolution_param {
    num_output: 128
    pad: 1
    kernel_size: 3
  }
}
layer {
  name: "Mprelu3_stage3_L2_0"
  type: "PReLU"
  bottom: "Mconv3_stage3_L2_0"
  top: "Mconv3_stage3_L2_0"
}
layer {
  name: "Mconv3_stage3_L2_1"
  type: "Convolution"
  bottom: "Mconv3_stage3_L2_0"
  top: "Mconv3_stage3_L2_1"
  convolution_param {
    num_output: 128
    pad: 1
    kernel_size: 3
  }
}
layer {
  name: "Mprelu3_stage3_L2_1"
  type: "PReLU"
  bottom: "Mconv3_stage3_L2_1"
  top: "Mconv3_stage3_L2_1"
}
layer {
  name: "Mconv3_stage3_L2_2"
  type: "Convolution"
  bottom: "Mconv3_stage3_L2_1"
  top: "Mconv3_stage3_L2_2"
  convolution_param {
    num_output: 128
    pad: 1
    kernel_size: 3
  }
}
layer {
  name: "Mprelu3_stage3_L2_2"
  type: "PReLU"
  bottom: "Mconv3_stage3_L2_2"
  top: "Mconv3_stage3_L2_2"
}
layer {
  name: "Mconv3_stage3_L2_concat"
  type: "Concat"
  bottom: "Mconv3_stage3_L2_0"
  bottom: "Mconv3_stage3_L2_1"
  bottom: "Mconv3_stage3_L2_2"
  top: "Mconv3_stage3_L2_concat"
  concat_param {
    axis: 1
  }
}
layer {
  name: "Mconv4_stage3_L2_0"
  type: "Convolution"
  bottom: "Mconv3_stage3_L2_concat"
  top: "Mconv4_stage3_L2_0"
  convolution_param {
    num_output: 128
    pad: 1
    kernel_size: 3
  }
}
layer {
  name: "Mprelu4_stage3_L2_0"
  type: "PReLU"
  bottom: "Mconv4_stage3_L2_0"
  top: "Mconv4_stage3_L2_0"
}
layer {
  name: "Mconv4_stage3_L2_1"
  type: "Convolution"
  bottom: "Mconv4_stage3_L2_0"
  top: "Mconv4_stage3_L2_1"
  convolution_param {
    num_output: 128
    pad: 1
    kernel_size: 3
  }
}
layer {
  name: "Mprelu4_stage3_L2_1"
  type: "PReLU"
  bottom: "Mconv4_stage3_L2_1"
  top: "Mconv4_stage3_L2_1"
}
layer {
  name: "Mconv4_stage3_L2_2"
  type: "Convolution"
  bottom: "Mconv4_stage3_L2_1"
  top: "Mconv4_stage3_L2_2"
  convolution_param {
    num_output: 128
    pad: 1
    kernel_size: 3
  }
}
layer {
  name: "Mprelu4_stage3_L2_2"
  type: "PReLU"
  bottom: "Mconv4_stage3_L2_2"
  top: "Mconv4_stage3_L2_2"
}
layer {
  name: "Mconv4_stage3_L2_concat"
  type: "Concat"
  bottom: "Mconv4_stage3_L2_0"
  bottom: "Mconv4_stage3_L2_1"
  bottom: "Mconv4_stage3_L2_2"
  top: "Mconv4_stage3_L2_concat"
  concat_param {
    axis: 1
  }
}
layer {
  name: "Mconv5_stage3_L2_0"
  type: "Convolution"
  bottom: "Mconv4_stage3_L2_concat"
  top: "Mconv5_stage3_L2_0"
  convolution_param {
    num_output: 128
    pad: 1
    kernel_size: 3
  }
}
layer {
  name: "Mprelu5_stage3_L2_0"
  type: "PReLU"
  bottom: "Mconv5_stage3_L2_0"
  top: "Mconv5_stage3_L2_0"
}
layer {
  name: "Mconv5_stage3_L2_1"
  type: "Convolution"
  bottom: "Mconv5_stage3_L2_0"
  top: "Mconv5_stage3_L2_1"
  convolution_param {
    num_output: 128
    pad: 1
    kernel_size: 3
  }
}
layer {
  name: "Mprelu5_stage3_L2_1"
  type: "PReLU"
  bottom: "Mconv5_stage3_L2_1"
  top: "Mconv5_stage3_L2_1"
}
layer {
  name: "Mconv5_stage3_L2_2"
  type: "Convolution"
  bottom: "Mconv5_stage3_L2_1"
  top: "Mconv5_stage3_L2_2"
  convolution_param {
    num_output: 128
    pad: 1
    kernel_size: 3
  }
}
layer {
  name: "Mprelu5_stage3_L2_2"
  type: "PReLU"
  bottom: "Mconv5_stage3_L2_2"
  top: "Mconv5_stage3_L2_2"
}
layer {
  name: "Mconv5_stage3_L2_concat"
  type: "Concat"
  bottom: "Mconv5_stage3_L2_0"
  bottom: "Mconv5_stage3_L2_1"
  bottom: "Mconv5_stage3_L2_2"
  top: "Mconv5_stage3_L2_concat"
  concat_param {
    axis: 1
  }
}
layer {
  name: "Mconv6_stage3_L2"
  type: "Convolution"
  bottom: "Mconv5_stage3_L2_concat"
  top: "Mconv6_stage3_L2"
  convolution_param {
    num_output: 512
    pad: 0
    kernel_size: 1
  }
}
layer {
  name: "Mprelu6_stage3_L2"
  type: "PReLU"
  bottom: "Mconv6_stage3_L2"
  top: "Mconv6_stage3_L2"
}
layer {
  name: "Mconv7_stage3_L2"
  type: "Convolution"
  bottom: "Mconv6_stage3_L2"
  top: "Mconv7_stage3_L2"
  convolution_param {
    num_output: 52
    pad: 0
    kernel_size: 1
  }
}
layer {
  name: "concat_stage0_L1"
  type: "Concat"
  bottom: "conv4_4_CPM"
  bottom: "Mconv7_stage3_L2"
  top: "concat_stage0_L1"
  concat_param {
    axis: 1
  }
}
layer {
  name: "Mconv1_stage0_L1_0"
  type: "Convolution"
  bottom: "concat_stage0_L1"
  top: "Mconv1_stage0_L1_0"
  convolution_param {
    num_output: 96
    pad: 1
    kernel_size: 3
  }
}
layer {
  name: "Mprelu1_stage0_L1_0"
  type: "PReLU"
  bottom: "Mconv1_stage0_L1_0"
  top: "Mconv1_stage0_L1_0"
}
layer {
  name: "Mconv1_stage0_L1_1"
  type: "Convolution"
  bottom: "Mconv1_stage0_L1_0"
  top: "Mconv1_stage0_L1_1"
  convolution_param {
    num_output: 96
    pad: 1
    kernel_si
I0923 17:57:13.495617 2173474 layer_factory.hpp:77] Creating layer input
I0923 17:57:13.495626 2173474 net.cpp:86] Creating Layer input
I0923 17:57:13.495630 2173474 net.cpp:382] input -> image
I0923 17:57:13.496670 2173474 net.cpp:124] Setting up input
I0923 17:57:13.496678 2173474 net.cpp:131] Top shape: 1 3 16 16 (768)
I0923 17:57:13.496681 2173474 net.cpp:139] Memory required for data: 3072
I0923 17:57:13.496683 2173474 layer_factory.hpp:77] Creating layer conv1_1
I0923 17:57:13.496691 2173474 net.cpp:86] Creating Layer conv1_1
I0923 17:57:13.496694 2173474 net.cpp:408] conv1_1 <- image
I0923 17:57:13.496698 2173474 net.cpp:382] conv1_1 -> conv1_1
I0923 17:57:13.541800 2173474 net.cpp:124] Setting up conv1_1
I0923 17:57:13.541805 2173474 net.cpp:131] Top shape: 1 64 16 16 (16384)
I0923 17:57:13.541808 2173474 net.cpp:139] Memory required for data: 68608
I0923 17:57:13.541816 2173474 layer_factory.hpp:77] Creating layer relu1_1
I0923 17:57:13.541819 2173474 net.cpp:86] Creating Layer relu1_1
I0923 17:57:13.541821 2173474 net.cpp:408] relu1_1 <- conv1_1
I0923 17:57:13.541823 2173474 net.cpp:369] relu1_1 -> conv1_1 (in-place)
I0923 17:57:13.544703 2173474 net.cpp:124] Setting up relu1_1
I0923 17:57:13.544706 2173474 net.cpp:131] Top shape: 1 64 16 16 (16384)
I0923 17:57:13.544708 2173474 net.cpp:139] Memory required for data: 134144
I0923 17:57:13.544710 2173474 layer_factory.hpp:77] Creating layer conv1_2
I0923 17:57:13.544714 2173474 net.cpp:86] Creating Layer conv1_2
I0923 17:57:13.544715 2173474 net.cpp:408] conv1_2 <- conv1_1
I0923 17:57:13.544718 2173474 net.cpp:382] conv1_2 -> conv1_2
I0923 17:57:13.556324 2173474 net.cpp:124] Setting up conv1_2
I0923 17:57:13.556329 2173474 net.cpp:131] Top shape: 1 64 16 16 (16384)
I0923 17:57:13.556332 2173474 net.cpp:139] Memory required for data: 199680
I0923 17:57:13.556335 2173474 layer_factory.hpp:77] Creating layer relu1_2
I0923 17:57:13.556339 2173474 net.cpp:86] Creating Layer relu1_2
I0923 17:57:13.556339 2173474 net.cpp:408] relu1_2 <- conv1_2
I0923 17:57:13.556341 2173474 net.cpp:369] relu1_2 -> conv1_2 (in-place)
I0923 17:57:13.559082 2173474 net.cpp:124] Setting up relu1_2
I0923 17:57:13.559087 2173474 net.cpp:131] Top shape: 1 64 16 16 (16384)
I0923 17:57:13.559088 2173474 net.cpp:139] Memory required for data: 265216
I0923 17:57:13.559090 2173474 layer_factory.hpp:77] Creating layer pool1_stage1
I0923 17:57:13.559094 2173474 net.cpp:86] Creating Layer pool1_stage1
I0923 17:57:13.559095 2173474 net.cpp:408] pool1_stage1 <- conv1_2
I0923 17:57:13.559098 2173474 net.cpp:382] pool1_stage1 -> pool1_stage1
I0923 17:57:13.559110 2173474 net.cpp:124] Setting up pool1_stage1
I0923 17:57:13.559113 2173474 net.cpp:131] Top shape: 1 64 8 8 (4096)
I0923 17:57:13.559113 2173474 net.cpp:139] Memory required for data: 281600
I0923 17:57:13.559114 2173474 layer_factory.hpp:77] Creating layer conv2_1
I0923 17:57:13.559118 2173474 net.cpp:86] Creating Layer conv2_1
I0923 17:57:13.559118 2173474 net.cpp:408] conv2_1 <- pool1_stage1
I0923 17:57:13.559119 2173474 net.cpp:382] conv2_1 -> conv2_1
I0923 17:57:13.567437 2173474 net.cpp:124] Setting up conv2_1
I0923 17:57:13.567442 2173474 net.cpp:131] Top shape: 1 128 8 8 (8192)
I0923 17:57:13.567445 2173474 net.cpp:139] Memory required for data: 314368
I0923 17:57:13.567448 2173474 layer_factory.hpp:77] Creating layer relu2_1
I0923 17:57:13.567451 2173474 net.cpp:86] Creating Layer relu2_1
I0923 17:57:13.567452 2173474 net.cpp:408] relu2_1 <- conv2_1
I0923 17:57:13.567453 2173474 net.cpp:369] relu2_1 -> conv2_1 (in-place)
I0923 17:57:13.570111 2173474 net.cpp:124] Setting up relu2_1
I0923 17:57:13.570114 2173474 net.cpp:131] Top shape: 1 128 8 8 (8192)
I0923 17:57:13.570116 2173474 net.cpp:139] Memory required for data: 347136
I0923 17:57:13.570117 2173474 layer_factory.hpp:77] Creating layer conv2_2
I0923 17:57:13.570122 2173474 net.cpp:86] Creating Layer conv2_2
I0923 17:57:13.570122 2173474 net.cpp:408] conv2_2 <- conv2_1
I0923 17:57:13.570124 2173474 net.cpp:382] conv2_2 -> conv2_2
I0923 17:57:13.578589 2173474 net.cpp:124] Setting up conv2_2
I0923 17:57:13.578594 2173474 net.cpp:131] Top shape: 1 128 8 8 (8192)
I0923 17:57:13.578598 2173474 net.cpp:139] Memory required for data: 379904
I0923 17:57:13.578599 2173474 layer_factory.hpp:77] Creating layer relu2_2
I0923 17:57:13.578601 2173474 net.cpp:86] Creating Layer relu2_2
I0923 17:57:13.578603 2173474 net.cpp:408] relu2_2 <- conv2_2
I0923 17:57:13.578605 2173474 net.cpp:369] relu2_2 -> conv2_2 (in-place)
I0923 17:57:13.581233 2173474 net.cpp:124] Setting up relu2_2
I0923 17:57:13.581235 2173474 net.cpp:131] Top shape: 1 128 8 8 (8192)
I0923 17:57:13.581238 2173474 net.cpp:139] Memory required for data: 412672
I0923 17:57:13.581238 2173474 layer_factory.hpp:77] Creating layer pool2_stage1
I0923 17:57:13.581240 2173474 net.cpp:86] Creating Layer pool2_stage1
I0923 17:57:13.581243 2173474 net.cpp:408] pool2_stage1 <- conv2_2
I0923 17:57:13.581243 2173474 net.cpp:382] pool2_stage1 -> pool2_stage1
I0923 17:57:13.581254 2173474 net.cpp:124] Setting up pool2_stage1
I0923 17:57:13.581254 2173474 net.cpp:131] Top shape: 1 128 4 4 (2048)
I0923 17:57:13.581255 2173474 net.cpp:139] Memory required for data: 420864
I0923 17:57:13.581256 2173474 layer_factory.hpp:77] Creating layer conv3_1
I0923 17:57:13.581260 2173474 net.cpp:86] Creating Layer conv3_1
I0923 17:57:13.581261 2173474 net.cpp:408] conv3_1 <- pool2_stage1
I0923 17:57:13.581264 2173474 net.cpp:382] conv3_1 -> conv3_1
I0923 17:57:13.590296 2173474 net.cpp:124] Setting up conv3_1
I0923 17:57:13.590301 2173474 net.cpp:131] Top shape: 1 256 4 4 (4096)
I0923 17:57:13.590304 2173474 net.cpp:139] Memory required for data: 437248
I0923 17:57:13.590307 2173474 layer_factory.hpp:77] Creating layer relu3_1
I0923 17:57:13.590309 2173474 net.cpp:86] Creating Layer relu3_1
I0923 17:57:13.590312 2173474 net.cpp:408] relu3_1 <- conv3_1
I0923 17:57:13.590312 2173474 net.cpp:369] relu3_1 -> conv3_1 (in-place)
I0923 17:57:13.592900 2173474 net.cpp:124] Setting up relu3_1
I0923 17:57:13.592903 2173474 net.cpp:131] Top shape: 1 256 4 4 (4096)
I0923 17:57:13.592905 2173474 net.cpp:139] Memory required for data: 453632
I0923 17:57:13.592906 2173474 layer_factory.hpp:77] Creating layer conv3_2
I0923 17:57:13.592911 2173474 net.cpp:86] Creating Layer conv3_2
I0923 17:57:13.592911 2173474 net.cpp:408] conv3_2 <- conv3_1
I0923 17:57:13.592913 2173474 net.cpp:382] conv3_2 -> conv3_2
I0923 17:57:13.602782 2173474 net.cpp:124] Setting up conv3_2
I0923 17:57:13.602787 2173474 net.cpp:131] Top shape: 1 256 4 4 (4096)
I0923 17:57:13.602789 2173474 net.cpp:139] Memory required for data: 470016
I0923 17:57:13.602792 2173474 layer_factory.hpp:77] Creating layer relu3_2
I0923 17:57:13.602794 2173474 net.cpp:86] Creating Layer relu3_2
I0923 17:57:13.602795 2173474 net.cpp:408] relu3_2 <- conv3_2
I0923 17:57:13.602797 2173474 net.cpp:369] relu3_2 -> conv3_2 (in-place)
I0923 17:57:13.605393 2173474 net.cpp:124] Setting up relu3_2
I0923 17:57:13.605396 2173474 net.cpp:131] Top shape: 1 256 4 4 (4096)
I0923 17:57:13.605398 2173474 net.cpp:139] Memory required for data: 486400
I0923 17:57:13.605399 2173474 layer_factory.hpp:77] Creating layer conv3_3
I0923 17:57:13.605402 2173474 net.cpp:86] Creating Layer conv3_3
I0923 17:57:13.605403 2173474 net.cpp:408] conv3_3 <- conv3_2
I0923 17:57:13.605405 2173474 net.cpp:382] conv3_3 -> conv3_3
I0923 17:57:13.614717 2173474 net.cpp:124] Setting up conv3_3
I0923 17:57:13.614722 2173474 net.cpp:131] Top shape: 1 256 4 4 (4096)
I0923 17:57:13.614723 2173474 net.cpp:139] Memory required for data: 502784
I0923 17:57:13.614727 2173474 layer_factory.hpp:77] Creating layer relu3_3
I0923 17:57:13.614728 2173474 net.cpp:86] Creating Layer relu3_3
I0923 17:57:13.614730 2173474 net.cpp:408] relu3_3 <- conv3_3
I0923 17:57:13.614732 2173474 net.cpp:369] relu3_3 -> conv3_3 (in-place)
I0923 17:57:13.617331 2173474 net.cpp:124] Setting up relu3_3
I0923 17:57:13.617334 2173474 net.cpp:131] Top shape: 1 256 4 4 (4096)
I0923 17:57:13.617336 2173474 net.cpp:139] Memory required for data: 519168
I0923 17:57:13.617337 2173474 layer_factory.hpp:77] Creating layer conv3_4
I0923 17:57:13.617340 2173474 net.cpp:86] Creating Layer conv3_4
I0923 17:57:13.617342 2173474 net.cpp:408] conv3_4 <- conv3_3
I0923 17:57:13.617343 2173474 net.cpp:382] conv3_4 -> conv3_4
I0923 17:57:13.627386 2173474 net.cpp:124] Setting up conv3_4
I0923 17:57:13.627391 2173474 net.cpp:131] Top shape: 1 256 4 4 (4096)
I0923 17:57:13.627393 2173474 net.cpp:139] Memory required for data: 535552
I0923 17:57:13.627396 2173474 layer_factory.hpp:77] Creating layer relu3_4
I0923 17:57:13.627398 2173474 net.cpp:86] Creating Layer relu3_4
I0923 17:57:13.627400 2173474 net.cpp:408] relu3_4 <- conv3_4
I0923 17:57:13.627403 2173474 net.cpp:369] relu3_4 -> conv3_4 (in-place)
I0923 17:57:13.629958 2173474 net.cpp:124] Setting up relu3_4
I0923 17:57:13.629961 2173474 net.cpp:131] Top shape: 1 256 4 4 (4096)
I0923 17:57:13.629963 2173474 net.cpp:139] Memory required for data: 551936
I0923 17:57:13.629966 2173474 layer_factory.hpp:77] Creating layer pool3_stage1
I0923 17:57:13.629968 2173474 net.cpp:86] Creating Layer pool3_stage1
I0923 17:57:13.629969 2173474 net.cpp:408] pool3_stage1 <- conv3_4
I0923 17:57:13.629971 2173474 net.cpp:382] pool3_stage1 -> pool3_stage1
I0923 17:57:13.629980 2173474 net.cpp:124] Setting up pool3_stage1
I0923 17:57:13.629982 2173474 net.cpp:131] Top shape: 1 256 2 2 (1024)
I0923 17:57:13.629983 2173474 net.cpp:139] Memory required for data: 556032
I0923 17:57:13.629984 2173474 layer_factory.hpp:77] Creating layer conv4_1
I0923 17:57:13.629987 2173474 net.cpp:86] Creating Layer conv4_1
I0923 17:57:13.629987 2173474 net.cpp:408] conv4_1 <- pool3_stage1
I0923 17:57:13.629989 2173474 net.cpp:382] conv4_1 -> conv4_1
I0923 17:57:13.640427 2173474 net.cpp:124] Setting up conv4_1
I0923 17:57:13.640432 2173474 net.cpp:131] Top shape: 1 512 2 2 (2048)
I0923 17:57:13.640434 2173474 net.cpp:139] Memory required for data: 564224
I0923 17:57:13.640437 2173474 layer_factory.hpp:77] Creating layer relu4_1
I0923 17:57:13.640440 2173474 net.cpp:86] Creating Layer relu4_1
I0923 17:57:13.640441 2173474 net.cpp:408] relu4_1 <- conv4_1
I0923 17:57:13.640443 2173474 net.cpp:369] relu4_1 -> conv4_1 (in-place)
I0923 17:57:13.644248 2173474 net.cpp:124] Setting up relu4_1
I0923 17:57:13.644250 2173474 net.cpp:131] Top shape: 1 512 2 2 (2048)
I0923 17:57:13.644253 2173474 net.cpp:139] Memory required for data: 572416
I0923 17:57:13.644253 2173474 layer_factory.hpp:77] Creating layer conv4_2
I0923 17:57:13.644256 2173474 net.cpp:86] Creating Layer conv4_2
I0923 17:57:13.644258 2173474 net.cpp:408] conv4_2 <- conv4_1
I0923 17:57:13.644259 2173474 net.cpp:382] conv4_2 -> conv4_2
I0923 17:57:13.656658 2173474 net.cpp:124] Setting up conv4_2
I0923 17:57:13.656663 2173474 net.cpp:131] Top shape: 1 512 2 2 (2048)
I0923 17:57:13.656666 2173474 net.cpp:139] Memory required for data: 580608
I0923 17:57:13.656668 2173474 layer_factory.hpp:77] Creating layer prelu4_2
I0923 17:57:13.656672 2173474 net.cpp:86] Creating Layer prelu4_2
I0923 17:57:13.656672 2173474 net.cpp:408] prelu4_2 <- conv4_2
I0923 17:57:13.656674 2173474 net.cpp:369] prelu4_2 -> conv4_2 (in-place)
I0923 17:57:13.656695 2173474 net.cpp:124] Setting up prelu4_2
I0923 17:57:13.656697 2173474 net.cpp:131] Top shape: 1 512 2 2 (2048)
I0923 17:57:13.656698 2173474 net.cpp:139] Memory required for data: 588800
I0923 17:57:13.656699 2173474 layer_factory.hpp:77] Creating layer conv4_3_CPM
I0923 17:57:13.656702 2173474 net.cpp:86] Creating Layer conv4_3_CPM
I0923 17:57:13.656703 2173474 net.cpp:408] conv4_3_CPM <- conv4_2
I0923 17:57:13.656704 2173474 net.cpp:382] conv4_3_CPM -> conv4_3_CPM
I0923 17:57:13.667085 2173474 net.cpp:124] Setting up conv4_3_CPM
I0923 17:57:13.667090 2173474 net.cpp:131] Top shape: 1 256 2 2 (1024)
I0923 17:57:13.667093 2173474 net.cpp:139] Memory required for data: 592896
I0923 17:57:13.667095 2173474 layer_factory.hpp:77] Creating layer prelu4_3_CPM
I0923 17:57:13.667097 2173474 net.cpp:86] Creating Layer prelu4_3_CPM
I0923 17:57:13.667099 2173474 net.cpp:408] prelu4_3_CPM <- conv4_3_CPM
I0923 17:57:13.667101 2173474 net.cpp:369] prelu4_3_CPM -> conv4_3_CPM (in-place)
I0923 17:57:13.667119 2173474 net.cpp:124] Setting up prelu4_3_CPM
I0923 17:57:13.667120 2173474 net.cpp:131] Top shape: 1 256 2 2 (1024)
I0923 17:57:13.667122 2173474 net.cpp:139] Memory required for data: 596992
I0923 17:57:13.667124 2173474 layer_factory.hpp:77] Creating layer conv4_4_CPM
I0923 17:57:13.667125 2173474 net.cpp:86] Creating Layer conv4_4_CPM
I0923 17:57:13.667127 2173474 net.cpp:408] conv4_4_CPM <- conv4_3_CPM
I0923 17:57:13.667128 2173474 net.cpp:382] conv4_4_CPM -> conv4_4_CPM
I0923 17:57:13.675940 2173474 net.cpp:124] Setting up conv4_4_CPM
I0923 17:57:13.675945 2173474 net.cpp:131] Top shape: 1 128 2 2 (512)
I0923 17:57:13.675947 2173474 net.cpp:139] Memory required for data: 599040
I0923 17:57:13.675949 2173474 layer_factory.hpp:77] Creating layer prelu4_4_CPM
I0923 17:57:13.675951 2173474 net.cpp:86] Creating Layer prelu4_4_CPM
I0923 17:57:13.675953 2173474 net.cpp:408] prelu4_4_CPM <- conv4_4_CPM
I0923 17:57:13.675956 2173474 net.cpp:369] prelu4_4_CPM -> conv4_4_CPM (in-place)
I0923 17:57:13.675974 2173474 net.cpp:124] Setting up prelu4_4_CPM
I0923 17:57:13.675976 2173474 net.cpp:131] Top shape: 1 128 2 2 (512)
I0923 17:57:13.675977 2173474 net.cpp:139] Memory required for data: 601088
I0923 17:57:13.675978 2173474 layer_factory.hpp:77] Creating layer conv4_4_CPM_prelu4_4_CPM_0_split
I0923 17:57:13.675985 2173474 net.cpp:86] Creating Layer conv4_4_CPM_prelu4_4_CPM_0_split
I0923 17:57:13.675987 2173474 net.cpp:408] conv4_4_CPM_prelu4_4_CPM_0_split <- conv4_4_CPM
I0923 17:57:13.675988 2173474 net.cpp:382] conv4_4_CPM_prelu4_4_CPM_0_split -> conv4_4_CPM_prelu4_4_CPM_0_split_0
I0923 17:57:13.675992 2173474 net.cpp:382] conv4_4_CPM_prelu4_4_CPM_0_split -> conv4_4_CPM_prelu4_4_CPM_0_split_1
I0923 17:57:13.675993 2173474 net.cpp:382] conv4_4_CPM_prelu4_4_CPM_0_split -> conv4_4_CPM_prelu4_4_CPM_0_split_2
I0923 17:57:13.675995 2173474 net.cpp:382] conv4_4_CPM_prelu4_4_CPM_0_split -> conv4_4_CPM_prelu4_4_CPM_0_split_3
I0923 17:57:13.675997 2173474 net.cpp:382] conv4_4_CPM_prelu4_4_CPM_0_split -> conv4_4_CPM_prelu4_4_CPM_0_split_4
I0923 17:57:13.675998 2173474 net.cpp:382] conv4_4_CPM_prelu4_4_CPM_0_split -> conv4_4_CPM_prelu4_4_CPM_0_split_5
I0923 17:57:13.676012 2173474 net.cpp:124] Setting up conv4_4_CPM_prelu4_4_CPM_0_split
I0923 17:57:13.676013 2173474 net.cpp:131] Top shape: 1 128 2 2 (512)
I0923 17:57:13.676015 2173474 net.cpp:131] Top shape: 1 128 2 2 (512)
I0923 17:57:13.676016 2173474 net.cpp:131] Top shape: 1 128 2 2 (512)
I0923 17:57:13.676017 2173474 net.cpp:131] Top shape: 1 128 2 2 (512)
I0923 17:57:13.676018 2173474 net.cpp:131] Top shape: 1 128 2 2 (512)
I0923 17:57:13.676019 2173474 net.cpp:131] Top shape: 1 128 2 2 (512)
I0923 17:57:13.676020 2173474 net.cpp:139] Memory required for data: 613376
I0923 17:57:13.676023 2173474 layer_factory.hpp:77] Creating layer Mconv1_stage0_L2_0
I0923 17:57:13.676024 2173474 net.cpp:86] Creating Layer Mconv1_stage0_L2_0
I0923 17:57:13.676026 2173474 net.cpp:408] Mconv1_stage0_L2_0 <- conv4_4_CPM_prelu4_4_CPM_0_split_0
I0923 17:57:13.676029 2173474 net.cpp:382] Mconv1_stage0_L2_0 -> Mconv1_stage0_L2_0
I0923 17:57:13.684075 2173474 net.cpp:124] Setting up Mconv1_stage0_L2_0
I0923 17:57:13.684080 2173474 net.cpp:131] Top shape: 1 96 2 2 (384)
I0923 17:57:13.684082 2173474 net.cpp:139] Memory required for data: 614912
I0923 17:57:13.684085 2173474 layer_factory.hpp:77] Creating layer Mprelu1_stage0_L2_0
I0923 17:57:13.684087 2173474 net.cpp:86] Creating Layer Mprelu1_stage0_L2_0
I0923 17:57:13.684089 2173474 net.cpp:408] Mprelu1_stage0_L2_0 <- Mconv1_stage0_L2_0
I0923 17:57:13.684091 2173474 net.cpp:369] Mprelu1_stage0_L2_0 -> Mconv1_stage0_L2_0 (in-place)
I0923 17:57:13.684110 2173474 net.cpp:124] Setting up Mprelu1_stage0_L2_0
I0923 17:57:13.684111 2173474 net.cpp:131] Top shape: 1 96 2 2 (384)
I0923 17:57:13.684113 2173474 net.cpp:139] Memory required for data: 616448
I0923 17:57:13.684114 2173474 layer_factory.hpp:77] Creating layer Mconv1_stage0_L2_0_Mprelu1_stage0_L2_0_0_split
I0923 17:57:13.684116 2173474 net.cpp:86] Creating Layer Mconv1_stage0_L2_0_Mprelu1_stage0_L2_0_0_split
I0923 17:57:13.684118 2173474 net.cpp:408] Mconv1_stage0_L2_0_Mprelu1_stage0_L2_0_0_split <- Mconv1_stage0_L2_0
I0923 17:57:13.684118 2173474 net.cpp:382] Mconv1_stage0_L2_0_Mprelu1_stage0_L2_0_0_split -> Mconv1_stage0_L2_0_Mprelu1_stage0_L2_0_0_split_0
I0923 17:57:13.684121 2173474 net.cpp:382] Mconv1_stage0_L2_0_Mprelu1_stage0_L2_0_0_split -> Mconv1_stage0_L2_0_Mprelu1_stage0_L2_0_0_split_1
I0923 17:57:13.684126 2173474 net.cpp:124] Setting up Mconv1_stage0_L2_0_Mprelu1_stage0_L2_0_0_split
I0923 17:57:13.684127 2173474 net.cpp:131] Top shape: 1 96 2 2 (384)
I0923 17:57:13.684129 2173474 net.cpp:131] Top shape: 1 96 2 2 (384)
I0923 17:57:13.684130 2173474 net.cpp:139] Memory required for data: 619520
I0923 17:57:13.684131 2173474 layer_factory.hpp:77] Creating layer Mconv1_stage0_L2_1
I0923 17:57:13.684134 2173474 net.cpp:86] Creating Layer Mconv1_stage0_L2_1
I0923 17:57:13.684135 2173474 net.cpp:408] Mconv1_stage0_L2_1 <- Mconv1_stage0_L2_0_Mprelu1_stage0_L2_0_0_split_0
I0923 17:57:13.684137 2173474 net.cpp:382] Mconv1_stage0_L2_1 -> Mconv1_stage0_L2_1
I0923 17:57:13.692261 2173474 net.cpp:124] Setting up Mconv1_stage0_L2_1
I0923 17:57:13.692266 2173474 net.cpp:131] Top shape: 1 96 2 2 (384)
I0923 17:57:13.692268 2173474 net.cpp:139] Memory required for data: 621056
I0923 17:57:13.692270 2173474 layer_factory.hpp:77] Creating layer Mprelu1_stage0_L2_1
I0923 17:57:13.692273 2173474 net.cpp:86] Creating Layer Mprelu1_stage0_L2_1
I0923 17:57:13.692274 2173474 net.cpp:408] Mprelu1_stage0_L2_1 <- Mconv1_stage0_L2_1
I0923 17:57:13.692276 2173474 net.cpp:369] Mprelu1_stage0_L2_1 -> Mconv1_stage0_L2_1 (in-place)
I0923 17:57:13.692296 2173474 net.cpp:124] Setting up Mprelu1_stage0_L2_1
I0923 17:57:13.692296 2173474 net.cpp:131] Top shape: 1 96 2 2 (384)
I0923 17:57:13.692298 2173474 net.cpp:139] Memory required for data: 622592
I0923 17:57:13.692301 2173474 layer_factory.hpp:77] Creating layer Mconv1_stage0_L2_1_Mprelu1_stage0_L2_1_0_split
I0923 17:57:13.692302 2173474 net.cpp:86] Creating Layer Mconv1_stage0_L2_1_Mprelu1_stage0_L2_1_0_split
I0923 17:57:13.692303 2173474 net.cpp:408] Mconv1_stage0_L2_1_Mprelu1_stage0_L2_1_0_split <- Mconv1_stage0_L2_1
I0923 17:57:13.692305 2173474 net.cpp:382] Mconv1_stage0_L2_1_Mprelu1_stage0_L2_1_0_split -> Mconv1_stage0_L2_1_Mprelu1_stage0_L2_1_0_split_0
I0923 17:57:13.692307 2173474 net.cpp:382] Mconv1_stage0_L2_1_Mprelu1_stage0_L2_1_0_split -> Mconv1_stage0_L2_1_Mprelu1_stage0_L2_1_0_split_1
I0923 17:57:13.692314 2173474 net.cpp:124] Setting up Mconv1_stage0_L2_1_Mprelu1_stage0_L2_1_0_split
I0923 17:57:13.692315 2173474 net.cpp:131] Top shape: 1 96 2 2 (384)
I0923 17:57:13.692317 2173474 net.cpp:131] Top shape: 1 96 2 2 (384)
I0923 17:57:13.692318 2173474 net.cpp:139] Memory required for data: 625664
I0923 17:57:13.692319 2173474 layer_factory.hpp:77] Creating layer Mconv1_stage0_L2_2
I0923 17:57:13.692322 2173474 net.cpp:86] Creating Layer Mconv1_stage0_L2_2
I0923 17:57:13.692323 2173474 net.cpp:408] Mconv1_stage0_L2_2 <- Mconv1_stage0_L2_1_Mprelu1_stage0_L2_1_0_split_0
I0923 17:57:13.692324 2173474 net.cpp:382] Mconv1_stage0_L2_2 -> Mconv1_stage0_L2_2
I0923 17:57:13.700506 2173474 net.cpp:124] Setting up Mconv1_stage0_L2_2
I0923 17:57:13.700512 2173474 net.cpp:131] Top shape: 1 96 2 2 (384)
I0923 17:57:13.700515 2173474 net.cpp:139] Memory required for data: 627200
I0923 17:57:13.700516 2173474 layer_factory.hpp:77] Creating layer Mprelu1_stage0_L2_2
I0923 17:57:13.700518 2173474 net.cpp:86] Creating Layer Mprelu1_stage0_L2_2
I0923 17:57:13.700520 2173474 net.cpp:408] Mprelu1_stage0_L2_2 <- Mconv1_stage0_L2_2
I0923 17:57:13.700522 2173474 net.cpp:369] Mprelu1_stage0_L2_2 -> Mconv1_stage0_L2_2 (in-place)
I0923 17:57:13.700541 2173474 net.cpp:124] Setting up Mprelu1_stage0_L2_2
I0923 17:57:13.700542 2173474 net.cpp:131] Top shape: 1 96 2 2 (384)
I0923 17:57:13.700544 2173474 net.cpp:139] Memory required for data: 628736
I0923 17:57:13.700546 2173474 layer_factory.hpp:77] Creating layer Mconv1_stage0_L2_concat
I0923 17:57:13.700549 2173474 net.cpp:86] Creating Layer Mconv1_stage0_L2_concat
I0923 17:57:13.700551 2173474 net.cpp:408] Mconv1_stage0_L2_concat <- Mconv1_stage0_L2_0_Mprelu1_stage0_L2_0_0_split_1
I0923 17:57:13.700552 2173474 net.cpp:408] Mconv1_stage0_L2_concat <- Mconv1_stage0_L2_1_Mprelu1_stage0_L2_1_0_split_1
I0923 17:57:13.700553 2173474 net.cpp:408] Mconv1_stage0_L2_concat <- Mconv1_stage0_L2_2
I0923 17:57:13.700555 2173474 net.cpp:382] Mconv1_stage0_L2_concat -> Mconv1_stage0_L2_concat
I0923 17:57:13.700562 2173474 net.cpp:124] Setting up Mconv1_stage0_L2_concat
I0923 17:57:13.700563 2173474 net.cpp:131] Top shape: 1 288 2 2 (1152)
I0923 17:57:13.700565 2173474 net.cpp:139] Memory required for data: 633344
I0923 17:57:13.700567 2173474 layer_factory.hpp:77] Creating layer Mconv2_stage0_L2_0
I0923 17:57:13.700569 2173474 net.cpp:86] Creating Layer Mconv2_stage0_L2_0
I0923 17:57:13.700570 2173474 net.cpp:408] Mconv2_stage0_L2_0 <- Mconv1_stage0_L2_concat
I0923 17:57:13.700572 2173474 net.cpp:382] Mconv2_stage0_L2_0 -> Mconv2_stage0_L2_0
I0923 17:57:13.709419 2173474 net.cpp:124] Setting up Mconv2_stage0_L2_0
I0923 17:57:13.709424 2173474 net.cpp:131] Top shape: 1 96 2 2 (384)
I0923 17:57:13.709425 2173474 net.cpp:139] Memory required for data: 634880
I0923 17:57:13.709427 2173474 layer_factory.hpp:77] Creating layer Mprelu2_stage0_L2_0
I0923 17:57:13.709430 2173474 net.cpp:86] Creating Layer Mprelu2_stage0_L2_0
I0923 17:57:13.709431 2173474 net.cpp:408] Mprelu2_stage0_L2_0 <- Mconv2_stage0_L2_0
I0923 17:57:13.709434 2173474 net.cpp:369] Mprelu2_stage0_L2_0 -> Mconv2_stage0_L2_0 (in-place)
I0923 17:57:13.709452 2173474 net.cpp:124] Setting up Mprelu2_stage0_L2_0
I0923 17:57:13.709455 2173474 net.cpp:131] Top shape: 1 96 2 2 (384)
I0923 17:57:13.709455 2173474 net.cpp:139] Memory required for data: 636416
I0923 17:57:13.709456 2173474 layer_factory.hpp:77] Creating layer Mconv2_stage0_L2_0_Mprelu2_stage0_L2_0_0_split
I0923 17:57:13.709458 2173474 net.cpp:86] Creating Layer Mconv2_stage0_L2_0_Mprelu2_stage0_L2_0_0_split
I0923 17:57:13.709460 2173474 net.cpp:408] Mconv2_stage0_L2_0_Mprelu2_stage0_L2_0_0_split <- Mconv2_stage0_L2_0
I0923 17:57:13.709461 2173474 net.cpp:382] Mconv2_stage0_L2_0_Mprelu2_stage0_L2_0_0_split -> Mconv2_stage0_L2_0_Mprelu2_stage0_L2_0_0_split_0
I0923 17:57:13.709463 2173474 net.cpp:382] Mconv2_stage0_L2_0_Mprelu2_stage0_L2_0_0_split -> Mconv2_stage0_L2_0_Mprelu2_stage0_L2_0_0_split_1
I0923 17:57:13.709470 2173474 net.cpp:124] Setting up Mconv2_stage0_L2_0_Mprelu2_stage0_L2_0_0_split
I0923 17:57:13.709471 2173474 net.cpp:131] Top shape: 1 96 2 2 (384)
I0923 17:57:13.709473 2173474 net.cpp:131] Top shape: 1 96 2 2 (384)
I0923 17:57:13.709474 2173474 net.cpp:139] Memory required for data: 639488
I0923 17:57:13.709475 2173474 layer_factory.hpp:77] Creating layer Mconv2_stage0_L2_1
I0923 17:57:13.709478 2173474 net.cpp:86] Creating Layer Mconv2_stage0_L2_1
I0923 17:57:13.709479 2173474 net.cpp:408] Mconv2_stage0_L2_1 <- Mconv2_stage0_L2_0_Mprelu2_stage0_L2_0_0_split_0
I0923 17:57:13.709481 2173474 net.cpp:382] Mconv2_stage0_L2_1 -> Mconv2_stage0_L2_1
I0923 17:57:13.717473 2173474 net.cpp:124] Setting up Mconv2_stage0_L2_1
I0923 17:57:13.717478 2173474 net.cpp:131] Top shape: 1 96 2 2 (384)
I0923 17:57:13.717480 2173474 net.cpp:139] Memory required for data: 641024
I0923 17:57:13.717482 2173474 layer_factory.hpp:77] Creating layer Mprelu2_stage0_L2_1
I0923 17:57:13.717485 2173474 net.cpp:86] Creating Layer Mprelu2_stage0_L2_1
I0923 17:57:13.717487 2173474 net.cpp:408] Mprelu2_stage0_L2_1 <- Mconv2_stage0_L2_1
I0923 17:57:13.717489 2173474 net.cpp:369] Mprelu2_stage0_L2_1 -> Mconv2_stage0_L2_1 (in-place)
I0923 17:57:13.717507 2173474 net.cpp:124] Setting up Mprelu2_stage0_L2_1
I0923 17:57:13.717509 2173474 net.cpp:131] Top shape: 1 96 2 2 (384)
I0923 17:57:13.717510 2173474 net.cpp:139] Memory required for data: 642560
I0923 17:57:13.717511 2173474 layer_factory.hpp:77] Creating layer Mconv2_stage0_L2_1_Mprelu2_stage0_L2_1_0_split
I0923 17:57:13.717514 2173474 net.cpp:86] Creating Layer Mconv2_stage0_L2_1_Mprelu2_stage0_L2_1_0_split
I0923 17:57:13.717514 2173474 net.cpp:408] Mconv2_stage0_L2_1_Mprelu2_stage0_L2_1_0_split <- Mconv2_stage0_L2_1
I0923 17:57:13.717516 2173474 net.cpp:382] Mconv2_stage0_L2_1_Mprelu2_stage0_L2_1_0_split -> Mconv2_stage0_L2_1_Mprelu2_stage0_L2_1_0_split_0
I0923 17:57:13.717518 2173474 net.cpp:382] Mconv2_stage0_L2_1_Mprelu2_stage0_L2_1_0_split -> Mconv2_stage0_L2_1_Mprelu2_stage0_L2_1_0_split_1
I0923 17:57:13.717525 2173474 net.cpp:124] Setting up Mconv2_stage0_L2_1_Mprelu2_stage0_L2_1_0_split
I0923 17:57:13.717525 2173474 net.cpp:131] Top shape: 1 96 2 2 (384)
I0923 17:57:13.717526 2173474 net.cpp:131] Top shape: 1 96 2 2 (384)
I0923 17:57:13.717528 2173474 net.cpp:139] Memory required for data: 645632
I0923 17:57:13.717530 2173474 layer_factory.hpp:77] Creating layer Mconv2_stage0_L2_2
I0923 17:57:13.717531 2173474 net.cpp:86] Creating Layer Mconv2_stage0_L2_2
I0923 17:57:13.717532 2173474 net.cpp:408] Mconv2_stage0_L2_2 <- Mconv2_stage0_L2_1_Mprelu2_stage0_L2_1_0_split_0
I0923 17:57:13.717535 2173474 net.cpp:382] Mconv2_stage0_L2_2 -> Mconv2_stage0_L2_2
I0923 17:57:13.727073 2173474 net.cpp:124] Setting up Mconv2_stage0_L2_2
I0923 17:57:13.727078 2173474 net.cpp:131] Top shape: 1 96 2 2 (384)
I0923 17:57:13.727080 2173474 net.cpp:139] Memory required for data: 647168
I0923 17:57:13.727082 2173474 layer_factory.hpp:77] Creating layer Mprelu2_stage0_L2_2
I0923 17:57:13.727085 2173474 net.cpp:86] Creating Layer Mprelu2_stage0_L2_2
I0923 17:57:13.727087 2173474 net.cpp:408] Mprelu2_stage0_L2_2 <- Mconv2_stage0_L2_2
I0923 17:57:13.727089 2173474 net.cpp:369] Mprelu2_stage0_L2_2 -> Mconv2_stage0_L2_2 (in-place)
I0923 17:57:13.727110 2173474 net.cpp:124] Setting up Mprelu2_stage0_L2_2
I0923 17:57:13.727111 2173474 net.cpp:131] Top shape: 1 96 2 2 (384)
I0923 17:57:13.727113 2173474 net.cpp:139] Memory required for data: 648704
I0923 17:57:13.727113 2173474 layer_factory.hpp:77] Creating layer Mconv2_stage0_L2_concat
I0923 17:57:13.727116 2173474 net.cpp:86] Creating Layer Mconv2_stage0_L2_concat
I0923 17:57:13.727118 2173474 net.cpp:408] Mconv2_stage0_L2_concat <- Mconv2_stage0_L2_0_Mprelu2_stage0_L2_0_0_split_1
I0923 17:57:13.727118 2173474 net.cpp:408] Mconv2_stage0_L2_concat <- Mconv2_stage0_L2_1_Mprelu2_stage0_L2_1_0_split_1
I0923 17:57:13.727120 2173474 net.cpp:408] Mconv2_stage0_L2_concat <- Mconv2_stage0_L2_2
I0923 17:57:13.727121 2173474 net.cpp:382] Mconv2_stage0_L2_concat -> Mconv2_stage0_L2_concat
I0923 17:57:13.727126 2173474 net.cpp:124] Setting up Mconv2_stage0_L2_concat
I0923 17:57:13.727128 2173474 net.cpp:131] Top shape: 1 288 2 2 (1152)
I0923 17:57:13.727129 2173474 net.cpp:139] Memory required for data: 653312
I0923 17:57:13.727130 2173474 layer_factory.hpp:77] Creating layer Mconv3_stage0_L2_0
I0923 17:57:13.727133 2173474 net.cpp:86] Creating Layer Mconv3_stage0_L2_0
I0923 17:57:13.727134 2173474 net.cpp:408] Mconv3_stage0_L2_0 <- Mconv2_stage0_L2_concat
I0923 17:57:13.727135 2173474 net.cpp:382] Mconv3_stage0_L2_0 -> Mconv3_stage0_L2_0
I0923 17:57:13.735229 2173474 net.cpp:124] Setting up Mconv3_stage0_L2_0
I0923 17:57:13.735234 2173474 net.cpp:131] Top shape: 1 96 2 2 (384)
I0923 17:57:13.735236 2173474 net.cpp:139] Memory required for data: 654848
I0923 17:57:13.735239 2173474 layer_factory.hpp:77] Creating layer Mprelu3_stage0_L2_0
I0923 17:57:13.735241 2173474 net.cpp:86] Creating Layer Mprelu3_stage0_L2_0
I0923 17:57:13.735244 2173474 net.cpp:408] Mprelu3_stage0_L2_0 <- Mconv3_stage0_L2_0
I0923 17:57:13.735245 2173474 net.cpp:369] Mprelu3_stage0_L2_0 -> Mconv3_stage0_L2_0 (in-place)
I0923 17:57:13.735265 2173474 net.cpp:124] Setting up Mprelu3_stage0_L2_0
I0923 17:57:13.735266 2173474 net.cpp:131] Top shape: 1 96 2 2 (384)
I0923 17:57:13.735268 2173474 net.cpp:139] Memory required for data: 656384
I0923 17:57:13.735270 2173474 layer_factory.hpp:77] Creating layer Mconv3_stage0_L2_0_Mprelu3_stage0_L2_0_0_split
I0923 17:57:13.735271 2173474 net.cpp:86] Creating Layer Mconv3_stage0_L2_0_Mprelu3_stage0_L2_0_0_split
I0923 17:57:13.735272 2173474 net.cpp:408] Mconv3_stage0_L2_0_Mprelu3_stage0_L2_0_0_split <- Mconv3_stage0_L2_0
I0923 17:57:13.735273 2173474 net.cpp:382] Mconv3_stage0_L2_0_Mprelu3_stage0_L2_0_0_split -> Mconv3_stage0_L2_0_Mprelu3_stage0_L2_0_0_split_0
I0923 17:57:13.735276 2173474 net.cpp:382] Mconv3_stage0_L2_0_Mprelu3_stage0_L2_0_0_split -> Mconv3_stage0_L2_0_Mprelu3_stage0_L2_0_0_split_1
I0923 17:57:13.735282 2173474 net.cpp:124] Setting up Mconv3_stage0_L2_0_Mprelu3_stage0_L2_0_0_split
I0923 17:57:13.735283 2173474 net.cpp:131] Top shape: 1 96 2 2 (384)
I0923 17:57:13.735284 2173474 net.cpp:131] Top shape: 1 96 2 2 (384)
I0923 17:57:13.735286 2173474 net.cpp:139] Memory required for data: 659456
I0923 17:57:13.735287 2173474 layer_factory.hpp:77] Creating layer Mconv3_stage0_L2_1
I0923 17:57:13.735289 2173474 net.cpp:86] Creating Layer Mconv3_stage0_L2_1
I0923 17:57:13.735291 2173474 net.cpp:408] Mconv3_stage0_L2_1 <- Mconv3_stage0_L2_0_Mprelu3_stage0_L2_0_0_split_0
I0923 17:57:13.735292 2173474 net.cpp:382] Mconv3_stage0_L2_1 -> Mconv3_stage0_L2_1
I0923 17:57:13.744585 2173474 net.cpp:124] Setting up Mconv3_stage0_L2_1
I0923 17:57:13.744589 2173474 net.cpp:131] Top shape: 1 96 2 2 (384)
I0923 17:57:13.744592 2173474 net.cpp:139] Memory required for data: 660992
I0923 17:57:13.744594 2173474 layer_factory.hpp:77] Creating layer Mprelu3_stage0_L2_1
I0923 17:57:13.744596 2173474 net.cpp:86] Creating Layer Mprelu3_stage0_L2_1
I0923 17:57:13.744598 2173474 net.cpp:408] Mprelu3_stage0_L2_1 <- Mconv3_stage0_L2_1
I0923 17:57:13.744601 2173474 net.cpp:369] Mprelu3_stage0_L2_1 -> Mconv3_stage0_L2_1 (in-place)
I0923 17:57:13.744621 2173474 net.cpp:124] Setting up Mprelu3_stage0_L2_1
I0923 17:57:13.744622 2173474 net.cpp:131] Top shape: 1 96 2 2 (384)
I0923 17:57:13.744623 2173474 net.cpp:139] Memory required for data: 662528
I0923 17:57:13.744625 2173474 layer_factory.hpp:77] Creating layer Mconv3_stage0_L2_1_Mprelu3_stage0_L2_1_0_split
I0923 17:57:13.744626 2173474 net.cpp:86] Creating Layer Mconv3_stage0_L2_1_Mprelu3_stage0_L2_1_0_split
I0923 17:57:13.744628 2173474 net.cpp:408] Mconv3_stage0_L2_1_Mprelu3_stage0_L2_1_0_split <- Mconv3_stage0_L2_1
I0923 17:57:13.744629 2173474 net.cpp:382] Mconv3_stage0_L2_1_Mprelu3_stage0_L2_1_0_split -> Mconv3_stage0_L2_1_Mprelu3_stage0_L2_1_0_split_0
I0923 17:57:13.744632 2173474 net.cpp:382] Mconv3_stage0_L2_1_Mprelu3_stage0_L2_1_0_split -> Mconv3_stage0_L2_1_Mprelu3_stage0_L2_1_0_split_1
I0923 17:57:13.744638 2173474 net.cpp:124] Setting up Mconv3_stage0_L2_1_Mprelu3_stage0_L2_1_0_split
I0923 17:57:13.744639 2173474 net.cpp:131] Top shape: 1 96 2 2 (384)
I0923 17:57:13.744640 2173474 net.cpp:131] Top shape: 1 96 2 2 (384)
I0923 17:57:13.744642 2173474 net.cpp:139] Memory required for data: 665600
I0923 17:57:13.744642 2173474 layer_factory.hpp:77] Creating layer Mconv3_stage0_L2_2
I0923 17:57:13.744645 2173474 net.cpp:86] Creating Layer Mconv3_stage0_L2_2
I0923 17:57:13.744647 2173474 net.cpp:408] Mconv3_stage0_L2_2 <- Mconv3_stage0_L2_1_Mprelu3_stage0_L2_1_0_split_0
I0923 17:57:13.744648 2173474 net.cpp:382] Mconv3_stage0_L2_2 -> Mconv3_stage0_L2_2
I0923 17:57:13.752840 2173474 net.cpp:124] Setting up Mconv3_stage0_L2_2
I0923 17:57:13.752846 2173474 net.cpp:131] Top shape: 1 96 2 2 (384)
I0923 17:57:13.752847 2173474 net.cpp:139] Memory required for data: 667136
I0923 17:57:13.752849 2173474 layer_factory.hpp:77] Creating layer Mprelu3_stage0_L2_2
I0923 17:57:13.752852 2173474 net.cpp:86] Creating Layer Mprelu3_stage0_L2_2
I0923 17:57:13.752853 2173474 net.cpp:408] Mprelu3_stage0_L2_2 <- Mconv3_stage0_L2_2
I0923 17:57:13.752856 2173474 net.cpp:369] Mprelu3_stage0_L2_2 -> Mconv3_stage0_L2_2 (in-place)
I0923 17:57:13.752876 2173474 net.cpp:124] Setting up Mprelu3_stage0_L2_2
I0923 17:57:13.752877 2173474 net.cpp:131] Top shape: 1 96 2 2 (384)
I0923 17:57:13.752878 2173474 net.cpp:139] Memory required for data: 668672
I0923 17:57:13.752880 2173474 layer_factory.hpp:77] Creating layer Mconv3_stage0_L2_concat
I0923 17:57:13.752882 2173474 net.cpp:86] Creating Layer Mconv3_stage0_L2_concat
I0923 17:57:13.752883 2173474 net.cpp:408] Mconv3_stage0_L2_concat <- Mconv3_stage0_L2_0_Mprelu3_stage0_L2_0_0_split_1
I0923 17:57:13.752884 2173474 net.cpp:408] Mconv3_stage0_L2_concat <- Mconv3_stage0_L2_1_Mprelu3_stage0_L2_1_0_split_1
I0923 17:57:13.752887 2173474 net.cpp:408] Mconv3_stage0_L2_concat <- Mconv3_stage0_L2_2
I0923 17:57:13.752888 2173474 net.cpp:382] Mconv3_stage0_L2_concat -> Mconv3_stage0_L2_concat
I0923 17:57:13.752893 2173474 net.cpp:124] Setting up Mconv3_stage0_L2_concat
I0923 17:57:13.752894 2173474 net.cpp:131] Top shape: 1 288 2 2 (1152)
I0923 17:57:13.752895 2173474 net.cpp:139] Memory required for data: 673280
I0923 17:57:13.752897 2173474 layer_factory.hpp:77] Creating layer Mconv4_stage0_L2_0
I0923 17:57:13.752899 2173474 net.cpp:86] Creating Layer Mconv4_stage0_L2_0
I0923 17:57:13.752900 2173474 net.cpp:408] Mconv4_stage0_L2_0 <- Mconv3_stage0_L2_concat
I0923 17:57:13.752902 2173474 net.cpp:382] Mconv4_stage0_L2_0 -> Mconv4_stage0_L2_0
I0923 17:57:13.762482 2173474 net.cpp:124] Setting up Mconv4_stage0_L2_0
I0923 17:57:13.762487 2173474 net.cpp:131] Top shape: 1 96 2 2 (384)
I0923 17:57:13.762490 2173474 net.cpp:139] Memory required for data: 674816
I0923 17:57:13.762491 2173474 layer_factory.hpp:77] Creating layer Mprelu4_stage0_L2_0
I0923 17:57:13.762494 2173474 net.cpp:86] Creating Layer Mprelu4_stage0_L2_0
I0923 17:57:13.762496 2173474 net.cpp:408] Mprelu4_stage0_L2_0 <- Mconv4_stage0_L2_0
I0923 17:57:13.762498 2173474 net.cpp:369] Mprelu4_stage0_L2_0 -> Mconv4_stage0_L2_0 (in-place)
I0923 17:57:13.762518 2173474 net.cpp:124] Setting up Mprelu4_stage0_L2_0
I0923 17:57:13.762519 2173474 net.cpp:131] Top shape: 1 96 2 2 (384)
I0923 17:57:13.762521 2173474 net.cpp:139] Memory required for data: 676352
I0923 17:57:13.762522 2173474 layer_factory.hpp:77] Creating layer Mconv4_stage0_L2_0_Mprelu4_stage0_L2_0_0_split
I0923 17:57:13.762524 2173474 net.cpp:86] Creating Layer Mconv4_stage0_L2_0_Mprelu4_stage0_L2_0_0_split
I0923 17:57:13.762526 2173474 net.cpp:408] Mconv4_stage0_L2_0_Mprelu4_stage0_L2_0_0_split <- Mconv4_stage0_L2_0
I0923 17:57:13.762526 2173474 net.cpp:382] Mconv4_stage0_L2_0_Mprelu4_stage0_L2_0_0_split -> Mconv4_stage0_L2_0_Mprelu4_stage0_L2_0_0_split_0
I0923 17:57:13.762529 2173474 net.cpp:382] Mconv4_stage0_L2_0_Mprelu4_stage0_L2_0_0_split -> Mconv4_stage0_L2_0_Mprelu4_stage0_L2_0_0_split_1
I0923 17:57:13.762535 2173474 net.cpp:124] Setting up Mconv4_stage0_L2_0_Mprelu4_stage0_L2_0_0_split
I0923 17:57:13.762537 2173474 net.cpp:131] Top shape: 1 96 2 2 (384)
I0923 17:57:13.762538 2173474 net.cpp:131] Top shape: 1 96 2 2 (384)
I0923 17:57:13.762539 2173474 net.cpp:139] Memory required for data: 679424
I0923 17:57:13.762540 2173474 layer_factory.hpp:77] Creating layer Mconv4_stage0_L2_1
I0923 17:57:13.762543 2173474 net.cpp:86] Creating Layer Mconv4_stage0_L2_1
I0923 17:57:13.762544 2173474 net.cpp:408] Mconv4_stage0_L2_1 <- Mconv4_stage0_L2_0_Mprelu4_stage0_L2_0_0_split_0
I0923 17:57:13.762547 2173474 net.cpp:382] Mconv4_stage0_L2_1 -> Mconv4_stage0_L2_1
I0923 17:57:13.770633 2173474 net.cpp:124] Setting up Mconv4_stage0_L2_1
I0923 17:57:13.770638 2173474 net.cpp:131] Top shape: 1 96 2 2 (384)
I0923 17:57:13.770640 2173474 net.cpp:139] Memory required for data: 680960
I0923 17:57:13.770642 2173474 layer_factory.hpp:77] Creating layer Mprelu4_stage0_L2_1
I0923 17:57:13.770645 2173474 net.cpp:86] Creating Layer Mprelu4_stage0_L2_1
I0923 17:57:13.770646 2173474 net.cpp:408] Mprelu4_stage0_L2_1 <- Mconv4_stage0_L2_1
I0923 17:57:13.770648 2173474 net.cpp:369] Mprelu4_stage0_L2_1 -> Mconv4_stage0_L2_1 (in-place)
I0923 17:57:13.770668 2173474 net.cpp:124] Setting up Mprelu4_stage0_L2_1
I0923 17:57:13.770669 2173474 net.cpp:131] Top shape: 1 96 2 2 (384)
I0923 17:57:13.770670 2173474 net.cpp:139] Memory required for data: 682496
I0923 17:57:13.770673 2173474 layer_factory.hpp:77] Creating layer Mconv4_stage0_L2_1_Mprelu4_stage0_L2_1_0_split
I0923 17:57:13.770674 2173474 net.cpp:86] Creating Layer Mconv4_stage0_L2_1_Mprelu4_stage0_L2_1_0_split
I0923 17:57:13.770675 2173474 net.cpp:408] Mconv4_stage0_L2_1_Mprelu4_stage0_L2_1_0_split <- Mconv4_stage0_L2_1
I0923 17:57:13.770676 2173474 net.cpp:382] Mconv4_stage0_L2_1_Mprelu4_stage0_L2_1_0_split -> Mconv4_stage0_L2_1_Mprelu4_stage0_L2_1_0_split_0
I0923 17:57:13.770679 2173474 net.cpp:382] Mconv4_stage0_L2_1_Mprelu4_stage0_L2_1_0_split -> Mconv4_stage0_L2_1_Mprelu4_stage0_L2_1_0_split_1
I0923 17:57:13.770685 2173474 net.cpp:124] Setting up Mconv4_stage0_L2_1_Mprelu4_stage0_L2_1_0_split
I0923 17:57:13.770686 2173474 net.cpp:131] Top shape: 1 96 2 2 (384)
I0923 17:57:13.770689 2173474 net.cpp:131] Top shape: 1 96 2 2 (384)
I0923 17:57:13.770689 2173474 net.cpp:139] Memory required for data: 685568
I0923 17:57:13.770690 2173474 layer_factory.hpp:77] Creating layer Mconv4_stage0_L2_2
I0923 17:57:13.770692 2173474 net.cpp:86] Creating Layer Mconv4_stage0_L2_2
I0923 17:57:13.770694 2173474 net.cpp:408] Mconv4_stage0_L2_2 <- Mconv4_stage0_L2_1_Mprelu4_stage0_L2_1_0_split_0
I0923 17:57:13.770696 2173474 net.cpp:382] Mconv4_stage0_L2_2 -> Mconv4_stage0_L2_2
I0923 17:57:13.778993 2173474 net.cpp:124] Setting up Mconv4_stage0_L2_2
I0923 17:57:13.778998 2173474 net.cpp:131] Top shape: 1 96 2 2 (384)
I0923 17:57:13.779000 2173474 net.cpp:139] Memory required for data: 687104
I0923 17:57:13.779002 2173474 layer_factory.hpp:77] Creating layer Mprelu4_stage0_L2_2
I0923 17:57:13.779006 2173474 net.cpp:86] Creating Layer Mprelu4_stage0_L2_2
I0923 17:57:13.779007 2173474 net.cpp:408] Mprelu4_stage0_L2_2 <- Mconv4_stage0_L2_2
I0923 17:57:13.779009 2173474 net.cpp:369] Mprelu4_stage0_L2_2 -> Mconv4_stage0_L2_2 (in-place)
I0923 17:57:13.779029 2173474 net.cpp:124] Setting up Mprelu4_stage0_L2_2
I0923 17:57:13.779030 2173474 net.cpp:131] Top shape: 1 96 2 2 (384)
I0923 17:57:13.779031 2173474 net.cpp:139] Memory required for data: 688640
I0923 17:57:13.779033 2173474 layer_factory.hpp:77] Creating layer Mconv4_stage0_L2_concat
I0923 17:57:13.779035 2173474 net.cpp:86] Creating Layer Mconv4_stage0_L2_concat
I0923 17:57:13.779037 2173474 net.cpp:408] Mconv4_stage0_L2_concat <- Mconv4_stage0_L2_0_Mprelu4_stage0_L2_0_0_split_1
I0923 17:57:13.779038 2173474 net.cpp:408] Mconv4_stage0_L2_concat <- Mconv4_stage0_L2_1_Mprelu4_stage0_L2_1_0_split_1
I0923 17:57:13.779040 2173474 net.cpp:408] Mconv4_stage0_L2_concat <- Mconv4_stage0_L2_2
I0923 17:57:13.779042 2173474 net.cpp:382] Mconv4_stage0_L2_concat -> Mconv4_stage0_L2_concat
I0923 17:57:13.779047 2173474 net.cpp:124] Setting up Mconv4_stage0_L2_concat
I0923 17:57:13.779048 2173474 net.cpp:131] Top shape: 1 288 2 2 (1152)
I0923 17:57:13.779049 2173474 net.cpp:139] Memory required for data: 693248
I0923 17:57:13.779052 2173474 layer_factory.hpp:77] Creating layer Mconv5_stage0_L2_0
I0923 17:57:13.779053 2173474 net.cpp:86] Creating Layer Mconv5_stage0_L2_0
I0923 17:57:13.779054 2173474 net.cpp:408] Mconv5_stage0_L2_0 <- Mconv4_stage0_L2_concat
I0923 17:57:13.779057 2173474 net.cpp:382] Mconv5_stage0_L2_0 -> Mconv5_stage0_L2_0
I0923 17:57:13.788148 2173474 net.cpp:124] Setting up Mconv5_stage0_L2_0
I0923 17:57:13.788153 2173474 net.cpp:131] Top shape: 1 96 2 2 (384)
I0923 17:57:13.788156 2173474 net.cpp:139] Memory required for data: 694784
I0923 17:57:13.788158 2173474 layer_factory.hpp:77] Creating layer Mprelu5_stage0_L2_0
I0923 17:57:13.788161 2173474 net.cpp:86] Creating Layer Mprelu5_stage0_L2_0
I0923 17:57:13.788163 2173474 net.cpp:408] Mprelu5_stage0_L2_0 <- Mconv5_stage0_L2_0
I0923 17:57:13.788165 2173474 net.cpp:369] Mprelu5_stage0_L2_0 -> Mconv5_stage0_L2_0 (in-place)
I0923 17:57:13.788184 2173474 net.cpp:124] Setting up Mprelu5_stage0_L2_0
I0923 17:57:13.788187 2173474 net.cpp:131] Top shape: 1 96 2 2 (384)
I0923 17:57:13.788187 2173474 net.cpp:139] Memory required for data: 696320
I0923 17:57:13.788188 2173474 layer_factory.hpp:77] Creating layer Mconv5_stage0_L2_0_Mprelu5_stage0_L2_0_0_split
I0923 17:57:13.788190 2173474 net.cpp:86] Creating Layer Mconv5_stage0_L2_0_Mprelu5_stage0_L2_0_0_split
I0923 17:57:13.788192 2173474 net.cpp:408] Mconv5_stage0_L2_0_Mprelu5_stage0_L2_0_0_split <- Mconv5_stage0_L2_0
I0923 17:57:13.788193 2173474 net.cpp:382] Mconv5_stage0_L2_0_Mprelu5_stage0_L2_0_0_split -> Mconv5_stage0_L2_0_Mprelu5_stage0_L2_0_0_split_0
I0923 17:57:13.788195 2173474 net.cpp:382] Mconv5_stage0_L2_0_Mprelu5_stage0_L2_0_0_split -> Mconv5_stage0_L2_0_Mprelu5_stage0_L2_0_0_split_1
I0923 17:57:13.788201 2173474 net.cpp:124] Setting up Mconv5_stage0_L2_0_Mprelu5_stage0_L2_0_0_split
I0923 17:57:13.788203 2173474 net.cpp:131] Top shape: 1 96 2 2 (384)
I0923 17:57:13.788204 2173474 net.cpp:131] Top shape: 1 96 2 2 (384)
I0923 17:57:13.788205 2173474 net.cpp:139] Memory required for data: 699392
I0923 17:57:13.788206 2173474 layer_factory.hpp:77] Creating layer Mconv5_stage0_L2_1
I0923 17:57:13.788209 2173474 net.cpp:86] Creating Layer Mconv5_stage0_L2_1
I0923 17:57:13.788210 2173474 net.cpp:408] Mconv5_stage0_L2_1 <- Mconv5_stage0_L2_0_Mprelu5_stage0_L2_0_0_split_0
I0923 17:57:13.788213 2173474 net.cpp:382] Mconv5_stage0_L2_1 -> Mconv5_stage0_L2_1
I0923 17:57:13.796370 2173474 net.cpp:124] Setting up Mconv5_stage0_L2_1
I0923 17:57:13.796375 2173474 net.cpp:131] Top shape: 1 96 2 2 (384)
I0923 17:57:13.796377 2173474 net.cpp:139] Memory required for data: 700928
I0923 17:57:13.796379 2173474 layer_factory.hpp:77] Creating layer Mprelu5_stage0_L2_1
I0923 17:57:13.796382 2173474 net.cpp:86] Creating Layer Mprelu5_stage0_L2_1
I0923 17:57:13.796383 2173474 net.cpp:408] Mprelu5_stage0_L2_1 <- Mconv5_stage0_L2_1
I0923 17:57:13.796386 2173474 net.cpp:369] Mprelu5_stage0_L2_1 -> Mconv5_stage0_L2_1 (in-place)
I0923 17:57:13.796406 2173474 net.cpp:124] Setting up Mprelu5_stage0_L2_1
I0923 17:57:13.796406 2173474 net.cpp:131] Top shape: 1 96 2 2 (384)
I0923 17:57:13.796407 2173474 net.cpp:139] Memory required for data: 702464
I0923 17:57:13.796409 2173474 layer_factory.hpp:77] Creating layer Mconv5_stage0_L2_1_Mprelu5_stage0_L2_1_0_split
I0923 17:57:13.796411 2173474 net.cpp:86] Creating Layer Mconv5_stage0_L2_1_Mprelu5_stage0_L2_1_0_split
I0923 17:57:13.796412 2173474 net.cpp:408] Mconv5_stage0_L2_1_Mprelu5_stage0_L2_1_0_split <- Mconv5_stage0_L2_1
I0923 17:57:13.796413 2173474 net.cpp:382] Mconv5_stage0_L2_1_Mprelu5_stage0_L2_1_0_split -> Mconv5_stage0_L2_1_Mprelu5_stage0_L2_1_0_split_0
I0923 17:57:13.796416 2173474 net.cpp:382] Mconv5_stage0_L2_1_Mprelu5_stage0_L2_1_0_split -> Mconv5_stage0_L2_1_Mprelu5_stage0_L2_1_0_split_1
I0923 17:57:13.796422 2173474 net.cpp:124] Setting up Mconv5_stage0_L2_1_Mprelu5_stage0_L2_1_0_split
I0923 17:57:13.796423 2173474 net.cpp:131] Top shape: 1 96 2 2 (384)
I0923 17:57:13.796425 2173474 net.cpp:131] Top shape: 1 96 2 2 (384)
I0923 17:57:13.796427 2173474 net.cpp:139] Memory required for data: 705536
I0923 17:57:13.796427 2173474 layer_factory.hpp:77] Creating layer Mconv5_stage0_L2_2
I0923 17:57:13.796429 2173474 net.cpp:86] Creating Layer Mconv5_stage0_L2_2
I0923 17:57:13.796430 2173474 net.cpp:408] Mconv5_stage0_L2_2 <- Mconv5_stage0_L2_1_Mprelu5_stage0_L2_1_0_split_0
I0923 17:57:13.796432 2173474 net.cpp:382] Mconv5_stage0_L2_2 -> Mconv5_stage0_L2_2
I0923 17:57:13.804926 2173474 net.cpp:124] Setting up Mconv5_stage0_L2_2
I0923 17:57:13.804931 2173474 net.cpp:131] Top shape: 1 96 2 2 (384)
I0923 17:57:13.804934 2173474 net.cpp:139] Memory required for data: 707072
I0923 17:57:13.804935 2173474 layer_factory.hpp:77] Creating layer Mprelu5_stage0_L2_2
I0923 17:57:13.804937 2173474 net.cpp:86] Creating Layer Mprelu5_stage0_L2_2
I0923 17:57:13.804939 2173474 net.cpp:408] Mprelu5_stage0_L2_2 <- Mconv5_stage0_L2_2
I0923 17:57:13.804941 2173474 net.cpp:369] Mprelu5_stage0_L2_2 -> Mconv5_stage0_L2_2 (in-place)
I0923 17:57:13.804962 2173474 net.cpp:124] Setting up Mprelu5_stage0_L2_2
I0923 17:57:13.804963 2173474 net.cpp:131] Top shape: 1 96 2 2 (384)
I0923 17:57:13.804965 2173474 net.cpp:139] Memory required for data: 708608
I0923 17:57:13.804966 2173474 layer_factory.hpp:77] Creating layer Mconv5_stage0_L2_concat
I0923 17:57:13.804968 2173474 net.cpp:86] Creating Layer Mconv5_stage0_L2_concat
I0923 17:57:13.804970 2173474 net.cpp:408] Mconv5_stage0_L2_concat <- Mconv5_stage0_L2_0_Mprelu5_stage0_L2_0_0_split_1
I0923 17:57:13.804971 2173474 net.cpp:408] Mconv5_stage0_L2_concat <- Mconv5_stage0_L2_1_Mprelu5_stage0_L2_1_0_split_1
I0923 17:57:13.804972 2173474 net.cpp:408] Mconv5_stage0_L2_concat <- Mconv5_stage0_L2_2
I0923 17:57:13.804975 2173474 net.cpp:382] Mconv5_stage0_L2_concat -> Mconv5_stage0_L2_concat
I0923 17:57:13.804979 2173474 net.cpp:124] Setting up Mconv5_stage0_L2_concat
I0923 17:57:13.804980 2173474 net.cpp:131] Top shape: 1 288 2 2 (1152)
I0923 17:57:13.804982 2173474 net.cpp:139] Memory required for data: 713216
I0923 17:57:13.804983 2173474 layer_factory.hpp:77] Creating layer Mconv6_stage0_L2
I0923 17:57:13.804986 2173474 net.cpp:86] Creating Layer Mconv6_stage0_L2
I0923 17:57:13.804986 2173474 net.cpp:408] Mconv6_stage0_L2 <- Mconv5_stage0_L2_concat
I0923 17:57:13.804988 2173474 net.cpp:382] Mconv6_stage0_L2 -> Mconv6_stage0_L2
I0923 17:57:13.822045 2173474 net.cpp:124] Setting up Mconv6_stage0_L2
I0923 17:57:13.822050 2173474 net.cpp:131] Top shape: 1 256 2 2 (1024)
I0923 17:57:13.822053 2173474 net.cpp:139] Memory required for data: 717312
I0923 17:57:13.822055 2173474 layer_factory.hpp:77] Creating layer Mprelu6_stage0_L2
I0923 17:57:13.822058 2173474 net.cpp:86] Creating Layer Mprelu6_stage0_L2
I0923 17:57:13.822059 2173474 net.cpp:408] Mprelu6_stage0_L2 <- Mconv6_stage0_L2
I0923 17:57:13.822062 2173474 net.cpp:369] Mprelu6_stage0_L2 -> Mconv6_stage0_L2 (in-place)
I0923 17:57:13.822083 2173474 net.cpp:124] Setting up Mprelu6_stage0_L2
I0923 17:57:13.822085 2173474 net.cpp:131] Top shape: 1 256 2 2 (1024)
I0923 17:57:13.822086 2173474 net.cpp:139] Memory required for data: 721408
I0923 17:57:13.822088 2173474 layer_factory.hpp:77] Creating layer Mconv7_stage0_L2
I0923 17:57:13.822090 2173474 net.cpp:86] Creating Layer Mconv7_stage0_L2
I0923 17:57:13.822091 2173474 net.cpp:408] Mconv7_stage0_L2 <- Mconv6_stage0_L2
I0923 17:57:13.822093 2173474 net.cpp:382] Mconv7_stage0_L2 -> Mconv7_stage0_L2
I0923 17:57:13.830749 2173474 net.cpp:124] Setting up Mconv7_stage0_L2
I0923 17:57:13.830754 2173474 net.cpp:131] Top shape: 1 52 2 2 (208)
I0923 17:57:13.830756 2173474 net.cpp:139] Memory required for data: 722240
I0923 17:57:13.830758 2173474 layer_factory.hpp:77] Creating layer concat_stage1_L2
I0923 17:57:13.830761 2173474 net.cpp:86] Creating Layer concat_stage1_L2
I0923 17:57:13.830763 2173474 net.cpp:408] concat_stage1_L2 <- conv4_4_CPM_prelu4_4_CPM_0_split_1
I0923 17:57:13.830765 2173474 net.cpp:408] concat_stage1_L2 <- Mconv7_stage0_L2
I0923 17:57:13.830767 2173474 net.cpp:382] concat_stage1_L2 -> concat_stage1_L2
I0923 17:57:13.830775 2173474 net.cpp:124] Setting up concat_stage1_L2
I0923 17:57:13.830777 2173474 net.cpp:131] Top shape: 1 180 2 2 (720)
I0923 17:57:13.830778 2173474 net.cpp:139] Memory required for data: 725120
I0923 17:57:13.830780 2173474 layer_factory.hpp:77] Creating layer Mconv1_stage1_L2_0
I0923 17:57:13.830782 2173474 net.cpp:86] Creating Layer Mconv1_stage1_L2_0
I0923 17:57:13.830783 2173474 net.cpp:408] Mconv1_stage1_L2_0 <- concat_stage1_L2
I0923 17:57:13.830785 2173474 net.cpp:382] Mconv1_stage1_L2_0 -> Mconv1_stage1_L2_0
I0923 17:57:13.839824 2173474 net.cpp:124] Setting up Mconv1_stage1_L2_0
I0923 17:57:13.839829 2173474 net.cpp:131] Top shape: 1 128 2 2 (512)
I0923 17:57:13.839831 2173474 net.cpp:139] Memory required for data: 727168
I0923 17:57:13.839834 2173474 layer_factory.hpp:77] Creating layer Mprelu1_stage1_L2_0
I0923 17:57:13.839836 2173474 net.cpp:86] Creating Layer Mprelu1_stage1_L2_0
I0923 17:57:13.839838 2173474 net.cpp:408] Mprelu1_stage1_L2_0 <- Mconv1_stage1_L2_0
I0923 17:57:13.839840 2173474 net.cpp:369] Mprelu1_stage1_L2_0 -> Mconv1_stage1_L2_0 (in-place)
I0923 17:57:13.839860 2173474 net.cpp:124] Setting up Mprelu1_stage1_L2_0
I0923 17:57:13.839862 2173474 net.cpp:131] Top shape: 1 128 2 2 (512)
I0923 17:57:13.839864 2173474 net.cpp:139] Memory required for data: 729216
I0923 17:57:13.839864 2173474 layer_factory.hpp:77] Creating layer Mconv1_stage1_L2_0_Mprelu1_stage1_L2_0_0_split
I0923 17:57:13.839867 2173474 net.cpp:86] Creating Layer Mconv1_stage1_L2_0_Mprelu1_stage1_L2_0_0_split
I0923 17:57:13.839869 2173474 net.cpp:408] Mconv1_stage1_L2_0_Mprelu1_stage1_L2_0_0_split <- Mconv1_stage1_L2_0
I0923 17:57:13.839869 2173474 net.cpp:382] Mconv1_stage1_L2_0_Mprelu1_stage1_L2_0_0_split -> Mconv1_stage1_L2_0_Mprelu1_stage1_L2_0_0_split_0
I0923 17:57:13.839872 2173474 net.cpp:382] Mconv1_stage1_L2_0_Mprelu1_stage1_L2_0_0_split -> Mconv1_stage1_L2_0_Mprelu1_stage1_L2_0_0_split_1
I0923 17:57:13.839879 2173474 net.cpp:124] Setting up Mconv1_stage1_L2_0_Mprelu1_stage1_L2_0_0_split
I0923 17:57:13.839880 2173474 net.cpp:131] Top shape: 1 128 2 2 (512)
I0923 17:57:13.839881 2173474 net.cpp:131] Top shape: 1 128 2 2 (512)
I0923 17:57:13.839882 2173474 net.cpp:139] Memory required for data: 733312
I0923 17:57:13.839883 2173474 layer_factory.hpp:77] Creating layer Mconv1_stage1_L2_1
I0923 17:57:13.839886 2173474 net.cpp:86] Creating Layer Mconv1_stage1_L2_1
I0923 17:57:13.839887 2173474 net.cpp:408] Mconv1_stage1_L2_1 <- Mconv1_stage1_L2_0_Mprelu1_stage1_L2_0_0_split_0
I0923 17:57:13.839890 2173474 net.cpp:382] Mconv1_stage1_L2_1 -> Mconv1_stage1_L2_1
I0923 17:57:13.848778 2173474 net.cpp:124] Setting up Mconv1_stage1_L2_1
I0923 17:57:13.848783 2173474 net.cpp:131] Top shape: 1 128 2 2 (512)
I0923 17:57:13.848786 2173474 net.cpp:139] Memory required for data: 735360
I0923 17:57:13.848788 2173474 layer_factory.hpp:77] Creating layer Mprelu1_stage1_L2_1
I0923 17:57:13.848791 2173474 net.cpp:86] Creating Layer Mprelu1_stage1_L2_1
I0923 17:57:13.848793 2173474 net.cpp:408] Mprelu1_stage1_L2_1 <- Mconv1_stage1_L2_1
I0923 17:57:13.848794 2173474 net.cpp:369] Mprelu1_stage1_L2_1 -> Mconv1_stage1_L2_1 (in-place)
I0923 17:57:13.848817 2173474 net.cpp:124] Setting up Mprelu1_stage1_L2_1
I0923 17:57:13.848819 2173474 net.cpp:131] Top shape: 1 128 2 2 (512)
I0923 17:57:13.848819 2173474 net.cpp:139] Memory required for data: 737408
I0923 17:57:13.848821 2173474 layer_factory.hpp:77] Creating layer Mconv1_stage1_L2_1_Mprelu1_stage1_L2_1_0_split
I0923 17:57:13.848824 2173474 net.cpp:86] Creating Layer Mconv1_stage1_L2_1_Mprelu1_stage1_L2_1_0_split
I0923 17:57:13.848824 2173474 net.cpp:408] Mconv1_stage1_L2_1_Mprelu1_stage1_L2_1_0_split <- Mconv1_stage1_L2_1
I0923 17:57:13.848826 2173474 net.cpp:382] Mconv1_stage1_L2_1_Mprelu1_stage1_L2_1_0_split -> Mconv1_stage1_L2_1_Mprelu1_stage1_L2_1_0_split_0
I0923 17:57:13.848829 2173474 net.cpp:382] Mconv1_stage1_L2_1_Mprelu1_stage1_L2_1_0_split -> Mconv1_stage1_L2_1_Mprelu1_stage1_L2_1_0_split_1
I0923 17:57:13.848835 2173474 net.cpp:124] Setting up Mconv1_stage1_L2_1_Mprelu1_stage1_L2_1_0_split
I0923 17:57:13.848836 2173474 net.cpp:131] Top shape: 1 128 2 2 (512)
I0923 17:57:13.848837 2173474 net.cpp:131] Top shape: 1 128 2 2 (512)
I0923 17:57:13.848838 2173474 net.cpp:139] Memory required for data: 741504
I0923 17:57:13.848839 2173474 layer_factory.hpp:77] Creating layer Mconv1_stage1_L2_2
I0923 17:57:13.848842 2173474 net.cpp:86] Creating Layer Mconv1_stage1_L2_2
I0923 17:57:13.848843 2173474 net.cpp:408] Mconv1_stage1_L2_2 <- Mconv1_stage1_L2_1_Mprelu1_stage1_L2_1_0_split_0
I0923 17:57:13.848845 2173474 net.cpp:382] Mconv1_stage1_L2_2 -> Mconv1_stage1_L2_2
I0923 17:57:13.856498 2173474 net.cpp:124] Setting up Mconv1_stage1_L2_2
I0923 17:57:13.856503 2173474 net.cpp:131] Top shape: 1 128 2 2 (512)
I0923 17:57:13.856505 2173474 net.cpp:139] Memory required for data: 743552
I0923 17:57:13.856508 2173474 layer_factory.hpp:77] Creating layer Mprelu1_stage1_L2_2
I0923 17:57:13.856510 2173474 net.cpp:86] Creating Layer Mprelu1_stage1_L2_2
I0923 17:57:13.856513 2173474 net.cpp:408] Mprelu1_stage1_L2_2 <- Mconv1_stage1_L2_2
I0923 17:57:13.856514 2173474 net.cpp:369] Mprelu1_stage1_L2_2 -> Mconv1_stage1_L2_2 (in-place)
I0923 17:57:13.856534 2173474 net.cpp:124] Setting up Mprelu1_stage1_L2_2
I0923 17:57:13.856534 2173474 net.cpp:131] Top shape: 1 128 2 2 (512)
I0923 17:57:13.856536 2173474 net.cpp:139] Memory required for data: 745600
I0923 17:57:13.856537 2173474 layer_factory.hpp:77] Creating layer Mconv1_stage1_L2_concat
I0923 17:57:13.856539 2173474 net.cpp:86] Creating Layer Mconv1_stage1_L2_concat
I0923 17:57:13.856540 2173474 net.cpp:408] Mconv1_stage1_L2_concat <- Mconv1_stage1_L2_0_Mprelu1_stage1_L2_0_0_split_1
I0923 17:57:13.856542 2173474 net.cpp:408] Mconv1_stage1_L2_concat <- Mconv1_stage1_L2_1_Mprelu1_stage1_L2_1_0_split_1
I0923 17:57:13.856544 2173474 net.cpp:408] Mconv1_stage1_L2_concat <- Mconv1_stage1_L2_2
I0923 17:57:13.856545 2173474 net.cpp:382] Mconv1_stage1_L2_concat -> Mconv1_stage1_L2_concat
I0923 17:57:13.856550 2173474 net.cpp:124] Setting up Mconv1_stage1_L2_concat
I0923 17:57:13.856551 2173474 net.cpp:131] Top shape: 1 384 2 2 (1536)
I0923 17:57:13.856554 2173474 net.cpp:139] Memory required for data: 751744
I0923 17:57:13.856554 2173474 layer_factory.hpp:77] Creating layer Mconv2_stage1_L2_0
I0923 17:57:13.856556 2173474 net.cpp:86] Creating Layer Mconv2_stage1_L2_0
I0923 17:57:13.856559 2173474 net.cpp:408] Mconv2_stage1_L2_0 <- Mconv1_stage1_L2_concat
I0923 17:57:13.856559 2173474 net.cpp:382] Mconv2_stage1_L2_0 -> Mconv2_stage1_L2_0
I0923 17:57:13.866194 2173474 net.cpp:124] Setting up Mconv2_stage1_L2_0
I0923 17:57:13.866199 2173474 net.cpp:131] Top shape: 1 128 2 2 (512)
I0923 17:57:13.866201 2173474 net.cpp:139] Memory required for data: 753792
I0923 17:57:13.866204 2173474 layer_factory.hpp:77] Creating layer Mprelu2_stage1_L2_0
I0923 17:57:13.866206 2173474 net.cpp:86] Creating Layer Mprelu2_stage1_L2_0
I0923 17:57:13.866209 2173474 net.cpp:408] Mprelu2_stage1_L2_0 <- Mconv2_stage1_L2_0
I0923 17:57:13.866210 2173474 net.cpp:369] Mprelu2_stage1_L2_0 -> Mconv2_stage1_L2_0 (in-place)
I0923 17:57:13.866231 2173474 net.cpp:124] Setting up Mprelu2_stage1_L2_0
I0923 17:57:13.866232 2173474 net.cpp:131] Top shape: 1 128 2 2 (512)
I0923 17:57:13.866233 2173474 net.cpp:139] Memory required for data: 755840
I0923 17:57:13.866235 2173474 layer_factory.hpp:77] Creating layer Mconv2_stage1_L2_0_Mprelu2_stage1_L2_0_0_split
I0923 17:57:13.866237 2173474 net.cpp:86] Creating Layer Mconv2_stage1_L2_0_Mprelu2_stage1_L2_0_0_split
I0923 17:57:13.866238 2173474 net.cpp:408] Mconv2_stage1_L2_0_Mprelu2_stage1_L2_0_0_split <- Mconv2_stage1_L2_0
I0923 17:57:13.866240 2173474 net.cpp:382] Mconv2_stage1_L2_0_Mprelu2_stage1_L2_0_0_split -> Mconv2_stage1_L2_0_Mprelu2_stage1_L2_0_0_split_0
I0923 17:57:13.866242 2173474 net.cpp:382] Mconv2_stage1_L2_0_Mprelu2_stage1_L2_0_0_split -> Mconv2_stage1_L2_0_Mprelu2_stage1_L2_0_0_split_1
I0923 17:57:13.866250 2173474 net.cpp:124] Setting up Mconv2_stage1_L2_0_Mprelu2_stage1_L2_0_0_split
I0923 17:57:13.866250 2173474 net.cpp:131] Top shape: 1 128 2 2 (512)
I0923 17:57:13.866251 2173474 net.cpp:131] Top shape: 1 128 2 2 (512)
I0923 17:57:13.866253 2173474 net.cpp:139] Memory required for data: 759936
I0923 17:57:13.866254 2173474 layer_factory.hpp:77] Creating layer Mconv2_stage1_L2_1
I0923 17:57:13.866257 2173474 net.cpp:86] Creating Layer Mconv2_stage1_L2_1
I0923 17:57:13.866258 2173474 net.cpp:408] Mconv2_stage1_L2_1 <- Mconv2_stage1_L2_0_Mprelu2_stage1_L2_0_0_split_0
I0923 17:57:13.866261 2173474 net.cpp:382] Mconv2_stage1_L2_1 -> Mconv2_stage1_L2_1
I0923 17:57:13.875037 2173474 net.cpp:124] Setting up Mconv2_stage1_L2_1
I0923 17:57:13.875042 2173474 net.cpp:131] Top shape: 1 128 2 2 (512)
I0923 17:57:13.875044 2173474 net.cpp:139] Memory required for data: 761984
I0923 17:57:13.875046 2173474 layer_factory.hpp:77] Creating layer Mprelu2_stage1_L2_1
I0923 17:57:13.875049 2173474 net.cpp:86] Creating Layer Mprelu2_stage1_L2_1
I0923 17:57:13.875051 2173474 net.cpp:408] Mprelu2_stage1_L2_1 <- Mconv2_stage1_L2_1
I0923 17:57:13.875053 2173474 net.cpp:369] Mprelu2_stage1_L2_1 -> Mconv2_stage1_L2_1 (in-place)
I0923 17:57:13.875073 2173474 net.cpp:124] Setting up Mprelu2_stage1_L2_1
I0923 17:57:13.875075 2173474 net.cpp:131] Top shape: 1 128 2 2 (512)
I0923 17:57:13.875077 2173474 net.cpp:139] Memory required for data: 764032
I0923 17:57:13.875077 2173474 layer_factory.hpp:77] Creating layer Mconv2_stage1_L2_1_Mprelu2_stage1_L2_1_0_split
I0923 17:57:13.875079 2173474 net.cpp:86] Creating Layer Mconv2_stage1_L2_1_Mprelu2_stage1_L2_1_0_split
I0923 17:57:13.875080 2173474 net.cpp:408] Mconv2_stage1_L2_1_Mprelu2_stage1_L2_1_0_split <- Mconv2_stage1_L2_1
I0923 17:57:13.875082 2173474 net.cpp:382] Mconv2_stage1_L2_1_Mprelu2_stage1_L2_1_0_split -> Mconv2_stage1_L2_1_Mprelu2_stage1_L2_1_0_split_0
I0923 17:57:13.875084 2173474 net.cpp:382] Mconv2_stage1_L2_1_Mprelu2_stage1_L2_1_0_split -> Mconv2_stage1_L2_1_Mprelu2_stage1_L2_1_0_split_1
I0923 17:57:13.875092 2173474 net.cpp:124] Setting up Mconv2_stage1_L2_1_Mprelu2_stage1_L2_1_0_split
I0923 17:57:13.875092 2173474 net.cpp:131] Top shape: 1 128 2 2 (512)
I0923 17:57:13.875093 2173474 net.cpp:131] Top shape: 1 128 2 2 (512)
I0923 17:57:13.875095 2173474 net.cpp:139] Memory required for data: 768128
I0923 17:57:13.875097 2173474 layer_factory.hpp:77] Creating layer Mconv2_stage1_L2_2
I0923 17:57:13.875098 2173474 net.cpp:86] Creating Layer Mconv2_stage1_L2_2
I0923 17:57:13.875099 2173474 net.cpp:408] Mconv2_stage1_L2_2 <- Mconv2_stage1_L2_1_Mprelu2_stage1_L2_1_0_split_0
I0923 17:57:13.875101 2173474 net.cpp:382] Mconv2_stage1_L2_2 -> Mconv2_stage1_L2_2
I0923 17:57:13.883091 2173474 net.cpp:124] Setting up Mconv2_stage1_L2_2
I0923 17:57:13.883096 2173474 net.cpp:131] Top shape: 1 128 2 2 (512)
I0923 17:57:13.883100 2173474 net.cpp:139] Memory required for data: 770176
I0923 17:57:13.883101 2173474 layer_factory.hpp:77] Creating layer Mprelu2_stage1_L2_2
I0923 17:57:13.883104 2173474 net.cpp:86] Creating Layer Mprelu2_stage1_L2_2
I0923 17:57:13.883105 2173474 net.cpp:408] Mprelu2_stage1_L2_2 <- Mconv2_stage1_L2_2
I0923 17:57:13.883107 2173474 net.cpp:369] Mprelu2_stage1_L2_2 -> Mconv2_stage1_L2_2 (in-place)
I0923 17:57:13.883128 2173474 net.cpp:124] Setting up Mprelu2_stage1_L2_2
I0923 17:57:13.883131 2173474 net.cpp:131] Top shape: 1 128 2 2 (512)
I0923 17:57:13.883133 2173474 net.cpp:139] Memory required for data: 772224
I0923 17:57:13.883136 2173474 layer_factory.hpp:77] Creating layer Mconv2_stage1_L2_concat
I0923 17:57:13.883138 2173474 net.cpp:86] Creating Layer Mconv2_stage1_L2_concat
I0923 17:57:13.883139 2173474 net.cpp:408] Mconv2_stage1_L2_concat <- Mconv2_stage1_L2_0_Mprelu2_stage1_L2_0_0_split_1
I0923 17:57:13.883141 2173474 net.cpp:408] Mconv2_stage1_L2_concat <- Mconv2_stage1_L2_1_Mprelu2_stage1_L2_1_0_split_1
I0923 17:57:13.883142 2173474 net.cpp:408] Mconv2_stage1_L2_concat <- Mconv2_stage1_L2_2
I0923 17:57:13.883144 2173474 net.cpp:382] Mconv2_stage1_L2_concat -> Mconv2_stage1_L2_concat
I0923 17:57:13.883149 2173474 net.cpp:124] Setting up Mconv2_stage1_L2_concat
I0923 17:57:13.883150 2173474 net.cpp:131] Top shape: 1 384 2 2 (1536)
I0923 17:57:13.883152 2173474 net.cpp:139] Memory required for data: 778368
I0923 17:57:13.883152 2173474 layer_factory.hpp:77] Creating layer Mconv3_stage1_L2_0
I0923 17:57:13.883155 2173474 net.cpp:86] Creating Layer Mconv3_stage1_L2_0
I0923 17:57:13.883157 2173474 net.cpp:408] Mconv3_stage1_L2_0 <- Mconv2_stage1_L2_concat
I0923 17:57:13.883158 2173474 net.cpp:382] Mconv3_stage1_L2_0 -> Mconv3_stage1_L2_0
I0923 17:57:13.892046 2173474 net.cpp:124] Setting up Mconv3_stage1_L2_0
I0923 17:57:13.892051 2173474 net.cpp:131] Top shape: 1 128 2 2 (512)
I0923 17:57:13.892053 2173474 net.cpp:139] Memory required for data: 780416
I0923 17:57:13.892055 2173474 layer_factory.hpp:77] Creating layer Mprelu3_stage1_L2_0
I0923 17:57:13.892058 2173474 net.cpp:86] Creating Layer Mprelu3_stage1_L2_0
I0923 17:57:13.892060 2173474 net.cpp:408] Mprelu3_stage1_L2_0 <- Mconv3_stage1_L2_0
I0923 17:57:13.892062 2173474 net.cpp:369] Mprelu3_stage1_L2_0 -> Mconv3_stage1_L2_0 (in-place)
I0923 17:57:13.892082 2173474 net.cpp:124] Setting up Mprelu3_stage1_L2_0
I0923 17:57:13.892083 2173474 net.cpp:131] Top shape: 1 128 2 2 (512)
I0923 17:57:13.892084 2173474 net.cpp:139] Memory required for data: 782464
I0923 17:57:13.892086 2173474 layer_factory.hpp:77] Creating layer Mconv3_stage1_L2_0_Mprelu3_stage1_L2_0_0_split
I0923 17:57:13.892088 2173474 net.cpp:86] Creating Layer Mconv3_stage1_L2_0_Mprelu3_stage1_L2_0_0_split
I0923 17:57:13.892089 2173474 net.cpp:408] Mconv3_stage1_L2_0_Mprelu3_stage1_L2_0_0_split <- Mconv3_stage1_L2_0
I0923 17:57:13.892091 2173474 net.cpp:382] Mconv3_stage1_L2_0_Mprelu3_stage1_L2_0_0_split -> Mconv3_stage1_L2_0_Mprelu3_stage1_L2_0_0_split_0
I0923 17:57:13.892093 2173474 net.cpp:382] Mconv3_stage1_L2_0_Mprelu3_stage1_L2_0_0_split -> Mconv3_stage1_L2_0_Mprelu3_stage1_L2_0_0_split_1
I0923 17:57:13.892099 2173474 net.cpp:124] Setting up Mconv3_stage1_L2_0_Mprelu3_stage1_L2_0_0_split
I0923 17:57:13.892102 2173474 net.cpp:131] Top shape: 1 128 2 2 (512)
I0923 17:57:13.892102 2173474 net.cpp:131] Top shape: 1 128 2 2 (512)
I0923 17:57:13.892103 2173474 net.cpp:139] Memory required for data: 786560
I0923 17:57:13.892104 2173474 layer_factory.hpp:77] Creating layer Mconv3_stage1_L2_1
I0923 17:57:13.892107 2173474 net.cpp:86] Creating Layer Mconv3_stage1_L2_1
I0923 17:57:13.892107 2173474 net.cpp:408] Mconv3_stage1_L2_1 <- Mconv3_stage1_L2_0_Mprelu3_stage1_L2_0_0_split_0
I0923 17:57:13.892109 2173474 net.cpp:382] Mconv3_stage1_L2_1 -> Mconv3_stage1_L2_1
I0923 17:57:13.899865 2173474 net.cpp:124] Setting up Mconv3_stage1_L2_1
I0923 17:57:13.899870 2173474 net.cpp:131] Top shape: 1 128 2 2 (512)
I0923 17:57:13.899873 2173474 net.cpp:139] Memory required for data: 788608
I0923 17:57:13.899874 2173474 layer_factory.hpp:77] Creating layer Mprelu3_stage1_L2_1
I0923 17:57:13.899878 2173474 net.cpp:86] Creating Layer Mprelu3_stage1_L2_1
I0923 17:57:13.899878 2173474 net.cpp:408] Mprelu3_stage1_L2_1 <- Mconv3_stage1_L2_1
I0923 17:57:13.899880 2173474 net.cpp:369] Mprelu3_stage1_L2_1 -> Mconv3_stage1_L2_1 (in-place)
I0923 17:57:13.899902 2173474 net.cpp:124] Setting up Mprelu3_stage1_L2_1
I0923 17:57:13.899904 2173474 net.cpp:131] Top shape: 1 128 2 2 (512)
I0923 17:57:13.899905 2173474 net.cpp:139] Memory required for data: 790656
I0923 17:57:13.899906 2173474 layer_factory.hpp:77] Creating layer Mconv3_stage1_L2_1_Mprelu3_stage1_L2_1_0_split
I0923 17:57:13.899909 2173474 net.cpp:86] Creating Layer Mconv3_stage1_L2_1_Mprelu3_stage1_L2_1_0_split
I0923 17:57:13.899909 2173474 net.cpp:408] Mconv3_stage1_L2_1_Mprelu3_stage1_L2_1_0_split <- Mconv3_stage1_L2_1
I0923 17:57:13.899911 2173474 net.cpp:382] Mconv3_stage1_L2_1_Mprelu3_stage1_L2_1_0_split -> Mconv3_stage1_L2_1_Mprelu3_stage1_L2_1_0_split_0
I0923 17:57:13.899914 2173474 net.cpp:382] Mconv3_stage1_L2_1_Mprelu3_stage1_L2_1_0_split -> Mconv3_stage1_L2_1_Mprelu3_stage1_L2_1_0_split_1
I0923 17:57:13.899920 2173474 net.cpp:124] Setting up Mconv3_stage1_L2_1_Mprelu3_stage1_L2_1_0_split
I0923 17:57:13.899922 2173474 net.cpp:131] Top shape: 1 128 2 2 (512)
I0923 17:57:13.899923 2173474 net.cpp:131] Top shape: 1 128 2 2 (512)
I0923 17:57:13.899924 2173474 net.cpp:139] Memory required for data: 794752
I0923 17:57:13.899925 2173474 layer_factory.hpp:77] Creating layer Mconv3_stage1_L2_2
I0923 17:57:13.899928 2173474 net.cpp:86] Creating Layer Mconv3_stage1_L2_2
I0923 17:57:13.899930 2173474 net.cpp:408] Mconv3_stage1_L2_2 <- Mconv3_stage1_L2_1_Mprelu3_stage1_L2_1_0_split_0
I0923 17:57:13.899931 2173474 net.cpp:382] Mconv3_stage1_L2_2 -> Mconv3_stage1_L2_2
I0923 17:57:13.909827 2173474 net.cpp:124] Setting up Mconv3_stage1_L2_2
I0923 17:57:13.909833 2173474 net.cpp:131] Top shape: 1 128 2 2 (512)
I0923 17:57:13.909835 2173474 net.cpp:139] Memory required for data: 796800
I0923 17:57:13.909837 2173474 layer_factory.hpp:77] Creating layer Mprelu3_stage1_L2_2
I0923 17:57:13.909840 2173474 net.cpp:86] Creating Layer Mprelu3_stage1_L2_2
I0923 17:57:13.909842 2173474 net.cpp:408] Mprelu3_stage1_L2_2 <- Mconv3_stage1_L2_2
I0923 17:57:13.909843 2173474 net.cpp:369] Mprelu3_stage1_L2_2 -> Mconv3_stage1_L2_2 (in-place)
I0923 17:57:13.909864 2173474 net.cpp:124] Setting up Mprelu3_stage1_L2_2
I0923 17:57:13.909865 2173474 net.cpp:131] Top shape: 1 128 2 2 (512)
I0923 17:57:13.909868 2173474 net.cpp:139] Memory required for data: 798848
I0923 17:57:13.909868 2173474 layer_factory.hpp:77] Creating layer Mconv3_stage1_L2_concat
I0923 17:57:13.909870 2173474 net.cpp:86] Creating Layer Mconv3_stage1_L2_concat
I0923 17:57:13.909871 2173474 net.cpp:408] Mconv3_stage1_L2_concat <- Mconv3_stage1_L2_0_Mprelu3_stage1_L2_0_0_split_1
I0923 17:57:13.909873 2173474 net.cpp:408] Mconv3_stage1_L2_concat <- Mconv3_stage1_L2_1_Mprelu3_stage1_L2_1_0_split_1
I0923 17:57:13.909874 2173474 net.cpp:408] Mconv3_stage1_L2_concat <- Mconv3_stage1_L2_2
I0923 17:57:13.909875 2173474 net.cpp:382] Mconv3_stage1_L2_concat -> Mconv3_stage1_L2_concat
I0923 17:57:13.909880 2173474 net.cpp:124] Setting up Mconv3_stage1_L2_concat
I0923 17:57:13.909883 2173474 net.cpp:131] Top shape: 1 384 2 2 (1536)
I0923 17:57:13.909883 2173474 net.cpp:139] Memory required for data: 804992
I0923 17:57:13.909884 2173474 layer_factory.hpp:77] Creating layer Mconv4_stage1_L2_0
I0923 17:57:13.909888 2173474 net.cpp:86] Creating Layer Mconv4_stage1_L2_0
I0923 17:57:13.909888 2173474 net.cpp:408] Mconv4_stage1_L2_0 <- Mconv3_stage1_L2_concat
I0923 17:57:13.909890 2173474 net.cpp:382] Mconv4_stage1_L2_0 -> Mconv4_stage1_L2_0
I0923 17:57:13.918751 2173474 net.cpp:124] Setting up Mconv4_stage1_L2_0
I0923 17:57:13.918757 2173474 net.cpp:131] Top shape: 1 128 2 2 (512)
I0923 17:57:13.918759 2173474 net.cpp:139] Memory required for data: 807040
I0923 17:57:13.918761 2173474 layer_factory.hpp:77] Creating layer Mprelu4_stage1_L2_0
I0923 17:57:13.918764 2173474 net.cpp:86] Creating Layer Mprelu4_stage1_L2_0
I0923 17:57:13.918766 2173474 net.cpp:408] Mprelu4_stage1_L2_0 <- Mconv4_stage1_L2_0
I0923 17:57:13.918767 2173474 net.cpp:369] Mprelu4_stage1_L2_0 -> Mconv4_stage1_L2_0 (in-place)
I0923 17:57:13.918787 2173474 net.cpp:124] Setting up Mprelu4_stage1_L2_0
I0923 17:57:13.918788 2173474 net.cpp:131] Top shape: 1 128 2 2 (512)
I0923 17:57:13.918790 2173474 net.cpp:139] Memory required for data: 809088
I0923 17:57:13.918792 2173474 layer_factory.hpp:77] Creating layer Mconv4_stage1_L2_0_Mprelu4_stage1_L2_0_0_split
I0923 17:57:13.918793 2173474 net.cpp:86] Creating Layer Mconv4_stage1_L2_0_Mprelu4_stage1_L2_0_0_split
I0923 17:57:13.918794 2173474 net.cpp:408] Mconv4_stage1_L2_0_Mprelu4_stage1_L2_0_0_split <- Mconv4_stage1_L2_0
I0923 17:57:13.918795 2173474 net.cpp:382] Mconv4_stage1_L2_0_Mprelu4_stage1_L2_0_0_split -> Mconv4_stage1_L2_0_Mprelu4_stage1_L2_0_0_split_0
I0923 17:57:13.918798 2173474 net.cpp:382] Mconv4_stage1_L2_0_Mprelu4_stage1_L2_0_0_split -> Mconv4_stage1_L2_0_Mprelu4_stage1_L2_0_0_split_1
I0923 17:57:13.918804 2173474 net.cpp:124] Setting up Mconv4_stage1_L2_0_Mprelu4_stage1_L2_0_0_split
I0923 17:57:13.918805 2173474 net.cpp:131] Top shape: 1 128 2 2 (512)
I0923 17:57:13.918807 2173474 net.cpp:131] Top shape: 1 128 2 2 (512)
I0923 17:57:13.918808 2173474 net.cpp:139] Memory required for data: 813184
I0923 17:57:13.918809 2173474 layer_factory.hpp:77] Creating layer Mconv4_stage1_L2_1
I0923 17:57:13.918812 2173474 net.cpp:86] Creating Layer Mconv4_stage1_L2_1
I0923 17:57:13.918812 2173474 net.cpp:408] Mconv4_stage1_L2_1 <- Mconv4_stage1_L2_0_Mprelu4_stage1_L2_0_0_split_0
I0923 17:57:13.918814 2173474 net.cpp:382] Mconv4_stage1_L2_1 -> Mconv4_stage1_L2_1
I0923 17:57:13.927807 2173474 net.cpp:124] Setting up Mconv4_stage1_L2_1
I0923 17:57:13.927812 2173474 net.cpp:131] Top shape: 1 128 2 2 (512)
I0923 17:57:13.927814 2173474 net.cpp:139] Memory required for data: 815232
I0923 17:57:13.927817 2173474 layer_factory.hpp:77] Creating layer Mprelu4_stage1_L2_1
I0923 17:57:13.927819 2173474 net.cpp:86] Creating Layer Mprelu4_stage1_L2_1
I0923 17:57:13.927821 2173474 net.cpp:408] Mprelu4_stage1_L2_1 <- Mconv4_stage1_L2_1
I0923 17:57:13.927824 2173474 net.cpp:369] Mprelu4_stage1_L2_1 -> Mconv4_stage1_L2_1 (in-place)
I0923 17:57:13.927843 2173474 net.cpp:124] Setting up Mprelu4_stage1_L2_1
I0923 17:57:13.927845 2173474 net.cpp:131] Top shape: 1 128 2 2 (512)
I0923 17:57:13.927846 2173474 net.cpp:139] Memory required for data: 817280
I0923 17:57:13.927847 2173474 layer_factory.hpp:77] Creating layer Mconv4_stage1_L2_1_Mprelu4_stage1_L2_1_0_split
I0923 17:57:13.927850 2173474 net.cpp:86] Creating Layer Mconv4_stage1_L2_1_Mprelu4_stage1_L2_1_0_split
I0923 17:57:13.927850 2173474 net.cpp:408] Mconv4_stage1_L2_1_Mprelu4_stage1_L2_1_0_split <- Mconv4_stage1_L2_1
I0923 17:57:13.927852 2173474 net.cpp:382] Mconv4_stage1_L2_1_Mprelu4_stage1_L2_1_0_split -> Mconv4_stage1_L2_1_Mprelu4_stage1_L2_1_0_split_0
I0923 17:57:13.927855 2173474 net.cpp:382] Mconv4_stage1_L2_1_Mprelu4_stage1_L2_1_0_split -> Mconv4_stage1_L2_1_Mprelu4_stage1_L2_1_0_split_1
I0923 17:57:13.927861 2173474 net.cpp:124] Setting up Mconv4_stage1_L2_1_Mprelu4_stage1_L2_1_0_split
I0923 17:57:13.927863 2173474 net.cpp:131] Top shape: 1 128 2 2 (512)
I0923 17:57:13.927865 2173474 net.cpp:131] Top shape: 1 128 2 2 (512)
I0923 17:57:13.927865 2173474 net.cpp:139] Memory required for data: 821376
I0923 17:57:13.927866 2173474 layer_factory.hpp:77] Creating layer Mconv4_stage1_L2_2
I0923 17:57:13.927868 2173474 net.cpp:86] Creating Layer Mconv4_stage1_L2_2
I0923 17:57:13.927870 2173474 net.cpp:408] Mconv4_stage1_L2_2 <- Mconv4_stage1_L2_1_Mprelu4_stage1_L2_1_0_split_0
I0923 17:57:13.927872 2173474 net.cpp:382] Mconv4_stage1_L2_2 -> Mconv4_stage1_L2_2
I0923 17:57:13.935933 2173474 net.cpp:124] Setting up Mconv4_stage1_L2_2
I0923 17:57:13.935940 2173474 net.cpp:131] Top shape: 1 128 2 2 (512)
I0923 17:57:13.935941 2173474 net.cpp:139] Memory required for data: 823424
I0923 17:57:13.935943 2173474 layer_factory.hpp:77] Creating layer Mprelu4_stage1_L2_2
I0923 17:57:13.935946 2173474 net.cpp:86] Creating Layer Mprelu4_stage1_L2_2
I0923 17:57:13.935948 2173474 net.cpp:408] Mprelu4_stage1_L2_2 <- Mconv4_stage1_L2_2
I0923 17:57:13.935950 2173474 net.cpp:369] Mprelu4_stage1_L2_2 -> Mconv4_stage1_L2_2 (in-place)
I0923 17:57:13.935971 2173474 net.cpp:124] Setting up Mprelu4_stage1_L2_2
I0923 17:57:13.935972 2173474 net.cpp:131] Top shape: 1 128 2 2 (512)
I0923 17:57:13.935973 2173474 net.cpp:139] Memory required for data: 825472
I0923 17:57:13.935974 2173474 layer_factory.hpp:77] Creating layer Mconv4_stage1_L2_concat
I0923 17:57:13.935977 2173474 net.cpp:86] Creating Layer Mconv4_stage1_L2_concat
I0923 17:57:13.935978 2173474 net.cpp:408] Mconv4_stage1_L2_concat <- Mconv4_stage1_L2_0_Mprelu4_stage1_L2_0_0_split_1
I0923 17:57:13.935979 2173474 net.cpp:408] Mconv4_stage1_L2_concat <- Mconv4_stage1_L2_1_Mprelu4_stage1_L2_1_0_split_1
I0923 17:57:13.935981 2173474 net.cpp:408] Mconv4_stage1_L2_concat <- Mconv4_stage1_L2_2
I0923 17:57:13.935983 2173474 net.cpp:382] Mconv4_stage1_L2_concat -> Mconv4_stage1_L2_concat
I0923 17:57:13.935987 2173474 net.cpp:124] Setting up Mconv4_stage1_L2_concat
I0923 17:57:13.935989 2173474 net.cpp:131] Top shape: 1 384 2 2 (1536)
I0923 17:57:13.935990 2173474 net.cpp:139] Memory required for data: 831616
I0923 17:57:13.935992 2173474 layer_factory.hpp:77] Creating layer Mconv5_stage1_L2_0
I0923 17:57:13.935994 2173474 net.cpp:86] Creating Layer Mconv5_stage1_L2_0
I0923 17:57:13.935995 2173474 net.cpp:408] Mconv5_stage1_L2_0 <- Mconv4_stage1_L2_concat
I0923 17:57:13.935997 2173474 net.cpp:382] Mconv5_stage1_L2_0 -> Mconv5_stage1_L2_0
I0923 17:57:13.945641 2173474 net.cpp:124] Setting up Mconv5_stage1_L2_0
I0923 17:57:13.945647 2173474 net.cpp:131] Top shape: 1 128 2 2 (512)
I0923 17:57:13.945648 2173474 net.cpp:139] Memory required for data: 833664
I0923 17:57:13.945650 2173474 layer_factory.hpp:77] Creating layer Mprelu5_stage1_L2_0
I0923 17:57:13.945653 2173474 net.cpp:86] Creating Layer Mprelu5_stage1_L2_0
I0923 17:57:13.945655 2173474 net.cpp:408] Mprelu5_stage1_L2_0 <- Mconv5_stage1_L2_0
I0923 17:57:13.945657 2173474 net.cpp:369] Mprelu5_stage1_L2_0 -> Mconv5_stage1_L2_0 (in-place)
I0923 17:57:13.945678 2173474 net.cpp:124] Setting up Mprelu5_stage1_L2_0
I0923 17:57:13.945679 2173474 net.cpp:131] Top shape: 1 128 2 2 (512)
I0923 17:57:13.945680 2173474 net.cpp:139] Memory required for data: 835712
I0923 17:57:13.945683 2173474 layer_factory.hpp:77] Creating layer Mconv5_stage1_L2_0_Mprelu5_stage1_L2_0_0_split
I0923 17:57:13.945684 2173474 net.cpp:86] Creating Layer Mconv5_stage1_L2_0_Mprelu5_stage1_L2_0_0_split
I0923 17:57:13.945685 2173474 net.cpp:408] Mconv5_stage1_L2_0_Mprelu5_stage1_L2_0_0_split <- Mconv5_stage1_L2_0
I0923 17:57:13.945688 2173474 net.cpp:382] Mconv5_stage1_L2_0_Mprelu5_stage1_L2_0_0_split -> Mconv5_stage1_L2_0_Mprelu5_stage1_L2_0_0_split_0
I0923 17:57:13.945689 2173474 net.cpp:382] Mconv5_stage1_L2_0_Mprelu5_stage1_L2_0_0_split -> Mconv5_stage1_L2_0_Mprelu5_stage1_L2_0_0_split_1
I0923 17:57:13.945696 2173474 net.cpp:124] Setting up Mconv5_stage1_L2_0_Mprelu5_stage1_L2_0_0_split
I0923 17:57:13.945698 2173474 net.cpp:131] Top shape: 1 128 2 2 (512)
I0923 17:57:13.945698 2173474 net.cpp:131] Top shape: 1 128 2 2 (512)
I0923 17:57:13.945699 2173474 net.cpp:139] Memory required for data: 839808
I0923 17:57:13.945700 2173474 layer_factory.hpp:77] Creating layer Mconv5_stage1_L2_1
I0923 17:57:13.945703 2173474 net.cpp:86] Creating Layer Mconv5_stage1_L2_1
I0923 17:57:13.945704 2173474 net.cpp:408] Mconv5_stage1_L2_1 <- Mconv5_stage1_L2_0_Mprelu5_stage1_L2_0_0_split_0
I0923 17:57:13.945706 2173474 net.cpp:382] Mconv5_stage1_L2_1 -> Mconv5_stage1_L2_1
I0923 17:57:13.954495 2173474 net.cpp:124] Setting up Mconv5_stage1_L2_1
I0923 17:57:13.954500 2173474 net.cpp:131] Top shape: 1 128 2 2 (512)
I0923 17:57:13.954502 2173474 net.cpp:139] Memory required for data: 841856
I0923 17:57:13.954504 2173474 layer_factory.hpp:77] Creating layer Mprelu5_stage1_L2_1
I0923 17:57:13.954507 2173474 net.cpp:86] Creating Layer Mprelu5_stage1_L2_1
I0923 17:57:13.954509 2173474 net.cpp:408] Mprelu5_stage1_L2_1 <- Mconv5_stage1_L2_1
I0923 17:57:13.954511 2173474 net.cpp:369] Mprelu5_stage1_L2_1 -> Mconv5_stage1_L2_1 (in-place)
I0923 17:57:13.954532 2173474 net.cpp:124] Setting up Mprelu5_stage1_L2_1
I0923 17:57:13.954533 2173474 net.cpp:131] Top shape: 1 128 2 2 (512)
I0923 17:57:13.954535 2173474 net.cpp:139] Memory required for data: 843904
I0923 17:57:13.954536 2173474 layer_factory.hpp:77] Creating layer Mconv5_stage1_L2_1_Mprelu5_stage1_L2_1_0_split
I0923 17:57:13.954538 2173474 net.cpp:86] Creating Layer Mconv5_stage1_L2_1_Mprelu5_stage1_L2_1_0_split
I0923 17:57:13.954540 2173474 net.cpp:408] Mconv5_stage1_L2_1_Mprelu5_stage1_L2_1_0_split <- Mconv5_stage1_L2_1
I0923 17:57:13.954541 2173474 net.cpp:382] Mconv5_stage1_L2_1_Mprelu5_stage1_L2_1_0_split -> Mconv5_stage1_L2_1_Mprelu5_stage1_L2_1_0_split_0
I0923 17:57:13.954543 2173474 net.cpp:382] Mconv5_stage1_L2_1_Mprelu5_stage1_L2_1_0_split -> Mconv5_stage1_L2_1_Mprelu5_stage1_L2_1_0_split_1
I0923 17:57:13.954550 2173474 net.cpp:124] Setting up Mconv5_stage1_L2_1_Mprelu5_stage1_L2_1_0_split
I0923 17:57:13.954551 2173474 net.cpp:131] Top shape: 1 128 2 2 (512)
I0923 17:57:13.954552 2173474 net.cpp:131] Top shape: 1 128 2 2 (512)
I0923 17:57:13.954555 2173474 net.cpp:139] Memory required for data: 848000
I0923 17:57:13.954555 2173474 layer_factory.hpp:77] Creating layer Mconv5_stage1_L2_2
I0923 17:57:13.954557 2173474 net.cpp:86] Creating Layer Mconv5_stage1_L2_2
I0923 17:57:13.954559 2173474 net.cpp:408] Mconv5_stage1_L2_2 <- Mconv5_stage1_L2_1_Mprelu5_stage1_L2_1_0_split_0
I0923 17:57:13.954560 2173474 net.cpp:382] Mconv5_stage1_L2_2 -> Mconv5_stage1_L2_2
I0923 17:57:13.963145 2173474 net.cpp:124] Setting up Mconv5_stage1_L2_2
I0923 17:57:13.963150 2173474 net.cpp:131] Top shape: 1 128 2 2 (512)
I0923 17:57:13.963151 2173474 net.cpp:139] Memory required for data: 850048
I0923 17:57:13.963153 2173474 layer_factory.hpp:77] Creating layer Mprelu5_stage1_L2_2
I0923 17:57:13.963156 2173474 net.cpp:86] Creating Layer Mprelu5_stage1_L2_2
I0923 17:57:13.963157 2173474 net.cpp:408] Mprelu5_stage1_L2_2 <- Mconv5_stage1_L2_2
I0923 17:57:13.963160 2173474 net.cpp:369] Mprelu5_stage1_L2_2 -> Mconv5_stage1_L2_2 (in-place)
I0923 17:57:13.963181 2173474 net.cpp:124] Setting up Mprelu5_stage1_L2_2
I0923 17:57:13.963182 2173474 net.cpp:131] Top shape: 1 128 2 2 (512)
I0923 17:57:13.963183 2173474 net.cpp:139] Memory required for data: 852096
I0923 17:57:13.963184 2173474 layer_factory.hpp:77] Creating layer Mconv5_stage1_L2_concat
I0923 17:57:13.963186 2173474 net.cpp:86] Creating Layer Mconv5_stage1_L2_concat
I0923 17:57:13.963188 2173474 net.cpp:408] Mconv5_stage1_L2_concat <- Mconv5_stage1_L2_0_Mprelu5_stage1_L2_0_0_split_1
I0923 17:57:13.963189 2173474 net.cpp:408] Mconv5_stage1_L2_concat <- Mconv5_stage1_L2_1_Mprelu5_stage1_L2_1_0_split_1
I0923 17:57:13.963191 2173474 net.cpp:408] Mconv5_stage1_L2_concat <- Mconv5_stage1_L2_2
I0923 17:57:13.963192 2173474 net.cpp:382] Mconv5_stage1_L2_concat -> Mconv5_stage1_L2_concat
I0923 17:57:13.963197 2173474 net.cpp:124] Setting up Mconv5_stage1_L2_concat
I0923 17:57:13.963198 2173474 net.cpp:131] Top shape: 1 384 2 2 (1536)
I0923 17:57:13.963200 2173474 net.cpp:139] Memory required for data: 858240
I0923 17:57:13.963201 2173474 layer_factory.hpp:77] Creating layer Mconv6_stage1_L2
I0923 17:57:13.963203 2173474 net.cpp:86] Creating Layer Mconv6_stage1_L2
I0923 17:57:13.963204 2173474 net.cpp:408] Mconv6_stage1_L2 <- Mconv5_stage1_L2_concat
I0923 17:57:13.963207 2173474 net.cpp:382] Mconv6_stage1_L2 -> Mconv6_stage1_L2
I0923 17:57:13.971148 2173474 net.cpp:124] Setting up Mconv6_stage1_L2
I0923 17:57:13.971153 2173474 net.cpp:131] Top shape: 1 512 2 2 (2048)
I0923 17:57:13.971155 2173474 net.cpp:139] Memory required for data: 866432
I0923 17:57:13.971158 2173474 layer_factory.hpp:77] Creating layer Mprelu6_stage1_L2
I0923 17:57:13.971160 2173474 net.cpp:86] Creating Layer Mprelu6_stage1_L2
I0923 17:57:13.971163 2173474 net.cpp:408] Mprelu6_stage1_L2 <- Mconv6_stage1_L2
I0923 17:57:13.971164 2173474 net.cpp:369] Mprelu6_stage1_L2 -> Mconv6_stage1_L2 (in-place)
I0923 17:57:13.971185 2173474 net.cpp:124] Setting up Mprelu6_stage1_L2
I0923 17:57:13.971187 2173474 net.cpp:131] Top shape: 1 512 2 2 (2048)
I0923 17:57:13.971189 2173474 net.cpp:139] Memory required for data: 874624
I0923 17:57:13.971189 2173474 layer_factory.hpp:77] Creating layer Mconv7_stage1_L2
I0923 17:57:13.971192 2173474 net.cpp:86] Creating Layer Mconv7_stage1_L2
I0923 17:57:13.971194 2173474 net.cpp:408] Mconv7_stage1_L2 <- Mconv6_stage1_L2
I0923 17:57:13.971195 2173474 net.cpp:382] Mconv7_stage1_L2 -> Mconv7_stage1_L2
I0923 17:57:13.979175 2173474 net.cpp:124] Setting up Mconv7_stage1_L2
I0923 17:57:13.979180 2173474 net.cpp:131] Top shape: 1 52 2 2 (208)
I0923 17:57:13.979182 2173474 net.cpp:139] Memory required for data: 875456
I0923 17:57:13.979184 2173474 layer_factory.hpp:77] Creating layer concat_stage2_L2
I0923 17:57:13.979187 2173474 net.cpp:86] Creating Layer concat_stage2_L2
I0923 17:57:13.979189 2173474 net.cpp:408] concat_stage2_L2 <- conv4_4_CPM_prelu4_4_CPM_0_split_2
I0923 17:57:13.979192 2173474 net.cpp:408] concat_stage2_L2 <- Mconv7_stage1_L2
I0923 17:57:13.979193 2173474 net.cpp:382] concat_stage2_L2 -> concat_stage2_L2
I0923 17:57:13.979202 2173474 net.cpp:124] Setting up concat_stage2_L2
I0923 17:57:13.979202 2173474 net.cpp:131] Top shape: 1 180 2 2 (720)
I0923 17:57:13.979204 2173474 net.cpp:139] Memory required for data: 878336
I0923 17:57:13.979205 2173474 layer_factory.hpp:77] Creating layer Mconv1_stage2_L2_0
I0923 17:57:13.979207 2173474 net.cpp:86] Creating Layer Mconv1_stage2_L2_0
I0923 17:57:13.979209 2173474 net.cpp:408] Mconv1_stage2_L2_0 <- concat_stage2_L2
I0923 17:57:13.979210 2173474 net.cpp:382] Mconv1_stage2_L2_0 -> Mconv1_stage2_L2_0
I0923 17:57:13.987850 2173474 net.cpp:124] Setting up Mconv1_stage2_L2_0
I0923 17:57:13.987855 2173474 net.cpp:131] Top shape: 1 128 2 2 (512)
I0923 17:57:13.987857 2173474 net.cpp:139] Memory required for data: 880384
I0923 17:57:13.987862 2173474 layer_factory.hpp:77] Creating layer Mprelu1_stage2_L2_0
I0923 17:57:13.987865 2173474 net.cpp:86] Creating Layer Mprelu1_stage2_L2_0
I0923 17:57:13.987867 2173474 net.cpp:408] Mprelu1_stage2_L2_0 <- Mconv1_stage2_L2_0
I0923 17:57:13.987869 2173474 net.cpp:369] Mprelu1_stage2_L2_0 -> Mconv1_stage2_L2_0 (in-place)
I0923 17:57:13.987891 2173474 net.cpp:124] Setting up Mprelu1_stage2_L2_0
I0923 17:57:13.987893 2173474 net.cpp:131] Top shape: 1 128 2 2 (512)
I0923 17:57:13.987895 2173474 net.cpp:139] Memory required for data: 882432
I0923 17:57:13.987895 2173474 layer_factory.hpp:77] Creating layer Mconv1_stage2_L2_0_Mprelu1_stage2_L2_0_0_split
I0923 17:57:13.987897 2173474 net.cpp:86] Creating Layer Mconv1_stage2_L2_0_Mprelu1_stage2_L2_0_0_split
I0923 17:57:13.987900 2173474 net.cpp:408] Mconv1_stage2_L2_0_Mprelu1_stage2_L2_0_0_split <- Mconv1_stage2_L2_0
I0923 17:57:13.987900 2173474 net.cpp:382] Mconv1_stage2_L2_0_Mprelu1_stage2_L2_0_0_split -> Mconv1_stage2_L2_0_Mprelu1_stage2_L2_0_0_split_0
I0923 17:57:13.987903 2173474 net.cpp:382] Mconv1_stage2_L2_0_Mprelu1_stage2_L2_0_0_split -> Mconv1_stage2_L2_0_Mprelu1_stage2_L2_0_0_split_1
I0923 17:57:13.987910 2173474 net.cpp:124] Setting up Mconv1_stage2_L2_0_Mprelu1_stage2_L2_0_0_split
I0923 17:57:13.987911 2173474 net.cpp:131] Top shape: 1 128 2 2 (512)
I0923 17:57:13.987912 2173474 net.cpp:131] Top shape: 1 128 2 2 (512)
I0923 17:57:13.987914 2173474 net.cpp:139] Memory required for data: 886528
I0923 17:57:13.987915 2173474 layer_factory.hpp:77] Creating layer Mconv1_stage2_L2_1
I0923 17:57:13.987917 2173474 net.cpp:86] Creating Layer Mconv1_stage2_L2_1
I0923 17:57:13.987919 2173474 net.cpp:408] Mconv1_stage2_L2_1 <- Mconv1_stage2_L2_0_Mprelu1_stage2_L2_0_0_split_0
I0923 17:57:13.987920 2173474 net.cpp:382] Mconv1_stage2_L2_1 -> Mconv1_stage2_L2_1
I0923 17:57:13.996001 2173474 net.cpp:124] Setting up Mconv1_stage2_L2_1
I0923 17:57:13.996006 2173474 net.cpp:131] Top shape: 1 128 2 2 (512)
I0923 17:57:13.996008 2173474 net.cpp:139] Memory required for data: 888576
I0923 17:57:13.996011 2173474 layer_factory.hpp:77] Creating layer Mprelu1_stage2_L2_1
I0923 17:57:13.996013 2173474 net.cpp:86] Creating Layer Mprelu1_stage2_L2_1
I0923 17:57:13.996016 2173474 net.cpp:408] Mprelu1_stage2_L2_1 <- Mconv1_stage2_L2_1
I0923 17:57:13.996017 2173474 net.cpp:369] Mprelu1_stage2_L2_1 -> Mconv1_stage2_L2_1 (in-place)
I0923 17:57:13.996037 2173474 net.cpp:124] Setting up Mprelu1_stage2_L2_1
I0923 17:57:13.996039 2173474 net.cpp:131] Top shape: 1 128 2 2 (512)
I0923 17:57:13.996040 2173474 net.cpp:139] Memory required for data: 890624
I0923 17:57:13.996042 2173474 layer_factory.hpp:77] Creating layer Mconv1_stage2_L2_1_Mprelu1_stage2_L2_1_0_split
I0923 17:57:13.996043 2173474 net.cpp:86] Creating Layer Mconv1_stage2_L2_1_Mprelu1_stage2_L2_1_0_split
I0923 17:57:13.996044 2173474 net.cpp:408] Mconv1_stage2_L2_1_Mprelu1_stage2_L2_1_0_split <- Mconv1_stage2_L2_1
I0923 17:57:13.996047 2173474 net.cpp:382] Mconv1_stage2_L2_1_Mprelu1_stage2_L2_1_0_split -> Mconv1_stage2_L2_1_Mprelu1_stage2_L2_1_0_split_0
I0923 17:57:13.996048 2173474 net.cpp:382] Mconv1_stage2_L2_1_Mprelu1_stage2_L2_1_0_split -> Mconv1_stage2_L2_1_Mprelu1_stage2_L2_1_0_split_1
I0923 17:57:13.996055 2173474 net.cpp:124] Setting up Mconv1_stage2_L2_1_Mprelu1_stage2_L2_1_0_split
I0923 17:57:13.996057 2173474 net.cpp:131] Top shape: 1 128 2 2 (512)
I0923 17:57:13.996058 2173474 net.cpp:131] Top shape: 1 128 2 2 (512)
I0923 17:57:13.996059 2173474 net.cpp:139] Memory required for data: 894720
I0923 17:57:13.996060 2173474 layer_factory.hpp:77] Creating layer Mconv1_stage2_L2_2
I0923 17:57:13.996062 2173474 net.cpp:86] Creating Layer Mconv1_stage2_L2_2
I0923 17:57:13.996064 2173474 net.cpp:408] Mconv1_stage2_L2_2 <- Mconv1_stage2_L2_1_Mprelu1_stage2_L2_1_0_split_0
I0923 17:57:13.996065 2173474 net.cpp:382] Mconv1_stage2_L2_2 -> Mconv1_stage2_L2_2
I0923 17:57:14.004773 2173474 net.cpp:124] Setting up Mconv1_stage2_L2_2
I0923 17:57:14.004778 2173474 net.cpp:131] Top shape: 1 128 2 2 (512)
I0923 17:57:14.004781 2173474 net.cpp:139] Memory required for data: 896768
I0923 17:57:14.004783 2173474 layer_factory.hpp:77] Creating layer Mprelu1_stage2_L2_2
I0923 17:57:14.004786 2173474 net.cpp:86] Creating Layer Mprelu1_stage2_L2_2
I0923 17:57:14.004787 2173474 net.cpp:408] Mprelu1_stage2_L2_2 <- Mconv1_stage2_L2_2
I0923 17:57:14.004789 2173474 net.cpp:369] Mprelu1_stage2_L2_2 -> Mconv1_stage2_L2_2 (in-place)
I0923 17:57:14.004812 2173474 net.cpp:124] Setting up Mprelu1_stage2_L2_2
I0923 17:57:14.004812 2173474 net.cpp:131] Top shape: 1 128 2 2 (512)
I0923 17:57:14.004813 2173474 net.cpp:139] Memory required for data: 898816
I0923 17:57:14.004814 2173474 layer_factory.hpp:77] Creating layer Mconv1_stage2_L2_concat
I0923 17:57:14.004817 2173474 net.cpp:86] Creating Layer Mconv1_stage2_L2_concat
I0923 17:57:14.004818 2173474 net.cpp:408] Mconv1_stage2_L2_concat <- Mconv1_stage2_L2_0_Mprelu1_stage2_L2_0_0_split_1
I0923 17:57:14.004819 2173474 net.cpp:408] Mconv1_stage2_L2_concat <- Mconv1_stage2_L2_1_Mprelu1_stage2_L2_1_0_split_1
I0923 17:57:14.004822 2173474 net.cpp:408] Mconv1_stage2_L2_concat <- Mconv1_stage2_L2_2
I0923 17:57:14.004823 2173474 net.cpp:382] Mconv1_stage2_L2_concat -> Mconv1_stage2_L2_concat
I0923 17:57:14.004828 2173474 net.cpp:124] Setting up Mconv1_stage2_L2_concat
I0923 17:57:14.004829 2173474 net.cpp:131] Top shape: 1 384 2 2 (1536)
I0923 17:57:14.004830 2173474 net.cpp:139] Memory required for data: 904960
I0923 17:57:14.004832 2173474 layer_factory.hpp:77] Creating layer Mconv2_stage2_L2_0
I0923 17:57:14.004834 2173474 net.cpp:86] Creating Layer Mconv2_stage2_L2_0
I0923 17:57:14.004835 2173474 net.cpp:408] Mconv2_stage2_L2_0 <- Mconv1_stage2_L2_concat
I0923 17:57:14.004837 2173474 net.cpp:382] Mconv2_stage2_L2_0 -> Mconv2_stage2_L2_0
I0923 17:57:14.013764 2173474 net.cpp:124] Setting up Mconv2_stage2_L2_0
I0923 17:57:14.013770 2173474 net.cpp:131] Top shape: 1 128 2 2 (512)
I0923 17:57:14.013772 2173474 net.cpp:139] Memory required for data: 907008
I0923 17:57:14.013774 2173474 layer_factory.hpp:77] Creating layer Mprelu2_stage2_L2_0
I0923 17:57:14.013777 2173474 net.cpp:86] Creating Layer Mprelu2_stage2_L2_0
I0923 17:57:14.013779 2173474 net.cpp:408] Mprelu2_stage2_L2_0 <- Mconv2_stage2_L2_0
I0923 17:57:14.013782 2173474 net.cpp:369] Mprelu2_stage2_L2_0 -> Mconv2_stage2_L2_0 (in-place)
I0923 17:57:14.013801 2173474 net.cpp:124] Setting up Mprelu2_stage2_L2_0
I0923 17:57:14.013803 2173474 net.cpp:131] Top shape: 1 128 2 2 (512)
I0923 17:57:14.013803 2173474 net.cpp:139] Memory required for data: 909056
I0923 17:57:14.013805 2173474 layer_factory.hpp:77] Creating layer Mconv2_stage2_L2_0_Mprelu2_stage2_L2_0_0_split
I0923 17:57:14.013808 2173474 net.cpp:86] Creating Layer Mconv2_stage2_L2_0_Mprelu2_stage2_L2_0_0_split
I0923 17:57:14.013808 2173474 net.cpp:408] Mconv2_stage2_L2_0_Mprelu2_stage2_L2_0_0_split <- Mconv2_stage2_L2_0
I0923 17:57:14.013809 2173474 net.cpp:382] Mconv2_stage2_L2_0_Mprelu2_stage2_L2_0_0_split -> Mconv2_stage2_L2_0_Mprelu2_stage2_L2_0_0_split_0
I0923 17:57:14.013813 2173474 net.cpp:382] Mconv2_stage2_L2_0_Mprelu2_stage2_L2_0_0_split -> Mconv2_stage2_L2_0_Mprelu2_stage2_L2_0_0_split_1
I0923 17:57:14.013818 2173474 net.cpp:124] Setting up Mconv2_stage2_L2_0_Mprelu2_stage2_L2_0_0_split
I0923 17:57:14.013820 2173474 net.cpp:131] Top shape: 1 128 2 2 (512)
I0923 17:57:14.013821 2173474 net.cpp:131] Top shape: 1 128 2 2 (512)
I0923 17:57:14.013823 2173474 net.cpp:139] Memory required for data: 913152
I0923 17:57:14.013823 2173474 layer_factory.hpp:77] Creating layer Mconv2_stage2_L2_1
I0923 17:57:14.013826 2173474 net.cpp:86] Creating Layer Mconv2_stage2_L2_1
I0923 17:57:14.013827 2173474 net.cpp:408] Mconv2_stage2_L2_1 <- Mconv2_stage2_L2_0_Mprelu2_stage2_L2_0_0_split_0
I0923 17:57:14.013829 2173474 net.cpp:382] Mconv2_stage2_L2_1 -> Mconv2_stage2_L2_1
I0923 17:57:14.022265 2173474 net.cpp:124] Setting up Mconv2_stage2_L2_1
I0923 17:57:14.022270 2173474 net.cpp:131] Top shape: 1 128 2 2 (512)
I0923 17:57:14.022274 2173474 net.cpp:139] Memory required for data: 915200
I0923 17:57:14.022275 2173474 layer_factory.hpp:77] Creating layer Mprelu2_stage2_L2_1
I0923 17:57:14.022279 2173474 net.cpp:86] Creating Layer Mprelu2_stage2_L2_1
I0923 17:57:14.022279 2173474 net.cpp:408] Mprelu2_stage2_L2_1 <- Mconv2_stage2_L2_1
I0923 17:57:14.022281 2173474 net.cpp:369] Mprelu2_stage2_L2_1 -> Mconv2_stage2_L2_1 (in-place)
I0923 17:57:14.022302 2173474 net.cpp:124] Setting up Mprelu2_stage2_L2_1
I0923 17:57:14.022303 2173474 net.cpp:131] Top shape: 1 128 2 2 (512)
I0923 17:57:14.022305 2173474 net.cpp:139] Memory required for data: 917248
I0923 17:57:14.022306 2173474 layer_factory.hpp:77] Creating layer Mconv2_stage2_L2_1_Mprelu2_stage2_L2_1_0_split
I0923 17:57:14.022308 2173474 net.cpp:86] Creating Layer Mconv2_stage2_L2_1_Mprelu2_stage2_L2_1_0_split
I0923 17:57:14.022310 2173474 net.cpp:408] Mconv2_stage2_L2_1_Mprelu2_stage2_L2_1_0_split <- Mconv2_stage2_L2_1
I0923 17:57:14.022311 2173474 net.cpp:382] Mconv2_stage2_L2_1_Mprelu2_stage2_L2_1_0_split -> Mconv2_stage2_L2_1_Mprelu2_stage2_L2_1_0_split_0
I0923 17:57:14.022313 2173474 net.cpp:382] Mconv2_stage2_L2_1_Mprelu2_stage2_L2_1_0_split -> Mconv2_stage2_L2_1_Mprelu2_stage2_L2_1_0_split_1
I0923 17:57:14.022320 2173474 net.cpp:124] Setting up Mconv2_stage2_L2_1_Mprelu2_stage2_L2_1_0_split
I0923 17:57:14.022321 2173474 net.cpp:131] Top shape: 1 128 2 2 (512)
I0923 17:57:14.022322 2173474 net.cpp:131] Top shape: 1 128 2 2 (512)
I0923 17:57:14.022324 2173474 net.cpp:139] Memory required for data: 921344
I0923 17:57:14.022325 2173474 layer_factory.hpp:77] Creating layer Mconv2_stage2_L2_2
I0923 17:57:14.022327 2173474 net.cpp:86] Creating Layer Mconv2_stage2_L2_2
I0923 17:57:14.022329 2173474 net.cpp:408] Mconv2_stage2_L2_2 <- Mconv2_stage2_L2_1_Mprelu2_stage2_L2_1_0_split_0
I0923 17:57:14.022331 2173474 net.cpp:382] Mconv2_stage2_L2_2 -> Mconv2_stage2_L2_2
I0923 17:57:14.030602 2173474 net.cpp:124] Setting up Mconv2_stage2_L2_2
I0923 17:57:14.030607 2173474 net.cpp:131] Top shape: 1 128 2 2 (512)
I0923 17:57:14.030609 2173474 net.cpp:139] Memory required for data: 923392
I0923 17:57:14.030611 2173474 layer_factory.hpp:77] Creating layer Mprelu2_stage2_L2_2
I0923 17:57:14.030614 2173474 net.cpp:86] Creating Layer Mprelu2_stage2_L2_2
I0923 17:57:14.030616 2173474 net.cpp:408] Mprelu2_stage2_L2_2 <- Mconv2_stage2_L2_2
I0923 17:57:14.030618 2173474 net.cpp:369] Mprelu2_stage2_L2_2 -> Mconv2_stage2_L2_2 (in-place)
I0923 17:57:14.030638 2173474 net.cpp:124] Setting up Mprelu2_stage2_L2_2
I0923 17:57:14.030640 2173474 net.cpp:131] Top shape: 1 128 2 2 (512)
I0923 17:57:14.030642 2173474 net.cpp:139] Memory required for data: 925440
I0923 17:57:14.030642 2173474 layer_factory.hpp:77] Creating layer Mconv2_stage2_L2_concat
I0923 17:57:14.030645 2173474 net.cpp:86] Creating Layer Mconv2_stage2_L2_concat
I0923 17:57:14.030646 2173474 net.cpp:408] Mconv2_stage2_L2_concat <- Mconv2_stage2_L2_0_Mprelu2_stage2_L2_0_0_split_1
I0923 17:57:14.030647 2173474 net.cpp:408] Mconv2_stage2_L2_concat <- Mconv2_stage2_L2_1_Mprelu2_stage2_L2_1_0_split_1
I0923 17:57:14.030649 2173474 net.cpp:408] Mconv2_stage2_L2_concat <- Mconv2_stage2_L2_2
I0923 17:57:14.030650 2173474 net.cpp:382] Mconv2_stage2_L2_concat -> Mconv2_stage2_L2_concat
I0923 17:57:14.030656 2173474 net.cpp:124] Setting up Mconv2_stage2_L2_concat
I0923 17:57:14.030658 2173474 net.cpp:131] Top shape: 1 384 2 2 (1536)
I0923 17:57:14.030658 2173474 net.cpp:139] Memory required for data: 931584
I0923 17:57:14.030659 2173474 layer_factory.hpp:77] Creating layer Mconv3_stage2_L2_0
I0923 17:57:14.030663 2173474 net.cpp:86] Creating Layer Mconv3_stage2_L2_0
I0923 17:57:14.030663 2173474 net.cpp:408] Mconv3_stage2_L2_0 <- Mconv2_stage2_L2_concat
I0923 17:57:14.030665 2173474 net.cpp:382] Mconv3_stage2_L2_0 -> Mconv3_stage2_L2_0
I0923 17:57:14.039427 2173474 net.cpp:124] Setting up Mconv3_stage2_L2_0
I0923 17:57:14.039433 2173474 net.cpp:131] Top shape: 1 128 2 2 (512)
I0923 17:57:14.039435 2173474 net.cpp:139] Memory required for data: 933632
I0923 17:57:14.039438 2173474 layer_factory.hpp:77] Creating layer Mprelu3_stage2_L2_0
I0923 17:57:14.039440 2173474 net.cpp:86] Creating Layer Mprelu3_stage2_L2_0
I0923 17:57:14.039441 2173474 net.cpp:408] Mprelu3_stage2_L2_0 <- Mconv3_stage2_L2_0
I0923 17:57:14.039443 2173474 net.cpp:369] Mprelu3_stage2_L2_0 -> Mconv3_stage2_L2_0 (in-place)
I0923 17:57:14.039464 2173474 net.cpp:124] Setting up Mprelu3_stage2_L2_0
I0923 17:57:14.039466 2173474 net.cpp:131] Top shape: 1 128 2 2 (512)
I0923 17:57:14.039467 2173474 net.cpp:139] Memory required for data: 935680
I0923 17:57:14.039469 2173474 layer_factory.hpp:77] Creating layer Mconv3_stage2_L2_0_Mprelu3_stage2_L2_0_0_split
I0923 17:57:14.039471 2173474 net.cpp:86] Creating Layer Mconv3_stage2_L2_0_Mprelu3_stage2_L2_0_0_split
I0923 17:57:14.039472 2173474 net.cpp:408] Mconv3_stage2_L2_0_Mprelu3_stage2_L2_0_0_split <- Mconv3_stage2_L2_0
I0923 17:57:14.039474 2173474 net.cpp:382] Mconv3_stage2_L2_0_Mprelu3_stage2_L2_0_0_split -> Mconv3_stage2_L2_0_Mprelu3_stage2_L2_0_0_split_0
I0923 17:57:14.039476 2173474 net.cpp:382] Mconv3_stage2_L2_0_Mprelu3_stage2_L2_0_0_split -> Mconv3_stage2_L2_0_Mprelu3_stage2_L2_0_0_split_1
I0923 17:57:14.039482 2173474 net.cpp:124] Setting up Mconv3_stage2_L2_0_Mprelu3_stage2_L2_0_0_split
I0923 17:57:14.039484 2173474 net.cpp:131] Top shape: 1 128 2 2 (512)
I0923 17:57:14.039485 2173474 net.cpp:131] Top shape: 1 128 2 2 (512)
I0923 17:57:14.039486 2173474 net.cpp:139] Memory required for data: 939776
I0923 17:57:14.039487 2173474 layer_factory.hpp:77] Creating layer Mconv3_stage2_L2_1
I0923 17:57:14.039490 2173474 net.cpp:86] Creating Layer Mconv3_stage2_L2_1
I0923 17:57:14.039491 2173474 net.cpp:408] Mconv3_stage2_L2_1 <- Mconv3_stage2_L2_0_Mprelu3_stage2_L2_0_0_split_0
I0923 17:57:14.039494 2173474 net.cpp:382] Mconv3_stage2_L2_1 -> Mconv3_stage2_L2_1
I0923 17:57:14.048470 2173474 net.cpp:124] Setting up Mconv3_stage2_L2_1
I0923 17:57:14.048475 2173474 net.cpp:131] Top shape: 1 128 2 2 (512)
I0923 17:57:14.048476 2173474 net.cpp:139] Memory required for data: 941824
I0923 17:57:14.048480 2173474 layer_factory.hpp:77] Creating layer Mprelu3_stage2_L2_1
I0923 17:57:14.048481 2173474 net.cpp:86] Creating Layer Mprelu3_stage2_L2_1
I0923 17:57:14.048483 2173474 net.cpp:408] Mprelu3_stage2_L2_1 <- Mconv3_stage2_L2_1
I0923 17:57:14.048485 2173474 net.cpp:369] Mprelu3_stage2_L2_1 -> Mconv3_stage2_L2_1 (in-place)
I0923 17:57:14.048507 2173474 net.cpp:124] Setting up Mprelu3_stage2_L2_1
I0923 17:57:14.048508 2173474 net.cpp:131] Top shape: 1 128 2 2 (512)
I0923 17:57:14.048509 2173474 net.cpp:139] Memory required for data: 943872
I0923 17:57:14.048511 2173474 layer_factory.hpp:77] Creating layer Mconv3_stage2_L2_1_Mprelu3_stage2_L2_1_0_split
I0923 17:57:14.048513 2173474 net.cpp:86] Creating Layer Mconv3_stage2_L2_1_Mprelu3_stage2_L2_1_0_split
I0923 17:57:14.048514 2173474 net.cpp:408] Mconv3_stage2_L2_1_Mprelu3_stage2_L2_1_0_split <- Mconv3_stage2_L2_1
I0923 17:57:14.048516 2173474 net.cpp:382] Mconv3_stage2_L2_1_Mprelu3_stage2_L2_1_0_split -> Mconv3_stage2_L2_1_Mprelu3_stage2_L2_1_0_split_0
I0923 17:57:14.048519 2173474 net.cpp:382] Mconv3_stage2_L2_1_Mprelu3_stage2_L2_1_0_split -> Mconv3_stage2_L2_1_Mprelu3_stage2_L2_1_0_split_1
I0923 17:57:14.048527 2173474 net.cpp:124] Setting up Mconv3_stage2_L2_1_Mprelu3_stage2_L2_1_0_split
I0923 17:57:14.048527 2173474 net.cpp:131] Top shape: 1 128 2 2 (512)
I0923 17:57:14.048529 2173474 net.cpp:131] Top shape: 1 128 2 2 (512)
I0923 17:57:14.048530 2173474 net.cpp:139] Memory required for data: 947968
I0923 17:57:14.048532 2173474 layer_factory.hpp:77] Creating layer Mconv3_stage2_L2_2
I0923 17:57:14.048534 2173474 net.cpp:86] Creating Layer Mconv3_stage2_L2_2
I0923 17:57:14.048535 2173474 net.cpp:408] Mconv3_stage2_L2_2 <- Mconv3_stage2_L2_1_Mprelu3_stage2_L2_1_0_split_0
I0923 17:57:14.048537 2173474 net.cpp:382] Mconv3_stage2_L2_2 -> Mconv3_stage2_L2_2
I0923 17:57:14.057361 2173474 net.cpp:124] Setting up Mconv3_stage2_L2_2
I0923 17:57:14.057366 2173474 net.cpp:131] Top shape: 1 128 2 2 (512)
I0923 17:57:14.057368 2173474 net.cpp:139] Memory required for data: 950016
I0923 17:57:14.057371 2173474 layer_factory.hpp:77] Creating layer Mprelu3_stage2_L2_2
I0923 17:57:14.057374 2173474 net.cpp:86] Creating Layer Mprelu3_stage2_L2_2
I0923 17:57:14.057375 2173474 net.cpp:408] Mprelu3_stage2_L2_2 <- Mconv3_stage2_L2_2
I0923 17:57:14.057377 2173474 net.cpp:369] Mprelu3_stage2_L2_2 -> Mconv3_stage2_L2_2 (in-place)
I0923 17:57:14.057399 2173474 net.cpp:124] Setting up Mprelu3_stage2_L2_2
I0923 17:57:14.057400 2173474 net.cpp:131] Top shape: 1 128 2 2 (512)
I0923 17:57:14.057401 2173474 net.cpp:139] Memory required for data: 952064
I0923 17:57:14.057403 2173474 layer_factory.hpp:77] Creating layer Mconv3_stage2_L2_concat
I0923 17:57:14.057404 2173474 net.cpp:86] Creating Layer Mconv3_stage2_L2_concat
I0923 17:57:14.057406 2173474 net.cpp:408] Mconv3_stage2_L2_concat <- Mconv3_stage2_L2_0_Mprelu3_stage2_L2_0_0_split_1
I0923 17:57:14.057407 2173474 net.cpp:408] Mconv3_stage2_L2_concat <- Mconv3_stage2_L2_1_Mprelu3_stage2_L2_1_0_split_1
I0923 17:57:14.057410 2173474 net.cpp:408] Mconv3_stage2_L2_concat <- Mconv3_stage2_L2_2
I0923 17:57:14.057410 2173474 net.cpp:382] Mconv3_stage2_L2_concat -> Mconv3_stage2_L2_concat
I0923 17:57:14.057415 2173474 net.cpp:124] Setting up Mconv3_stage2_L2_concat
I0923 17:57:14.057417 2173474 net.cpp:131] Top shape: 1 384 2 2 (1536)
I0923 17:57:14.057418 2173474 net.cpp:139] Memory required for data: 958208
I0923 17:57:14.057420 2173474 layer_factory.hpp:77] Creating layer Mconv4_stage2_L2_0
I0923 17:57:14.057422 2173474 net.cpp:86] Creating Layer Mconv4_stage2_L2_0
I0923 17:57:14.057423 2173474 net.cpp:408] Mconv4_stage2_L2_0 <- Mconv3_stage2_L2_concat
I0923 17:57:14.057425 2173474 net.cpp:382] Mconv4_stage2_L2_0 -> Mconv4_stage2_L2_0
I0923 17:57:14.066272 2173474 net.cpp:124] Setting up Mconv4_stage2_L2_0
I0923 17:57:14.066277 2173474 net.cpp:131] Top shape: 1 128 2 2 (512)
I0923 17:57:14.066279 2173474 net.cpp:139] Memory required for data: 960256
I0923 17:57:14.066282 2173474 layer_factory.hpp:77] Creating layer Mprelu4_stage2_L2_0
I0923 17:57:14.066284 2173474 net.cpp:86] Creating Layer Mprelu4_stage2_L2_0
I0923 17:57:14.066285 2173474 net.cpp:408] Mprelu4_stage2_L2_0 <- Mconv4_stage2_L2_0
I0923 17:57:14.066287 2173474 net.cpp:369] Mprelu4_stage2_L2_0 -> Mconv4_stage2_L2_0 (in-place)
I0923 17:57:14.066308 2173474 net.cpp:124] Setting up Mprelu4_stage2_L2_0
I0923 17:57:14.066309 2173474 net.cpp:131] Top shape: 1 128 2 2 (512)
I0923 17:57:14.066311 2173474 net.cpp:139] Memory required for data: 962304
I0923 17:57:14.066313 2173474 layer_factory.hpp:77] Creating layer Mconv4_stage2_L2_0_Mprelu4_stage2_L2_0_0_split
I0923 17:57:14.066314 2173474 net.cpp:86] Creating Layer Mconv4_stage2_L2_0_Mprelu4_stage2_L2_0_0_split
I0923 17:57:14.066315 2173474 net.cpp:408] Mconv4_stage2_L2_0_Mprelu4_stage2_L2_0_0_split <- Mconv4_stage2_L2_0
I0923 17:57:14.066318 2173474 net.cpp:382] Mconv4_stage2_L2_0_Mprelu4_stage2_L2_0_0_split -> Mconv4_stage2_L2_0_Mprelu4_stage2_L2_0_0_split_0
I0923 17:57:14.066319 2173474 net.cpp:382] Mconv4_stage2_L2_0_Mprelu4_stage2_L2_0_0_split -> Mconv4_stage2_L2_0_Mprelu4_stage2_L2_0_0_split_1
I0923 17:57:14.066326 2173474 net.cpp:124] Setting up Mconv4_stage2_L2_0_Mprelu4_stage2_L2_0_0_split
I0923 17:57:14.066327 2173474 net.cpp:131] Top shape: 1 128 2 2 (512)
I0923 17:57:14.066329 2173474 net.cpp:131] Top shape: 1 128 2 2 (512)
I0923 17:57:14.066329 2173474 net.cpp:139] Memory required for data: 966400
I0923 17:57:14.066330 2173474 layer_factory.hpp:77] Creating layer Mconv4_stage2_L2_1
I0923 17:57:14.066334 2173474 net.cpp:86] Creating Layer Mconv4_stage2_L2_1
I0923 17:57:14.066334 2173474 net.cpp:408] Mconv4_stage2_L2_1 <- Mconv4_stage2_L2_0_Mprelu4_stage2_L2_0_0_split_0
I0923 17:57:14.066336 2173474 net.cpp:382] Mconv4_stage2_L2_1 -> Mconv4_stage2_L2_1
I0923 17:57:14.074261 2173474 net.cpp:124] Setting up Mconv4_stage2_L2_1
I0923 17:57:14.074266 2173474 net.cpp:131] Top shape: 1 128 2 2 (512)
I0923 17:57:14.074268 2173474 net.cpp:139] Memory required for data: 968448
I0923 17:57:14.074270 2173474 layer_factory.hpp:77] Creating layer Mprelu4_stage2_L2_1
I0923 17:57:14.074273 2173474 net.cpp:86] Creating Layer Mprelu4_stage2_L2_1
I0923 17:57:14.074275 2173474 net.cpp:408] Mprelu4_stage2_L2_1 <- Mconv4_stage2_L2_1
I0923 17:57:14.074277 2173474 net.cpp:369] Mprelu4_stage2_L2_1 -> Mconv4_stage2_L2_1 (in-place)
I0923 17:57:14.074297 2173474 net.cpp:124] Setting up Mprelu4_stage2_L2_1
I0923 17:57:14.074299 2173474 net.cpp:131] Top shape: 1 128 2 2 (512)
I0923 17:57:14.074301 2173474 net.cpp:139] Memory required for data: 970496
I0923 17:57:14.074301 2173474 layer_factory.hpp:77] Creating layer Mconv4_stage2_L2_1_Mprelu4_stage2_L2_1_0_split
I0923 17:57:14.074303 2173474 net.cpp:86] Creating Layer Mconv4_stage2_L2_1_Mprelu4_stage2_L2_1_0_split
I0923 17:57:14.074304 2173474 net.cpp:408] Mconv4_stage2_L2_1_Mprelu4_stage2_L2_1_0_split <- Mconv4_stage2_L2_1
I0923 17:57:14.074306 2173474 net.cpp:382] Mconv4_stage2_L2_1_Mprelu4_stage2_L2_1_0_split -> Mconv4_stage2_L2_1_Mprelu4_stage2_L2_1_0_split_0
I0923 17:57:14.074308 2173474 net.cpp:382] Mconv4_stage2_L2_1_Mprelu4_stage2_L2_1_0_split -> Mconv4_stage2_L2_1_Mprelu4_stage2_L2_1_0_split_1
I0923 17:57:14.074316 2173474 net.cpp:124] Setting up Mconv4_stage2_L2_1_Mprelu4_stage2_L2_1_0_split
I0923 17:57:14.074316 2173474 net.cpp:131] Top shape: 1 128 2 2 (512)
I0923 17:57:14.074318 2173474 net.cpp:131] Top shape: 1 128 2 2 (512)
I0923 17:57:14.074319 2173474 net.cpp:139] Memory required for data: 974592
I0923 17:57:14.074321 2173474 layer_factory.hpp:77] Creating layer Mconv4_stage2_L2_2
I0923 17:57:14.074323 2173474 net.cpp:86] Creating Layer Mconv4_stage2_L2_2
I0923 17:57:14.074324 2173474 net.cpp:408] Mconv4_stage2_L2_2 <- Mconv4_stage2_L2_1_Mprelu4_stage2_L2_1_0_split_0
I0923 17:57:14.074326 2173474 net.cpp:382] Mconv4_stage2_L2_2 -> Mconv4_stage2_L2_2
I0923 17:57:14.082465 2173474 net.cpp:124] Setting up Mconv4_stage2_L2_2
I0923 17:57:14.082470 2173474 net.cpp:131] Top shape: 1 128 2 2 (512)
I0923 17:57:14.082472 2173474 net.cpp:139] Memory required for data: 976640
I0923 17:57:14.082474 2173474 layer_factory.hpp:77] Creating layer Mprelu4_stage2_L2_2
I0923 17:57:14.082477 2173474 net.cpp:86] Creating Layer Mprelu4_stage2_L2_2
I0923 17:57:14.082479 2173474 net.cpp:408] Mprelu4_stage2_L2_2 <- Mconv4_stage2_L2_2
I0923 17:57:14.082481 2173474 net.cpp:369] Mprelu4_stage2_L2_2 -> Mconv4_stage2_L2_2 (in-place)
I0923 17:57:14.082501 2173474 net.cpp:124] Setting up Mprelu4_stage2_L2_2
I0923 17:57:14.082504 2173474 net.cpp:131] Top shape: 1 128 2 2 (512)
I0923 17:57:14.082504 2173474 net.cpp:139] Memory required for data: 978688
I0923 17:57:14.082505 2173474 layer_factory.hpp:77] Creating layer Mconv4_stage2_L2_concat
I0923 17:57:14.082508 2173474 net.cpp:86] Creating Layer Mconv4_stage2_L2_concat
I0923 17:57:14.082509 2173474 net.cpp:408] Mconv4_stage2_L2_concat <- Mconv4_stage2_L2_0_Mprelu4_stage2_L2_0_0_split_1
I0923 17:57:14.082510 2173474 net.cpp:408] Mconv4_stage2_L2_concat <- Mconv4_stage2_L2_1_Mprelu4_stage2_L2_1_0_split_1
I0923 17:57:14.082512 2173474 net.cpp:408] Mconv4_stage2_L2_concat <- Mconv4_stage2_L2_2
I0923 17:57:14.082513 2173474 net.cpp:382] Mconv4_stage2_L2_concat -> Mconv4_stage2_L2_concat
I0923 17:57:14.082518 2173474 net.cpp:124] Setting up Mconv4_stage2_L2_concat
I0923 17:57:14.082520 2173474 net.cpp:131] Top shape: 1 384 2 2 (1536)
I0923 17:57:14.082521 2173474 net.cpp:139] Memory required for data: 984832
I0923 17:57:14.082522 2173474 layer_factory.hpp:77] Creating layer Mconv5_stage2_L2_0
I0923 17:57:14.082525 2173474 net.cpp:86] Creating Layer Mconv5_stage2_L2_0
I0923 17:57:14.082526 2173474 net.cpp:408] Mconv5_stage2_L2_0 <- Mconv4_stage2_L2_concat
I0923 17:57:14.082528 2173474 net.cpp:382] Mconv5_stage2_L2_0 -> Mconv5_stage2_L2_0
I0923 17:57:14.091337 2173474 net.cpp:124] Setting up Mconv5_stage2_L2_0
I0923 17:57:14.091343 2173474 net.cpp:131] Top shape: 1 128 2 2 (512)
I0923 17:57:14.091346 2173474 net.cpp:139] Memory required for data: 986880
I0923 17:57:14.091347 2173474 layer_factory.hpp:77] Creating layer Mprelu5_stage2_L2_0
I0923 17:57:14.091351 2173474 net.cpp:86] Creating Layer Mprelu5_stage2_L2_0
I0923 17:57:14.091352 2173474 net.cpp:408] Mprelu5_stage2_L2_0 <- Mconv5_stage2_L2_0
I0923 17:57:14.091354 2173474 net.cpp:369] Mprelu5_stage2_L2_0 -> Mconv5_stage2_L2_0 (in-place)
I0923 17:57:14.091375 2173474 net.cpp:124] Setting up Mprelu5_stage2_L2_0
I0923 17:57:14.091377 2173474 net.cpp:131] Top shape: 1 128 2 2 (512)
I0923 17:57:14.091377 2173474 net.cpp:139] Memory required for data: 988928
I0923 17:57:14.091379 2173474 layer_factory.hpp:77] Creating layer Mconv5_stage2_L2_0_Mprelu5_stage2_L2_0_0_split
I0923 17:57:14.091382 2173474 net.cpp:86] Creating Layer Mconv5_stage2_L2_0_Mprelu5_stage2_L2_0_0_split
I0923 17:57:14.091382 2173474 net.cpp:408] Mconv5_stage2_L2_0_Mprelu5_stage2_L2_0_0_split <- Mconv5_stage2_L2_0
I0923 17:57:14.091383 2173474 net.cpp:382] Mconv5_stage2_L2_0_Mprelu5_stage2_L2_0_0_split -> Mconv5_stage2_L2_0_Mprelu5_stage2_L2_0_0_split_0
I0923 17:57:14.091387 2173474 net.cpp:382] Mconv5_stage2_L2_0_Mprelu5_stage2_L2_0_0_split -> Mconv5_stage2_L2_0_Mprelu5_stage2_L2_0_0_split_1
I0923 17:57:14.091393 2173474 net.cpp:124] Setting up Mconv5_stage2_L2_0_Mprelu5_stage2_L2_0_0_split
I0923 17:57:14.091394 2173474 net.cpp:131] Top shape: 1 128 2 2 (512)
I0923 17:57:14.091395 2173474 net.cpp:131] Top shape: 1 128 2 2 (512)
I0923 17:57:14.091396 2173474 net.cpp:139] Memory required for data: 993024
I0923 17:57:14.091398 2173474 layer_factory.hpp:77] Creating layer Mconv5_stage2_L2_1
I0923 17:57:14.091400 2173474 net.cpp:86] Creating Layer Mconv5_stage2_L2_1
I0923 17:57:14.091401 2173474 net.cpp:408] Mconv5_stage2_L2_1 <- Mconv5_stage2_L2_0_Mprelu5_stage2_L2_0_0_split_0
I0923 17:57:14.091403 2173474 net.cpp:382] Mconv5_stage2_L2_1 -> Mconv5_stage2_L2_1
I0923 17:57:14.100237 2173474 net.cpp:124] Setting up Mconv5_stage2_L2_1
I0923 17:57:14.100242 2173474 net.cpp:131] Top shape: 1 128 2 2 (512)
I0923 17:57:14.100244 2173474 net.cpp:139] Memory required for data: 995072
I0923 17:57:14.100246 2173474 layer_factory.hpp:77] Creating layer Mprelu5_stage2_L2_1
I0923 17:57:14.100250 2173474 net.cpp:86] Creating Layer Mprelu5_stage2_L2_1
I0923 17:57:14.100251 2173474 net.cpp:408] Mprelu5_stage2_L2_1 <- Mconv5_stage2_L2_1
I0923 17:57:14.100253 2173474 net.cpp:369] Mprelu5_stage2_L2_1 -> Mconv5_stage2_L2_1 (in-place)
I0923 17:57:14.100274 2173474 net.cpp:124] Setting up Mprelu5_stage2_L2_1
I0923 17:57:14.100275 2173474 net.cpp:131] Top shape: 1 128 2 2 (512)
I0923 17:57:14.100277 2173474 net.cpp:139] Memory required for data: 997120
I0923 17:57:14.100278 2173474 layer_factory.hpp:77] Creating layer Mconv5_stage2_L2_1_Mprelu5_stage2_L2_1_0_split
I0923 17:57:14.100281 2173474 net.cpp:86] Creating Layer Mconv5_stage2_L2_1_Mprelu5_stage2_L2_1_0_split
I0923 17:57:14.100281 2173474 net.cpp:408] Mconv5_stage2_L2_1_Mprelu5_stage2_L2_1_0_split <- Mconv5_stage2_L2_1
I0923 17:57:14.100283 2173474 net.cpp:382] Mconv5_stage2_L2_1_Mprelu5_stage2_L2_1_0_split -> Mconv5_stage2_L2_1_Mprelu5_stage2_L2_1_0_split_0
I0923 17:57:14.100286 2173474 net.cpp:382] Mconv5_stage2_L2_1_Mprelu5_stage2_L2_1_0_split -> Mconv5_stage2_L2_1_Mprelu5_stage2_L2_1_0_split_1
I0923 17:57:14.100292 2173474 net.cpp:124] Setting up Mconv5_stage2_L2_1_Mprelu5_stage2_L2_1_0_split
I0923 17:57:14.100293 2173474 net.cpp:131] Top shape: 1 128 2 2 (512)
I0923 17:57:14.100294 2173474 net.cpp:131] Top shape: 1 128 2 2 (512)
I0923 17:57:14.100296 2173474 net.cpp:139] Memory required for data: 1001216
I0923 17:57:14.100296 2173474 layer_factory.hpp:77] Creating layer Mconv5_stage2_L2_2
I0923 17:57:14.100299 2173474 net.cpp:86] Creating Layer Mconv5_stage2_L2_2
I0923 17:57:14.100301 2173474 net.cpp:408] Mconv5_stage2_L2_2 <- Mconv5_stage2_L2_1_Mprelu5_stage2_L2_1_0_split_0
I0923 17:57:14.100302 2173474 net.cpp:382] Mconv5_stage2_L2_2 -> Mconv5_stage2_L2_2
I0923 17:57:14.108618 2173474 net.cpp:124] Setting up Mconv5_stage2_L2_2
I0923 17:57:14.108623 2173474 net.cpp:131] Top shape: 1 128 2 2 (512)
I0923 17:57:14.108625 2173474 net.cpp:139] Memory required for data: 1003264
I0923 17:57:14.108628 2173474 layer_factory.hpp:77] Creating layer Mprelu5_stage2_L2_2
I0923 17:57:14.108630 2173474 net.cpp:86] Creating Layer Mprelu5_stage2_L2_2
I0923 17:57:14.108631 2173474 net.cpp:408] Mprelu5_stage2_L2_2 <- Mconv5_stage2_L2_2
I0923 17:57:14.108633 2173474 net.cpp:369] Mprelu5_stage2_L2_2 -> Mconv5_stage2_L2_2 (in-place)
I0923 17:57:14.108654 2173474 net.cpp:124] Setting up Mprelu5_stage2_L2_2
I0923 17:57:14.108655 2173474 net.cpp:131] Top shape: 1 128 2 2 (512)
I0923 17:57:14.108656 2173474 net.cpp:139] Memory required for data: 1005312
I0923 17:57:14.108659 2173474 layer_factory.hpp:77] Creating layer Mconv5_stage2_L2_concat
I0923 17:57:14.108660 2173474 net.cpp:86] Creating Layer Mconv5_stage2_L2_concat
I0923 17:57:14.108661 2173474 net.cpp:408] Mconv5_stage2_L2_concat <- Mconv5_stage2_L2_0_Mprelu5_stage2_L2_0_0_split_1
I0923 17:57:14.108664 2173474 net.cpp:408] Mconv5_stage2_L2_concat <- Mconv5_stage2_L2_1_Mprelu5_stage2_L2_1_0_split_1
I0923 17:57:14.108664 2173474 net.cpp:408] Mconv5_stage2_L2_concat <- Mconv5_stage2_L2_2
I0923 17:57:14.108666 2173474 net.cpp:382] Mconv5_stage2_L2_concat -> Mconv5_stage2_L2_concat
I0923 17:57:14.108671 2173474 net.cpp:124] Setting up Mconv5_stage2_L2_concat
I0923 17:57:14.108672 2173474 net.cpp:131] Top shape: 1 384 2 2 (1536)
I0923 17:57:14.108675 2173474 net.cpp:139] Memory required for data: 1011456
I0923 17:57:14.108675 2173474 layer_factory.hpp:77] Creating layer Mconv6_stage2_L2
I0923 17:57:14.108677 2173474 net.cpp:86] Creating Layer Mconv6_stage2_L2
I0923 17:57:14.108678 2173474 net.cpp:408] Mconv6_stage2_L2 <- Mconv5_stage2_L2_concat
I0923 17:57:14.108680 2173474 net.cpp:382] Mconv6_stage2_L2 -> Mconv6_stage2_L2
I0923 17:57:14.116889 2173474 net.cpp:124] Setting up Mconv6_stage2_L2
I0923 17:57:14.116895 2173474 net.cpp:131] Top shape: 1 512 2 2 (2048)
I0923 17:57:14.116897 2173474 net.cpp:139] Memory required for data: 1019648
I0923 17:57:14.116899 2173474 layer_factory.hpp:77] Creating layer Mprelu6_stage2_L2
I0923 17:57:14.116902 2173474 net.cpp:86] Creating Layer Mprelu6_stage2_L2
I0923 17:57:14.116904 2173474 net.cpp:408] Mprelu6_stage2_L2 <- Mconv6_stage2_L2
I0923 17:57:14.116906 2173474 net.cpp:369] Mprelu6_stage2_L2 -> Mconv6_stage2_L2 (in-place)
I0923 17:57:14.116927 2173474 net.cpp:124] Setting up Mprelu6_stage2_L2
I0923 17:57:14.116928 2173474 net.cpp:131] Top shape: 1 512 2 2 (2048)
I0923 17:57:14.116930 2173474 net.cpp:139] Memory required for data: 1027840
I0923 17:57:14.116931 2173474 layer_factory.hpp:77] Creating layer Mconv7_stage2_L2
I0923 17:57:14.116935 2173474 net.cpp:86] Creating Layer Mconv7_stage2_L2
I0923 17:57:14.116935 2173474 net.cpp:408] Mconv7_stage2_L2 <- Mconv6_stage2_L2
I0923 17:57:14.116937 2173474 net.cpp:382] Mconv7_stage2_L2 -> Mconv7_stage2_L2
I0923 17:57:14.125484 2173474 net.cpp:124] Setting up Mconv7_stage2_L2
I0923 17:57:14.125489 2173474 net.cpp:131] Top shape: 1 52 2 2 (208)
I0923 17:57:14.125491 2173474 net.cpp:139] Memory required for data: 1028672
I0923 17:57:14.125494 2173474 layer_factory.hpp:77] Creating layer concat_stage3_L2
I0923 17:57:14.125496 2173474 net.cpp:86] Creating Layer concat_stage3_L2
I0923 17:57:14.125499 2173474 net.cpp:408] concat_stage3_L2 <- conv4_4_CPM_prelu4_4_CPM_0_split_3
I0923 17:57:14.125500 2173474 net.cpp:408] concat_stage3_L2 <- Mconv7_stage2_L2
I0923 17:57:14.125502 2173474 net.cpp:382] concat_stage3_L2 -> concat_stage3_L2
I0923 17:57:14.125510 2173474 net.cpp:124] Setting up concat_stage3_L2
I0923 17:57:14.125511 2173474 net.cpp:131] Top shape: 1 180 2 2 (720)
I0923 17:57:14.125512 2173474 net.cpp:139] Memory required for data: 1031552
I0923 17:57:14.125514 2173474 layer_factory.hpp:77] Creating layer Mconv1_stage3_L2_0
I0923 17:57:14.125516 2173474 net.cpp:86] Creating Layer Mconv1_stage3_L2_0
I0923 17:57:14.125517 2173474 net.cpp:408] Mconv1_stage3_L2_0 <- concat_stage3_L2
I0923 17:57:14.125519 2173474 net.cpp:382] Mconv1_stage3_L2_0 -> Mconv1_stage3_L2_0
I0923 17:57:14.134539 2173474 net.cpp:124] Setting up Mconv1_stage3_L2_0
I0923 17:57:14.134544 2173474 net.cpp:131] Top shape: 1 128 2 2 (512)
I0923 17:57:14.134546 2173474 net.cpp:139] Memory required for data: 1033600
I0923 17:57:14.134549 2173474 layer_factory.hpp:77] Creating layer Mprelu1_stage3_L2_0
I0923 17:57:14.134552 2173474 net.cpp:86] Creating Layer Mprelu1_stage3_L2_0
I0923 17:57:14.134553 2173474 net.cpp:408] Mprelu1_stage3_L2_0 <- Mconv1_stage3_L2_0
I0923 17:57:14.134555 2173474 net.cpp:369] Mprelu1_stage3_L2_0 -> Mconv1_stage3_L2_0 (in-place)
I0923 17:57:14.134577 2173474 net.cpp:124] Setting up Mprelu1_stage3_L2_0
I0923 17:57:14.134578 2173474 net.cpp:131] Top shape: 1 128 2 2 (512)
I0923 17:57:14.134579 2173474 net.cpp:139] Memory required for data: 1035648
I0923 17:57:14.134580 2173474 layer_factory.hpp:77] Creating layer Mconv1_stage3_L2_0_Mprelu1_stage3_L2_0_0_split
I0923 17:57:14.134582 2173474 net.cpp:86] Creating Layer Mconv1_stage3_L2_0_Mprelu1_stage3_L2_0_0_split
I0923 17:57:14.134583 2173474 net.cpp:408] Mconv1_stage3_L2_0_Mprelu1_stage3_L2_0_0_split <- Mconv1_stage3_L2_0
I0923 17:57:14.134585 2173474 net.cpp:382] Mconv1_stage3_L2_0_Mprelu1_stage3_L2_0_0_split -> Mconv1_stage3_L2_0_Mprelu1_stage3_L2_0_0_split_0
I0923 17:57:14.134588 2173474 net.cpp:382] Mconv1_stage3_L2_0_Mprelu1_stage3_L2_0_0_split -> Mconv1_stage3_L2_0_Mprelu1_stage3_L2_0_0_split_1
I0923 17:57:14.134594 2173474 net.cpp:124] Setting up Mconv1_stage3_L2_0_Mprelu1_stage3_L2_0_0_split
I0923 17:57:14.134595 2173474 net.cpp:131] Top shape: 1 128 2 2 (512)
I0923 17:57:14.134598 2173474 net.cpp:131] Top shape: 1 128 2 2 (512)
I0923 17:57:14.134598 2173474 net.cpp:139] Memory required for data: 1039744
I0923 17:57:14.134599 2173474 layer_factory.hpp:77] Creating layer Mconv1_stage3_L2_1
I0923 17:57:14.134601 2173474 net.cpp:86] Creating Layer Mconv1_stage3_L2_1
I0923 17:57:14.134603 2173474 net.cpp:408] Mconv1_stage3_L2_1 <- Mconv1_stage3_L2_0_Mprelu1_stage3_L2_0_0_split_0
I0923 17:57:14.134604 2173474 net.cpp:382] Mconv1_stage3_L2_1 -> Mconv1_stage3_L2_1
I0923 17:57:14.142657 2173474 net.cpp:124] Setting up Mconv1_stage3_L2_1
I0923 17:57:14.142663 2173474 net.cpp:131] Top shape: 1 128 2 2 (512)
I0923 17:57:14.142664 2173474 net.cpp:139] Memory required for data: 1041792
I0923 17:57:14.142666 2173474 layer_factory.hpp:77] Creating layer Mprelu1_stage3_L2_1
I0923 17:57:14.142669 2173474 net.cpp:86] Creating Layer Mprelu1_stage3_L2_1
I0923 17:57:14.142671 2173474 net.cpp:408] Mprelu1_stage3_L2_1 <- Mconv1_stage3_L2_1
I0923 17:57:14.142673 2173474 net.cpp:369] Mprelu1_stage3_L2_1 -> Mconv1_stage3_L2_1 (in-place)
I0923 17:57:14.142694 2173474 net.cpp:124] Setting up Mprelu1_stage3_L2_1
I0923 17:57:14.142695 2173474 net.cpp:131] Top shape: 1 128 2 2 (512)
I0923 17:57:14.142696 2173474 net.cpp:139] Memory required for data: 1043840
I0923 17:57:14.142699 2173474 layer_factory.hpp:77] Creating layer Mconv1_stage3_L2_1_Mprelu1_stage3_L2_1_0_split
I0923 17:57:14.142700 2173474 net.cpp:86] Creating Layer Mconv1_stage3_L2_1_Mprelu1_stage3_L2_1_0_split
I0923 17:57:14.142701 2173474 net.cpp:408] Mconv1_stage3_L2_1_Mprelu1_stage3_L2_1_0_split <- Mconv1_stage3_L2_1
I0923 17:57:14.142704 2173474 net.cpp:382] Mconv1_stage3_L2_1_Mprelu1_stage3_L2_1_0_split -> Mconv1_stage3_L2_1_Mprelu1_stage3_L2_1_0_split_0
I0923 17:57:14.142705 2173474 net.cpp:382] Mconv1_stage3_L2_1_Mprelu1_stage3_L2_1_0_split -> Mconv1_stage3_L2_1_Mprelu1_stage3_L2_1_0_split_1
I0923 17:57:14.142712 2173474 net.cpp:124] Setting up Mconv1_stage3_L2_1_Mprelu1_stage3_L2_1_0_split
I0923 17:57:14.142714 2173474 net.cpp:131] Top shape: 1 128 2 2 (512)
I0923 17:57:14.142715 2173474 net.cpp:131] Top shape: 1 128 2 2 (512)
I0923 17:57:14.142716 2173474 net.cpp:139] Memory required for data: 1047936
I0923 17:57:14.142717 2173474 layer_factory.hpp:77] Creating layer Mconv1_stage3_L2_2
I0923 17:57:14.142719 2173474 net.cpp:86] Creating Layer Mconv1_stage3_L2_2
I0923 17:57:14.142720 2173474 net.cpp:408] Mconv1_stage3_L2_2 <- Mconv1_stage3_L2_1_Mprelu1_stage3_L2_1_0_split_0
I0923 17:57:14.142722 2173474 net.cpp:382] Mconv1_stage3_L2_2 -> Mconv1_stage3_L2_2
I0923 17:57:14.151608 2173474 net.cpp:124] Setting up Mconv1_stage3_L2_2
I0923 17:57:14.151613 2173474 net.cpp:131] Top shape: 1 128 2 2 (512)
I0923 17:57:14.151615 2173474 net.cpp:139] Memory required for data: 1049984
I0923 17:57:14.151618 2173474 layer_factory.hpp:77] Creating layer Mprelu1_stage3_L2_2
I0923 17:57:14.151620 2173474 net.cpp:86] Creating Layer Mprelu1_stage3_L2_2
I0923 17:57:14.151623 2173474 net.cpp:408] Mprelu1_stage3_L2_2 <- Mconv1_stage3_L2_2
I0923 17:57:14.151624 2173474 net.cpp:369] Mprelu1_stage3_L2_2 -> Mconv1_stage3_L2_2 (in-place)
I0923 17:57:14.151645 2173474 net.cpp:124] Setting up Mprelu1_stage3_L2_2
I0923 17:57:14.151646 2173474 net.cpp:131] Top shape: 1 128 2 2 (512)
I0923 17:57:14.151647 2173474 net.cpp:139] Memory required for data: 1052032
I0923 17:57:14.151649 2173474 layer_factory.hpp:77] Creating layer Mconv1_stage3_L2_concat
I0923 17:57:14.151651 2173474 net.cpp:86] Creating Layer Mconv1_stage3_L2_concat
I0923 17:57:14.151652 2173474 net.cpp:408] Mconv1_stage3_L2_concat <- Mconv1_stage3_L2_0_Mprelu1_stage3_L2_0_0_split_1
I0923 17:57:14.151654 2173474 net.cpp:408] Mconv1_stage3_L2_concat <- Mconv1_stage3_L2_1_Mprelu1_stage3_L2_1_0_split_1
I0923 17:57:14.151655 2173474 net.cpp:408] Mconv1_stage3_L2_concat <- Mconv1_stage3_L2_2
I0923 17:57:14.151657 2173474 net.cpp:382] Mconv1_stage3_L2_concat -> Mconv1_stage3_L2_concat
I0923 17:57:14.151662 2173474 net.cpp:124] Setting up Mconv1_stage3_L2_concat
I0923 17:57:14.151664 2173474 net.cpp:131] Top shape: 1 384 2 2 (1536)
I0923 17:57:14.151665 2173474 net.cpp:139] Memory required for data: 1058176
I0923 17:57:14.151666 2173474 layer_factory.hpp:77] Creating layer Mconv2_stage3_L2_0
I0923 17:57:14.151669 2173474 net.cpp:86] Creating Layer Mconv2_stage3_L2_0
I0923 17:57:14.151669 2173474 net.cpp:408] Mconv2_stage3_L2_0 <- Mconv1_stage3_L2_concat
I0923 17:57:14.151671 2173474 net.cpp:382] Mconv2_stage3_L2_0 -> Mconv2_stage3_L2_0
I0923 17:57:14.160522 2173474 net.cpp:124] Setting up Mconv2_stage3_L2_0
I0923 17:57:14.160527 2173474 net.cpp:131] Top shape: 1 128 2 2 (512)
I0923 17:57:14.160529 2173474 net.cpp:139] Memory required for data: 1060224
I0923 17:57:14.160532 2173474 layer_factory.hpp:77] Creating layer Mprelu2_stage3_L2_0
I0923 17:57:14.160534 2173474 net.cpp:86] Creating Layer Mprelu2_stage3_L2_0
I0923 17:57:14.160537 2173474 net.cpp:408] Mprelu2_stage3_L2_0 <- Mconv2_stage3_L2_0
I0923 17:57:14.160538 2173474 net.cpp:369] Mprelu2_stage3_L2_0 -> Mconv2_stage3_L2_0 (in-place)
I0923 17:57:14.160559 2173474 net.cpp:124] Setting up Mprelu2_stage3_L2_0
I0923 17:57:14.160560 2173474 net.cpp:131] Top shape: 1 128 2 2 (512)
I0923 17:57:14.160562 2173474 net.cpp:139] Memory required for data: 1062272
I0923 17:57:14.160563 2173474 layer_factory.hpp:77] Creating layer Mconv2_stage3_L2_0_Mprelu2_stage3_L2_0_0_split
I0923 17:57:14.160565 2173474 net.cpp:86] Creating Layer Mconv2_stage3_L2_0_Mprelu2_stage3_L2_0_0_split
I0923 17:57:14.160566 2173474 net.cpp:408] Mconv2_stage3_L2_0_Mprelu2_stage3_L2_0_0_split <- Mconv2_stage3_L2_0
I0923 17:57:14.160568 2173474 net.cpp:382] Mconv2_stage3_L2_0_Mprelu2_stage3_L2_0_0_split -> Mconv2_stage3_L2_0_Mprelu2_stage3_L2_0_0_split_0
I0923 17:57:14.160570 2173474 net.cpp:382] Mconv2_stage3_L2_0_Mprelu2_stage3_L2_0_0_split -> Mconv2_stage3_L2_0_Mprelu2_stage3_L2_0_0_split_1
I0923 17:57:14.160578 2173474 net.cpp:124] Setting up Mconv2_stage3_L2_0_Mprelu2_stage3_L2_0_0_split
I0923 17:57:14.160578 2173474 net.cpp:131] Top shape: 1 128 2 2 (512)
I0923 17:57:14.160580 2173474 net.cpp:131] Top shape: 1 128 2 2 (512)
I0923 17:57:14.160581 2173474 net.cpp:139] Memory required for data: 1066368
I0923 17:57:14.160583 2173474 layer_factory.hpp:77] Creating layer Mconv2_stage3_L2_1
I0923 17:57:14.160584 2173474 net.cpp:86] Creating Layer Mconv2_stage3_L2_1
I0923 17:57:14.160585 2173474 net.cpp:408] Mconv2_stage3_L2_1 <- Mconv2_stage3_L2_0_Mprelu2_stage3_L2_0_0_split_0
I0923 17:57:14.160588 2173474 net.cpp:382] Mconv2_stage3_L2_1 -> Mconv2_stage3_L2_1
I0923 17:57:14.170126 2173474 net.cpp:124] Setting up Mconv2_stage3_L2_1
I0923 17:57:14.170131 2173474 net.cpp:131] Top shape: 1 128 2 2 (512)
I0923 17:57:14.170135 2173474 net.cpp:139] Memory required for data: 1068416
I0923 17:57:14.170136 2173474 layer_factory.hpp:77] Creating layer Mprelu2_stage3_L2_1
I0923 17:57:14.170140 2173474 net.cpp:86] Creating Layer Mprelu2_stage3_L2_1
I0923 17:57:14.170140 2173474 net.cpp:408] Mprelu2_stage3_L2_1 <- Mconv2_stage3_L2_1
I0923 17:57:14.170142 2173474 net.cpp:369] Mprelu2_stage3_L2_1 -> Mconv2_stage3_L2_1 (in-place)
I0923 17:57:14.170169 2173474 net.cpp:124] Setting up Mprelu2_stage3_L2_1
I0923 17:57:14.170171 2173474 net.cpp:131] Top shape: 1 128 2 2 (512)
I0923 17:57:14.170171 2173474 net.cpp:139] Memory required for data: 1070464
I0923 17:57:14.170173 2173474 layer_factory.hpp:77] Creating layer Mconv2_stage3_L2_1_Mprelu2_stage3_L2_1_0_split
I0923 17:57:14.170176 2173474 net.cpp:86] Creating Layer Mconv2_stage3_L2_1_Mprelu2_stage3_L2_1_0_split
I0923 17:57:14.170176 2173474 net.cpp:408] Mconv2_stage3_L2_1_Mprelu2_stage3_L2_1_0_split <- Mconv2_stage3_L2_1
I0923 17:57:14.170178 2173474 net.cpp:382] Mconv2_stage3_L2_1_Mprelu2_stage3_L2_1_0_split -> Mconv2_stage3_L2_1_Mprelu2_stage3_L2_1_0_split_0
I0923 17:57:14.170181 2173474 net.cpp:382] Mconv2_stage3_L2_1_Mprelu2_stage3_L2_1_0_split -> Mconv2_stage3_L2_1_Mprelu2_stage3_L2_1_0_split_1
I0923 17:57:14.170187 2173474 net.cpp:124] Setting up Mconv2_stage3_L2_1_Mprelu2_stage3_L2_1_0_split
I0923 17:57:14.170188 2173474 net.cpp:131] Top shape: 1 128 2 2 (512)
I0923 17:57:14.170189 2173474 net.cpp:131] Top shape: 1 128 2 2 (512)
I0923 17:57:14.170192 2173474 net.cpp:139] Memory required for data: 1074560
I0923 17:57:14.170192 2173474 layer_factory.hpp:77] Creating layer Mconv2_stage3_L2_2
I0923 17:57:14.170194 2173474 net.cpp:86] Creating Layer Mconv2_stage3_L2_2
I0923 17:57:14.170197 2173474 net.cpp:408] Mconv2_stage3_L2_2 <- Mconv2_stage3_L2_1_Mprelu2_stage3_L2_1_0_split_0
I0923 17:57:14.170197 2173474 net.cpp:382] Mconv2_stage3_L2_2 -> Mconv2_stage3_L2_2
I0923 17:57:14.178094 2173474 net.cpp:124] Setting up Mconv2_stage3_L2_2
I0923 17:57:14.178099 2173474 net.cpp:131] Top shape: 1 128 2 2 (512)
I0923 17:57:14.178102 2173474 net.cpp:139] Memory required for data: 1076608
I0923 17:57:14.178104 2173474 layer_factory.hpp:77] Creating layer Mprelu2_stage3_L2_2
I0923 17:57:14.178107 2173474 net.cpp:86] Creating Layer Mprelu2_stage3_L2_2
I0923 17:57:14.178108 2173474 net.cpp:408] Mprelu2_stage3_L2_2 <- Mconv2_stage3_L2_2
I0923 17:57:14.178110 2173474 net.cpp:369] Mprelu2_stage3_L2_2 -> Mconv2_stage3_L2_2 (in-place)
I0923 17:57:14.178130 2173474 net.cpp:124] Setting up Mprelu2_stage3_L2_2
I0923 17:57:14.178133 2173474 net.cpp:131] Top shape: 1 128 2 2 (512)
I0923 17:57:14.178133 2173474 net.cpp:139] Memory required for data: 1078656
I0923 17:57:14.178134 2173474 layer_factory.hpp:77] Creating layer Mconv2_stage3_L2_concat
I0923 17:57:14.178136 2173474 net.cpp:86] Creating Layer Mconv2_stage3_L2_concat
I0923 17:57:14.178138 2173474 net.cpp:408] Mconv2_stage3_L2_concat <- Mconv2_stage3_L2_0_Mprelu2_stage3_L2_0_0_split_1
I0923 17:57:14.178139 2173474 net.cpp:408] Mconv2_stage3_L2_concat <- Mconv2_stage3_L2_1_Mprelu2_stage3_L2_1_0_split_1
I0923 17:57:14.178141 2173474 net.cpp:408] Mconv2_stage3_L2_concat <- Mconv2_stage3_L2_2
I0923 17:57:14.178143 2173474 net.cpp:382] Mconv2_stage3_L2_concat -> Mconv2_stage3_L2_concat
I0923 17:57:14.178153 2173474 net.cpp:124] Setting up Mconv2_stage3_L2_concat
I0923 17:57:14.178153 2173474 net.cpp:131] Top shape: 1 384 2 2 (1536)
I0923 17:57:14.178155 2173474 net.cpp:139] Memory required for data: 1084800
I0923 17:57:14.178156 2173474 layer_factory.hpp:77] Creating layer Mconv3_stage3_L2_0
I0923 17:57:14.178158 2173474 net.cpp:86] Creating Layer Mconv3_stage3_L2_0
I0923 17:57:14.178159 2173474 net.cpp:408] Mconv3_stage3_L2_0 <- Mconv2_stage3_L2_concat
I0923 17:57:14.178161 2173474 net.cpp:382] Mconv3_stage3_L2_0 -> Mconv3_stage3_L2_0
I0923 17:57:14.187331 2173474 net.cpp:124] Setting up Mconv3_stage3_L2_0
I0923 17:57:14.187336 2173474 net.cpp:131] Top shape: 1 128 2 2 (512)
I0923 17:57:14.187338 2173474 net.cpp:139] Memory required for data: 1086848
I0923 17:57:14.187341 2173474 layer_factory.hpp:77] Creating layer Mprelu3_stage3_L2_0
I0923 17:57:14.187343 2173474 net.cpp:86] Creating Layer Mprelu3_stage3_L2_0
I0923 17:57:14.187345 2173474 net.cpp:408] Mprelu3_stage3_L2_0 <- Mconv3_stage3_L2_0
I0923 17:57:14.187348 2173474 net.cpp:369] Mprelu3_stage3_L2_0 -> Mconv3_stage3_L2_0 (in-place)
I0923 17:57:14.187369 2173474 net.cpp:124] Setting up Mprelu3_stage3_L2_0
I0923 17:57:14.187371 2173474 net.cpp:131] Top shape: 1 128 2 2 (512)
I0923 17:57:14.187371 2173474 net.cpp:139] Memory required for data: 1088896
I0923 17:57:14.187373 2173474 layer_factory.hpp:77] Creating layer Mconv3_stage3_L2_0_Mprelu3_stage3_L2_0_0_split
I0923 17:57:14.187376 2173474 net.cpp:86] Creating Layer Mconv3_stage3_L2_0_Mprelu3_stage3_L2_0_0_split
I0923 17:57:14.187376 2173474 net.cpp:408] Mconv3_stage3_L2_0_Mprelu3_stage3_L2_0_0_split <- Mconv3_stage3_L2_0
I0923 17:57:14.187377 2173474 net.cpp:382] Mconv3_stage3_L2_0_Mprelu3_stage3_L2_0_0_split -> Mconv3_stage3_L2_0_Mprelu3_stage3_L2_0_0_split_0
I0923 17:57:14.187381 2173474 net.cpp:382] Mconv3_stage3_L2_0_Mprelu3_stage3_L2_0_0_split -> Mconv3_stage3_L2_0_Mprelu3_stage3_L2_0_0_split_1
I0923 17:57:14.187387 2173474 net.cpp:124] Setting up Mconv3_stage3_L2_0_Mprelu3_stage3_L2_0_0_split
I0923 17:57:14.187388 2173474 net.cpp:131] Top shape: 1 128 2 2 (512)
I0923 17:57:14.187389 2173474 net.cpp:131] Top shape: 1 128 2 2 (512)
I0923 17:57:14.187390 2173474 net.cpp:139] Memory required for data: 1092992
I0923 17:57:14.187391 2173474 layer_factory.hpp:77] Creating layer Mconv3_stage3_L2_1
I0923 17:57:14.187394 2173474 net.cpp:86] Creating Layer Mconv3_stage3_L2_1
I0923 17:57:14.187395 2173474 net.cpp:408] Mconv3_stage3_L2_1 <- Mconv3_stage3_L2_0_Mprelu3_stage3_L2_0_0_split_0
I0923 17:57:14.187397 2173474 net.cpp:382] Mconv3_stage3_L2_1 -> Mconv3_stage3_L2_1
I0923 17:57:14.195102 2173474 net.cpp:124] Setting up Mconv3_stage3_L2_1
I0923 17:57:14.195107 2173474 net.cpp:131] Top shape: 1 128 2 2 (512)
I0923 17:57:14.195109 2173474 net.cpp:139] Memory required for data: 1095040
I0923 17:57:14.195111 2173474 layer_factory.hpp:77] Creating layer Mprelu3_stage3_L2_1
I0923 17:57:14.195114 2173474 net.cpp:86] Creating Layer Mprelu3_stage3_L2_1
I0923 17:57:14.195115 2173474 net.cpp:408] Mprelu3_stage3_L2_1 <- Mconv3_stage3_L2_1
I0923 17:57:14.195117 2173474 net.cpp:369] Mprelu3_stage3_L2_1 -> Mconv3_stage3_L2_1 (in-place)
I0923 17:57:14.195142 2173474 net.cpp:124] Setting up Mprelu3_stage3_L2_1
I0923 17:57:14.195143 2173474 net.cpp:131] Top shape: 1 128 2 2 (512)
I0923 17:57:14.195144 2173474 net.cpp:139] Memory required for data: 1097088
I0923 17:57:14.195145 2173474 layer_factory.hpp:77] Creating layer Mconv3_stage3_L2_1_Mprelu3_stage3_L2_1_0_split
I0923 17:57:14.195147 2173474 net.cpp:86] Creating Layer Mconv3_stage3_L2_1_Mprelu3_stage3_L2_1_0_split
I0923 17:57:14.195148 2173474 net.cpp:408] Mconv3_stage3_L2_1_Mprelu3_stage3_L2_1_0_split <- Mconv3_stage3_L2_1
I0923 17:57:14.195150 2173474 net.cpp:382] Mconv3_stage3_L2_1_Mprelu3_stage3_L2_1_0_split -> Mconv3_stage3_L2_1_Mprelu3_stage3_L2_1_0_split_0
I0923 17:57:14.195153 2173474 net.cpp:382] Mconv3_stage3_L2_1_Mprelu3_stage3_L2_1_0_split -> Mconv3_stage3_L2_1_Mprelu3_stage3_L2_1_0_split_1
I0923 17:57:14.195160 2173474 net.cpp:124] Setting up Mconv3_stage3_L2_1_Mprelu3_stage3_L2_1_0_split
I0923 17:57:14.195161 2173474 net.cpp:131] Top shape: 1 128 2 2 (512)
I0923 17:57:14.195163 2173474 net.cpp:131] Top shape: 1 128 2 2 (512)
I0923 17:57:14.195163 2173474 net.cpp:139] Memory required for data: 1101184
I0923 17:57:14.195164 2173474 layer_factory.hpp:77] Creating layer Mconv3_stage3_L2_2
I0923 17:57:14.195168 2173474 net.cpp:86] Creating Layer Mconv3_stage3_L2_2
I0923 17:57:14.195168 2173474 net.cpp:408] Mconv3_stage3_L2_2 <- Mconv3_stage3_L2_1_Mprelu3_stage3_L2_1_0_split_0
I0923 17:57:14.195170 2173474 net.cpp:382] Mconv3_stage3_L2_2 -> Mconv3_stage3_L2_2
I0923 17:57:14.204444 2173474 net.cpp:124] Setting up Mconv3_stage3_L2_2
I0923 17:57:14.204449 2173474 net.cpp:131] Top shape: 1 128 2 2 (512)
I0923 17:57:14.204452 2173474 net.cpp:139] Memory required for data: 1103232
I0923 17:57:14.204454 2173474 layer_factory.hpp:77] Creating layer Mprelu3_stage3_L2_2
I0923 17:57:14.204457 2173474 net.cpp:86] Creating Layer Mprelu3_stage3_L2_2
I0923 17:57:14.204458 2173474 net.cpp:408] Mprelu3_stage3_L2_2 <- Mconv3_stage3_L2_2
I0923 17:57:14.204460 2173474 net.cpp:369] Mprelu3_stage3_L2_2 -> Mconv3_stage3_L2_2 (in-place)
I0923 17:57:14.204483 2173474 net.cpp:124] Setting up Mprelu3_stage3_L2_2
I0923 17:57:14.204483 2173474 net.cpp:131] Top shape: 1 128 2 2 (512)
I0923 17:57:14.204485 2173474 net.cpp:139] Memory required for data: 1105280
I0923 17:57:14.204486 2173474 layer_factory.hpp:77] Creating layer Mconv3_stage3_L2_concat
I0923 17:57:14.204488 2173474 net.cpp:86] Creating Layer Mconv3_stage3_L2_concat
I0923 17:57:14.204489 2173474 net.cpp:408] Mconv3_stage3_L2_concat <- Mconv3_stage3_L2_0_Mprelu3_stage3_L2_0_0_split_1
I0923 17:57:14.204491 2173474 net.cpp:408] Mconv3_stage3_L2_concat <- Mconv3_stage3_L2_1_Mprelu3_stage3_L2_1_0_split_1
I0923 17:57:14.204492 2173474 net.cpp:408] Mconv3_stage3_L2_concat <- Mconv3_stage3_L2_2
I0923 17:57:14.204494 2173474 net.cpp:382] Mconv3_stage3_L2_concat -> Mconv3_stage3_L2_concat
I0923 17:57:14.204499 2173474 net.cpp:124] Setting up Mconv3_stage3_L2_concat
I0923 17:57:14.204500 2173474 net.cpp:131] Top shape: 1 384 2 2 (1536)
I0923 17:57:14.204502 2173474 net.cpp:139] Memory required for data: 1111424
I0923 17:57:14.204504 2173474 layer_factory.hpp:77] Creating layer Mconv4_stage3_L2_0
I0923 17:57:14.204505 2173474 net.cpp:86] Creating Layer Mconv4_stage3_L2_0
I0923 17:57:14.204506 2173474 net.cpp:408] Mconv4_stage3_L2_0 <- Mconv3_stage3_L2_concat
I0923 17:57:14.204509 2173474 net.cpp:382] Mconv4_stage3_L2_0 -> Mconv4_stage3_L2_0
I0923 17:57:14.213967 2173474 net.cpp:124] Setting up Mconv4_stage3_L2_0
I0923 17:57:14.213973 2173474 net.cpp:131] Top shape: 1 128 2 2 (512)
I0923 17:57:14.213975 2173474 net.cpp:139] Memory required for data: 1113472
I0923 17:57:14.213977 2173474 layer_factory.hpp:77] Creating layer Mprelu4_stage3_L2_0
I0923 17:57:14.213980 2173474 net.cpp:86] Creating Layer Mprelu4_stage3_L2_0
I0923 17:57:14.213981 2173474 net.cpp:408] Mprelu4_stage3_L2_0 <- Mconv4_stage3_L2_0
I0923 17:57:14.213984 2173474 net.cpp:369] Mprelu4_stage3_L2_0 -> Mconv4_stage3_L2_0 (in-place)
I0923 17:57:14.214006 2173474 net.cpp:124] Setting up Mprelu4_stage3_L2_0
I0923 17:57:14.214007 2173474 net.cpp:131] Top shape: 1 128 2 2 (512)
I0923 17:57:14.214008 2173474 net.cpp:139] Memory required for data: 1115520
I0923 17:57:14.214010 2173474 layer_factory.hpp:77] Creating layer Mconv4_stage3_L2_0_Mprelu4_stage3_L2_0_0_split
I0923 17:57:14.214012 2173474 net.cpp:86] Creating Layer Mconv4_stage3_L2_0_Mprelu4_stage3_L2_0_0_split
I0923 17:57:14.214013 2173474 net.cpp:408] Mconv4_stage3_L2_0_Mprelu4_stage3_L2_0_0_split <- Mconv4_stage3_L2_0
I0923 17:57:14.214015 2173474 net.cpp:382] Mconv4_stage3_L2_0_Mprelu4_stage3_L2_0_0_split -> Mconv4_stage3_L2_0_Mprelu4_stage3_L2_0_0_split_0
I0923 17:57:14.214017 2173474 net.cpp:382] Mconv4_stage3_L2_0_Mprelu4_stage3_L2_0_0_split -> Mconv4_stage3_L2_0_Mprelu4_stage3_L2_0_0_split_1
I0923 17:57:14.214025 2173474 net.cpp:124] Setting up Mconv4_stage3_L2_0_Mprelu4_stage3_L2_0_0_split
I0923 17:57:14.214025 2173474 net.cpp:131] Top shape: 1 128 2 2 (512)
I0923 17:57:14.214026 2173474 net.cpp:131] Top shape: 1 128 2 2 (512)
I0923 17:57:14.214028 2173474 net.cpp:139] Memory required for data: 1119616
I0923 17:57:14.214030 2173474 layer_factory.hpp:77] Creating layer Mconv4_stage3_L2_1
I0923 17:57:14.214031 2173474 net.cpp:86] Creating Layer Mconv4_stage3_L2_1
I0923 17:57:14.214032 2173474 net.cpp:408] Mconv4_stage3_L2_1 <- Mconv4_stage3_L2_0_Mprelu4_stage3_L2_0_0_split_0
I0923 17:57:14.214035 2173474 net.cpp:382] Mconv4_stage3_L2_1 -> Mconv4_stage3_L2_1
I0923 17:57:14.222257 2173474 net.cpp:124] Setting up Mconv4_stage3_L2_1
I0923 17:57:14.222262 2173474 net.cpp:131] Top shape: 1 128 2 2 (512)
I0923 17:57:14.222265 2173474 net.cpp:139] Memory required for data: 1121664
I0923 17:57:14.222267 2173474 layer_factory.hpp:77] Creating layer Mprelu4_stage3_L2_1
I0923 17:57:14.222270 2173474 net.cpp:86] Creating Layer Mprelu4_stage3_L2_1
I0923 17:57:14.222271 2173474 net.cpp:408] Mprelu4_stage3_L2_1 <- Mconv4_stage3_L2_1
I0923 17:57:14.222273 2173474 net.cpp:369] Mprelu4_stage3_L2_1 -> Mconv4_stage3_L2_1 (in-place)
I0923 17:57:14.222294 2173474 net.cpp:124] Setting up Mprelu4_stage3_L2_1
I0923 17:57:14.222295 2173474 net.cpp:131] Top shape: 1 128 2 2 (512)
I0923 17:57:14.222297 2173474 net.cpp:139] Memory required for data: 1123712
I0923 17:57:14.222298 2173474 layer_factory.hpp:77] Creating layer Mconv4_stage3_L2_1_Mprelu4_stage3_L2_1_0_split
I0923 17:57:14.222301 2173474 net.cpp:86] Creating Layer Mconv4_stage3_L2_1_Mprelu4_stage3_L2_1_0_split
I0923 17:57:14.222301 2173474 net.cpp:408] Mconv4_stage3_L2_1_Mprelu4_stage3_L2_1_0_split <- Mconv4_stage3_L2_1
I0923 17:57:14.222303 2173474 net.cpp:382] Mconv4_stage3_L2_1_Mprelu4_stage3_L2_1_0_split -> Mconv4_stage3_L2_1_Mprelu4_stage3_L2_1_0_split_0
I0923 17:57:14.222306 2173474 net.cpp:382] Mconv4_stage3_L2_1_Mprelu4_stage3_L2_1_0_split -> Mconv4_stage3_L2_1_Mprelu4_stage3_L2_1_0_split_1
I0923 17:57:14.222312 2173474 net.cpp:124] Setting up Mconv4_stage3_L2_1_Mprelu4_stage3_L2_1_0_split
I0923 17:57:14.222314 2173474 net.cpp:131] Top shape: 1 128 2 2 (512)
I0923 17:57:14.222316 2173474 net.cpp:131] Top shape: 1 128 2 2 (512)
I0923 17:57:14.222316 2173474 net.cpp:139] Memory required for data: 1127808
I0923 17:57:14.222317 2173474 layer_factory.hpp:77] Creating layer Mconv4_stage3_L2_2
I0923 17:57:14.222319 2173474 net.cpp:86] Creating Layer Mconv4_stage3_L2_2
I0923 17:57:14.222321 2173474 net.cpp:408] Mconv4_stage3_L2_2 <- Mconv4_stage3_L2_1_Mprelu4_stage3_L2_1_0_split_0
I0923 17:57:14.222322 2173474 net.cpp:382] Mconv4_stage3_L2_2 -> Mconv4_stage3_L2_2
I0923 17:57:14.230881 2173474 net.cpp:124] Setting up Mconv4_stage3_L2_2
I0923 17:57:14.230886 2173474 net.cpp:131] Top shape: 1 128 2 2 (512)
I0923 17:57:14.230888 2173474 net.cpp:139] Memory required for data: 1129856
I0923 17:57:14.230890 2173474 layer_factory.hpp:77] Creating layer Mprelu4_stage3_L2_2
I0923 17:57:14.230893 2173474 net.cpp:86] Creating Layer Mprelu4_stage3_L2_2
I0923 17:57:14.230895 2173474 net.cpp:408] Mprelu4_stage3_L2_2 <- Mconv4_stage3_L2_2
I0923 17:57:14.230897 2173474 net.cpp:369] Mprelu4_stage3_L2_2 -> Mconv4_stage3_L2_2 (in-place)
I0923 17:57:14.230919 2173474 net.cpp:124] Setting up Mprelu4_stage3_L2_2
I0923 17:57:14.230921 2173474 net.cpp:131] Top shape: 1 128 2 2 (512)
I0923 17:57:14.230922 2173474 net.cpp:139] Memory required for data: 1131904
I0923 17:57:14.230923 2173474 layer_factory.hpp:77] Creating layer Mconv4_stage3_L2_concat
I0923 17:57:14.230926 2173474 net.cpp:86] Creating Layer Mconv4_stage3_L2_concat
I0923 17:57:14.230926 2173474 net.cpp:408] Mconv4_stage3_L2_concat <- Mconv4_stage3_L2_0_Mprelu4_stage3_L2_0_0_split_1
I0923 17:57:14.230928 2173474 net.cpp:408] Mconv4_stage3_L2_concat <- Mconv4_stage3_L2_1_Mprelu4_stage3_L2_1_0_split_1
I0923 17:57:14.230929 2173474 net.cpp:408] Mconv4_stage3_L2_concat <- Mconv4_stage3_L2_2
I0923 17:57:14.230931 2173474 net.cpp:382] Mconv4_stage3_L2_concat -> Mconv4_stage3_L2_concat
I0923 17:57:14.230937 2173474 net.cpp:124] Setting up Mconv4_stage3_L2_concat
I0923 17:57:14.230937 2173474 net.cpp:131] Top shape: 1 384 2 2 (1536)
I0923 17:57:14.230939 2173474 net.cpp:139] Memory required for data: 1138048
I0923 17:57:14.230940 2173474 layer_factory.hpp:77] Creating layer Mconv5_stage3_L2_0
I0923 17:57:14.230942 2173474 net.cpp:86] Creating Layer Mconv5_stage3_L2_0
I0923 17:57:14.230943 2173474 net.cpp:408] Mconv5_stage3_L2_0 <- Mconv4_stage3_L2_concat
I0923 17:57:14.230945 2173474 net.cpp:382] Mconv5_stage3_L2_0 -> Mconv5_stage3_L2_0
I0923 17:57:14.239609 2173474 net.cpp:124] Setting up Mconv5_stage3_L2_0
I0923 17:57:14.239614 2173474 net.cpp:131] Top shape: 1 128 2 2 (512)
I0923 17:57:14.239616 2173474 net.cpp:139] Memory required for data: 1140096
I0923 17:57:14.239619 2173474 layer_factory.hpp:77] Creating layer Mprelu5_stage3_L2_0
I0923 17:57:14.239621 2173474 net.cpp:86] Creating Layer Mprelu5_stage3_L2_0
I0923 17:57:14.239622 2173474 net.cpp:408] Mprelu5_stage3_L2_0 <- Mconv5_stage3_L2_0
I0923 17:57:14.239625 2173474 net.cpp:369] Mprelu5_stage3_L2_0 -> Mconv5_stage3_L2_0 (in-place)
I0923 17:57:14.239645 2173474 net.cpp:124] Setting up Mprelu5_stage3_L2_0
I0923 17:57:14.239647 2173474 net.cpp:131] Top shape: 1 128 2 2 (512)
I0923 17:57:14.239648 2173474 net.cpp:139] Memory required for data: 1142144
I0923 17:57:14.239650 2173474 layer_factory.hpp:77] Creating layer Mconv5_stage3_L2_0_Mprelu5_stage3_L2_0_0_split
I0923 17:57:14.239651 2173474 net.cpp:86] Creating Layer Mconv5_stage3_L2_0_Mprelu5_stage3_L2_0_0_split
I0923 17:57:14.239652 2173474 net.cpp:408] Mconv5_stage3_L2_0_Mprelu5_stage3_L2_0_0_split <- Mconv5_stage3_L2_0
I0923 17:57:14.239655 2173474 net.cpp:382] Mconv5_stage3_L2_0_Mprelu5_stage3_L2_0_0_split -> Mconv5_stage3_L2_0_Mprelu5_stage3_L2_0_0_split_0
I0923 17:57:14.239656 2173474 net.cpp:382] Mconv5_stage3_L2_0_Mprelu5_stage3_L2_0_0_split -> Mconv5_stage3_L2_0_Mprelu5_stage3_L2_0_0_split_1
I0923 17:57:14.239663 2173474 net.cpp:124] Setting up Mconv5_stage3_L2_0_Mprelu5_stage3_L2_0_0_split
I0923 17:57:14.239665 2173474 net.cpp:131] Top shape: 1 128 2 2 (512)
I0923 17:57:14.239665 2173474 net.cpp:131] Top shape: 1 128 2 2 (512)
I0923 17:57:14.239667 2173474 net.cpp:139] Memory required for data: 1146240
I0923 17:57:14.239668 2173474 layer_factory.hpp:77] Creating layer Mconv5_stage3_L2_1
I0923 17:57:14.239670 2173474 net.cpp:86] Creating Layer Mconv5_stage3_L2_1
I0923 17:57:14.239672 2173474 net.cpp:408] Mconv5_stage3_L2_1 <- Mconv5_stage3_L2_0_Mprelu5_stage3_L2_0_0_split_0
I0923 17:57:14.239673 2173474 net.cpp:382] Mconv5_stage3_L2_1 -> Mconv5_stage3_L2_1
I0923 17:57:14.249744 2173474 net.cpp:124] Setting up Mconv5_stage3_L2_1
I0923 17:57:14.249750 2173474 net.cpp:131] Top shape: 1 128 2 2 (512)
I0923 17:57:14.249752 2173474 net.cpp:139] Memory required for data: 1148288
I0923 17:57:14.249754 2173474 layer_factory.hpp:77] Creating layer Mprelu5_stage3_L2_1
I0923 17:57:14.249758 2173474 net.cpp:86] Creating Layer Mprelu5_stage3_L2_1
I0923 17:57:14.249758 2173474 net.cpp:408] Mprelu5_stage3_L2_1 <- Mconv5_stage3_L2_1
I0923 17:57:14.249760 2173474 net.cpp:369] Mprelu5_stage3_L2_1 -> Mconv5_stage3_L2_1 (in-place)
I0923 17:57:14.249782 2173474 net.cpp:124] Setting up Mprelu5_stage3_L2_1
I0923 17:57:14.249783 2173474 net.cpp:131] Top shape: 1 128 2 2 (512)
I0923 17:57:14.249785 2173474 net.cpp:139] Memory required for data: 1150336
I0923 17:57:14.249786 2173474 layer_factory.hpp:77] Creating layer Mconv5_stage3_L2_1_Mprelu5_stage3_L2_1_0_split
I0923 17:57:14.249788 2173474 net.cpp:86] Creating Layer Mconv5_stage3_L2_1_Mprelu5_stage3_L2_1_0_split
I0923 17:57:14.249789 2173474 net.cpp:408] Mconv5_stage3_L2_1_Mprelu5_stage3_L2_1_0_split <- Mconv5_stage3_L2_1
I0923 17:57:14.249791 2173474 net.cpp:382] Mconv5_stage3_L2_1_Mprelu5_stage3_L2_1_0_split -> Mconv5_stage3_L2_1_Mprelu5_stage3_L2_1_0_split_0
I0923 17:57:14.249794 2173474 net.cpp:382] Mconv5_stage3_L2_1_Mprelu5_stage3_L2_1_0_split -> Mconv5_stage3_L2_1_Mprelu5_stage3_L2_1_0_split_1
I0923 17:57:14.249800 2173474 net.cpp:124] Setting up Mconv5_stage3_L2_1_Mprelu5_stage3_L2_1_0_split
I0923 17:57:14.249801 2173474 net.cpp:131] Top shape: 1 128 2 2 (512)
I0923 17:57:14.249804 2173474 net.cpp:131] Top shape: 1 128 2 2 (512)
I0923 17:57:14.249804 2173474 net.cpp:139] Memory required for data: 1154432
I0923 17:57:14.249805 2173474 layer_factory.hpp:77] Creating layer Mconv5_stage3_L2_2
I0923 17:57:14.249809 2173474 net.cpp:86] Creating Layer Mconv5_stage3_L2_2
I0923 17:57:14.249809 2173474 net.cpp:408] Mconv5_stage3_L2_2 <- Mconv5_stage3_L2_1_Mprelu5_stage3_L2_1_0_split_0
I0923 17:57:14.249811 2173474 net.cpp:382] Mconv5_stage3_L2_2 -> Mconv5_stage3_L2_2
I0923 17:57:14.257972 2173474 net.cpp:124] Setting up Mconv5_stage3_L2_2
I0923 17:57:14.257978 2173474 net.cpp:131] Top shape: 1 128 2 2 (512)
I0923 17:57:14.257980 2173474 net.cpp:139] Memory required for data: 1156480
I0923 17:57:14.257982 2173474 layer_factory.hpp:77] Creating layer Mprelu5_stage3_L2_2
I0923 17:57:14.257985 2173474 net.cpp:86] Creating Layer Mprelu5_stage3_L2_2
I0923 17:57:14.257987 2173474 net.cpp:408] Mprelu5_stage3_L2_2 <- Mconv5_stage3_L2_2
I0923 17:57:14.257989 2173474 net.cpp:369] Mprelu5_stage3_L2_2 -> Mconv5_stage3_L2_2 (in-place)
I0923 17:57:14.258010 2173474 net.cpp:124] Setting up Mprelu5_stage3_L2_2
I0923 17:57:14.258013 2173474 net.cpp:131] Top shape: 1 128 2 2 (512)
I0923 17:57:14.258013 2173474 net.cpp:139] Memory required for data: 1158528
I0923 17:57:14.258014 2173474 layer_factory.hpp:77] Creating layer Mconv5_stage3_L2_concat
I0923 17:57:14.258016 2173474 net.cpp:86] Creating Layer Mconv5_stage3_L2_concat
I0923 17:57:14.258018 2173474 net.cpp:408] Mconv5_stage3_L2_concat <- Mconv5_stage3_L2_0_Mprelu5_stage3_L2_0_0_split_1
I0923 17:57:14.258019 2173474 net.cpp:408] Mconv5_stage3_L2_concat <- Mconv5_stage3_L2_1_Mprelu5_stage3_L2_1_0_split_1
I0923 17:57:14.258020 2173474 net.cpp:408] Mconv5_stage3_L2_concat <- Mconv5_stage3_L2_2
I0923 17:57:14.258023 2173474 net.cpp:382] Mconv5_stage3_L2_concat -> Mconv5_stage3_L2_concat
I0923 17:57:14.258028 2173474 net.cpp:124] Setting up Mconv5_stage3_L2_concat
I0923 17:57:14.258028 2173474 net.cpp:131] Top shape: 1 384 2 2 (1536)
I0923 17:57:14.258030 2173474 net.cpp:139] Memory required for data: 1164672
I0923 17:57:14.258031 2173474 layer_factory.hpp:77] Creating layer Mconv6_stage3_L2
I0923 17:57:14.258034 2173474 net.cpp:86] Creating Layer Mconv6_stage3_L2
I0923 17:57:14.258035 2173474 net.cpp:408] Mconv6_stage3_L2 <- Mconv5_stage3_L2_concat
I0923 17:57:14.258037 2173474 net.cpp:382] Mconv6_stage3_L2 -> Mconv6_stage3_L2
I0923 17:57:14.266283 2173474 net.cpp:124] Setting up Mconv6_stage3_L2
I0923 17:57:14.266287 2173474 net.cpp:131] Top shape: 1 512 2 2 (2048)
I0923 17:57:14.266290 2173474 net.cpp:139] Memory required for data: 1172864
I0923 17:57:14.266292 2173474 layer_factory.hpp:77] Creating layer Mprelu6_stage3_L2
I0923 17:57:14.266295 2173474 net.cpp:86] Creating Layer Mprelu6_stage3_L2
I0923 17:57:14.266297 2173474 net.cpp:408] Mprelu6_stage3_L2 <- Mconv6_stage3_L2
I0923 17:57:14.266299 2173474 net.cpp:369] Mprelu6_stage3_L2 -> Mconv6_stage3_L2 (in-place)
I0923 17:57:14.266323 2173474 net.cpp:124] Setting up Mprelu6_stage3_L2
I0923 17:57:14.266324 2173474 net.cpp:131] Top shape: 1 512 2 2 (2048)
I0923 17:57:14.266325 2173474 net.cpp:139] Memory required for data: 1181056
I0923 17:57:14.266327 2173474 layer_factory.hpp:77] Creating layer Mconv7_stage3_L2
I0923 17:57:14.266330 2173474 net.cpp:86] Creating Layer Mconv7_stage3_L2
I0923 17:57:14.266331 2173474 net.cpp:408] Mconv7_stage3_L2 <- Mconv6_stage3_L2
I0923 17:57:14.266332 2173474 net.cpp:382] Mconv7_stage3_L2 -> Mconv7_stage3_L2
I0923 17:57:14.274384 2173474 net.cpp:124] Setting up Mconv7_stage3_L2
I0923 17:57:14.274389 2173474 net.cpp:131] Top shape: 1 52 2 2 (208)
I0923 17:57:14.274390 2173474 net.cpp:139] Memory required for data: 1181888
I0923 17:57:14.274392 2173474 layer_factory.hpp:77] Creating layer Mconv7_stage3_L2_Mconv7_stage3_L2_0_split
I0923 17:57:14.274395 2173474 net.cpp:86] Creating Layer Mconv7_stage3_L2_Mconv7_stage3_L2_0_split
I0923 17:57:14.274397 2173474 net.cpp:408] Mconv7_stage3_L2_Mconv7_stage3_L2_0_split <- Mconv7_stage3_L2
I0923 17:57:14.274399 2173474 net.cpp:382] Mconv7_stage3_L2_Mconv7_stage3_L2_0_split -> Mconv7_stage3_L2_Mconv7_stage3_L2_0_split_0
I0923 17:57:14.274402 2173474 net.cpp:382] Mconv7_stage3_L2_Mconv7_stage3_L2_0_split -> Mconv7_stage3_L2_Mconv7_stage3_L2_0_split_1
I0923 17:57:14.274405 2173474 net.cpp:382] Mconv7_stage3_L2_Mconv7_stage3_L2_0_split -> Mconv7_stage3_L2_Mconv7_stage3_L2_0_split_2
I0923 17:57:14.274417 2173474 net.cpp:124] Setting up Mconv7_stage3_L2_Mconv7_stage3_L2_0_split
I0923 17:57:14.274418 2173474 net.cpp:131] Top shape: 1 52 2 2 (208)
I0923 17:57:14.274420 2173474 net.cpp:131] Top shape: 1 52 2 2 (208)
I0923 17:57:14.274421 2173474 net.cpp:131] Top shape: 1 52 2 2 (208)
I0923 17:57:14.274422 2173474 net.cpp:139] Memory required for data: 1184384
I0923 17:57:14.274423 2173474 layer_factory.hpp:77] Creating layer concat_stage0_L1
I0923 17:57:14.274425 2173474 net.cpp:86] Creating Layer concat_stage0_L1
I0923 17:57:14.274426 2173474 net.cpp:408] concat_stage0_L1 <- conv4_4_CPM_prelu4_4_CPM_0_split_4
I0923 17:57:14.274428 2173474 net.cpp:408] concat_stage0_L1 <- Mconv7_stage3_L2_Mconv7_stage3_L2_0_split_0
I0923 17:57:14.274430 2173474 net.cpp:382] concat_stage0_L1 -> concat_stage0_L1
I0923 17:57:14.274435 2173474 net.cpp:124] Setting up concat_stage0_L1
I0923 17:57:14.274436 2173474 net.cpp:131] Top shape: 1 180 2 2 (720)
I0923 17:57:14.274437 2173474 net.cpp:139] Memory required for data: 1187264
I0923 17:57:14.274438 2173474 layer_factory.hpp:77] Creating layer Mconv1_stage0_L1_0
I0923 17:57:14.274441 2173474 net.cpp:86] Creating Layer Mconv1_stage0_L1_0
I0923 17:57:14.274441 2173474 net.cpp:408] Mconv1_stage0_L1_0 <- concat_stage0_L1
I0923 17:57:14.274443 2173474 net.cpp:382] Mconv1_stage0_L1_0 -> Mconv1_stage0_L1_0
I0923 17:57:14.282998 2173474 net.cpp:124] Setting up Mconv1_stage0_L1_0
I0923 17:57:14.283004 2173474 net.cpp:131] Top shape: 1 96 2 2 (384)
I0923 17:57:14.283006 2173474 net.cpp:139] Memory required for data: 1188800
I0923 17:57:14.283008 2173474 layer_factory.hpp:77] Creating layer Mprelu1_stage0_L1_0
I0923 17:57:14.283011 2173474 net.cpp:86] Creating Layer Mprelu1_stage0_L1_0
I0923 17:57:14.283013 2173474 net.cpp:408] Mprelu1_stage0_L1_0 <- Mconv1_stage0_L1_0
I0923 17:57:14.283015 2173474 net.cpp:369] Mprelu1_stage0_L1_0 -> Mconv1_stage0_L1_0 (in-place)
I0923 17:57:14.283038 2173474 net.cpp:124] Setting up Mprelu1_stage0_L1_0
I0923 17:57:14.283039 2173474 net.cpp:131] Top shape: 1 96 2 2 (384)
I0923 17:57:14.283041 2173474 net.cpp:139] Memory required for data: 1190336
I0923 17:57:14.283042 2173474 layer_factory.hpp:77] Creating layer Mconv1_stage0_L1_0_Mprelu1_stage0_L1_0_0_split
I0923 17:57:14.283044 2173474 net.cpp:86] Creating Layer Mconv1_stage0_L1_0_Mprelu1_stage0_L1_0_0_split
I0923 17:57:14.283046 2173474 net.cpp:408] Mconv1_stage0_L1_0_Mprelu1_stage0_L1_0_0_split <- Mconv1_stage0_L1_0
I0923 17:57:14.283046 2173474 net.cpp:382] Mconv1_stage0_L1_0_Mprelu1_stage0_L1_0_0_split -> Mconv1_stage0_L1_0_Mprelu1_stage0_L1_0_0_split_0
I0923 17:57:14.283049 2173474 net.cpp:382] Mconv1_stage0_L1_0_Mprelu1_stage0_L1_0_0_split -> Mconv1_stage0_L1_0_Mprelu1_stage0_L1_0_0_split_1
I0923 17:57:14.283056 2173474 net.cpp:124] Setting up Mconv1_stage0_L1_0_Mprelu1_stage0_L1_0_0_split
I0923 17:57:14.283057 2173474 net.cpp:131] Top shape: 1 96 2 2 (384)
I0923 17:57:14.283058 2173474 net.cpp:131] Top shape: 1 96 2 2 (384)
I0923 17:57:14.283059 2173474 net.cpp:139] Memory required for data: 1193408
I0923 17:57:14.283061 2173474 layer_factory.hpp:77] Creating layer Mconv1_stage0_L1_1
I0923 17:57:14.283063 2173474 net.cpp:86] Creating Layer Mconv1_stage0_L1_1
I0923 17:57:14.283064 2173474 net.cpp:408] Mconv1_stage0_L1_1 <- Mconv1_stage0_L1_0_Mprelu1_stage0_L1_0_0_split_0
I0923 17:57:14.283066 2173474 net.cpp:382] Mconv1_stage0_L1_1 -> Mconv1_stage0_L1_1
I0923 17:57:14.291239 2173474 net.cpp:124] Setting up Mconv1_stage0_L1_1
I0923 17:57:14.291244 2173474 net.cpp:131] Top shape: 1 96 2 2 (384)
I0923 17:57:14.291245 2173474 net.cpp:139] Memory required for data: 1194944
I0923 17:57:14.291247 2173474 layer_factory.hpp:77] Creating layer Mprelu1_stage0_L1_1
I0923 17:57:14.291250 2173474 net.cpp:86] Creating Layer Mprelu1_stage0_L1_1
I0923 17:57:14.291251 2173474 net.cpp:408] Mprelu1_stage0_L1_1 <- Mconv1_stage0_L1_1
I0923 17:57:14.291253 2173474 net.cpp:369] Mprelu1_stage0_L1_1 -> Mconv1_stage0_L1_1 (in-place)
I0923 17:57:14.291276 2173474 net.cpp:124] Setting up Mprelu1_stage0_L1_1
I0923 17:57:14.291278 2173474 net.cpp:131] Top shape: 1 96 2 2 (384)
I0923 17:57:14.291280 2173474 net.cpp:139] Memory required for data: 1196480
I0923 17:57:14.291280 2173474 layer_factory.hpp:77] Creating layer Mconv1_stage0_L1_1_Mprelu1_stage0_L1_1_0_split
I0923 17:57:14.291282 2173474 net.cpp:86] Creating Layer Mconv1_stage0_L1_1_Mprelu1_stage0_L1_1_0_split
I0923 17:57:14.291283 2173474 net.cpp:408] Mconv1_stage0_L1_1_Mprelu1_stage0_L1_1_0_split <- Mconv1_stage0_L1_1
I0923 17:57:14.291285 2173474 net.cpp:382] Mconv1_stage0_L1_1_Mprelu1_stage0_L1_1_0_split -> Mconv1_stage0_L1_1_Mprelu1_stage0_L1_1_0_split_0
I0923 17:57:14.291287 2173474 net.cpp:382] Mconv1_stage0_L1_1_Mprelu1_stage0_L1_1_0_split -> Mconv1_stage0_L1_1_Mprelu1_stage0_L1_1_0_split_1
I0923 17:57:14.291294 2173474 net.cpp:124] Setting up Mconv1_stage0_L1_1_Mprelu1_stage0_L1_1_0_split
I0923 17:57:14.291296 2173474 net.cpp:131] Top shape: 1 96 2 2 (384)
I0923 17:57:14.291297 2173474 net.cpp:131] Top shape: 1 96 2 2 (384)
I0923 17:57:14.291298 2173474 net.cpp:139] Memory required for data: 1199552
I0923 17:57:14.291299 2173474 layer_factory.hpp:77] Creating layer Mconv1_stage0_L1_2
I0923 17:57:14.291301 2173474 net.cpp:86] Creating Layer Mconv1_stage0_L1_2
I0923 17:57:14.291302 2173474 net.cpp:408] Mconv1_stage0_L1_2 <- Mconv1_stage0_L1_1_Mprelu1_stage0_L1_1_0_split_0
I0923 17:57:14.291304 2173474 net.cpp:382] Mconv1_stage0_L1_2 -> Mconv1_stage0_L1_2
I0923 17:57:14.299175 2173474 net.cpp:124] Setting up Mconv1_stage0_L1_2
I0923 17:57:14.299180 2173474 net.cpp:131] Top shape: 1 96 2 2 (384)
I0923 17:57:14.299181 2173474 net.cpp:139] Memory required for data: 1201088
I0923 17:57:14.299183 2173474 layer_factory.hpp:77] Creating layer Mprelu1_stage0_L1_2
I0923 17:57:14.299186 2173474 net.cpp:86] Creating Layer Mprelu1_stage0_L1_2
I0923 17:57:14.299188 2173474 net.cpp:408] Mprelu1_stage0_L1_2 <- Mconv1_stage0_L1_2
I0923 17:57:14.299190 2173474 net.cpp:369] Mprelu1_stage0_L1_2 -> Mconv1_stage0_L1_2 (in-place)
I0923 17:57:14.299213 2173474 net.cpp:124] Setting up Mprelu1_stage0_L1_2
I0923 17:57:14.299214 2173474 net.cpp:131] Top shape: 1 96 2 2 (384)
I0923 17:57:14.299216 2173474 net.cpp:139] Memory required for data: 1202624
I0923 17:57:14.299217 2173474 layer_factory.hpp:77] Creating layer Mconv1_stage0_L1_concat
I0923 17:57:14.299219 2173474 net.cpp:86] Creating Layer Mconv1_stage0_L1_concat
I0923 17:57:14.299220 2173474 net.cpp:408] Mconv1_stage0_L1_concat <- Mconv1_stage0_L1_0_Mprelu1_stage0_L1_0_0_split_1
I0923 17:57:14.299222 2173474 net.cpp:408] Mconv1_stage0_L1_concat <- Mconv1_stage0_L1_1_Mprelu1_stage0_L1_1_0_split_1
I0923 17:57:14.299223 2173474 net.cpp:408] Mconv1_stage0_L1_concat <- Mconv1_stage0_L1_2
I0923 17:57:14.299225 2173474 net.cpp:382] Mconv1_stage0_L1_concat -> Mconv1_stage0_L1_concat
I0923 17:57:14.299230 2173474 net.cpp:124] Setting up Mconv1_stage0_L1_concat
I0923 17:57:14.299232 2173474 net.cpp:131] Top shape: 1 288 2 2 (1152)
I0923 17:57:14.299233 2173474 net.cpp:139] Memory required for data: 1207232
I0923 17:57:14.299234 2173474 layer_factory.hpp:77] Creating layer Mconv2_stage0_L1_0
I0923 17:57:14.299237 2173474 net.cpp:86] Creating Layer Mconv2_stage0_L1_0
I0923 17:57:14.299238 2173474 net.cpp:408] Mconv2_stage0_L1_0 <- Mconv1_stage0_L1_concat
I0923 17:57:14.299240 2173474 net.cpp:382] Mconv2_stage0_L1_0 -> Mconv2_stage0_L1_0
I0923 17:57:14.308037 2173474 net.cpp:124] Setting up Mconv2_stage0_L1_0
I0923 17:57:14.308043 2173474 net.cpp:131] Top shape: 1 96 2 2 (384)
I0923 17:57:14.308045 2173474 net.cpp:139] Memory required for data: 1208768
I0923 17:57:14.308048 2173474 layer_factory.hpp:77] Creating layer Mprelu2_stage0_L1_0
I0923 17:57:14.308050 2173474 net.cpp:86] Creating Layer Mprelu2_stage0_L1_0
I0923 17:57:14.308053 2173474 net.cpp:408] Mprelu2_stage0_L1_0 <- Mconv2_stage0_L1_0
I0923 17:57:14.308054 2173474 net.cpp:369] Mprelu2_stage0_L1_0 -> Mconv2_stage0_L1_0 (in-place)
I0923 17:57:14.308077 2173474 net.cpp:124] Setting up Mprelu2_stage0_L1_0
I0923 17:57:14.308079 2173474 net.cpp:131] Top shape: 1 96 2 2 (384)
I0923 17:57:14.308080 2173474 net.cpp:139] Memory required for data: 1210304
I0923 17:57:14.308081 2173474 layer_factory.hpp:77] Creating layer Mconv2_stage0_L1_0_Mprelu2_stage0_L1_0_0_split
I0923 17:57:14.308084 2173474 net.cpp:86] Creating Layer Mconv2_stage0_L1_0_Mprelu2_stage0_L1_0_0_split
I0923 17:57:14.308084 2173474 net.cpp:408] Mconv2_stage0_L1_0_Mprelu2_stage0_L1_0_0_split <- Mconv2_stage0_L1_0
I0923 17:57:14.308086 2173474 net.cpp:382] Mconv2_stage0_L1_0_Mprelu2_stage0_L1_0_0_split -> Mconv2_stage0_L1_0_Mprelu2_stage0_L1_0_0_split_0
I0923 17:57:14.308089 2173474 net.cpp:382] Mconv2_stage0_L1_0_Mprelu2_stage0_L1_0_0_split -> Mconv2_stage0_L1_0_Mprelu2_stage0_L1_0_0_split_1
I0923 17:57:14.308095 2173474 net.cpp:124] Setting up Mconv2_stage0_L1_0_Mprelu2_stage0_L1_0_0_split
I0923 17:57:14.308097 2173474 net.cpp:131] Top shape: 1 96 2 2 (384)
I0923 17:57:14.308099 2173474 net.cpp:131] Top shape: 1 96 2 2 (384)
I0923 17:57:14.308099 2173474 net.cpp:139] Memory required for data: 1213376
I0923 17:57:14.308100 2173474 layer_factory.hpp:77] Creating layer Mconv2_stage0_L1_1
I0923 17:57:14.308103 2173474 net.cpp:86] Creating Layer Mconv2_stage0_L1_1
I0923 17:57:14.308104 2173474 net.cpp:408] Mconv2_stage0_L1_1 <- Mconv2_stage0_L1_0_Mprelu2_stage0_L1_0_0_split_0
I0923 17:57:14.308106 2173474 net.cpp:382] Mconv2_stage0_L1_1 -> Mconv2_stage0_L1_1
I0923 17:57:14.316954 2173474 net.cpp:124] Setting up Mconv2_stage0_L1_1
I0923 17:57:14.316959 2173474 net.cpp:131] Top shape: 1 96 2 2 (384)
I0923 17:57:14.316962 2173474 net.cpp:139] Memory required for data: 1214912
I0923 17:57:14.316963 2173474 layer_factory.hpp:77] Creating layer Mprelu2_stage0_L1_1
I0923 17:57:14.316967 2173474 net.cpp:86] Creating Layer Mprelu2_stage0_L1_1
I0923 17:57:14.316967 2173474 net.cpp:408] Mprelu2_stage0_L1_1 <- Mconv2_stage0_L1_1
I0923 17:57:14.316970 2173474 net.cpp:369] Mprelu2_stage0_L1_1 -> Mconv2_stage0_L1_1 (in-place)
I0923 17:57:14.316992 2173474 net.cpp:124] Setting up Mprelu2_stage0_L1_1
I0923 17:57:14.316994 2173474 net.cpp:131] Top shape: 1 96 2 2 (384)
I0923 17:57:14.316995 2173474 net.cpp:139] Memory required for data: 1216448
I0923 17:57:14.316996 2173474 layer_factory.hpp:77] Creating layer Mconv2_stage0_L1_1_Mprelu2_stage0_L1_1_0_split
I0923 17:57:14.316998 2173474 net.cpp:86] Creating Layer Mconv2_stage0_L1_1_Mprelu2_stage0_L1_1_0_split
I0923 17:57:14.316999 2173474 net.cpp:408] Mconv2_stage0_L1_1_Mprelu2_stage0_L1_1_0_split <- Mconv2_stage0_L1_1
I0923 17:57:14.317001 2173474 net.cpp:382] Mconv2_stage0_L1_1_Mprelu2_stage0_L1_1_0_split -> Mconv2_stage0_L1_1_Mprelu2_stage0_L1_1_0_split_0
I0923 17:57:14.317003 2173474 net.cpp:382] Mconv2_stage0_L1_1_Mprelu2_stage0_L1_1_0_split -> Mconv2_stage0_L1_1_Mprelu2_stage0_L1_1_0_split_1
I0923 17:57:14.317010 2173474 net.cpp:124] Setting up Mconv2_stage0_L1_1_Mprelu2_stage0_L1_1_0_split
I0923 17:57:14.317011 2173474 net.cpp:131] Top shape: 1 96 2 2 (384)
I0923 17:57:14.317013 2173474 net.cpp:131] Top shape: 1 96 2 2 (384)
I0923 17:57:14.317014 2173474 net.cpp:139] Memory required for data: 1219520
I0923 17:57:14.317015 2173474 layer_factory.hpp:77] Creating layer Mconv2_stage0_L1_2
I0923 17:57:14.317018 2173474 net.cpp:86] Creating Layer Mconv2_stage0_L1_2
I0923 17:57:14.317019 2173474 net.cpp:408] Mconv2_stage0_L1_2 <- Mconv2_stage0_L1_1_Mprelu2_stage0_L1_1_0_split_0
I0923 17:57:14.317021 2173474 net.cpp:382] Mconv2_stage0_L1_2 -> Mconv2_stage0_L1_2
I0923 17:57:14.325623 2173474 net.cpp:124] Setting up Mconv2_stage0_L1_2
I0923 17:57:14.325627 2173474 net.cpp:131] Top shape: 1 96 2 2 (384)
I0923 17:57:14.325629 2173474 net.cpp:139] Memory required for data: 1221056
I0923 17:57:14.325631 2173474 layer_factory.hpp:77] Creating layer Mprelu2_stage0_L1_2
I0923 17:57:14.325634 2173474 net.cpp:86] Creating Layer Mprelu2_stage0_L1_2
I0923 17:57:14.325636 2173474 net.cpp:408] Mprelu2_stage0_L1_2 <- Mconv2_stage0_L1_2
I0923 17:57:14.325639 2173474 net.cpp:369] Mprelu2_stage0_L1_2 -> Mconv2_stage0_L1_2 (in-place)
I0923 17:57:14.325660 2173474 net.cpp:124] Setting up Mprelu2_stage0_L1_2
I0923 17:57:14.325661 2173474 net.cpp:131] Top shape: 1 96 2 2 (384)
I0923 17:57:14.325663 2173474 net.cpp:139] Memory required for data: 1222592
I0923 17:57:14.325664 2173474 layer_factory.hpp:77] Creating layer Mconv2_stage0_L1_concat
I0923 17:57:14.325666 2173474 net.cpp:86] Creating Layer Mconv2_stage0_L1_concat
I0923 17:57:14.325667 2173474 net.cpp:408] Mconv2_stage0_L1_concat <- Mconv2_stage0_L1_0_Mprelu2_stage0_L1_0_0_split_1
I0923 17:57:14.325670 2173474 net.cpp:408] Mconv2_stage0_L1_concat <- Mconv2_stage0_L1_1_Mprelu2_stage0_L1_1_0_split_1
I0923 17:57:14.325670 2173474 net.cpp:408] Mconv2_stage0_L1_concat <- Mconv2_stage0_L1_2
I0923 17:57:14.325672 2173474 net.cpp:382] Mconv2_stage0_L1_concat -> Mconv2_stage0_L1_concat
I0923 17:57:14.325677 2173474 net.cpp:124] Setting up Mconv2_stage0_L1_concat
I0923 17:57:14.325678 2173474 net.cpp:131] Top shape: 1 288 2 2 (1152)
I0923 17:57:14.325680 2173474 net.cpp:139] Memory required for data: 1227200
I0923 17:57:14.325681 2173474 layer_factory.hpp:77] Creating layer Mconv3_stage0_L1_0
I0923 17:57:14.325683 2173474 net.cpp:86] Creating Layer Mconv3_stage0_L1_0
I0923 17:57:14.325685 2173474 net.cpp:408] Mconv3_stage0_L1_0 <- Mconv2_stage0_L1_concat
I0923 17:57:14.325687 2173474 net.cpp:382] Mconv3_stage0_L1_0 -> Mconv3_stage0_L1_0
I0923 17:57:14.333657 2173474 net.cpp:124] Setting up Mconv3_stage0_L1_0
I0923 17:57:14.333662 2173474 net.cpp:131] Top shape: 1 96 2 2 (384)
I0923 17:57:14.333663 2173474 net.cpp:139] Memory required for data: 1228736
I0923 17:57:14.333666 2173474 layer_factory.hpp:77] Creating layer Mprelu3_stage0_L1_0
I0923 17:57:14.333668 2173474 net.cpp:86] Creating Layer Mprelu3_stage0_L1_0
I0923 17:57:14.333670 2173474 net.cpp:408] Mprelu3_stage0_L1_0 <- Mconv3_stage0_L1_0
I0923 17:57:14.333673 2173474 net.cpp:369] Mprelu3_stage0_L1_0 -> Mconv3_stage0_L1_0 (in-place)
I0923 17:57:14.333695 2173474 net.cpp:124] Setting up Mprelu3_stage0_L1_0
I0923 17:57:14.333696 2173474 net.cpp:131] Top shape: 1 96 2 2 (384)
I0923 17:57:14.333698 2173474 net.cpp:139] Memory required for data: 1230272
I0923 17:57:14.333698 2173474 layer_factory.hpp:77] Creating layer Mconv3_stage0_L1_0_Mprelu3_stage0_L1_0_0_split
I0923 17:57:14.333701 2173474 net.cpp:86] Creating Layer Mconv3_stage0_L1_0_Mprelu3_stage0_L1_0_0_split
I0923 17:57:14.333702 2173474 net.cpp:408] Mconv3_stage0_L1_0_Mprelu3_stage0_L1_0_0_split <- Mconv3_stage0_L1_0
I0923 17:57:14.333703 2173474 net.cpp:382] Mconv3_stage0_L1_0_Mprelu3_stage0_L1_0_0_split -> Mconv3_stage0_L1_0_Mprelu3_stage0_L1_0_0_split_0
I0923 17:57:14.333706 2173474 net.cpp:382] Mconv3_stage0_L1_0_Mprelu3_stage0_L1_0_0_split -> Mconv3_stage0_L1_0_Mprelu3_stage0_L1_0_0_split_1
I0923 17:57:14.333714 2173474 net.cpp:124] Setting up Mconv3_stage0_L1_0_Mprelu3_stage0_L1_0_0_split
I0923 17:57:14.333714 2173474 net.cpp:131] Top shape: 1 96 2 2 (384)
I0923 17:57:14.333715 2173474 net.cpp:131] Top shape: 1 96 2 2 (384)
I0923 17:57:14.333716 2173474 net.cpp:139] Memory required for data: 1233344
I0923 17:57:14.333717 2173474 layer_factory.hpp:77] Creating layer Mconv3_stage0_L1_1
I0923 17:57:14.333720 2173474 net.cpp:86] Creating Layer Mconv3_stage0_L1_1
I0923 17:57:14.333721 2173474 net.cpp:408] Mconv3_stage0_L1_1 <- Mconv3_stage0_L1_0_Mprelu3_stage0_L1_0_0_split_0
I0923 17:57:14.333724 2173474 net.cpp:382] Mconv3_stage0_L1_1 -> Mconv3_stage0_L1_1
I0923 17:57:14.341702 2173474 net.cpp:124] Setting up Mconv3_stage0_L1_1
I0923 17:57:14.341707 2173474 net.cpp:131] Top shape: 1 96 2 2 (384)
I0923 17:57:14.341709 2173474 net.cpp:139] Memory required for data: 1234880
I0923 17:57:14.341711 2173474 layer_factory.hpp:77] Creating layer Mprelu3_stage0_L1_1
I0923 17:57:14.341714 2173474 net.cpp:86] Creating Layer Mprelu3_stage0_L1_1
I0923 17:57:14.341717 2173474 net.cpp:408] Mprelu3_stage0_L1_1 <- Mconv3_stage0_L1_1
I0923 17:57:14.341718 2173474 net.cpp:369] Mprelu3_stage0_L1_1 -> Mconv3_stage0_L1_1 (in-place)
I0923 17:57:14.341740 2173474 net.cpp:124] Setting up Mprelu3_stage0_L1_1
I0923 17:57:14.341742 2173474 net.cpp:131] Top shape: 1 96 2 2 (384)
I0923 17:57:14.341743 2173474 net.cpp:139] Memory required for data: 1236416
I0923 17:57:14.341744 2173474 layer_factory.hpp:77] Creating layer Mconv3_stage0_L1_1_Mprelu3_stage0_L1_1_0_split
I0923 17:57:14.341746 2173474 net.cpp:86] Creating Layer Mconv3_stage0_L1_1_Mprelu3_stage0_L1_1_0_split
I0923 17:57:14.341747 2173474 net.cpp:408] Mconv3_stage0_L1_1_Mprelu3_stage0_L1_1_0_split <- Mconv3_stage0_L1_1
I0923 17:57:14.341749 2173474 net.cpp:382] Mconv3_stage0_L1_1_Mprelu3_stage0_L1_1_0_split -> Mconv3_stage0_L1_1_Mprelu3_stage0_L1_1_0_split_0
I0923 17:57:14.341751 2173474 net.cpp:382] Mconv3_stage0_L1_1_Mprelu3_stage0_L1_1_0_split -> Mconv3_stage0_L1_1_Mprelu3_stage0_L1_1_0_split_1
I0923 17:57:14.341758 2173474 net.cpp:124] Setting up Mconv3_stage0_L1_1_Mprelu3_stage0_L1_1_0_split
I0923 17:57:14.341759 2173474 net.cpp:131] Top shape: 1 96 2 2 (384)
I0923 17:57:14.341760 2173474 net.cpp:131] Top shape: 1 96 2 2 (384)
I0923 17:57:14.341763 2173474 net.cpp:139] Memory required for data: 1239488
I0923 17:57:14.341763 2173474 layer_factory.hpp:77] Creating layer Mconv3_stage0_L1_2
I0923 17:57:14.341765 2173474 net.cpp:86] Creating Layer Mconv3_stage0_L1_2
I0923 17:57:14.341766 2173474 net.cpp:408] Mconv3_stage0_L1_2 <- Mconv3_stage0_L1_1_Mprelu3_stage0_L1_1_0_split_0
I0923 17:57:14.341768 2173474 net.cpp:382] Mconv3_stage0_L1_2 -> Mconv3_stage0_L1_2
I0923 17:57:14.351828 2173474 net.cpp:124] Setting up Mconv3_stage0_L1_2
I0923 17:57:14.351835 2173474 net.cpp:131] Top shape: 1 96 2 2 (384)
I0923 17:57:14.351836 2173474 net.cpp:139] Memory required for data: 1241024
I0923 17:57:14.351838 2173474 layer_factory.hpp:77] Creating layer Mprelu3_stage0_L1_2
I0923 17:57:14.351841 2173474 net.cpp:86] Creating Layer Mprelu3_stage0_L1_2
I0923 17:57:14.351843 2173474 net.cpp:408] Mprelu3_stage0_L1_2 <- Mconv3_stage0_L1_2
I0923 17:57:14.351845 2173474 net.cpp:369] Mprelu3_stage0_L1_2 -> Mconv3_stage0_L1_2 (in-place)
I0923 17:57:14.351868 2173474 net.cpp:124] Setting up Mprelu3_stage0_L1_2
I0923 17:57:14.351869 2173474 net.cpp:131] Top shape: 1 96 2 2 (384)
I0923 17:57:14.351871 2173474 net.cpp:139] Memory required for data: 1242560
I0923 17:57:14.351872 2173474 layer_factory.hpp:77] Creating layer Mconv3_stage0_L1_concat
I0923 17:57:14.351874 2173474 net.cpp:86] Creating Layer Mconv3_stage0_L1_concat
I0923 17:57:14.351876 2173474 net.cpp:408] Mconv3_stage0_L1_concat <- Mconv3_stage0_L1_0_Mprelu3_stage0_L1_0_0_split_1
I0923 17:57:14.351877 2173474 net.cpp:408] Mconv3_stage0_L1_concat <- Mconv3_stage0_L1_1_Mprelu3_stage0_L1_1_0_split_1
I0923 17:57:14.351878 2173474 net.cpp:408] Mconv3_stage0_L1_concat <- Mconv3_stage0_L1_2
I0923 17:57:14.351881 2173474 net.cpp:382] Mconv3_stage0_L1_concat -> Mconv3_stage0_L1_concat
I0923 17:57:14.351886 2173474 net.cpp:124] Setting up Mconv3_stage0_L1_concat
I0923 17:57:14.351886 2173474 net.cpp:131] Top shape: 1 288 2 2 (1152)
I0923 17:57:14.351888 2173474 net.cpp:139] Memory required for data: 1247168
I0923 17:57:14.351889 2173474 layer_factory.hpp:77] Creating layer Mconv4_stage0_L1_0
I0923 17:57:14.351892 2173474 net.cpp:86] Creating Layer Mconv4_stage0_L1_0
I0923 17:57:14.351893 2173474 net.cpp:408] Mconv4_stage0_L1_0 <- Mconv3_stage0_L1_concat
I0923 17:57:14.351895 2173474 net.cpp:382] Mconv4_stage0_L1_0 -> Mconv4_stage0_L1_0
I0923 17:57:14.360124 2173474 net.cpp:124] Setting up Mconv4_stage0_L1_0
I0923 17:57:14.360129 2173474 net.cpp:131] Top shape: 1 96 2 2 (384)
I0923 17:57:14.360131 2173474 net.cpp:139] Memory required for data: 1248704
I0923 17:57:14.360134 2173474 layer_factory.hpp:77] Creating layer Mprelu4_stage0_L1_0
I0923 17:57:14.360136 2173474 net.cpp:86] Creating Layer Mprelu4_stage0_L1_0
I0923 17:57:14.360138 2173474 net.cpp:408] Mprelu4_stage0_L1_0 <- Mconv4_stage0_L1_0
I0923 17:57:14.360140 2173474 net.cpp:369] Mprelu4_stage0_L1_0 -> Mconv4_stage0_L1_0 (in-place)
I0923 17:57:14.360163 2173474 net.cpp:124] Setting up Mprelu4_stage0_L1_0
I0923 17:57:14.360165 2173474 net.cpp:131] Top shape: 1 96 2 2 (384)
I0923 17:57:14.360167 2173474 net.cpp:139] Memory required for data: 1250240
I0923 17:57:14.360172 2173474 layer_factory.hpp:77] Creating layer Mconv4_stage0_L1_0_Mprelu4_stage0_L1_0_0_split
I0923 17:57:14.360173 2173474 net.cpp:86] Creating Layer Mconv4_stage0_L1_0_Mprelu4_stage0_L1_0_0_split
I0923 17:57:14.360175 2173474 net.cpp:408] Mconv4_stage0_L1_0_Mprelu4_stage0_L1_0_0_split <- Mconv4_stage0_L1_0
I0923 17:57:14.360176 2173474 net.cpp:382] Mconv4_stage0_L1_0_Mprelu4_stage0_L1_0_0_split -> Mconv4_stage0_L1_0_Mprelu4_stage0_L1_0_0_split_0
I0923 17:57:14.360179 2173474 net.cpp:382] Mconv4_stage0_L1_0_Mprelu4_stage0_L1_0_0_split -> Mconv4_stage0_L1_0_Mprelu4_stage0_L1_0_0_split_1
I0923 17:57:14.360186 2173474 net.cpp:124] Setting up Mconv4_stage0_L1_0_Mprelu4_stage0_L1_0_0_split
I0923 17:57:14.360188 2173474 net.cpp:131] Top shape: 1 96 2 2 (384)
I0923 17:57:14.360188 2173474 net.cpp:131] Top shape: 1 96 2 2 (384)
I0923 17:57:14.360189 2173474 net.cpp:139] Memory required for data: 1253312
I0923 17:57:14.360190 2173474 layer_factory.hpp:77] Creating layer Mconv4_stage0_L1_1
I0923 17:57:14.360198 2173474 net.cpp:86] Creating Layer Mconv4_stage0_L1_1
I0923 17:57:14.360198 2173474 net.cpp:408] Mconv4_stage0_L1_1 <- Mconv4_stage0_L1_0_Mprelu4_stage0_L1_0_0_split_0
I0923 17:57:14.360200 2173474 net.cpp:382] Mconv4_stage0_L1_1 -> Mconv4_stage0_L1_1
I0923 17:57:14.368505 2173474 net.cpp:124] Setting up Mconv4_stage0_L1_1
I0923 17:57:14.368510 2173474 net.cpp:131] Top shape: 1 96 2 2 (384)
I0923 17:57:14.368512 2173474 net.cpp:139] Memory required for data: 1254848
I0923 17:57:14.368515 2173474 layer_factory.hpp:77] Creating layer Mprelu4_stage0_L1_1
I0923 17:57:14.368518 2173474 net.cpp:86] Creating Layer Mprelu4_stage0_L1_1
I0923 17:57:14.368520 2173474 net.cpp:408] Mprelu4_stage0_L1_1 <- Mconv4_stage0_L1_1
I0923 17:57:14.368521 2173474 net.cpp:369] Mprelu4_stage0_L1_1 -> Mconv4_stage0_L1_1 (in-place)
I0923 17:57:14.368546 2173474 net.cpp:124] Setting up Mprelu4_stage0_L1_1
I0923 17:57:14.368546 2173474 net.cpp:131] Top shape: 1 96 2 2 (384)
I0923 17:57:14.368547 2173474 net.cpp:139] Memory required for data: 1256384
I0923 17:57:14.368548 2173474 layer_factory.hpp:77] Creating layer Mconv4_stage0_L1_1_Mprelu4_stage0_L1_1_0_split
I0923 17:57:14.368551 2173474 net.cpp:86] Creating Layer Mconv4_stage0_L1_1_Mprelu4_stage0_L1_1_0_split
I0923 17:57:14.368552 2173474 net.cpp:408] Mconv4_stage0_L1_1_Mprelu4_stage0_L1_1_0_split <- Mconv4_stage0_L1_1
I0923 17:57:14.368553 2173474 net.cpp:382] Mconv4_stage0_L1_1_Mprelu4_stage0_L1_1_0_split -> Mconv4_stage0_L1_1_Mprelu4_stage0_L1_1_0_split_0
I0923 17:57:14.368556 2173474 net.cpp:382] Mconv4_stage0_L1_1_Mprelu4_stage0_L1_1_0_split -> Mconv4_stage0_L1_1_Mprelu4_stage0_L1_1_0_split_1
I0923 17:57:14.368563 2173474 net.cpp:124] Setting up Mconv4_stage0_L1_1_Mprelu4_stage0_L1_1_0_split
I0923 17:57:14.368564 2173474 net.cpp:131] Top shape: 1 96 2 2 (384)
I0923 17:57:14.368566 2173474 net.cpp:131] Top shape: 1 96 2 2 (384)
I0923 17:57:14.368566 2173474 net.cpp:139] Memory required for data: 1259456
I0923 17:57:14.368567 2173474 layer_factory.hpp:77] Creating layer Mconv4_stage0_L1_2
I0923 17:57:14.368570 2173474 net.cpp:86] Creating Layer Mconv4_stage0_L1_2
I0923 17:57:14.368571 2173474 net.cpp:408] Mconv4_stage0_L1_2 <- Mconv4_stage0_L1_1_Mprelu4_stage0_L1_1_0_split_0
I0923 17:57:14.368573 2173474 net.cpp:382] Mconv4_stage0_L1_2 -> Mconv4_stage0_L1_2
I0923 17:57:14.376791 2173474 net.cpp:124] Setting up Mconv4_stage0_L1_2
I0923 17:57:14.376796 2173474 net.cpp:131] Top shape: 1 96 2 2 (384)
I0923 17:57:14.376797 2173474 net.cpp:139] Memory required for data: 1260992
I0923 17:57:14.376799 2173474 layer_factory.hpp:77] Creating layer Mprelu4_stage0_L1_2
I0923 17:57:14.376802 2173474 net.cpp:86] Creating Layer Mprelu4_stage0_L1_2
I0923 17:57:14.376804 2173474 net.cpp:408] Mprelu4_stage0_L1_2 <- Mconv4_stage0_L1_2
I0923 17:57:14.376806 2173474 net.cpp:369] Mprelu4_stage0_L1_2 -> Mconv4_stage0_L1_2 (in-place)
I0923 17:57:14.376830 2173474 net.cpp:124] Setting up Mprelu4_stage0_L1_2
I0923 17:57:14.376832 2173474 net.cpp:131] Top shape: 1 96 2 2 (384)
I0923 17:57:14.376832 2173474 net.cpp:139] Memory required for data: 1262528
I0923 17:57:14.376834 2173474 layer_factory.hpp:77] Creating layer Mconv4_stage0_L1_concat
I0923 17:57:14.376837 2173474 net.cpp:86] Creating Layer Mconv4_stage0_L1_concat
I0923 17:57:14.376837 2173474 net.cpp:408] Mconv4_stage0_L1_concat <- Mconv4_stage0_L1_0_Mprelu4_stage0_L1_0_0_split_1
I0923 17:57:14.376839 2173474 net.cpp:408] Mconv4_stage0_L1_concat <- Mconv4_stage0_L1_1_Mprelu4_stage0_L1_1_0_split_1
I0923 17:57:14.376840 2173474 net.cpp:408] Mconv4_stage0_L1_concat <- Mconv4_stage0_L1_2
I0923 17:57:14.376842 2173474 net.cpp:382] Mconv4_stage0_L1_concat -> Mconv4_stage0_L1_concat
I0923 17:57:14.376847 2173474 net.cpp:124] Setting up Mconv4_stage0_L1_concat
I0923 17:57:14.376848 2173474 net.cpp:131] Top shape: 1 288 2 2 (1152)
I0923 17:57:14.376850 2173474 net.cpp:139] Memory required for data: 1267136
I0923 17:57:14.376852 2173474 layer_factory.hpp:77] Creating layer Mconv5_stage0_L1_0
I0923 17:57:14.376853 2173474 net.cpp:86] Creating Layer Mconv5_stage0_L1_0
I0923 17:57:14.376854 2173474 net.cpp:408] Mconv5_stage0_L1_0 <- Mconv4_stage0_L1_concat
I0923 17:57:14.376856 2173474 net.cpp:382] Mconv5_stage0_L1_0 -> Mconv5_stage0_L1_0
I0923 17:57:14.385699 2173474 net.cpp:124] Setting up Mconv5_stage0_L1_0
I0923 17:57:14.385703 2173474 net.cpp:131] Top shape: 1 96 2 2 (384)
I0923 17:57:14.385705 2173474 net.cpp:139] Memory required for data: 1268672
I0923 17:57:14.385707 2173474 layer_factory.hpp:77] Creating layer Mprelu5_stage0_L1_0
I0923 17:57:14.385710 2173474 net.cpp:86] Creating Layer Mprelu5_stage0_L1_0
I0923 17:57:14.385712 2173474 net.cpp:408] Mprelu5_stage0_L1_0 <- Mconv5_stage0_L1_0
I0923 17:57:14.385715 2173474 net.cpp:369] Mprelu5_stage0_L1_0 -> Mconv5_stage0_L1_0 (in-place)
I0923 17:57:14.385739 2173474 net.cpp:124] Setting up Mprelu5_stage0_L1_0
I0923 17:57:14.385740 2173474 net.cpp:131] Top shape: 1 96 2 2 (384)
I0923 17:57:14.385741 2173474 net.cpp:139] Memory required for data: 1270208
I0923 17:57:14.385743 2173474 layer_factory.hpp:77] Creating layer Mconv5_stage0_L1_0_Mprelu5_stage0_L1_0_0_split
I0923 17:57:14.385746 2173474 net.cpp:86] Creating Layer Mconv5_stage0_L1_0_Mprelu5_stage0_L1_0_0_split
I0923 17:57:14.385746 2173474 net.cpp:408] Mconv5_stage0_L1_0_Mprelu5_stage0_L1_0_0_split <- Mconv5_stage0_L1_0
I0923 17:57:14.385747 2173474 net.cpp:382] Mconv5_stage0_L1_0_Mprelu5_stage0_L1_0_0_split -> Mconv5_stage0_L1_0_Mprelu5_stage0_L1_0_0_split_0
I0923 17:57:14.385751 2173474 net.cpp:382] Mconv5_stage0_L1_0_Mprelu5_stage0_L1_0_0_split -> Mconv5_stage0_L1_0_Mprelu5_stage0_L1_0_0_split_1
I0923 17:57:14.385758 2173474 net.cpp:124] Setting up Mconv5_stage0_L1_0_Mprelu5_stage0_L1_0_0_split
I0923 17:57:14.385759 2173474 net.cpp:131] Top shape: 1 96 2 2 (384)
I0923 17:57:14.385761 2173474 net.cpp:131] Top shape: 1 96 2 2 (384)
I0923 17:57:14.385761 2173474 net.cpp:139] Memory required for data: 1273280
I0923 17:57:14.385762 2173474 layer_factory.hpp:77] Creating layer Mconv5_stage0_L1_1
I0923 17:57:14.385766 2173474 net.cpp:86] Creating Layer Mconv5_stage0_L1_1
I0923 17:57:14.385766 2173474 net.cpp:408] Mconv5_stage0_L1_1 <- Mconv5_stage0_L1_0_Mprelu5_stage0_L1_0_0_split_0
I0923 17:57:14.385768 2173474 net.cpp:382] Mconv5_stage0_L1_1 -> Mconv5_stage0_L1_1
I0923 17:57:14.393752 2173474 net.cpp:124] Setting up Mconv5_stage0_L1_1
I0923 17:57:14.393759 2173474 net.cpp:131] Top shape: 1 96 2 2 (384)
I0923 17:57:14.393760 2173474 net.cpp:139] Memory required for data: 1274816
I0923 17:57:14.393762 2173474 layer_factory.hpp:77] Creating layer Mprelu5_stage0_L1_1
I0923 17:57:14.393764 2173474 net.cpp:86] Creating Layer Mprelu5_stage0_L1_1
I0923 17:57:14.393766 2173474 net.cpp:408] Mprelu5_stage0_L1_1 <- Mconv5_stage0_L1_1
I0923 17:57:14.393769 2173474 net.cpp:369] Mprelu5_stage0_L1_1 -> Mconv5_stage0_L1_1 (in-place)
I0923 17:57:14.393791 2173474 net.cpp:124] Setting up Mprelu5_stage0_L1_1
I0923 17:57:14.393792 2173474 net.cpp:131] Top shape: 1 96 2 2 (384)
I0923 17:57:14.393795 2173474 net.cpp:139] Memory required for data: 1276352
I0923 17:57:14.393795 2173474 layer_factory.hpp:77] Creating layer Mconv5_stage0_L1_1_Mprelu5_stage0_L1_1_0_split
I0923 17:57:14.393797 2173474 net.cpp:86] Creating Layer Mconv5_stage0_L1_1_Mprelu5_stage0_L1_1_0_split
I0923 17:57:14.393798 2173474 net.cpp:408] Mconv5_stage0_L1_1_Mprelu5_stage0_L1_1_0_split <- Mconv5_stage0_L1_1
I0923 17:57:14.393800 2173474 net.cpp:382] Mconv5_stage0_L1_1_Mprelu5_stage0_L1_1_0_split -> Mconv5_stage0_L1_1_Mprelu5_stage0_L1_1_0_split_0
I0923 17:57:14.393802 2173474 net.cpp:382] Mconv5_stage0_L1_1_Mprelu5_stage0_L1_1_0_split -> Mconv5_stage0_L1_1_Mprelu5_stage0_L1_1_0_split_1
I0923 17:57:14.393810 2173474 net.cpp:124] Setting up Mconv5_stage0_L1_1_Mprelu5_stage0_L1_1_0_split
I0923 17:57:14.393811 2173474 net.cpp:131] Top shape: 1 96 2 2 (384)
I0923 17:57:14.393812 2173474 net.cpp:131] Top shape: 1 96 2 2 (384)
I0923 17:57:14.393813 2173474 net.cpp:139] Memory required for data: 1279424
I0923 17:57:14.393814 2173474 layer_factory.hpp:77] Creating layer Mconv5_stage0_L1_2
I0923 17:57:14.393816 2173474 net.cpp:86] Creating Layer Mconv5_stage0_L1_2
I0923 17:57:14.393818 2173474 net.cpp:408] Mconv5_stage0_L1_2 <- Mconv5_stage0_L1_1_Mprelu5_stage0_L1_1_0_split_0
I0923 17:57:14.393819 2173474 net.cpp:382] Mconv5_stage0_L1_2 -> Mconv5_stage0_L1_2
I0923 17:57:14.401881 2173474 net.cpp:124] Setting up Mconv5_stage0_L1_2
I0923 17:57:14.401887 2173474 net.cpp:131] Top shape: 1 96 2 2 (384)
I0923 17:57:14.401889 2173474 net.cpp:139] Memory required for data: 1280960
I0923 17:57:14.401891 2173474 layer_factory.hpp:77] Creating layer Mprelu5_stage0_L1_2
I0923 17:57:14.401894 2173474 net.cpp:86] Creating Layer Mprelu5_stage0_L1_2
I0923 17:57:14.401895 2173474 net.cpp:408] Mprelu5_stage0_L1_2 <- Mconv5_stage0_L1_2
I0923 17:57:14.401898 2173474 net.cpp:369] Mprelu5_stage0_L1_2 -> Mconv5_stage0_L1_2 (in-place)
I0923 17:57:14.401921 2173474 net.cpp:124] Setting up Mprelu5_stage0_L1_2
I0923 17:57:14.401921 2173474 net.cpp:131] Top shape: 1 96 2 2 (384)
I0923 17:57:14.401923 2173474 net.cpp:139] Memory required for data: 1282496
I0923 17:57:14.401924 2173474 layer_factory.hpp:77] Creating layer Mconv5_stage0_L1_concat
I0923 17:57:14.401926 2173474 net.cpp:86] Creating Layer Mconv5_stage0_L1_concat
I0923 17:57:14.401927 2173474 net.cpp:408] Mconv5_stage0_L1_concat <- Mconv5_stage0_L1_0_Mprelu5_stage0_L1_0_0_split_1
I0923 17:57:14.401929 2173474 net.cpp:408] Mconv5_stage0_L1_concat <- Mconv5_stage0_L1_1_Mprelu5_stage0_L1_1_0_split_1
I0923 17:57:14.401930 2173474 net.cpp:408] Mconv5_stage0_L1_concat <- Mconv5_stage0_L1_2
I0923 17:57:14.401932 2173474 net.cpp:382] Mconv5_stage0_L1_concat -> Mconv5_stage0_L1_concat
I0923 17:57:14.401937 2173474 net.cpp:124] Setting up Mconv5_stage0_L1_concat
I0923 17:57:14.401938 2173474 net.cpp:131] Top shape: 1 288 2 2 (1152)
I0923 17:57:14.401940 2173474 net.cpp:139] Memory required for data: 1287104
I0923 17:57:14.401942 2173474 layer_factory.hpp:77] Creating layer Mconv6_stage0_L1
I0923 17:57:14.401943 2173474 net.cpp:86] Creating Layer Mconv6_stage0_L1
I0923 17:57:14.401945 2173474 net.cpp:408] Mconv6_stage0_L1 <- Mconv5_stage0_L1_concat
I0923 17:57:14.401947 2173474 net.cpp:382] Mconv6_stage0_L1 -> Mconv6_stage0_L1
I0923 17:57:14.410497 2173474 net.cpp:124] Setting up Mconv6_stage0_L1
I0923 17:57:14.410502 2173474 net.cpp:131] Top shape: 1 256 2 2 (1024)
I0923 17:57:14.410504 2173474 net.cpp:139] Memory required for data: 1291200
I0923 17:57:14.410507 2173474 layer_factory.hpp:77] Creating layer Mprelu6_stage0_L1
I0923 17:57:14.410509 2173474 net.cpp:86] Creating Layer Mprelu6_stage0_L1
I0923 17:57:14.410511 2173474 net.cpp:408] Mprelu6_stage0_L1 <- Mconv6_stage0_L1
I0923 17:57:14.410513 2173474 net.cpp:369] Mprelu6_stage0_L1 -> Mconv6_stage0_L1 (in-place)
I0923 17:57:14.410537 2173474 net.cpp:124] Setting up Mprelu6_stage0_L1
I0923 17:57:14.410537 2173474 net.cpp:131] Top shape: 1 256 2 2 (1024)
I0923 17:57:14.410539 2173474 net.cpp:139] Memory required for data: 1295296
I0923 17:57:14.410540 2173474 layer_factory.hpp:77] Creating layer Mconv7_stage0_L1
I0923 17:57:14.410543 2173474 net.cpp:86] Creating Layer Mconv7_stage0_L1
I0923 17:57:14.410544 2173474 net.cpp:408] Mconv7_stage0_L1 <- Mconv6_stage0_L1
I0923 17:57:14.410547 2173474 net.cpp:382] Mconv7_stage0_L1 -> Mconv7_stage0_L1
I0923 17:57:14.418643 2173474 net.cpp:124] Setting up Mconv7_stage0_L1
I0923 17:57:14.418648 2173474 net.cpp:131] Top shape: 1 26 2 2 (104)
I0923 17:57:14.418650 2173474 net.cpp:139] Memory required for data: 1295712
I0923 17:57:14.418653 2173474 layer_factory.hpp:77] Creating layer concat_stage1_L1
I0923 17:57:14.418655 2173474 net.cpp:86] Creating Layer concat_stage1_L1
I0923 17:57:14.418658 2173474 net.cpp:408] concat_stage1_L1 <- conv4_4_CPM_prelu4_4_CPM_0_split_5
I0923 17:57:14.418659 2173474 net.cpp:408] concat_stage1_L1 <- Mconv7_stage0_L1
I0923 17:57:14.418661 2173474 net.cpp:408] concat_stage1_L1 <- Mconv7_stage3_L2_Mconv7_stage3_L2_0_split_1
I0923 17:57:14.418663 2173474 net.cpp:382] concat_stage1_L1 -> concat_stage1_L1
I0923 17:57:14.418671 2173474 net.cpp:124] Setting up concat_stage1_L1
I0923 17:57:14.418673 2173474 net.cpp:131] Top shape: 1 206 2 2 (824)
I0923 17:57:14.418674 2173474 net.cpp:139] Memory required for data: 1299008
I0923 17:57:14.418675 2173474 layer_factory.hpp:77] Creating layer Mconv1_stage1_L1_0
I0923 17:57:14.418677 2173474 net.cpp:86] Creating Layer Mconv1_stage1_L1_0
I0923 17:57:14.418679 2173474 net.cpp:408] Mconv1_stage1_L1_0 <- concat_stage1_L1
I0923 17:57:14.418681 2173474 net.cpp:382] Mconv1_stage1_L1_0 -> Mconv1_stage1_L1_0
I0923 17:57:14.428236 2173474 net.cpp:124] Setting up Mconv1_stage1_L1_0
I0923 17:57:14.428241 2173474 net.cpp:131] Top shape: 1 128 2 2 (512)
I0923 17:57:14.428243 2173474 net.cpp:139] Memory required for data: 1301056
I0923 17:57:14.428246 2173474 layer_factory.hpp:77] Creating layer Mprelu1_stage1_L1_0
I0923 17:57:14.428249 2173474 net.cpp:86] Creating Layer Mprelu1_stage1_L1_0
I0923 17:57:14.428251 2173474 net.cpp:408] Mprelu1_stage1_L1_0 <- Mconv1_stage1_L1_0
I0923 17:57:14.428252 2173474 net.cpp:369] Mprelu1_stage1_L1_0 -> Mconv1_stage1_L1_0 (in-place)
I0923 17:57:14.428277 2173474 net.cpp:124] Setting up Mprelu1_stage1_L1_0
I0923 17:57:14.428277 2173474 net.cpp:131] Top shape: 1 128 2 2 (512)
I0923 17:57:14.428278 2173474 net.cpp:139] Memory required for data: 1303104
I0923 17:57:14.428280 2173474 layer_factory.hpp:77] Creating layer Mconv1_stage1_L1_0_Mprelu1_stage1_L1_0_0_split
I0923 17:57:14.428282 2173474 net.cpp:86] Creating Layer Mconv1_stage1_L1_0_Mprelu1_stage1_L1_0_0_split
I0923 17:57:14.428283 2173474 net.cpp:408] Mconv1_stage1_L1_0_Mprelu1_stage1_L1_0_0_split <- Mconv1_stage1_L1_0
I0923 17:57:14.428284 2173474 net.cpp:382] Mconv1_stage1_L1_0_Mprelu1_stage1_L1_0_0_split -> Mconv1_stage1_L1_0_Mprelu1_stage1_L1_0_0_split_0
I0923 17:57:14.428287 2173474 net.cpp:382] Mconv1_stage1_L1_0_Mprelu1_stage1_L1_0_0_split -> Mconv1_stage1_L1_0_Mprelu1_stage1_L1_0_0_split_1
I0923 17:57:14.428294 2173474 net.cpp:124] Setting up Mconv1_stage1_L1_0_Mprelu1_stage1_L1_0_0_split
I0923 17:57:14.428295 2173474 net.cpp:131] Top shape: 1 128 2 2 (512)
I0923 17:57:14.428296 2173474 net.cpp:131] Top shape: 1 128 2 2 (512)
I0923 17:57:14.428297 2173474 net.cpp:139] Memory required for data: 1307200
I0923 17:57:14.428298 2173474 layer_factory.hpp:77] Creating layer Mconv1_stage1_L1_1
I0923 17:57:14.428301 2173474 net.cpp:86] Creating Layer Mconv1_stage1_L1_1
I0923 17:57:14.428303 2173474 net.cpp:408] Mconv1_stage1_L1_1 <- Mconv1_stage1_L1_0_Mprelu1_stage1_L1_0_0_split_0
I0923 17:57:14.428304 2173474 net.cpp:382] Mconv1_stage1_L1_1 -> Mconv1_stage1_L1_1
I0923 17:57:14.440043 2173474 net.cpp:124] Setting up Mconv1_stage1_L1_1
I0923 17:57:14.440049 2173474 net.cpp:131] Top shape: 1 128 2 2 (512)
I0923 17:57:14.440052 2173474 net.cpp:139] Memory required for data: 1309248
I0923 17:57:14.440053 2173474 layer_factory.hpp:77] Creating layer Mprelu1_stage1_L1_1
I0923 17:57:14.440056 2173474 net.cpp:86] Creating Layer Mprelu1_stage1_L1_1
I0923 17:57:14.440057 2173474 net.cpp:408] Mprelu1_stage1_L1_1 <- Mconv1_stage1_L1_1
I0923 17:57:14.440059 2173474 net.cpp:369] Mprelu1_stage1_L1_1 -> Mconv1_stage1_L1_1 (in-place)
I0923 17:57:14.440083 2173474 net.cpp:124] Setting up Mprelu1_stage1_L1_1
I0923 17:57:14.440083 2173474 net.cpp:131] Top shape: 1 128 2 2 (512)
I0923 17:57:14.440084 2173474 net.cpp:139] Memory required for data: 1311296
I0923 17:57:14.440086 2173474 layer_factory.hpp:77] Creating layer Mconv1_stage1_L1_1_Mprelu1_stage1_L1_1_0_split
I0923 17:57:14.440088 2173474 net.cpp:86] Creating Layer Mconv1_stage1_L1_1_Mprelu1_stage1_L1_1_0_split
I0923 17:57:14.440089 2173474 net.cpp:408] Mconv1_stage1_L1_1_Mprelu1_stage1_L1_1_0_split <- Mconv1_stage1_L1_1
I0923 17:57:14.440091 2173474 net.cpp:382] Mconv1_stage1_L1_1_Mprelu1_stage1_L1_1_0_split -> Mconv1_stage1_L1_1_Mprelu1_stage1_L1_1_0_split_0
I0923 17:57:14.440093 2173474 net.cpp:382] Mconv1_stage1_L1_1_Mprelu1_stage1_L1_1_0_split -> Mconv1_stage1_L1_1_Mprelu1_stage1_L1_1_0_split_1
I0923 17:57:14.440100 2173474 net.cpp:124] Setting up Mconv1_stage1_L1_1_Mprelu1_stage1_L1_1_0_split
I0923 17:57:14.440102 2173474 net.cpp:131] Top shape: 1 128 2 2 (512)
I0923 17:57:14.440104 2173474 net.cpp:131] Top shape: 1 128 2 2 (512)
I0923 17:57:14.440104 2173474 net.cpp:139] Memory required for data: 1315392
I0923 17:57:14.440105 2173474 layer_factory.hpp:77] Creating layer Mconv1_stage1_L1_2
I0923 17:57:14.440109 2173474 net.cpp:86] Creating Layer Mconv1_stage1_L1_2
I0923 17:57:14.440109 2173474 net.cpp:408] Mconv1_stage1_L1_2 <- Mconv1_stage1_L1_1_Mprelu1_stage1_L1_1_0_split_0
I0923 17:57:14.440111 2173474 net.cpp:382] Mconv1_stage1_L1_2 -> Mconv1_stage1_L1_2
I0923 17:57:14.450125 2173474 net.cpp:124] Setting up Mconv1_stage1_L1_2
I0923 17:57:14.450130 2173474 net.cpp:131] Top shape: 1 128 2 2 (512)
I0923 17:57:14.450132 2173474 net.cpp:139] Memory required for data: 1317440
I0923 17:57:14.450135 2173474 layer_factory.hpp:77] Creating layer Mprelu1_stage1_L1_2
I0923 17:57:14.450137 2173474 net.cpp:86] Creating Layer Mprelu1_stage1_L1_2
I0923 17:57:14.450139 2173474 net.cpp:408] Mprelu1_stage1_L1_2 <- Mconv1_stage1_L1_2
I0923 17:57:14.450141 2173474 net.cpp:369] Mprelu1_stage1_L1_2 -> Mconv1_stage1_L1_2 (in-place)
I0923 17:57:14.450170 2173474 net.cpp:124] Setting up Mprelu1_stage1_L1_2
I0923 17:57:14.450171 2173474 net.cpp:131] Top shape: 1 128 2 2 (512)
I0923 17:57:14.450173 2173474 net.cpp:139] Memory required for data: 1319488
I0923 17:57:14.450174 2173474 layer_factory.hpp:77] Creating layer Mconv1_stage1_L1_concat
I0923 17:57:14.450176 2173474 net.cpp:86] Creating Layer Mconv1_stage1_L1_concat
I0923 17:57:14.450177 2173474 net.cpp:408] Mconv1_stage1_L1_concat <- Mconv1_stage1_L1_0_Mprelu1_stage1_L1_0_0_split_1
I0923 17:57:14.450179 2173474 net.cpp:408] Mconv1_stage1_L1_concat <- Mconv1_stage1_L1_1_Mprelu1_stage1_L1_1_0_split_1
I0923 17:57:14.450181 2173474 net.cpp:408] Mconv1_stage1_L1_concat <- Mconv1_stage1_L1_2
I0923 17:57:14.450182 2173474 net.cpp:382] Mconv1_stage1_L1_concat -> Mconv1_stage1_L1_concat
I0923 17:57:14.450187 2173474 net.cpp:124] Setting up Mconv1_stage1_L1_concat
I0923 17:57:14.450188 2173474 net.cpp:131] Top shape: 1 384 2 2 (1536)
I0923 17:57:14.450191 2173474 net.cpp:139] Memory required for data: 1325632
I0923 17:57:14.450191 2173474 layer_factory.hpp:77] Creating layer Mconv2_stage1_L1_0
I0923 17:57:14.450194 2173474 net.cpp:86] Creating Layer Mconv2_stage1_L1_0
I0923 17:57:14.450196 2173474 net.cpp:408] Mconv2_stage1_L1_0 <- Mconv1_stage1_L1_concat
I0923 17:57:14.450197 2173474 net.cpp:382] Mconv2_stage1_L1_0 -> Mconv2_stage1_L1_0
I0923 17:57:14.459059 2173474 net.cpp:124] Setting up Mconv2_stage1_L1_0
I0923 17:57:14.459064 2173474 net.cpp:131] Top shape: 1 128 2 2 (512)
I0923 17:57:14.459066 2173474 net.cpp:139] Memory required for data: 1327680
I0923 17:57:14.459069 2173474 layer_factory.hpp:77] Creating layer Mprelu2_stage1_L1_0
I0923 17:57:14.459072 2173474 net.cpp:86] Creating Layer Mprelu2_stage1_L1_0
I0923 17:57:14.459074 2173474 net.cpp:408] Mprelu2_stage1_L1_0 <- Mconv2_stage1_L1_0
I0923 17:57:14.459075 2173474 net.cpp:369] Mprelu2_stage1_L1_0 -> Mconv2_stage1_L1_0 (in-place)
I0923 17:57:14.459097 2173474 net.cpp:124] Setting up Mprelu2_stage1_L1_0
I0923 17:57:14.459100 2173474 net.cpp:131] Top shape: 1 128 2 2 (512)
I0923 17:57:14.459100 2173474 net.cpp:139] Memory required for data: 1329728
I0923 17:57:14.459101 2173474 layer_factory.hpp:77] Creating layer Mconv2_stage1_L1_0_Mprelu2_stage1_L1_0_0_split
I0923 17:57:14.459103 2173474 net.cpp:86] Creating Layer Mconv2_stage1_L1_0_Mprelu2_stage1_L1_0_0_split
I0923 17:57:14.459105 2173474 net.cpp:408] Mconv2_stage1_L1_0_Mprelu2_stage1_L1_0_0_split <- Mconv2_stage1_L1_0
I0923 17:57:14.459106 2173474 net.cpp:382] Mconv2_stage1_L1_0_Mprelu2_stage1_L1_0_0_split -> Mconv2_stage1_L1_0_Mprelu2_stage1_L1_0_0_split_0
I0923 17:57:14.459108 2173474 net.cpp:382] Mconv2_stage1_L1_0_Mprelu2_stage1_L1_0_0_split -> Mconv2_stage1_L1_0_Mprelu2_stage1_L1_0_0_split_1
I0923 17:57:14.459115 2173474 net.cpp:124] Setting up Mconv2_stage1_L1_0_Mprelu2_stage1_L1_0_0_split
I0923 17:57:14.459116 2173474 net.cpp:131] Top shape: 1 128 2 2 (512)
I0923 17:57:14.459118 2173474 net.cpp:131] Top shape: 1 128 2 2 (512)
I0923 17:57:14.459120 2173474 net.cpp:139] Memory required for data: 1333824
I0923 17:57:14.459120 2173474 layer_factory.hpp:77] Creating layer Mconv2_stage1_L1_1
I0923 17:57:14.459122 2173474 net.cpp:86] Creating Layer Mconv2_stage1_L1_1
I0923 17:57:14.459124 2173474 net.cpp:408] Mconv2_stage1_L1_1 <- Mconv2_stage1_L1_0_Mprelu2_stage1_L1_0_0_split_0
I0923 17:57:14.459125 2173474 net.cpp:382] Mconv2_stage1_L1_1 -> Mconv2_stage1_L1_1
I0923 17:57:14.467070 2173474 net.cpp:124] Setting up Mconv2_stage1_L1_1
I0923 17:57:14.467075 2173474 net.cpp:131] Top shape: 1 128 2 2 (512)
I0923 17:57:14.467077 2173474 net.cpp:139] Memory required for data: 1335872
I0923 17:57:14.467079 2173474 layer_factory.hpp:77] Creating layer Mprelu2_stage1_L1_1
I0923 17:57:14.467082 2173474 net.cpp:86] Creating Layer Mprelu2_stage1_L1_1
I0923 17:57:14.467084 2173474 net.cpp:408] Mprelu2_stage1_L1_1 <- Mconv2_stage1_L1_1
I0923 17:57:14.467087 2173474 net.cpp:369] Mprelu2_stage1_L1_1 -> Mconv2_stage1_L1_1 (in-place)
I0923 17:57:14.467108 2173474 net.cpp:124] Setting up Mprelu2_stage1_L1_1
I0923 17:57:14.467109 2173474 net.cpp:131] Top shape: 1 128 2 2 (512)
I0923 17:57:14.467110 2173474 net.cpp:139] Memory required for data: 1337920
I0923 17:57:14.467113 2173474 layer_factory.hpp:77] Creating layer Mconv2_stage1_L1_1_Mprelu2_stage1_L1_1_0_split
I0923 17:57:14.467114 2173474 net.cpp:86] Creating Layer Mconv2_stage1_L1_1_Mprelu2_stage1_L1_1_0_split
I0923 17:57:14.467115 2173474 net.cpp:408] Mconv2_stage1_L1_1_Mprelu2_stage1_L1_1_0_split <- Mconv2_stage1_L1_1
I0923 17:57:14.467116 2173474 net.cpp:382] Mconv2_stage1_L1_1_Mprelu2_stage1_L1_1_0_split -> Mconv2_stage1_L1_1_Mprelu2_stage1_L1_1_0_split_0
I0923 17:57:14.467119 2173474 net.cpp:382] Mconv2_stage1_L1_1_Mprelu2_stage1_L1_1_0_split -> Mconv2_stage1_L1_1_Mprelu2_stage1_L1_1_0_split_1
I0923 17:57:14.467126 2173474 net.cpp:124] Setting up Mconv2_stage1_L1_1_Mprelu2_stage1_L1_1_0_split
I0923 17:57:14.467127 2173474 net.cpp:131] Top shape: 1 128 2 2 (512)
I0923 17:57:14.467128 2173474 net.cpp:131] Top shape: 1 128 2 2 (512)
I0923 17:57:14.467129 2173474 net.cpp:139] Memory required for data: 1342016
I0923 17:57:14.467131 2173474 layer_factory.hpp:77] Creating layer Mconv2_stage1_L1_2
I0923 17:57:14.467133 2173474 net.cpp:86] Creating Layer Mconv2_stage1_L1_2
I0923 17:57:14.467134 2173474 net.cpp:408] Mconv2_stage1_L1_2 <- Mconv2_stage1_L1_1_Mprelu2_stage1_L1_1_0_split_0
I0923 17:57:14.467136 2173474 net.cpp:382] Mconv2_stage1_L1_2 -> Mconv2_stage1_L1_2
I0923 17:57:14.475297 2173474 net.cpp:124] Setting up Mconv2_stage1_L1_2
I0923 17:57:14.475302 2173474 net.cpp:131] Top shape: 1 128 2 2 (512)
I0923 17:57:14.475304 2173474 net.cpp:139] Memory required for data: 1344064
I0923 17:57:14.475306 2173474 layer_factory.hpp:77] Creating layer Mprelu2_stage1_L1_2
I0923 17:57:14.475309 2173474 net.cpp:86] Creating Layer Mprelu2_stage1_L1_2
I0923 17:57:14.475311 2173474 net.cpp:408] Mprelu2_stage1_L1_2 <- Mconv2_stage1_L1_2
I0923 17:57:14.475313 2173474 net.cpp:369] Mprelu2_stage1_L1_2 -> Mconv2_stage1_L1_2 (in-place)
I0923 17:57:14.475335 2173474 net.cpp:124] Setting up Mprelu2_stage1_L1_2
I0923 17:57:14.475337 2173474 net.cpp:131] Top shape: 1 128 2 2 (512)
I0923 17:57:14.475338 2173474 net.cpp:139] Memory required for data: 1346112
I0923 17:57:14.475339 2173474 layer_factory.hpp:77] Creating layer Mconv2_stage1_L1_concat
I0923 17:57:14.475342 2173474 net.cpp:86] Creating Layer Mconv2_stage1_L1_concat
I0923 17:57:14.475342 2173474 net.cpp:408] Mconv2_stage1_L1_concat <- Mconv2_stage1_L1_0_Mprelu2_stage1_L1_0_0_split_1
I0923 17:57:14.475344 2173474 net.cpp:408] Mconv2_stage1_L1_concat <- Mconv2_stage1_L1_1_Mprelu2_stage1_L1_1_0_split_1
I0923 17:57:14.475345 2173474 net.cpp:408] Mconv2_stage1_L1_concat <- Mconv2_stage1_L1_2
I0923 17:57:14.475347 2173474 net.cpp:382] Mconv2_stage1_L1_concat -> Mconv2_stage1_L1_concat
I0923 17:57:14.475353 2173474 net.cpp:124] Setting up Mconv2_stage1_L1_concat
I0923 17:57:14.475353 2173474 net.cpp:131] Top shape: 1 384 2 2 (1536)
I0923 17:57:14.475355 2173474 net.cpp:139] Memory required for data: 1352256
I0923 17:57:14.475356 2173474 layer_factory.hpp:77] Creating layer Mconv3_stage1_L1_0
I0923 17:57:14.475358 2173474 net.cpp:86] Creating Layer Mconv3_stage1_L1_0
I0923 17:57:14.475359 2173474 net.cpp:408] Mconv3_stage1_L1_0 <- Mconv2_stage1_L1_concat
I0923 17:57:14.475361 2173474 net.cpp:382] Mconv3_stage1_L1_0 -> Mconv3_stage1_L1_0
I0923 17:57:14.484309 2173474 net.cpp:124] Setting up Mconv3_stage1_L1_0
I0923 17:57:14.484314 2173474 net.cpp:131] Top shape: 1 128 2 2 (512)
I0923 17:57:14.484316 2173474 net.cpp:139] Memory required for data: 1354304
I0923 17:57:14.484319 2173474 layer_factory.hpp:77] Creating layer Mprelu3_stage1_L1_0
I0923 17:57:14.484321 2173474 net.cpp:86] Creating Layer Mprelu3_stage1_L1_0
I0923 17:57:14.484323 2173474 net.cpp:408] Mprelu3_stage1_L1_0 <- Mconv3_stage1_L1_0
I0923 17:57:14.484325 2173474 net.cpp:369] Mprelu3_stage1_L1_0 -> Mconv3_stage1_L1_0 (in-place)
I0923 17:57:14.484347 2173474 net.cpp:124] Setting up Mprelu3_stage1_L1_0
I0923 17:57:14.484349 2173474 net.cpp:131] Top shape: 1 128 2 2 (512)
I0923 17:57:14.484350 2173474 net.cpp:139] Memory required for data: 1356352
I0923 17:57:14.484351 2173474 layer_factory.hpp:77] Creating layer Mconv3_stage1_L1_0_Mprelu3_stage1_L1_0_0_split
I0923 17:57:14.484354 2173474 net.cpp:86] Creating Layer Mconv3_stage1_L1_0_Mprelu3_stage1_L1_0_0_split
I0923 17:57:14.484354 2173474 net.cpp:408] Mconv3_stage1_L1_0_Mprelu3_stage1_L1_0_0_split <- Mconv3_stage1_L1_0
I0923 17:57:14.484356 2173474 net.cpp:382] Mconv3_stage1_L1_0_Mprelu3_stage1_L1_0_0_split -> Mconv3_stage1_L1_0_Mprelu3_stage1_L1_0_0_split_0
I0923 17:57:14.484359 2173474 net.cpp:382] Mconv3_stage1_L1_0_Mprelu3_stage1_L1_0_0_split -> Mconv3_stage1_L1_0_Mprelu3_stage1_L1_0_0_split_1
I0923 17:57:14.484365 2173474 net.cpp:124] Setting up Mconv3_stage1_L1_0_Mprelu3_stage1_L1_0_0_split
I0923 17:57:14.484366 2173474 net.cpp:131] Top shape: 1 128 2 2 (512)
I0923 17:57:14.484368 2173474 net.cpp:131] Top shape: 1 128 2 2 (512)
I0923 17:57:14.484369 2173474 net.cpp:139] Memory required for data: 1360448
I0923 17:57:14.484370 2173474 layer_factory.hpp:77] Creating layer Mconv3_stage1_L1_1
I0923 17:57:14.484372 2173474 net.cpp:86] Creating Layer Mconv3_stage1_L1_1
I0923 17:57:14.484373 2173474 net.cpp:408] Mconv3_stage1_L1_1 <- Mconv3_stage1_L1_0_Mprelu3_stage1_L1_0_0_split_0
I0923 17:57:14.484375 2173474 net.cpp:382] Mconv3_stage1_L1_1 -> Mconv3_stage1_L1_1
I0923 17:57:14.493448 2173474 net.cpp:124] Setting up Mconv3_stage1_L1_1
I0923 17:57:14.493453 2173474 net.cpp:131] Top shape: 1 128 2 2 (512)
I0923 17:57:14.493454 2173474 net.cpp:139] Memory required for data: 1362496
I0923 17:57:14.493456 2173474 layer_factory.hpp:77] Creating layer Mprelu3_stage1_L1_1
I0923 17:57:14.493459 2173474 net.cpp:86] Creating Layer Mprelu3_stage1_L1_1
I0923 17:57:14.493461 2173474 net.cpp:408] Mprelu3_stage1_L1_1 <- Mconv3_stage1_L1_1
I0923 17:57:14.493463 2173474 net.cpp:369] Mprelu3_stage1_L1_1 -> Mconv3_stage1_L1_1 (in-place)
I0923 17:57:14.493485 2173474 net.cpp:124] Setting up Mprelu3_stage1_L1_1
I0923 17:57:14.493486 2173474 net.cpp:131] Top shape: 1 128 2 2 (512)
I0923 17:57:14.493489 2173474 net.cpp:139] Memory required for data: 1364544
I0923 17:57:14.493489 2173474 layer_factory.hpp:77] Creating layer Mconv3_stage1_L1_1_Mprelu3_stage1_L1_1_0_split
I0923 17:57:14.493491 2173474 net.cpp:86] Creating Layer Mconv3_stage1_L1_1_Mprelu3_stage1_L1_1_0_split
I0923 17:57:14.493492 2173474 net.cpp:408] Mconv3_stage1_L1_1_Mprelu3_stage1_L1_1_0_split <- Mconv3_stage1_L1_1
I0923 17:57:14.493494 2173474 net.cpp:382] Mconv3_stage1_L1_1_Mprelu3_stage1_L1_1_0_split -> Mconv3_stage1_L1_1_Mprelu3_stage1_L1_1_0_split_0
I0923 17:57:14.493496 2173474 net.cpp:382] Mconv3_stage1_L1_1_Mprelu3_stage1_L1_1_0_split -> Mconv3_stage1_L1_1_Mprelu3_stage1_L1_1_0_split_1
I0923 17:57:14.493503 2173474 net.cpp:124] Setting up Mconv3_stage1_L1_1_Mprelu3_stage1_L1_1_0_split
I0923 17:57:14.493505 2173474 net.cpp:131] Top shape: 1 128 2 2 (512)
I0923 17:57:14.493506 2173474 net.cpp:131] Top shape: 1 128 2 2 (512)
I0923 17:57:14.493507 2173474 net.cpp:139] Memory required for data: 1368640
I0923 17:57:14.493508 2173474 layer_factory.hpp:77] Creating layer Mconv3_stage1_L1_2
I0923 17:57:14.493510 2173474 net.cpp:86] Creating Layer Mconv3_stage1_L1_2
I0923 17:57:14.493512 2173474 net.cpp:408] Mconv3_stage1_L1_2 <- Mconv3_stage1_L1_1_Mprelu3_stage1_L1_1_0_split_0
I0923 17:57:14.493513 2173474 net.cpp:382] Mconv3_stage1_L1_2 -> Mconv3_stage1_L1_2
I0923 17:57:14.501121 2173474 net.cpp:124] Setting up Mconv3_stage1_L1_2
I0923 17:57:14.501127 2173474 net.cpp:131] Top shape: 1 128 2 2 (512)
I0923 17:57:14.501128 2173474 net.cpp:139] Memory required for data: 1370688
I0923 17:57:14.501132 2173474 layer_factory.hpp:77] Creating layer Mprelu3_stage1_L1_2
I0923 17:57:14.501134 2173474 net.cpp:86] Creating Layer Mprelu3_stage1_L1_2
I0923 17:57:14.501135 2173474 net.cpp:408] Mprelu3_stage1_L1_2 <- Mconv3_stage1_L1_2
I0923 17:57:14.501137 2173474 net.cpp:369] Mprelu3_stage1_L1_2 -> Mconv3_stage1_L1_2 (in-place)
I0923 17:57:14.501159 2173474 net.cpp:124] Setting up Mprelu3_stage1_L1_2
I0923 17:57:14.501160 2173474 net.cpp:131] Top shape: 1 128 2 2 (512)
I0923 17:57:14.501163 2173474 net.cpp:139] Memory required for data: 1372736
I0923 17:57:14.501163 2173474 layer_factory.hpp:77] Creating layer Mconv3_stage1_L1_concat
I0923 17:57:14.501165 2173474 net.cpp:86] Creating Layer Mconv3_stage1_L1_concat
I0923 17:57:14.501166 2173474 net.cpp:408] Mconv3_stage1_L1_concat <- Mconv3_stage1_L1_0_Mprelu3_stage1_L1_0_0_split_1
I0923 17:57:14.501168 2173474 net.cpp:408] Mconv3_stage1_L1_concat <- Mconv3_stage1_L1_1_Mprelu3_stage1_L1_1_0_split_1
I0923 17:57:14.501169 2173474 net.cpp:408] Mconv3_stage1_L1_concat <- Mconv3_stage1_L1_2
I0923 17:57:14.501171 2173474 net.cpp:382] Mconv3_stage1_L1_concat -> Mconv3_stage1_L1_concat
I0923 17:57:14.501176 2173474 net.cpp:124] Setting up Mconv3_stage1_L1_concat
I0923 17:57:14.501178 2173474 net.cpp:131] Top shape: 1 384 2 2 (1536)
I0923 17:57:14.501179 2173474 net.cpp:139] Memory required for data: 1378880
I0923 17:57:14.501180 2173474 layer_factory.hpp:77] Creating layer Mconv4_stage1_L1_0
I0923 17:57:14.501183 2173474 net.cpp:86] Creating Layer Mconv4_stage1_L1_0
I0923 17:57:14.501183 2173474 net.cpp:408] Mconv4_stage1_L1_0 <- Mconv3_stage1_L1_concat
I0923 17:57:14.501185 2173474 net.cpp:382] Mconv4_stage1_L1_0 -> Mconv4_stage1_L1_0
I0923 17:57:14.510768 2173474 net.cpp:124] Setting up Mconv4_stage1_L1_0
I0923 17:57:14.510773 2173474 net.cpp:131] Top shape: 1 128 2 2 (512)
I0923 17:57:14.510775 2173474 net.cpp:139] Memory required for data: 1380928
I0923 17:57:14.510777 2173474 layer_factory.hpp:77] Creating layer Mprelu4_stage1_L1_0
I0923 17:57:14.510780 2173474 net.cpp:86] Creating Layer Mprelu4_stage1_L1_0
I0923 17:57:14.510782 2173474 net.cpp:408] Mprelu4_stage1_L1_0 <- Mconv4_stage1_L1_0
I0923 17:57:14.510784 2173474 net.cpp:369] Mprelu4_stage1_L1_0 -> Mconv4_stage1_L1_0 (in-place)
I0923 17:57:14.510807 2173474 net.cpp:124] Setting up Mprelu4_stage1_L1_0
I0923 17:57:14.510808 2173474 net.cpp:131] Top shape: 1 128 2 2 (512)
I0923 17:57:14.510809 2173474 net.cpp:139] Memory required for data: 1382976
I0923 17:57:14.510811 2173474 layer_factory.hpp:77] Creating layer Mconv4_stage1_L1_0_Mprelu4_stage1_L1_0_0_split
I0923 17:57:14.510813 2173474 net.cpp:86] Creating Layer Mconv4_stage1_L1_0_Mprelu4_stage1_L1_0_0_split
I0923 17:57:14.510814 2173474 net.cpp:408] Mconv4_stage1_L1_0_Mprelu4_stage1_L1_0_0_split <- Mconv4_stage1_L1_0
I0923 17:57:14.510815 2173474 net.cpp:382] Mconv4_stage1_L1_0_Mprelu4_stage1_L1_0_0_split -> Mconv4_stage1_L1_0_Mprelu4_stage1_L1_0_0_split_0
I0923 17:57:14.510818 2173474 net.cpp:382] Mconv4_stage1_L1_0_Mprelu4_stage1_L1_0_0_split -> Mconv4_stage1_L1_0_Mprelu4_stage1_L1_0_0_split_1
I0923 17:57:14.510826 2173474 net.cpp:124] Setting up Mconv4_stage1_L1_0_Mprelu4_stage1_L1_0_0_split
I0923 17:57:14.510828 2173474 net.cpp:131] Top shape: 1 128 2 2 (512)
I0923 17:57:14.510828 2173474 net.cpp:131] Top shape: 1 128 2 2 (512)
I0923 17:57:14.510829 2173474 net.cpp:139] Memory required for data: 1387072
I0923 17:57:14.510830 2173474 layer_factory.hpp:77] Creating layer Mconv4_stage1_L1_1
I0923 17:57:14.510833 2173474 net.cpp:86] Creating Layer Mconv4_stage1_L1_1
I0923 17:57:14.510834 2173474 net.cpp:408] Mconv4_stage1_L1_1 <- Mconv4_stage1_L1_0_Mprelu4_stage1_L1_0_0_split_0
I0923 17:57:14.510835 2173474 net.cpp:382] Mconv4_stage1_L1_1 -> Mconv4_stage1_L1_1
I0923 17:57:14.518898 2173474 net.cpp:124] Setting up Mconv4_stage1_L1_1
I0923 17:57:14.518903 2173474 net.cpp:131] Top shape: 1 128 2 2 (512)
I0923 17:57:14.518904 2173474 net.cpp:139] Memory required for data: 1389120
I0923 17:57:14.518906 2173474 layer_factory.hpp:77] Creating layer Mprelu4_stage1_L1_1
I0923 17:57:14.518910 2173474 net.cpp:86] Creating Layer Mprelu4_stage1_L1_1
I0923 17:57:14.518911 2173474 net.cpp:408] Mprelu4_stage1_L1_1 <- Mconv4_stage1_L1_1
I0923 17:57:14.518913 2173474 net.cpp:369] Mprelu4_stage1_L1_1 -> Mconv4_stage1_L1_1 (in-place)
I0923 17:57:14.518935 2173474 net.cpp:124] Setting up Mprelu4_stage1_L1_1
I0923 17:57:14.518937 2173474 net.cpp:131] Top shape: 1 128 2 2 (512)
I0923 17:57:14.518939 2173474 net.cpp:139] Memory required for data: 1391168
I0923 17:57:14.518939 2173474 layer_factory.hpp:77] Creating layer Mconv4_stage1_L1_1_Mprelu4_stage1_L1_1_0_split
I0923 17:57:14.518941 2173474 net.cpp:86] Creating Layer Mconv4_stage1_L1_1_Mprelu4_stage1_L1_1_0_split
I0923 17:57:14.518942 2173474 net.cpp:408] Mconv4_stage1_L1_1_Mprelu4_stage1_L1_1_0_split <- Mconv4_stage1_L1_1
I0923 17:57:14.518944 2173474 net.cpp:382] Mconv4_stage1_L1_1_Mprelu4_stage1_L1_1_0_split -> Mconv4_stage1_L1_1_Mprelu4_stage1_L1_1_0_split_0
I0923 17:57:14.518946 2173474 net.cpp:382] Mconv4_stage1_L1_1_Mprelu4_stage1_L1_1_0_split -> Mconv4_stage1_L1_1_Mprelu4_stage1_L1_1_0_split_1
I0923 17:57:14.518953 2173474 net.cpp:124] Setting up Mconv4_stage1_L1_1_Mprelu4_stage1_L1_1_0_split
I0923 17:57:14.518954 2173474 net.cpp:131] Top shape: 1 128 2 2 (512)
I0923 17:57:14.518956 2173474 net.cpp:131] Top shape: 1 128 2 2 (512)
I0923 17:57:14.518957 2173474 net.cpp:139] Memory required for data: 1395264
I0923 17:57:14.518958 2173474 layer_factory.hpp:77] Creating layer Mconv4_stage1_L1_2
I0923 17:57:14.518960 2173474 net.cpp:86] Creating Layer Mconv4_stage1_L1_2
I0923 17:57:14.518962 2173474 net.cpp:408] Mconv4_stage1_L1_2 <- Mconv4_stage1_L1_1_Mprelu4_stage1_L1_1_0_split_0
I0923 17:57:14.518963 2173474 net.cpp:382] Mconv4_stage1_L1_2 -> Mconv4_stage1_L1_2
I0923 17:57:14.528584 2173474 net.cpp:124] Setting up Mconv4_stage1_L1_2
I0923 17:57:14.528589 2173474 net.cpp:131] Top shape: 1 128 2 2 (512)
I0923 17:57:14.528590 2173474 net.cpp:139] Memory required for data: 1397312
I0923 17:57:14.528592 2173474 layer_factory.hpp:77] Creating layer Mprelu4_stage1_L1_2
I0923 17:57:14.528595 2173474 net.cpp:86] Creating Layer Mprelu4_stage1_L1_2
I0923 17:57:14.528597 2173474 net.cpp:408] Mprelu4_stage1_L1_2 <- Mconv4_stage1_L1_2
I0923 17:57:14.528599 2173474 net.cpp:369] Mprelu4_stage1_L1_2 -> Mconv4_stage1_L1_2 (in-place)
I0923 17:57:14.528622 2173474 net.cpp:124] Setting up Mprelu4_stage1_L1_2
I0923 17:57:14.528623 2173474 net.cpp:131] Top shape: 1 128 2 2 (512)
I0923 17:57:14.528625 2173474 net.cpp:139] Memory required for data: 1399360
I0923 17:57:14.528625 2173474 layer_factory.hpp:77] Creating layer Mconv4_stage1_L1_concat
I0923 17:57:14.528628 2173474 net.cpp:86] Creating Layer Mconv4_stage1_L1_concat
I0923 17:57:14.528630 2173474 net.cpp:408] Mconv4_stage1_L1_concat <- Mconv4_stage1_L1_0_Mprelu4_stage1_L1_0_0_split_1
I0923 17:57:14.528630 2173474 net.cpp:408] Mconv4_stage1_L1_concat <- Mconv4_stage1_L1_1_Mprelu4_stage1_L1_1_0_split_1
I0923 17:57:14.528632 2173474 net.cpp:408] Mconv4_stage1_L1_concat <- Mconv4_stage1_L1_2
I0923 17:57:14.528633 2173474 net.cpp:382] Mconv4_stage1_L1_concat -> Mconv4_stage1_L1_concat
I0923 17:57:14.528640 2173474 net.cpp:124] Setting up Mconv4_stage1_L1_concat
I0923 17:57:14.528640 2173474 net.cpp:131] Top shape: 1 384 2 2 (1536)
I0923 17:57:14.528641 2173474 net.cpp:139] Memory required for data: 1405504
I0923 17:57:14.528642 2173474 layer_factory.hpp:77] Creating layer Mconv5_stage1_L1_0
I0923 17:57:14.528645 2173474 net.cpp:86] Creating Layer Mconv5_stage1_L1_0
I0923 17:57:14.528646 2173474 net.cpp:408] Mconv5_stage1_L1_0 <- Mconv4_stage1_L1_concat
I0923 17:57:14.528648 2173474 net.cpp:382] Mconv5_stage1_L1_0 -> Mconv5_stage1_L1_0
I0923 17:57:14.537637 2173474 net.cpp:124] Setting up Mconv5_stage1_L1_0
I0923 17:57:14.537642 2173474 net.cpp:131] Top shape: 1 128 2 2 (512)
I0923 17:57:14.537644 2173474 net.cpp:139] Memory required for data: 1407552
I0923 17:57:14.537647 2173474 layer_factory.hpp:77] Creating layer Mprelu5_stage1_L1_0
I0923 17:57:14.537649 2173474 net.cpp:86] Creating Layer Mprelu5_stage1_L1_0
I0923 17:57:14.537652 2173474 net.cpp:408] Mprelu5_stage1_L1_0 <- Mconv5_stage1_L1_0
I0923 17:57:14.537653 2173474 net.cpp:369] Mprelu5_stage1_L1_0 -> Mconv5_stage1_L1_0 (in-place)
I0923 17:57:14.537676 2173474 net.cpp:124] Setting up Mprelu5_stage1_L1_0
I0923 17:57:14.537678 2173474 net.cpp:131] Top shape: 1 128 2 2 (512)
I0923 17:57:14.537679 2173474 net.cpp:139] Memory required for data: 1409600
I0923 17:57:14.537680 2173474 layer_factory.hpp:77] Creating layer Mconv5_stage1_L1_0_Mprelu5_stage1_L1_0_0_split
I0923 17:57:14.537683 2173474 net.cpp:86] Creating Layer Mconv5_stage1_L1_0_Mprelu5_stage1_L1_0_0_split
I0923 17:57:14.537683 2173474 net.cpp:408] Mconv5_stage1_L1_0_Mprelu5_stage1_L1_0_0_split <- Mconv5_stage1_L1_0
I0923 17:57:14.537684 2173474 net.cpp:382] Mconv5_stage1_L1_0_Mprelu5_stage1_L1_0_0_split -> Mconv5_stage1_L1_0_Mprelu5_stage1_L1_0_0_split_0
I0923 17:57:14.537688 2173474 net.cpp:382] Mconv5_stage1_L1_0_Mprelu5_stage1_L1_0_0_split -> Mconv5_stage1_L1_0_Mprelu5_stage1_L1_0_0_split_1
I0923 17:57:14.537694 2173474 net.cpp:124] Setting up Mconv5_stage1_L1_0_Mprelu5_stage1_L1_0_0_split
I0923 17:57:14.537695 2173474 net.cpp:131] Top shape: 1 128 2 2 (512)
I0923 17:57:14.537696 2173474 net.cpp:131] Top shape: 1 128 2 2 (512)
I0923 17:57:14.537698 2173474 net.cpp:139] Memory required for data: 1413696
I0923 17:57:14.537699 2173474 layer_factory.hpp:77] Creating layer Mconv5_stage1_L1_1
I0923 17:57:14.537701 2173474 net.cpp:86] Creating Layer Mconv5_stage1_L1_1
I0923 17:57:14.537703 2173474 net.cpp:408] Mconv5_stage1_L1_1 <- Mconv5_stage1_L1_0_Mprelu5_stage1_L1_0_0_split_0
I0923 17:57:14.537704 2173474 net.cpp:382] Mconv5_stage1_L1_1 -> Mconv5_stage1_L1_1
I0923 17:57:14.546536 2173474 net.cpp:124] Setting up Mconv5_stage1_L1_1
I0923 17:57:14.546541 2173474 net.cpp:131] Top shape: 1 128 2 2 (512)
I0923 17:57:14.546543 2173474 net.cpp:139] Memory required for data: 1415744
I0923 17:57:14.546545 2173474 layer_factory.hpp:77] Creating layer Mprelu5_stage1_L1_1
I0923 17:57:14.546548 2173474 net.cpp:86] Creating Layer Mprelu5_stage1_L1_1
I0923 17:57:14.546550 2173474 net.cpp:408] Mprelu5_stage1_L1_1 <- Mconv5_stage1_L1_1
I0923 17:57:14.546552 2173474 net.cpp:369] Mprelu5_stage1_L1_1 -> Mconv5_stage1_L1_1 (in-place)
I0923 17:57:14.546574 2173474 net.cpp:124] Setting up Mprelu5_stage1_L1_1
I0923 17:57:14.546576 2173474 net.cpp:131] Top shape: 1 128 2 2 (512)
I0923 17:57:14.546577 2173474 net.cpp:139] Memory required for data: 1417792
I0923 17:57:14.546578 2173474 layer_factory.hpp:77] Creating layer Mconv5_stage1_L1_1_Mprelu5_stage1_L1_1_0_split
I0923 17:57:14.546581 2173474 net.cpp:86] Creating Layer Mconv5_stage1_L1_1_Mprelu5_stage1_L1_1_0_split
I0923 17:57:14.546582 2173474 net.cpp:408] Mconv5_stage1_L1_1_Mprelu5_stage1_L1_1_0_split <- Mconv5_stage1_L1_1
I0923 17:57:14.546583 2173474 net.cpp:382] Mconv5_stage1_L1_1_Mprelu5_stage1_L1_1_0_split -> Mconv5_stage1_L1_1_Mprelu5_stage1_L1_1_0_split_0
I0923 17:57:14.546586 2173474 net.cpp:382] Mconv5_stage1_L1_1_Mprelu5_stage1_L1_1_0_split -> Mconv5_stage1_L1_1_Mprelu5_stage1_L1_1_0_split_1
I0923 17:57:14.546593 2173474 net.cpp:124] Setting up Mconv5_stage1_L1_1_Mprelu5_stage1_L1_1_0_split
I0923 17:57:14.546594 2173474 net.cpp:131] Top shape: 1 128 2 2 (512)
I0923 17:57:14.546595 2173474 net.cpp:131] Top shape: 1 128 2 2 (512)
I0923 17:57:14.546597 2173474 net.cpp:139] Memory required for data: 1421888
I0923 17:57:14.546598 2173474 layer_factory.hpp:77] Creating layer Mconv5_stage1_L1_2
I0923 17:57:14.546600 2173474 net.cpp:86] Creating Layer Mconv5_stage1_L1_2
I0923 17:57:14.546602 2173474 net.cpp:408] Mconv5_stage1_L1_2 <- Mconv5_stage1_L1_1_Mprelu5_stage1_L1_1_0_split_0
I0923 17:57:14.546603 2173474 net.cpp:382] Mconv5_stage1_L1_2 -> Mconv5_stage1_L1_2
I0923 17:57:14.554602 2173474 net.cpp:124] Setting up Mconv5_stage1_L1_2
I0923 17:57:14.554608 2173474 net.cpp:131] Top shape: 1 128 2 2 (512)
I0923 17:57:14.554610 2173474 net.cpp:139] Memory required for data: 1423936
I0923 17:57:14.554612 2173474 layer_factory.hpp:77] Creating layer Mprelu5_stage1_L1_2
I0923 17:57:14.554615 2173474 net.cpp:86] Creating Layer Mprelu5_stage1_L1_2
I0923 17:57:14.554616 2173474 net.cpp:408] Mprelu5_stage1_L1_2 <- Mconv5_stage1_L1_2
I0923 17:57:14.554618 2173474 net.cpp:369] Mprelu5_stage1_L1_2 -> Mconv5_stage1_L1_2 (in-place)
I0923 17:57:14.554642 2173474 net.cpp:124] Setting up Mprelu5_stage1_L1_2
I0923 17:57:14.554643 2173474 net.cpp:131] Top shape: 1 128 2 2 (512)
I0923 17:57:14.554646 2173474 net.cpp:139] Memory required for data: 1425984
I0923 17:57:14.554646 2173474 layer_factory.hpp:77] Creating layer Mconv5_stage1_L1_concat
I0923 17:57:14.554648 2173474 net.cpp:86] Creating Layer Mconv5_stage1_L1_concat
I0923 17:57:14.554649 2173474 net.cpp:408] Mconv5_stage1_L1_concat <- Mconv5_stage1_L1_0_Mprelu5_stage1_L1_0_0_split_1
I0923 17:57:14.554651 2173474 net.cpp:408] Mconv5_stage1_L1_concat <- Mconv5_stage1_L1_1_Mprelu5_stage1_L1_1_0_split_1
I0923 17:57:14.554652 2173474 net.cpp:408] Mconv5_stage1_L1_concat <- Mconv5_stage1_L1_2
I0923 17:57:14.554654 2173474 net.cpp:382] Mconv5_stage1_L1_concat -> Mconv5_stage1_L1_concat
I0923 17:57:14.554659 2173474 net.cpp:124] Setting up Mconv5_stage1_L1_concat
I0923 17:57:14.554661 2173474 net.cpp:131] Top shape: 1 384 2 2 (1536)
I0923 17:57:14.554662 2173474 net.cpp:139] Memory required for data: 1432128
I0923 17:57:14.554663 2173474 layer_factory.hpp:77] Creating layer Mconv6_stage1_L1
I0923 17:57:14.554665 2173474 net.cpp:86] Creating Layer Mconv6_stage1_L1
I0923 17:57:14.554666 2173474 net.cpp:408] Mconv6_stage1_L1 <- Mconv5_stage1_L1_concat
I0923 17:57:14.554668 2173474 net.cpp:382] Mconv6_stage1_L1 -> Mconv6_stage1_L1
I0923 17:57:14.563617 2173474 net.cpp:124] Setting up Mconv6_stage1_L1
I0923 17:57:14.563622 2173474 net.cpp:131] Top shape: 1 512 2 2 (2048)
I0923 17:57:14.563625 2173474 net.cpp:139] Memory required for data: 1440320
I0923 17:57:14.563627 2173474 layer_factory.hpp:77] Creating layer Mprelu6_stage1_L1
I0923 17:57:14.563630 2173474 net.cpp:86] Creating Layer Mprelu6_stage1_L1
I0923 17:57:14.563632 2173474 net.cpp:408] Mprelu6_stage1_L1 <- Mconv6_stage1_L1
I0923 17:57:14.563634 2173474 net.cpp:369] Mprelu6_stage1_L1 -> Mconv6_stage1_L1 (in-place)
I0923 17:57:14.563657 2173474 net.cpp:124] Setting up Mprelu6_stage1_L1
I0923 17:57:14.563659 2173474 net.cpp:131] Top shape: 1 512 2 2 (2048)
I0923 17:57:14.563660 2173474 net.cpp:139] Memory required for data: 1448512
I0923 17:57:14.563661 2173474 layer_factory.hpp:77] Creating layer Mconv7_stage1_L1
I0923 17:57:14.563664 2173474 net.cpp:86] Creating Layer Mconv7_stage1_L1
I0923 17:57:14.563666 2173474 net.cpp:408] Mconv7_stage1_L1 <- Mconv6_stage1_L1
I0923 17:57:14.563668 2173474 net.cpp:382] Mconv7_stage1_L1 -> Mconv7_stage1_L1
I0923 17:57:14.571767 2173474 net.cpp:124] Setting up Mconv7_stage1_L1
I0923 17:57:14.571774 2173474 net.cpp:131] Top shape: 1 26 2 2 (104)
I0923 17:57:14.571775 2173474 net.cpp:139] Memory required for data: 1448928
I0923 17:57:14.571777 2173474 layer_factory.hpp:77] Creating layer net_output
I0923 17:57:14.571780 2173474 net.cpp:86] Creating Layer net_output
I0923 17:57:14.571782 2173474 net.cpp:408] net_output <- Mconv7_stage1_L1
I0923 17:57:14.571784 2173474 net.cpp:408] net_output <- Mconv7_stage3_L2_Mconv7_stage3_L2_0_split_2
I0923 17:57:14.571785 2173474 net.cpp:382] net_output -> net_output
I0923 17:57:14.571794 2173474 net.cpp:124] Setting up net_output
I0923 17:57:14.571795 2173474 net.cpp:131] Top shape: 1 78 2 2 (312)
I0923 17:57:14.571797 2173474 net.cpp:139] Memory required for data: 1450176
I0923 17:57:14.571798 2173474 net.cpp:202] net_output does not need backward computation.
I0923 17:57:14.571799 2173474 net.cpp:202] Mconv7_stage1_L1 does not need backward computation.
I0923 17:57:14.571801 2173474 net.cpp:202] Mprelu6_stage1_L1 does not need backward computation.
I0923 17:57:14.571802 2173474 net.cpp:202] Mconv6_stage1_L1 does not need backward computation.
I0923 17:57:14.571803 2173474 net.cpp:202] Mconv5_stage1_L1_concat does not need backward computation.
I0923 17:57:14.571805 2173474 net.cpp:202] Mprelu5_stage1_L1_2 does not need backward computation.
I0923 17:57:14.571805 2173474 net.cpp:202] Mconv5_stage1_L1_2 does not need backward computation.
I0923 17:57:14.571807 2173474 net.cpp:202] Mconv5_stage1_L1_1_Mprelu5_stage1_L1_1_0_split does not need backward computation.
I0923 17:57:14.571808 2173474 net.cpp:202] Mprelu5_stage1_L1_1 does not need backward computation.
I0923 17:57:14.571810 2173474 net.cpp:202] Mconv5_stage1_L1_1 does not need backward computation.
I0923 17:57:14.571810 2173474 net.cpp:202] Mconv5_stage1_L1_0_Mprelu5_stage1_L1_0_0_split does not need backward computation.
I0923 17:57:14.571812 2173474 net.cpp:202] Mprelu5_stage1_L1_0 does not need backward computation.
I0923 17:57:14.571813 2173474 net.cpp:202] Mconv5_stage1_L1_0 does not need backward computation.
I0923 17:57:14.571815 2173474 net.cpp:202] Mconv4_stage1_L1_concat does not need backward computation.
I0923 17:57:14.571815 2173474 net.cpp:202] Mprelu4_stage1_L1_2 does not need backward computation.
I0923 17:57:14.571816 2173474 net.cpp:202] Mconv4_stage1_L1_2 does not need backward computation.
I0923 17:57:14.571818 2173474 net.cpp:202] Mconv4_stage1_L1_1_Mprelu4_stage1_L1_1_0_split does not need backward computation.
I0923 17:57:14.571820 2173474 net.cpp:202] Mprelu4_stage1_L1_1 does not need backward computation.
I0923 17:57:14.571820 2173474 net.cpp:202] Mconv4_stage1_L1_1 does not need backward computation.
I0923 17:57:14.571821 2173474 net.cpp:202] Mconv4_stage1_L1_0_Mprelu4_stage1_L1_0_0_split does not need backward computation.
I0923 17:57:14.571822 2173474 net.cpp:202] Mprelu4_stage1_L1_0 does not need backward computation.
I0923 17:57:14.571823 2173474 net.cpp:202] Mconv4_stage1_L1_0 does not need backward computation.
I0923 17:57:14.571825 2173474 net.cpp:202] Mconv3_stage1_L1_concat does not need backward computation.
I0923 17:57:14.571826 2173474 net.cpp:202] Mprelu3_stage1_L1_2 does not need backward computation.
I0923 17:57:14.571827 2173474 net.cpp:202] Mconv3_stage1_L1_2 does not need backward computation.
I0923 17:57:14.571828 2173474 net.cpp:202] Mconv3_stage1_L1_1_Mprelu3_stage1_L1_1_0_split does not need backward computation.
I0923 17:57:14.571830 2173474 net.cpp:202] Mprelu3_stage1_L1_1 does not need backward computation.
I0923 17:57:14.571830 2173474 net.cpp:202] Mconv3_stage1_L1_1 does not need backward computation.
I0923 17:57:14.571831 2173474 net.cpp:202] Mconv3_stage1_L1_0_Mprelu3_stage1_L1_0_0_split does not need backward computation.
I0923 17:57:14.571832 2173474 net.cpp:202] Mprelu3_stage1_L1_0 does not need backward computation.
I0923 17:57:14.571834 2173474 net.cpp:202] Mconv3_stage1_L1_0 does not need backward computation.
I0923 17:57:14.571835 2173474 net.cpp:202] Mconv2_stage1_L1_concat does not need backward computation.
I0923 17:57:14.571836 2173474 net.cpp:202] Mprelu2_stage1_L1_2 does not need backward computation.
I0923 17:57:14.571837 2173474 net.cpp:202] Mconv2_stage1_L1_2 does not need backward computation.
I0923 17:57:14.571838 2173474 net.cpp:202] Mconv2_stage1_L1_1_Mprelu2_stage1_L1_1_0_split does not need backward computation.
I0923 17:57:14.571839 2173474 net.cpp:202] Mprelu2_stage1_L1_1 does not need backward computation.
I0923 17:57:14.571841 2173474 net.cpp:202] Mconv2_stage1_L1_1 does not need backward computation.
I0923 17:57:14.571842 2173474 net.cpp:202] Mconv2_stage1_L1_0_Mprelu2_stage1_L1_0_0_split does not need backward computation.
I0923 17:57:14.571843 2173474 net.cpp:202] Mprelu2_stage1_L1_0 does not need backward computation.
I0923 17:57:14.571846 2173474 net.cpp:202] Mconv2_stage1_L1_0 does not need backward computation.
I0923 17:57:14.571846 2173474 net.cpp:202] Mconv1_stage1_L1_concat does not need backward computation.
I0923 17:57:14.571847 2173474 net.cpp:202] Mprelu1_stage1_L1_2 does not need backward computation.
I0923 17:57:14.571848 2173474 net.cpp:202] Mconv1_stage1_L1_2 does not need backward computation.
I0923 17:57:14.571849 2173474 net.cpp:202] Mconv1_stage1_L1_1_Mprelu1_stage1_L1_1_0_split does not need backward computation.
I0923 17:57:14.571851 2173474 net.cpp:202] Mprelu1_stage1_L1_1 does not need backward computation.
I0923 17:57:14.571851 2173474 net.cpp:202] Mconv1_stage1_L1_1 does not need backward computation.
I0923 17:57:14.571853 2173474 net.cpp:202] Mconv1_stage1_L1_0_Mprelu1_stage1_L1_0_0_split does not need backward computation.
I0923 17:57:14.571854 2173474 net.cpp:202] Mprelu1_stage1_L1_0 does not need backward computation.
I0923 17:57:14.571856 2173474 net.cpp:202] Mconv1_stage1_L1_0 does not need backward computation.
I0923 17:57:14.571856 2173474 net.cpp:202] concat_stage1_L1 does not need backward computation.
I0923 17:57:14.571858 2173474 net.cpp:202] Mconv7_stage0_L1 does not need backward computation.
I0923 17:57:14.571859 2173474 net.cpp:202] Mprelu6_stage0_L1 does not need backward computation.
I0923 17:57:14.571861 2173474 net.cpp:202] Mconv6_stage0_L1 does not need backward computation.
I0923 17:57:14.571861 2173474 net.cpp:202] Mconv5_stage0_L1_concat does not need backward computation.
I0923 17:57:14.571863 2173474 net.cpp:202] Mprelu5_stage0_L1_2 does not need backward computation.
I0923 17:57:14.571864 2173474 net.cpp:202] Mconv5_stage0_L1_2 does not need backward computation.
I0923 17:57:14.571866 2173474 net.cpp:202] Mconv5_stage0_L1_1_Mprelu5_stage0_L1_1_0_split does not need backward computation.
I0923 17:57:14.571867 2173474 net.cpp:202] Mprelu5_stage0_L1_1 does not need backward computation.
I0923 17:57:14.571868 2173474 net.cpp:202] Mconv5_stage0_L1_1 does not need backward computation.
I0923 17:57:14.571869 2173474 net.cpp:202] Mconv5_stage0_L1_0_Mprelu5_stage0_L1_0_0_split does not need backward computation.
I0923 17:57:14.571870 2173474 net.cpp:202] Mprelu5_stage0_L1_0 does not need backward computation.
I0923 17:57:14.571871 2173474 net.cpp:202] Mconv5_stage0_L1_0 does not need backward computation.
I0923 17:57:14.571873 2173474 net.cpp:202] Mconv4_stage0_L1_concat does not need backward computation.
I0923 17:57:14.571874 2173474 net.cpp:202] Mprelu4_stage0_L1_2 does not need backward computation.
I0923 17:57:14.571875 2173474 net.cpp:202] Mconv4_stage0_L1_2 does not need backward computation.
I0923 17:57:14.571877 2173474 net.cpp:202] Mconv4_stage0_L1_1_Mprelu4_stage0_L1_1_0_split does not need backward computation.
I0923 17:57:14.571877 2173474 net.cpp:202] Mprelu4_stage0_L1_1 does not need backward computation.
I0923 17:57:14.571879 2173474 net.cpp:202] Mconv4_stage0_L1_1 does not need backward computation.
I0923 17:57:14.571880 2173474 net.cpp:202] Mconv4_stage0_L1_0_Mprelu4_stage0_L1_0_0_split does not need backward computation.
I0923 17:57:14.571882 2173474 net.cpp:202] Mprelu4_stage0_L1_0 does not need backward computation.
I0923 17:57:14.571882 2173474 net.cpp:202] Mconv4_stage0_L1_0 does not need backward computation.
I0923 17:57:14.571883 2173474 net.cpp:202] Mconv3_stage0_L1_concat does not need backward computation.
I0923 17:57:14.571885 2173474 net.cpp:202] Mprelu3_stage0_L1_2 does not need backward computation.
I0923 17:57:14.571887 2173474 net.cpp:202] Mconv3_stage0_L1_2 does not need backward computation.
I0923 17:57:14.571887 2173474 net.cpp:202] Mconv3_stage0_L1_1_Mprelu3_stage0_L1_1_0_split does not need backward computation.
I0923 17:57:14.571888 2173474 net.cpp:202] Mprelu3_stage0_L1_1 does not need backward computation.
I0923 17:57:14.571889 2173474 net.cpp:202] Mconv3_stage0_L1_1 does not need backward computation.
I0923 17:57:14.571892 2173474 net.cpp:202] Mconv3_stage0_L1_0_Mprelu3_stage0_L1_0_0_split does not need backward computation.
I0923 17:57:14.571892 2173474 net.cpp:202] Mprelu3_stage0_L1_0 does not need backward computation.
I0923 17:57:14.571893 2173474 net.cpp:202] Mconv3_stage0_L1_0 does not need backward computation.
I0923 17:57:14.571894 2173474 net.cpp:202] Mconv2_stage0_L1_concat does not need backward computation.
I0923 17:57:14.571897 2173474 net.cpp:202] Mprelu2_stage0_L1_2 does not need backward computation.
I0923 17:57:14.571897 2173474 net.cpp:202] Mconv2_stage0_L1_2 does not need backward computation.
I0923 17:57:14.571898 2173474 net.cpp:202] Mconv2_stage0_L1_1_Mprelu2_stage0_L1_1_0_split does not need backward computation.
I0923 17:57:14.571900 2173474 net.cpp:202] Mprelu2_stage0_L1_1 does not need backward computation.
I0923 17:57:14.571902 2173474 net.cpp:202] Mconv2_stage0_L1_1 does not need backward computation.
I0923 17:57:14.571902 2173474 net.cpp:202] Mconv2_stage0_L1_0_Mprelu2_stage0_L1_0_0_split does not need backward computation.
I0923 17:57:14.571903 2173474 net.cpp:202] Mprelu2_stage0_L1_0 does not need backward computation.
I0923 17:57:14.571904 2173474 net.cpp:202] Mconv2_stage0_L1_0 does not need backward computation.
I0923 17:57:14.571906 2173474 net.cpp:202] Mconv1_stage0_L1_concat does not need backward computation.
I0923 17:57:14.571907 2173474 net.cpp:202] Mprelu1_stage0_L1_2 does not need backward computation.
I0923 17:57:14.571908 2173474 net.cpp:202] Mconv1_stage0_L1_2 does not need backward computation.
I0923 17:57:14.571910 2173474 net.cpp:202] Mconv1_stage0_L1_1_Mprelu1_stage0_L1_1_0_split does not need backward computation.
I0923 17:57:14.571911 2173474 net.cpp:202] Mprelu1_stage0_L1_1 does not need backward computation.
I0923 17:57:14.571913 2173474 net.cpp:202] Mconv1_stage0_L1_1 does not need backward computation.
I0923 17:57:14.571913 2173474 net.cpp:202] Mconv1_stage0_L1_0_Mprelu1_stage0_L1_0_0_split does not need backward computation.
I0923 17:57:14.571914 2173474 net.cpp:202] Mprelu1_stage0_L1_0 does not need backward computation.
I0923 17:57:14.571915 2173474 net.cpp:202] Mconv1_stage0_L1_0 does not need backward computation.
I0923 17:57:14.571916 2173474 net.cpp:202] concat_stage0_L1 does not need backward computation.
I0923 17:57:14.571918 2173474 net.cpp:202] Mconv7_stage3_L2_Mconv7_stage3_L2_0_split does not need backward computation.
I0923 17:57:14.571920 2173474 net.cpp:202] Mconv7_stage3_L2 does not need backward computation.
I0923 17:57:14.571921 2173474 net.cpp:202] Mprelu6_stage3_L2 does not need backward computation.
I0923 17:57:14.571923 2173474 net.cpp:202] Mconv6_stage3_L2 does not need backward computation.
I0923 17:57:14.571923 2173474 net.cpp:202] Mconv5_stage3_L2_concat does not need backward computation.
I0923 17:57:14.571925 2173474 net.cpp:202] Mprelu5_stage3_L2_2 does not need backward computation.
I0923 17:57:14.571926 2173474 net.cpp:202] Mconv5_stage3_L2_2 does not need backward computation.
I0923 17:57:14.571928 2173474 net.cpp:202] Mconv5_stage3_L2_1_Mprelu5_stage3_L2_1_0_split does not need backward computation.
I0923 17:57:14.571928 2173474 net.cpp:202] Mprelu5_stage3_L2_1 does not need backward computation.
I0923 17:57:14.571929 2173474 net.cpp:202] Mconv5_stage3_L2_1 does not need backward computation.
I0923 17:57:14.571931 2173474 net.cpp:202] Mconv5_stage3_L2_0_Mprelu5_stage3_L2_0_0_split does not need backward computation.
I0923 17:57:14.571933 2173474 net.cpp:202] Mprelu5_stage3_L2_0 does not need backward computation.
I0923 17:57:14.571933 2173474 net.cpp:202] Mconv5_stage3_L2_0 does not need backward computation.
I0923 17:57:14.571934 2173474 net.cpp:202] Mconv4_stage3_L2_concat does not need backward computation.
I0923 17:57:14.571936 2173474 net.cpp:202] Mprelu4_stage3_L2_2 does not need backward computation.
I0923 17:57:14.571938 2173474 net.cpp:202] Mconv4_stage3_L2_2 does not need backward computation.
I0923 17:57:14.571938 2173474 net.cpp:202] Mconv4_stage3_L2_1_Mprelu4_stage3_L2_1_0_split does not need backward computation.
I0923 17:57:14.571940 2173474 net.cpp:202] Mprelu4_stage3_L2_1 does not need backward computation.
I0923 17:57:14.571941 2173474 net.cpp:202] Mconv4_stage3_L2_1 does not need backward computation.
I0923 17:57:14.571943 2173474 net.cpp:202] Mconv4_stage3_L2_0_Mprelu4_stage3_L2_0_0_split does not need backward computation.
I0923 17:57:14.571944 2173474 net.cpp:202] Mprelu4_stage3_L2_0 does not need backward computation.
I0923 17:57:14.571945 2173474 net.cpp:202] Mconv4_stage3_L2_0 does not need backward computation.
I0923 17:57:14.571946 2173474 net.cpp:202] Mconv3_stage3_L2_concat does not need backward computation.
I0923 17:57:14.571949 2173474 net.cpp:202] Mprelu3_stage3_L2_2 does not need backward computation.
I0923 17:57:14.571949 2173474 net.cpp:202] Mconv3_stage3_L2_2 does not need backward computation.
I0923 17:57:14.571951 2173474 net.cpp:202] Mconv3_stage3_L2_1_Mprelu3_stage3_L2_1_0_split does not need backward computation.
I0923 17:57:14.571952 2173474 net.cpp:202] Mprelu3_stage3_L2_1 does not need backward computation.
I0923 17:57:14.571954 2173474 net.cpp:202] Mconv3_stage3_L2_1 does not need backward computation.
I0923 17:57:14.571954 2173474 net.cpp:202] Mconv3_stage3_L2_0_Mprelu3_stage3_L2_0_0_split does not need backward computation.
I0923 17:57:14.571956 2173474 net.cpp:202] Mprelu3_stage3_L2_0 does not need backward computation.
I0923 17:57:14.571957 2173474 net.cpp:202] Mconv3_stage3_L2_0 does not need backward computation.
I0923 17:57:14.571959 2173474 net.cpp:202] Mconv2_stage3_L2_concat does not need backward computation.
I0923 17:57:14.571960 2173474 net.cpp:202] Mprelu2_stage3_L2_2 does not need backward computation.
I0923 17:57:14.571961 2173474 net.cpp:202] Mconv2_stage3_L2_2 does not need backward computation.
I0923 17:57:14.571962 2173474 net.cpp:202] Mconv2_stage3_L2_1_Mprelu2_stage3_L2_1_0_split does not need backward computation.
I0923 17:57:14.571964 2173474 net.cpp:202] Mprelu2_stage3_L2_1 does not need backward computation.
I0923 17:57:14.571965 2173474 net.cpp:202] Mconv2_stage3_L2_1 does not need backward computation.
I0923 17:57:14.571966 2173474 net.cpp:202] Mconv2_stage3_L2_0_Mprelu2_stage3_L2_0_0_split does not need backward computation.
I0923 17:57:14.571967 2173474 net.cpp:202] Mprelu2_stage3_L2_0 does not need backward computation.
I0923 17:57:14.571969 2173474 net.cpp:202] Mconv2_stage3_L2_0 does not need backward computation.
I0923 17:57:14.571970 2173474 net.cpp:202] Mconv1_stage3_L2_concat does not need backward computation.
I0923 17:57:14.571971 2173474 net.cpp:202] Mprelu1_stage3_L2_2 does not need backward computation.
I0923 17:57:14.571972 2173474 net.cpp:202] Mconv1_stage3_L2_2 does not need backward computation.
I0923 17:57:14.571974 2173474 net.cpp:202] Mconv1_stage3_L2_1_Mprelu1_stage3_L2_1_0_split does not need backward computation.
I0923 17:57:14.571975 2173474 net.cpp:202] Mprelu1_stage3_L2_1 does not need backward computation.
I0923 17:57:14.571976 2173474 net.cpp:202] Mconv1_stage3_L2_1 does not need backward computation.
I0923 17:57:14.571978 2173474 net.cpp:202] Mconv1_stage3_L2_0_Mprelu1_stage3_L2_0_0_split does not need backward computation.
I0923 17:57:14.571979 2173474 net.cpp:202] Mprelu1_stage3_L2_0 does not need backward computation.
I0923 17:57:14.571980 2173474 net.cpp:202] Mconv1_stage3_L2_0 does not need backward computation.
I0923 17:57:14.571982 2173474 net.cpp:202] concat_stage3_L2 does not need backward computation.
I0923 17:57:14.571983 2173474 net.cpp:202] Mconv7_stage2_L2 does not need backward computation.
I0923 17:57:14.571985 2173474 net.cpp:202] Mprelu6_stage2_L2 does not need backward computation.
I0923 17:57:14.571986 2173474 net.cpp:202] Mconv6_stage2_L2 does not need backward computation.
I0923 17:57:14.571987 2173474 net.cpp:202] Mconv5_stage2_L2_concat does not need backward computation.
I0923 17:57:14.571988 2173474 net.cpp:202] Mprelu5_stage2_L2_2 does not need backward computation.
I0923 17:57:14.571990 2173474 net.cpp:202] Mconv5_stage2_L2_2 does not need backward computation.
I0923 17:57:14.571992 2173474 net.cpp:202] Mconv5_stage2_L2_1_Mprelu5_stage2_L2_1_0_split does not need backward computation.
I0923 17:57:14.571993 2173474 net.cpp:202] Mprelu5_stage2_L2_1 does not need backward computation.
I0923 17:57:14.571995 2173474 net.cpp:202] Mconv5_stage2_L2_1 does not need backward computation.
I0923 17:57:14.571996 2173474 net.cpp:202] Mconv5_stage2_L2_0_Mprelu5_stage2_L2_0_0_split does not need backward computation.
I0923 17:57:14.571997 2173474 net.cpp:202] Mprelu5_stage2_L2_0 does not need backward computation.
I0923 17:57:14.571998 2173474 net.cpp:202] Mconv5_stage2_L2_0 does not need backward computation.
I0923 17:57:14.572000 2173474 net.cpp:202] Mconv4_stage2_L2_concat does not need backward computation.
I0923 17:57:14.572001 2173474 net.cpp:202] Mprelu4_stage2_L2_2 does not need backward computation.
I0923 17:57:14.572003 2173474 net.cpp:202] Mconv4_stage2_L2_2 does not need backward computation.
I0923 17:57:14.572005 2173474 net.cpp:202] Mconv4_stage2_L2_1_Mprelu4_stage2_L2_1_0_split does not need backward computation.
I0923 17:57:14.572005 2173474 net.cpp:202] Mprelu4_stage2_L2_1 does not need backward computation.
I0923 17:57:14.572007 2173474 net.cpp:202] Mconv4_stage2_L2_1 does not need backward computation.
I0923 17:57:14.572008 2173474 net.cpp:202] Mconv4_stage2_L2_0_Mprelu4_stage2_L2_0_0_split does not need backward computation.
I0923 17:57:14.572010 2173474 net.cpp:202] Mprelu4_stage2_L2_0 does not need backward computation.
I0923 17:57:14.572011 2173474 net.cpp:202] Mconv4_stage2_L2_0 does not need backward computation.
I0923 17:57:14.572012 2173474 net.cpp:202] Mconv3_stage2_L2_concat does not need backward computation.
I0923 17:57:14.572014 2173474 net.cpp:202] Mprelu3_stage2_L2_2 does not need backward computation.
I0923 17:57:14.572016 2173474 net.cpp:202] Mconv3_stage2_L2_2 does not need backward computation.
I0923 17:57:14.572017 2173474 net.cpp:202] Mconv3_stage2_L2_1_Mprelu3_stage2_L2_1_0_split does not need backward computation.
I0923 17:57:14.572018 2173474 net.cpp:202] Mprelu3_stage2_L2_1 does not need backward computation.
I0923 17:57:14.572021 2173474 net.cpp:202] Mconv3_stage2_L2_1 does not need backward computation.
I0923 17:57:14.572021 2173474 net.cpp:202] Mconv3_stage2_L2_0_Mprelu3_stage2_L2_0_0_split does not need backward computation.
I0923 17:57:14.572022 2173474 net.cpp:202] Mprelu3_stage2_L2_0 does not need backward computation.
I0923 17:57:14.572024 2173474 net.cpp:202] Mconv3_stage2_L2_0 does not need backward computation.
I0923 17:57:14.572026 2173474 net.cpp:202] Mconv2_stage2_L2_concat does not need backward computation.
I0923 17:57:14.572027 2173474 net.cpp:202] Mprelu2_stage2_L2_2 does not need backward computation.
I0923 17:57:14.572028 2173474 net.cpp:202] Mconv2_stage2_L2_2 does not need backward computation.
I0923 17:57:14.572031 2173474 net.cpp:202] Mconv2_stage2_L2_1_Mprelu2_stage2_L2_1_0_split does not need backward computation.
I0923 17:57:14.572031 2173474 net.cpp:202] Mprelu2_stage2_L2_1 does not need backward computation.
I0923 17:57:14.572032 2173474 net.cpp:202] Mconv2_stage2_L2_1 does not need backward computation.
I0923 17:57:14.572034 2173474 net.cpp:202] Mconv2_stage2_L2_0_Mprelu2_stage2_L2_0_0_split does not need backward computation.
I0923 17:57:14.572036 2173474 net.cpp:202] Mprelu2_stage2_L2_0 does not need backward computation.
I0923 17:57:14.572036 2173474 net.cpp:202] Mconv2_stage2_L2_0 does not need backward computation.
I0923 17:57:14.572038 2173474 net.cpp:202] Mconv1_stage2_L2_concat does not need backward computation.
I0923 17:57:14.572039 2173474 net.cpp:202] Mprelu1_stage2_L2_2 does not need backward computation.
I0923 17:57:14.572041 2173474 net.cpp:202] Mconv1_stage2_L2_2 does not need backward computation.
I0923 17:57:14.572042 2173474 net.cpp:202] Mconv1_stage2_L2_1_Mprelu1_stage2_L2_1_0_split does not need backward computation.
I0923 17:57:14.572044 2173474 net.cpp:202] Mprelu1_stage2_L2_1 does not need backward computation.
I0923 17:57:14.572045 2173474 net.cpp:202] Mconv1_stage2_L2_1 does not need backward computation.
I0923 17:57:14.572047 2173474 net.cpp:202] Mconv1_stage2_L2_0_Mprelu1_stage2_L2_0_0_split does not need backward computation.
I0923 17:57:14.572049 2173474 net.cpp:202] Mprelu1_stage2_L2_0 does not need backward computation.
I0923 17:57:14.572050 2173474 net.cpp:202] Mconv1_stage2_L2_0 does not need backward computation.
I0923 17:57:14.572052 2173474 net.cpp:202] concat_stage2_L2 does not need backward computation.
I0923 17:57:14.572053 2173474 net.cpp:202] Mconv7_stage1_L2 does not need backward computation.
I0923 17:57:14.572054 2173474 net.cpp:202] Mprelu6_stage1_L2 does not need backward computation.
I0923 17:57:14.572057 2173474 net.cpp:202] Mconv6_stage1_L2 does not need backward computation.
I0923 17:57:14.572057 2173474 net.cpp:202] Mconv5_stage1_L2_concat does not need backward computation.
I0923 17:57:14.572059 2173474 net.cpp:202] Mprelu5_stage1_L2_2 does not need backward computation.
I0923 17:57:14.572060 2173474 net.cpp:202] Mconv5_stage1_L2_2 does not need backward computation.
I0923 17:57:14.572062 2173474 net.cpp:202] Mconv5_stage1_L2_1_Mprelu5_stage1_L2_1_0_split does not need backward computation.
I0923 17:57:14.572063 2173474 net.cpp:202] Mprelu5_stage1_L2_1 does not need backward computation.
I0923 17:57:14.572065 2173474 net.cpp:202] Mconv5_stage1_L2_1 does not need backward computation.
I0923 17:57:14.572067 2173474 net.cpp:202] Mconv5_stage1_L2_0_Mprelu5_stage1_L2_0_0_split does not need backward computation.
I0923 17:57:14.572068 2173474 net.cpp:202] Mprelu5_stage1_L2_0 does not need backward computation.
I0923 17:57:14.572069 2173474 net.cpp:202] Mconv5_stage1_L2_0 does not need backward computation.
I0923 17:57:14.572072 2173474 net.cpp:202] Mconv4_stage1_L2_concat does not need backward computation.
I0923 17:57:14.572072 2173474 net.cpp:202] Mprelu4_stage1_L2_2 does not need backward computation.
I0923 17:57:14.572074 2173474 net.cpp:202] Mconv4_stage1_L2_2 does not need backward computation.
I0923 17:57:14.572075 2173474 net.cpp:202] Mconv4_stage1_L2_1_Mprelu4_stage1_L2_1_0_split does not need backward computation.
I0923 17:57:14.572077 2173474 net.cpp:202] Mprelu4_stage1_L2_1 does not need backward computation.
I0923 17:57:14.572078 2173474 net.cpp:202] Mconv4_stage1_L2_1 does not need backward computation.
I0923 17:57:14.572080 2173474 net.cpp:202] Mconv4_stage1_L2_0_Mprelu4_stage1_L2_0_0_split does not need backward computation.
I0923 17:57:14.572081 2173474 net.cpp:202] Mprelu4_stage1_L2_0 does not need backward computation.
I0923 17:57:14.572082 2173474 net.cpp:202] Mconv4_stage1_L2_0 does not need backward computation.
I0923 17:57:14.572084 2173474 net.cpp:202] Mconv3_stage1_L2_concat does not need backward computation.
I0923 17:57:14.572085 2173474 net.cpp:202] Mprelu3_stage1_L2_2 does not need backward computation.
I0923 17:57:14.572088 2173474 net.cpp:202] Mconv3_stage1_L2_2 does not need backward computation.
I0923 17:57:14.572088 2173474 net.cpp:202] Mconv3_stage1_L2_1_Mprelu3_stage1_L2_1_0_split does not need backward computation.
I0923 17:57:14.572090 2173474 net.cpp:202] Mprelu3_stage1_L2_1 does not need backward computation.
I0923 17:57:14.572091 2173474 net.cpp:202] Mconv3_stage1_L2_1 does not need backward computation.
I0923 17:57:14.572093 2173474 net.cpp:202] Mconv3_stage1_L2_0_Mprelu3_stage1_L2_0_0_split does not need backward computation.
I0923 17:57:14.572094 2173474 net.cpp:202] Mprelu3_stage1_L2_0 does not need backward computation.
I0923 17:57:14.572096 2173474 net.cpp:202] Mconv3_stage1_L2_0 does not need backward computation.
I0923 17:57:14.572098 2173474 net.cpp:202] Mconv2_stage1_L2_concat does not need backward computation.
I0923 17:57:14.572099 2173474 net.cpp:202] Mprelu2_stage1_L2_2 does not need backward computation.
I0923 17:57:14.572100 2173474 net.cpp:202] Mconv2_stage1_L2_2 does not need backward computation.
I0923 17:57:14.572101 2173474 net.cpp:202] Mconv2_stage1_L2_1_Mprelu2_stage1_L2_1_0_split does not need backward computation.
I0923 17:57:14.572103 2173474 net.cpp:202] Mprelu2_stage1_L2_1 does not need backward computation.
I0923 17:57:14.572104 2173474 net.cpp:202] Mconv2_stage1_L2_1 does not need backward computation.
I0923 17:57:14.572106 2173474 net.cpp:202] Mconv2_stage1_L2_0_Mprelu2_stage1_L2_0_0_split does not need backward computation.
I0923 17:57:14.572108 2173474 net.cpp:202] Mprelu2_stage1_L2_0 does not need backward computation.
I0923 17:57:14.572109 2173474 net.cpp:202] Mconv2_stage1_L2_0 does not need backward computation.
I0923 17:57:14.572110 2173474 net.cpp:202] Mconv1_stage1_L2_concat does not need backward computation.
I0923 17:57:14.572113 2173474 net.cpp:202] Mprelu1_stage1_L2_2 does not need backward computation.
I0923 17:57:14.572113 2173474 net.cpp:202] Mconv1_stage1_L2_2 does not need backward computation.
I0923 17:57:14.572114 2173474 net.cpp:202] Mconv1_stage1_L2_1_Mprelu1_stage1_L2_1_0_split does not need backward computation.
I0923 17:57:14.572116 2173474 net.cpp:202] Mprelu1_stage1_L2_1 does not need backward computation.
I0923 17:57:14.572117 2173474 net.cpp:202] Mconv1_stage1_L2_1 does not need backward computation.
I0923 17:57:14.572119 2173474 net.cpp:202] Mconv1_stage1_L2_0_Mprelu1_stage1_L2_0_0_split does not need backward computation.
I0923 17:57:14.572120 2173474 net.cpp:202] Mprelu1_stage1_L2_0 does not need backward computation.
I0923 17:57:14.572121 2173474 net.cpp:202] Mconv1_stage1_L2_0 does not need backward computation.
I0923 17:57:14.572124 2173474 net.cpp:202] concat_stage1_L2 does not need backward computation.
I0923 17:57:14.572125 2173474 net.cpp:202] Mconv7_stage0_L2 does not need backward computation.
I0923 17:57:14.572126 2173474 net.cpp:202] Mprelu6_stage0_L2 does not need backward computation.
I0923 17:57:14.572129 2173474 net.cpp:202] Mconv6_stage0_L2 does not need backward computation.
I0923 17:57:14.572129 2173474 net.cpp:202] Mconv5_stage0_L2_concat does not need backward computation.
I0923 17:57:14.572131 2173474 net.cpp:202] Mprelu5_stage0_L2_2 does not need backward computation.
I0923 17:57:14.572132 2173474 net.cpp:202] Mconv5_stage0_L2_2 does not need backward computation.
I0923 17:57:14.572134 2173474 net.cpp:202] Mconv5_stage0_L2_1_Mprelu5_stage0_L2_1_0_split does not need backward computation.
I0923 17:57:14.572135 2173474 net.cpp:202] Mprelu5_stage0_L2_1 does not need backward computation.
I0923 17:57:14.572136 2173474 net.cpp:202] Mconv5_stage0_L2_1 does not need backward computation.
I0923 17:57:14.572139 2173474 net.cpp:202] Mconv5_stage0_L2_0_Mprelu5_stage0_L2_0_0_split does not need backward computation.
I0923 17:57:14.572139 2173474 net.cpp:202] Mprelu5_stage0_L2_0 does not need backward computation.
I0923 17:57:14.572140 2173474 net.cpp:202] Mconv5_stage0_L2_0 does not need backward computation.
I0923 17:57:14.572142 2173474 net.cpp:202] Mconv4_stage0_L2_concat does not need backward computation.
I0923 17:57:14.572144 2173474 net.cpp:202] Mprelu4_stage0_L2_2 does not need backward computation.
I0923 17:57:14.572145 2173474 net.cpp:202] Mconv4_stage0_L2_2 does not need backward computation.
I0923 17:57:14.572146 2173474 net.cpp:202] Mconv4_stage0_L2_1_Mprelu4_stage0_L2_1_0_split does not need backward computation.
I0923 17:57:14.572148 2173474 net.cpp:202] Mprelu4_stage0_L2_1 does not need backward computation.
I0923 17:57:14.572149 2173474 net.cpp:202] Mconv4_stage0_L2_1 does not need backward computation.
I0923 17:57:14.572150 2173474 net.cpp:202] Mconv4_stage0_L2_0_Mprelu4_stage0_L2_0_0_split does not need backward computation.
I0923 17:57:14.572152 2173474 net.cpp:202] Mprelu4_stage0_L2_0 does not need backward computation.
I0923 17:57:14.572153 2173474 net.cpp:202] Mconv4_stage0_L2_0 does not need backward computation.
I0923 17:57:14.572155 2173474 net.cpp:202] Mconv3_stage0_L2_concat does not need backward computation.
I0923 17:57:14.572156 2173474 net.cpp:202] Mprelu3_stage0_L2_2 does not need backward computation.
I0923 17:57:14.572158 2173474 net.cpp:202] Mconv3_stage0_L2_2 does not need backward computation.
I0923 17:57:14.572160 2173474 net.cpp:202] Mconv3_stage0_L2_1_Mprelu3_stage0_L2_1_0_split does not need backward computation.
I0923 17:57:14.572161 2173474 net.cpp:202] Mprelu3_stage0_L2_1 does not need backward computation.
I0923 17:57:14.572162 2173474 net.cpp:202] Mconv3_stage0_L2_1 does not need backward computation.
I0923 17:57:14.572165 2173474 net.cpp:202] Mconv3_stage0_L2_0_Mprelu3_stage0_L2_0_0_split does not need backward computation.
I0923 17:57:14.572165 2173474 net.cpp:202] Mprelu3_stage0_L2_0 does not need backward computation.
I0923 17:57:14.572166 2173474 net.cpp:202] Mconv3_stage0_L2_0 does not need backward computation.
I0923 17:57:14.572168 2173474 net.cpp:202] Mconv2_stage0_L2_concat does not need backward computation.
I0923 17:57:14.572170 2173474 net.cpp:202] Mprelu2_stage0_L2_2 does not need backward computation.
I0923 17:57:14.572171 2173474 net.cpp:202] Mconv2_stage0_L2_2 does not need backward computation.
I0923 17:57:14.572173 2173474 net.cpp:202] Mconv2_stage0_L2_1_Mprelu2_stage0_L2_1_0_split does not need backward computation.
I0923 17:57:14.572175 2173474 net.cpp:202] Mprelu2_stage0_L2_1 does not need backward computation.
I0923 17:57:14.572175 2173474 net.cpp:202] Mconv2_stage0_L2_1 does not need backward computation.
I0923 17:57:14.572177 2173474 net.cpp:202] Mconv2_stage0_L2_0_Mprelu2_stage0_L2_0_0_split does not need backward computation.
I0923 17:57:14.572178 2173474 net.cpp:202] Mprelu2_stage0_L2_0 does not need backward computation.
I0923 17:57:14.572180 2173474 net.cpp:202] Mconv2_stage0_L2_0 does not need backward computation.
I0923 17:57:14.572181 2173474 net.cpp:202] Mconv1_stage0_L2_concat does not need backward computation.
I0923 17:57:14.572183 2173474 net.cpp:202] Mprelu1_stage0_L2_2 does not need backward computation.
I0923 17:57:14.572185 2173474 net.cpp:202] Mconv1_stage0_L2_2 does not need backward computation.
I0923 17:57:14.572186 2173474 net.cpp:202] Mconv1_stage0_L2_1_Mprelu1_stage0_L2_1_0_split does not need backward computation.
I0923 17:57:14.572188 2173474 net.cpp:202] Mprelu1_stage0_L2_1 does not need backward computation.
I0923 17:57:14.572189 2173474 net.cpp:202] Mconv1_stage0_L2_1 does not need backward computation.
I0923 17:57:14.572191 2173474 net.cpp:202] Mconv1_stage0_L2_0_Mprelu1_stage0_L2_0_0_split does not need backward computation.
I0923 17:57:14.572192 2173474 net.cpp:202] Mprelu1_stage0_L2_0 does not need backward computation.
I0923 17:57:14.572194 2173474 net.cpp:202] Mconv1_stage0_L2_0 does not need backward computation.
I0923 17:57:14.572196 2173474 net.cpp:202] conv4_4_CPM_prelu4_4_CPM_0_split does not need backward computation.
I0923 17:57:14.572197 2173474 net.cpp:202] prelu4_4_CPM does not need backward computation.
I0923 17:57:14.572198 2173474 net.cpp:202] conv4_4_CPM does not need backward computation.
I0923 17:57:14.572201 2173474 net.cpp:202] prelu4_3_CPM does not need backward computation.
I0923 17:57:14.572201 2173474 net.cpp:202] conv4_3_CPM does not need backward computation.
I0923 17:57:14.572202 2173474 net.cpp:202] prelu4_2 does not need backward computation.
I0923 17:57:14.572204 2173474 net.cpp:202] conv4_2 does not need backward computation.
I0923 17:57:14.572206 2173474 net.cpp:202] relu4_1 does not need backward computation.
I0923 17:57:14.572206 2173474 net.cpp:202] conv4_1 does not need backward computation.
I0923 17:57:14.572208 2173474 net.cpp:202] pool3_stage1 does not need backward computation.
I0923 17:57:14.572209 2173474 net.cpp:202] relu3_4 does not need backward computation.
I0923 17:57:14.572211 2173474 net.cpp:202] conv3_4 does not need backward computation.
I0923 17:57:14.572212 2173474 net.cpp:202] relu3_3 does not need backward computation.
I0923 17:57:14.572213 2173474 net.cpp:202] conv3_3 does not need backward computation.
I0923 17:57:14.572214 2173474 net.cpp:202] relu3_2 does not need backward computation.
I0923 17:57:14.572216 2173474 net.cpp:202] conv3_2 does not need backward computation.
I0923 17:57:14.572217 2173474 net.cpp:202] relu3_1 does not need backward computation.
I0923 17:57:14.572218 2173474 net.cpp:202] conv3_1 does not need backward computation.
I0923 17:57:14.572220 2173474 net.cpp:202] pool2_stage1 does not need backward computation.
I0923 17:57:14.572221 2173474 net.cpp:202] relu2_2 does not need backward computation.
I0923 17:57:14.572222 2173474 net.cpp:202] conv2_2 does not need backward computation.
I0923 17:57:14.572224 2173474 net.cpp:202] relu2_1 does not need backward computation.
I0923 17:57:14.572225 2173474 net.cpp:202] conv2_1 does not need backward computation.
I0923 17:57:14.572227 2173474 net.cpp:202] pool1_stage1 does not need backward computation.
I0923 17:57:14.572228 2173474 net.cpp:202] relu1_2 does not need backward computation.
I0923 17:57:14.572229 2173474 net.cpp:202] conv1_2 does not need backward computation.
I0923 17:57:14.572232 2173474 net.cpp:202] relu1_1 does not need backward computation.
I0923 17:57:14.572232 2173474 net.cpp:202] conv1_1 does not need backward computation.
I0923 17:57:14.572233 2173474 net.cpp:202] input does not need backward computation.
I0923 17:57:14.572234 2173474 net.cpp:244] This network produces output net_output
I0923 17:57:14.572304 2173474 net.cpp:257] Network initialization done.
I0923 17:57:14.633843 2173474 net.cpp:746] Ignoring source layer image
I0923 17:57:14.633855 2173474 net.cpp:746] Ignoring source layer vec_weight
I0923 17:57:14.633857 2173474 net.cpp:746] Ignoring source layer vec_weight_vec_weight_0_split
I0923 17:57:14.633857 2173474 net.cpp:746] Ignoring source layer heat_weight_vec_weight_1_split
I0923 17:57:14.633858 2173474 net.cpp:746] Ignoring source layer label_heat
I0923 17:57:14.633859 2173474 net.cpp:746] Ignoring source layer label_heat_label_heat_0_split
I0923 17:57:14.633860 2173474 net.cpp:746] Ignoring source layer label_vec
I0923 17:57:14.633862 2173474 net.cpp:746] Ignoring source layer label_vec_label_vec_0_split
I0923 17:57:14.635995 2173474 net.cpp:746] Ignoring source layer Mconv7_stage0_L2_Mconv7_stage0_L2_0_split
I0923 17:57:14.636000 2173474 net.cpp:746] Ignoring source layer weight_stage0_L2
I0923 17:57:14.636003 2173474 net.cpp:746] Ignoring source layer loss_stage0_L2
I0923 17:57:14.636865 2173474 net.cpp:746] Ignoring source layer Mconv7_stage1_L2_Mconv7_stage1_L2_0_split
I0923 17:57:14.636870 2173474 net.cpp:746] Ignoring source layer weight_stage1_L2
I0923 17:57:14.636871 2173474 net.cpp:746] Ignoring source layer loss_stage1_L2
I0923 17:57:14.637708 2173474 net.cpp:746] Ignoring source layer Mconv7_stage2_L2_Mconv7_stage2_L2_0_split
I0923 17:57:14.637712 2173474 net.cpp:746] Ignoring source layer weight_stage2_L2
I0923 17:57:14.637713 2173474 net.cpp:746] Ignoring source layer loss_stage2_L2
I0923 17:57:14.638558 2173474 net.cpp:746] Ignoring source layer weight_stage3_L2
I0923 17:57:14.638562 2173474 net.cpp:746] Ignoring source layer loss_stage3_L2
I0923 17:57:14.639021 2173474 net.cpp:746] Ignoring source layer Mconv7_stage0_L1_Mconv7_stage0_L1_0_split
I0923 17:57:14.639024 2173474 net.cpp:746] Ignoring source layer weight_stage0_L1
I0923 17:57:14.639025 2173474 net.cpp:746] Ignoring source layer loss_stage0_L1
I0923 17:57:14.639844 2173474 net.cpp:746] Ignoring source layer weight_stage1_L1
I0923 17:57:14.639847 2173474 net.cpp:746] Ignoring source layer loss_stage1_L1
I0923 17:57:14.642954 2173474 upgrade_proto.cpp:69] Attempting to upgrade input file specified using deprecated input fields: /opt/openpose/models/face/pose_deploy.prototxt
I0923 17:57:14.642962 2173474 upgrade_proto.cpp:72] Successfully upgraded file specified using deprecated input fields.
W0923 17:57:14.642963 2173474 upgrade_proto.cpp:74] Note that future Caffe releases will only support input layers and not input fields.
I0923 17:57:14.643016 2173474 net.cpp:53] Initializing net from parameters: 
state {
  phase: TEST
  level: 0
}
layer {
  name: "input"
  type: "Input"
  top: "image"
  input_param {
    shape {
      dim: 1
      dim: 3
      dim: 1
      dim: 1
    }
  }
}
layer {
  name: "conv1_1"
  type: "Convolution"
  bottom: "image"
  top: "conv1_1"
  param {
    lr_mult: 1
    decay_mult: 1
  }
  param {
    lr_mult: 2
    decay_mult: 0
  }
  convolution_param {
    num_output: 64
    pad: 1
    kernel_size: 3
    weight_filler {
      type: "gaussian"
      std: 0.01
    }
    bias_filler {
      type: "constant"
    }
  }
}
layer {
  name: "conv1_1_re"
  type: "ReLU"
  bottom: "conv1_1"
  top: "conv1_1"
}
layer {
  name: "conv1_2"
  type: "Convolution"
  bottom: "conv1_1"
  top: "conv1_2"
  param {
    lr_mult: 1
    decay_mult: 1
  }
  param {
    lr_mult: 2
    decay_mult: 0
  }
  convolution_param {
    num_output: 64
    pad: 1
    kernel_size: 3
    weight_filler {
      type: "gaussian"
      std: 0.01
    }
    bias_filler {
      type: "constant"
    }
  }
}
layer {
  name: "conv1_2_re"
  type: "ReLU"
  bottom: "conv1_2"
  top: "conv1_2"
}
layer {
  name: "pool1"
  type: "Pooling"
  bottom: "conv1_2"
  top: "pool1"
  pooling_param {
    pool: MAX
    kernel_size: 2
    stride: 2
  }
}
layer {
  name: "conv2_1"
  type: "Convolution"
  bottom: "pool1"
  top: "conv2_1"
  param {
    lr_mult: 1
    decay_mult: 1
  }
  param {
    lr_mult: 2
    decay_mult: 0
  }
  convolution_param {
    num_output: 128
    pad: 1
    kernel_size: 3
    weight_filler {
      type: "gaussian"
      std: 0.01
    }
    bias_filler {
      type: "constant"
    }
  }
}
layer {
  name: "conv2_1_re"
  type: "ReLU"
  bottom: "conv2_1"
  top: "conv2_1"
}
layer {
  name: "conv2_2"
  type: "Convolution"
  bottom: "conv2_1"
  top: "conv2_2"
  param {
    lr_mult: 1
    decay_mult: 1
  }
  param {
    lr_mult: 2
    decay_mult: 0
  }
  convolution_param {
    num_output: 128
    pad: 1
    kernel_size: 3
    weight_filler {
      type: "gaussian"
      std: 0.01
    }
    bias_filler {
      type: "constant"
    }
  }
}
layer {
  name: "conv2_2_re"
  type: "ReLU"
  bottom: "conv2_2"
  top: "conv2_2"
}
layer {
  name: "pool2"
  type: "Pooling"
  bottom: "conv2_2"
  top: "pool2"
  pooling_param {
    pool: MAX
    kernel_size: 2
    stride: 2
  }
}
layer {
  name: "conv3_1"
  type: "Convolution"
  bottom: "pool2"
  top: "conv3_1"
  param {
    lr_mult: 1
    decay_mult: 1
  }
  param {
    lr_mult: 2
    decay_mult: 0
  }
  convolution_param {
    num_output: 256
    pad: 1
    kernel_size: 3
    weight_filler {
      type: "gaussian"
      std: 0.01
    }
    bias_filler {
      type: "constant"
    }
  }
}
layer {
  name: "conv3_1_re"
  type: "ReLU"
  bottom: "conv3_1"
  top: "conv3_1"
}
layer {
  name: "conv3_2"
  type: "Convolution"
  bottom: "conv3_1"
  top: "conv3_2"
  param {
    lr_mult: 1
    decay_mult: 1
  }
  param {
    lr_mult: 2
    decay_mult: 0
  }
  convolution_param {
    num_output: 256
    pad: 1
    kernel_size: 3
    weight_filler {
      type: "gaussian"
      std: 0.01
    }
    bias_filler {
      type: "constant"
    }
  }
}
layer {
  name: "conv3_2_re"
  type: "ReLU"
  bottom: "conv3_2"
  top: "conv3_2"
}
layer {
  name: "conv3_3"
  type: "Convolution"
  bottom: "conv3_2"
  top: "conv3_3"
  param {
    lr_mult: 1
    decay_mult: 1
  }
  param {
    lr_mult: 2
    decay_mult: 0
  }
  convolution_param {
    num_output: 256
    pad: 1
    kernel_size: 3
    weight_filler {
      type: "gaussian"
      std: 0.01
    }
    bias_filler {
      type: "constant"
    }
  }
}
layer {
  name: "conv3_3_re"
  type: "ReLU"
  bottom: "conv3_3"
  top: "conv3_3"
}
layer {
  name: "conv3_4"
  type: "Convolution"
  bottom: "conv3_3"
  top: "conv3_4"
  param {
    lr_mult: 1
    decay_mult: 1
  }
  param {
    lr_mult: 2
    decay_mult: 0
  }
  convolution_param {
    num_output: 256
    pad: 1
    kernel_size: 3
    weight_filler {
      type: "gaussian"
      std: 0.01
    }
    bias_filler {
      type: "constant"
    }
  }
}
layer {
  name: "conv3_4_re"
  type: "ReLU"
  bottom: "conv3_4"
  top: "conv3_4"
}
layer {
  name: "pool3"
  type: "Pooling"
  bottom: "conv3_4"
  top: "pool3"
  pooling_param {
    pool: MAX
    kernel_size: 2
    stride: 2
  }
}
layer {
  name: "conv4_1"
  type: "Convolution"
  bottom: "pool3"
  top: "conv4_1"
  param {
    lr_mult: 1
    decay_mult: 1
  }
  param {
    lr_mult: 2
    decay_mult: 0
  }
  convolution_param {
    num_output: 512
    pad: 1
    kernel_size: 3
    weight_filler {
      type: "gaussian"
      std: 0.01
    }
    bias_filler {
      type: "constant"
    }
  }
}
layer {
  name: "conv4_1_re"
  type: "ReLU"
  bottom: "conv4_1"
  top: "conv4_1"
}
layer {
  name: "conv4_2"
  type: "Convolution"
  bottom: "conv4_1"
  top: "conv4_2"
  param {
    lr_mult: 1
    decay_mult: 1
  }
  param {
    lr_mult: 2
    decay_mult: 0
  }
  convolution_param {
    num_output: 512
    pad: 1
    kernel_size: 3
    weight_filler {
      type: "gaussian"
      std: 0.01
    }
    bias_filler {
      type: "constant"
    }
  }
}
layer {
  name: "conv4_2_re"
  type: "ReLU"
  bottom: "conv4_2"
  top: "conv4_2"
}
layer {
  name: "conv4_3"
  type: "Convolution"
  bottom: "conv4_2"
  top: "conv4_3"
  param {
    lr_mult: 1
    decay_mult: 1
  }
  param {
    lr_mult: 2
    decay_mult: 0
  }
  convolution_param {
    num_output: 512
    pad: 1
    kernel_size: 3
    weight_filler {
      type: "gaussian"
      std: 0.01
    }
    bias_filler {
      type: "constant"
    }
  }
}
layer {
  name: "conv4_3_re"
  type: "ReLU"
  bottom: "conv4_3"
  top: "conv4_3"
}
layer {
  name: "conv4_4"
  type: "Convolution"
  bottom: "conv4_3"
  top: "conv4_4"
  param {
    lr_mult: 1
    decay_mult: 1
  }
  param {
    lr_mult: 2
    decay_mult: 0
  }
  convolution_param {
    num_output: 512
    pad: 1
    kernel_size: 3
    weight_filler {
      type: "gaussian"
      std: 0.01
    }
    bias_filler {
      type: "constant"
    }
  }
}
layer {
  name: "conv4_4_re"
  type: "ReLU"
  bottom: "conv4_4"
  top: "conv4_4"
}
layer {
  name: "conv5_1"
  type: "Convolution"
  bottom: "conv4_4"
  top: "conv5_1"
  param {
    lr_mult: 1
    decay_mult: 1
  }
  param {
    lr_mult: 2
    decay_mult: 0
  }
  convolution_param {
    num_output: 512
    pad: 1
    kernel_size: 3
    weight_filler {
      type: "gaussian"
      std: 0.01
    }
    bias_filler {
      type: "constant"
    }
  }
}
layer {
  name: "conv5_1_re"
  type: "ReLU"
  bottom: "conv5_1"
  top: "conv5_1"
}
layer {
  name: "conv5_2"
  type: "Convolution"
  bottom: "conv5_1"
  top: "conv5_2"
  param {
    lr_mult: 1
    decay_mult: 1
  }
  param {
    lr_mult: 2
    decay_mult: 0
  }
  convolution_param {
    num_output: 512
    pad: 1
    kernel_size: 3
    weight_filler {
      type: "gaussian"
      std: 0.01
    }
    bias_filler {
      type: "constant"
    }
  }
}
layer {
  name: "conv5_2_re"
  type: "ReLU"
  bottom: "conv5_2"
  top: "conv5_2"
}
layer {
  name: "conv5_3_CPM"
  type: "Convolution"
  bottom: "conv5_2"
  top: "conv5_3_CPM"
  param {
    lr_mult: 1
    decay_mult: 1
  }
  param {
    lr_mult: 2
    decay_mult: 0
  }
  convolution_param {
    num_output: 128
    pad: 1
    kernel_size: 3
    weight_filler {
      type: "gaussian"
      std: 0.01
    }
    bias_filler {
      type: "constant"
    }
  }
}
layer {
  name: "conv5_3_CPM_re"
  type: "ReLU"
  bottom: "conv5_3_CPM"
  top: "conv5_3_CPM"
}
layer {
  name: "conv6_1_CPM"
  type: "Convolution"
  bottom: "conv5_3_CPM"
  top: "conv6_1_CPM"
  param {
    lr_mult: 1
    decay_mult: 1
  }
  param {
    lr_mult: 2
    decay_mult: 0
  }
  convolution_param {
    num_output: 512
    pad: 0
    kernel_size: 1
    weight_filler {
      type: "gaussian"
      std: 0.01
    }
    bias_filler {
      type: "constant"
    }
  }
}
layer {
  name: "conv6_1_CPM_re"
  type: "ReLU"
  bottom: "conv6_1_CPM"
  top: "conv6_1_CPM"
}
layer {
  name: "conv6_2_CPM"
  type: "Convolution"
  bottom: "conv6_1_CPM"
  top: "conv6_2_CPM"
  param {
    lr_mult: 1
    decay_mult: 1
  }
  param {
    lr_mult: 2
    decay_mult: 0
  }
  convolution_param {
    num_output: 71
    pad: 0
    kernel_size: 1
    weight_filler {
      type: "gaussian"
      std: 0.01
    }
    bias_filler {
      type: "constant"
    }
  }
}
layer {
  name: "features_in_stage_2"
  type: "Concat"
  bottom: "conv6_2_CPM"
  bottom: "conv5_3_CPM"
  top: "features_in_stage_2"
  concat_param {
    axis: 1
  }
}
layer {
  name: "Mconv1_stage2"
  type: "Convolution"
  bottom: "features_in_stage_2"
  top: "Mconv1_stage2"
  param {
    lr_mult: 4
    decay_mult: 1
  }
  param {
    lr_mult: 8
    decay_mult: 0
  }
  convolution_param {
    num_output: 128
    pad: 3
    kernel_size: 7
    weight_filler {
      type: "gaussian"
      std: 0.01
    }
    bias_filler {
      type: "constant"
    }
  }
}
layer {
  name: "Mconv1_stage2_re"
  type: "ReLU"
  bottom: "Mconv1_stage2"
  top: "Mconv1_stage2"
}
layer {
  name: "Mconv2_stage2"
  type: "Convolution"
  bottom: "Mconv1_stage2"
  top: "Mconv2_stage2"
  param {
    lr_mult: 4
    decay_mult: 1
  }
  param {
    lr_mult: 8
    decay_mult: 0
  }
  convolution_param {
    num_output: 128
    pad: 3
    kernel_size: 7
    weight_filler {
      type: "gaussian"
      std: 0.01
    }
    bias_filler {
      type: "constant"
    }
  }
}
layer {
  name: "Mconv2_stage2_re"
  type: "ReLU"
  bottom: "Mconv2_stage2"
  top: "Mconv2_stage2"
}
layer {
  name: "Mconv3_stage2"
  type: "Convolution"
  bottom: "Mconv2_stage2"
  top: "Mconv3_stage2"
  param {
    lr_mult: 4
    decay_mult: 1
  }
  param {
    lr_mult: 8
    decay_mult: 0
  }
  convolution_param {
    num_output: 128
    pad: 3
    kernel_size: 7
    weight_filler {
      type: "gaussian"
      std: 0.01
    }
    bias_filler {
      type: "constant"
    }
  }
}
layer {
  name: "Mconv3_stage2_re"
  type: "ReLU"
  bottom: "Mconv3_stage2"
  top: "Mconv3_stage2"
}
layer {
  name: "Mconv4_stage2"
  type: "Convolution"
  bottom: "Mconv3_stage2"
  top: "Mconv4_stage2"
  param {
    lr_mult: 4
    decay_mult: 1
  }
  param {
    lr_mult: 8
    decay_mult: 0
  }
  convolution_param {
    num_output: 128
    pad: 3
    kernel_size: 7
    weight_filler {
      type: "gaussian"
      std: 0.01
    }
    bias_filler {
      type: "constant"
    }
  }
}
layer {
  name: "Mconv4_stage2_re"
  type: "ReLU"
  bottom: "Mconv4_stage2"
  top: "Mconv4_stage2"
}
layer {
  name: "Mconv5_stage2"
  type: "Convolution"
  bottom: "Mconv4_stage2"
  top: "Mconv5_stage2"
  param {
    lr_mult: 4
    decay_mult: 1
  }
  param {
    lr_mult: 8
    decay_mult: 0
  }
  convolution_param {
    num_output: 128
    pad: 3
    kernel_size: 7
    weight_filler {
      type: "gaussian"
      std: 0.01
    }
    bias_filler {
      type: "constant"
    }
  }
}
layer {
  name: "Mconv5_stage2_re"
  type: "ReLU"
  bottom: "Mconv5_stage2"
  top: "Mconv5_stage2"
}
layer {
  name: "Mconv6_stage2"
  type: "Convolution"
  bottom: "Mconv5_stage2"
  top: "Mconv6_stage2"
  param {
    lr_mult: 4
    decay_mult: 1
  }
  param {
    lr_mult: 8
    decay_mult: 0
  }
  convolution_param {
    num_output: 128
    pad: 0
    kernel_size: 1
    weight_filler {
      type: "gaussian"
      std: 0.01
    }
    bias_filler {
      type: "constant"
    }
  }
}
layer {
  name: "Mconv6_stage2_re"
  type: "ReLU"
  bottom: "Mconv6_stage2"
  top: "Mconv6_stage2"
}
layer {
  name: "Mconv7_stage2"
  type: "Convolution"
  bottom: "Mconv6_stage2"
  top: "Mconv7_stage2"
  param {
    lr_mult: 4
    decay_mult: 1
  }
  param {
    lr_mult: 8
    decay_mult: 0
  }
  convolution_param {
    num_output: 71
    pad: 0
    kernel_size: 1
    weight_filler {
      type: "gaussian"
      std: 0.01
    }
    bias_filler {
      type: "constant"
    }
  }
}
layer {
  name: "features_in_stage_3"
  type: "Concat"
  bottom: "Mconv7_stage2"
  bottom: "conv5_3_CPM"
  top: "features_in_stage_3"
  concat_param {
    axis: 1
  }
}
layer {
  name: "Mconv1_stage3"
  type: "Convolution"
  bottom: "features_in_stage_3"
  top: "Mconv1_stage3"
  param {
    lr_mult: 4
    decay_mult: 1
  }
  param {
    lr_mult: 8
    decay_mult: 0
  }
  convolution_param {
    num_output: 128
    pad: 3
    kernel_size: 7
    weight_filler {
      type: "gaussian"
      std: 0.01
    }
    bias_filler {
      type: "constant"
    }
  }
}
layer {
  name: "Mconv1_stage3_re"
  type: "ReLU"
  bottom: "Mconv1_stage3"
  top: "Mconv1_stage3"
}
layer {
  name: "Mconv2_stage3"
  type: "Convolution"
  bottom: "Mconv1_stage3"
  top: "Mconv2_stage3"
  param {
    lr_mult: 4
    decay_mult: 1
  }
  param {
    lr_mult: 8
    decay_mult: 0
  }
  convolution_param {
    num_output: 128
    pad: 3
    kernel_size: 7
    weight_filler {
      type: "gaussian"
      std: 0.01
    }
    bias_filler {
      type: "constant"
    }
  }
}
layer {
  name: "Mconv2_stage3_re"
  type: "ReLU"
  bottom: "Mconv2_stage3"
  top: "Mconv2_stage3"
}
layer {
  name: "Mconv3_stage3"
  type: "Convolution"
  bottom: "Mconv2_stage3"
  top: "Mconv3_stage3"
  param {
    lr_mult: 4
    decay_mult: 1
  }
  param {
    lr_mult: 8
    decay_mult: 0
  }
  convolution_param {
    num_output: 128
    pad: 3
    kernel_size: 7
    weight_filler {
      type: "gaussian"
      std: 0.01
    }
    bias_filler {
      type: "constant"
    }
  }
}
layer {
  name: "Mconv3_stage3_re"
  type: "ReLU"
  bottom: "Mconv3_stage3"
  top: "Mconv3_stage3"
}
layer {
  name: "Mconv4_stage3"
  type: "Convolution"
  bottom: "Mconv3_stage3"
  top: "Mconv4_stage3"
  param {
    lr_mult: 4
    decay_mult: 1
  }
  param {
    lr_mult: 8
    decay_mult: 0
  }
  convolution_param {
    num_output: 128
    pad: 3
    kernel_size: 7
    weight_filler {
      type: "gaussian"
      std: 0.01
    }
    bias_filler {
      type: "constant"
    }
  }
}
layer {
  name: "Mconv4_stage3_re"
  type: "ReLU"
  bottom: "Mconv4_stage3"
  top: "Mconv4_stage3"
}
layer {
  name: "Mconv5_stage3"
  type: "Convolution"
  bottom: "Mconv4_stage3"
  top: "Mconv5_stage3"
  param {
    lr_mult: 4
    decay_mult: 1
  }
  param {
    lr_mult: 8
    decay_mult: 0
  }
  convolution_param {
    num_output: 128
    pad: 3
    kernel_size: 7
    weight_filler {
      type: "gaussian"
      std: 0.01
    }
    bias_filler {
      type: "constant"
    }
  }
}
layer {
  name: "Mconv5_stage3_re"
  type: "ReLU"
  bottom: "Mconv5_stage3"
  top: "Mconv5_stage3"
}
layer {
  name: "Mconv6_stage3"
  type: "Convolution"
  bottom: "Mconv5_stage3"
  top: "Mconv6_stage3"
  param {
    lr_mult: 4
    decay_mult: 1
  }
  param {
    lr_mult: 8
    decay_mult: 0
  }
  convolution_param {
    num_output: 128
    pad: 0
    kernel_size: 1
    weight_filler {
      type: "gaussian"
      std: 0.01
    }
    bias_filler {
      type: "constant"
    }
  }
}
layer {
  name: "Mconv6_stage3_re"
  type: "ReLU"
  bottom: "Mconv6_stage3"
  top: "Mconv6_stage3"
}
layer {
  name: "Mconv7_stage3"
  type: "Convolution"
  bottom: "Mconv6_stage3"
  top: "Mconv7_stage3"
  param {
    lr_mult: 4
    decay_mult: 1
  }
  param {
    lr_mult: 8
    decay_mult: 0
  }
  convolution_param {
    num_output: 71
    pad: 0
    kernel_size: 1
    weight_filler {
      type: "gaussian"
      std: 0.01
    }
    bias_filler {
      type: "constant"
    }
  }
}
layer {
  name: "features_in_stage_4"
  type: "Concat"
  bottom: "Mconv7_stage3"
  bottom: "conv5_3_CPM"
  top: "features_in_stage_4"
  concat_param {
    axis: 1
  }
}
layer {
  name: "Mconv1_stage4"
  type: "Convolution"
  bottom: "features_in_stage_4"
  top: "Mconv1_stage4"
  param {
    lr_mult: 4
    decay_mult: 1
  }
  param {
    lr_mult: 8
    decay_mult: 0
  }
  convolution_param {
    num_output: 128
    pad: 3
    kernel_size: 7
    weight_filler {
      type: "gaussian"
      std: 0.01
    }
    bias_filler {
      type: "constant"
    }
  }
}
layer {
  name: "Mconv1_stage4_re"
  type: "ReLU"
  bottom: "Mconv1_stage4"
  top: "Mconv1_stage4"
}
layer {
  name: "Mconv2_stage4"
  type: "Convolution"
  bottom: "Mconv1_stage4"
  top: "Mconv2_stage4"
  param {
    lr_mult: 4
    decay_mult: 1
  }
  param {
    lr_mult: 8
    decay_mult: 0
  }
  convolution_param {
    num_output: 128
    pad: 3
    kernel_size: 7
    weight_filler {
      type: "gaussian"
      std: 0.01
    }
    bias_filler {
      type: "constant"
    }
  }
}
layer {
  name: "Mconv2_stage4_re"
  type: "ReLU"
  bottom: "Mconv2_stage4"
  top: "Mconv2_stage4"
}
layer {
  name: "Mconv3_stage4"
  type: "Convolution"
  bottom: "Mconv2_stage4"
  top: "Mconv3_stage4"
  param {
    lr_mult: 4
    decay_mult: 1
  }
  param {
    lr_mult: 8
    decay_mult: 0
  }
  convolution_param {
    num_output: 128
    pad: 3
    kernel_size: 7
    weight_filler {
      type: "gaussian"
      std: 0.01
    }
    bias_filler {
      type: "constant"
    }
  }
}
layer {
  name: "Mconv3_stage4_re"
  type: "ReLU"
  bottom: "Mconv3_stage4"
  top: "Mconv3_stage4"
}
layer {
  name: "Mconv4_stage4"
  type: "Convolution"
  bottom: "Mconv3_stage4"
  top: "Mconv4_stage4"
  param {
    lr_mult: 4
    decay_mult: 1
  }
  param {
    lr_mult: 8
    decay_mult: 0
  }
  convolution_param {
    num_output: 128
    pad: 3
    kernel_size: 7
    weight_filler {
      type: "gaussian"
      std: 0.01
    }
    bias_filler {
      type: "constant"
    }
  }
}
layer {
  name: "Mconv4_stage4_re"
  type: "ReLU"
  bottom: "Mconv4_stage4"
  top: "Mconv4_stage4"
}
layer {
  name: "Mconv5_stage4"
  type: "Convolution"
  bottom: "Mconv4_stage4"
  top: "Mconv5_stage4"
  param {
    lr_mult: 4
    decay_mult: 1
  }
  param {
    lr_mult: 8
    decay_mult: 0
  }
  convolution_param {
    num_output: 128
    pad: 3
    kernel_size: 7
    weight_filler {
      type: "gaussian"
      std: 0.01
    }
    bias_filler {
      type: "constant"
    }
  }
}
layer {
  name: "Mconv5_stage4_re"
  type: "ReLU"
  bottom: "Mconv5_stage4"
  top: "Mconv5_stage4"
}
layer {
  name: "Mconv6_stage4"
  type: "Convolution"
  bottom: "Mconv5_stage4"
  top: "Mconv6_stage4"
  param {
    lr_mult: 4
    decay_mult: 1
  }
  param {
    lr_mult: 8
    decay_mult: 0
  }
  convolution_param {
    num_output: 128
    pad: 0
    kernel_size: 1
    weight_filler {
      type: "gaussian"
      std: 0.01
    }
    bias_filler {
      type: "constant"
    }
  }
}
layer {
  name: "Mconv6_stage4_re"
  type: "ReLU"
  bottom: "Mconv6_stage4"
  top: "Mconv6_stage4"
}
layer {
  name: "Mconv7_stage4"
  type: "Convolution"
  bottom: "Mconv6_stage4"
  top: "Mconv7_stage4"
  param {
    lr_mult: 4
    decay_mult: 1
  }
  param {
    lr_mult: 8
    decay_mult: 0
  }
  convolution_param {
    num_output: 71
    pad: 0
    kernel_size: 1
    weight_filler {
      type: "gaussian"
      std: 0.01
    }
    bias_filler {
      type: "constant"
    }
  }
}
layer {
  name: "features_in_stage_5"
  type: "Concat"
  bottom: "Mconv7_stage4"
  bottom: "conv5_3_CPM"
  top: "features_in_stage_5"
  concat_param {
    axis: 1
  }
}
layer {
  name: "Mconv1_stage5"
  type: "Convolution"
  bottom: "features_in_stage_5"
  top: "Mconv1_stage5"
  param {
    lr_mult: 4
    decay_mult: 1
  }
  param {
    lr_mult: 8
    decay_mult: 0
  }
  convolution_param {
    num_output: 128
    pad: 3
    kernel_size: 7
    weight_filler {
      type: "gaussian"
      std: 0.01
    }
    bias_filler {
      type: "constant"
    }
  }
}
layer {
  name: "Mconv1_stage5_re"
  type: "ReLU"
  bottom: "Mconv1_stage5"
  top: "Mconv1_stage5"
}
layer {
  name: "Mconv2_stage5"
  type: "Convolution"
  bottom: "Mconv1_stage5"
  top: "Mconv2_stage5"
  param {
    lr_mult: 4
    decay_mult: 1
  }
  param {
    lr_mult: 8
    decay_mult: 0
  }
  convolution_param {
    num_output: 128
    pad: 3
    kernel_size: 7
    weight_filler {
      type: "gaussian"
      std: 0.01
    }
    bias_filler {
      type: "constant"
    }
  }
}
layer {
  name: "Mconv2_stage5_re"
  type: "ReLU"
  bottom: "Mconv2_stage5"
  top: "Mconv2_stage5"
}
layer {
  name: "Mconv3_stage5"
  type: "Convolution"
  bottom: "Mconv2_stage5"
  top: "Mconv3_stage5"
  param {
    lr_mult: 4
    decay_mult: 1
  }
  param {
    lr_mult: 8
    decay_mult: 0
  }
  convolution_param {
    num_output: 128
    pad: 3
    kernel_size: 7
    weight_filler {
      type: "gaussian"
      std: 0.01
    }
    bias_filler {
      type: "constant"
    }
  }
}
layer {
  name: "Mconv3_stage5_re"
  type: "ReLU"
  bottom: "Mconv3_stage5"
  top: "Mconv3_stage5"
}
layer {
  name: "Mconv4_stage5"
  type: "Convolution"
  bottom: "Mconv3_stage5"
  top: "Mconv4_stage5"
  param {
    lr_mult: 4
    decay_mult: 1
  }
  param {
    lr_mult: 8
    decay_mult: 0
  }
  convolution_param {
    num_output: 128
    pad: 3
    kernel_size: 7
    weight_filler {
      type: "gaussian"
      std: 0.01
    }
    bias_filler {
      type: "constant"
    }
  }
}
layer {
  name: "Mconv4_stage5_re"
  type: "ReLU"
  bottom: "Mconv4_stage5"
  top: "Mconv4_stage5"
}
layer {
  name: "Mconv5_stage5"
  type: "Convolution"
  bottom: "Mconv4_stage5"
  top: "Mconv5_stage5"
  param {
    lr_mult: 4
    decay_mult: 1
  }
  param {
    lr_mult: 8
    decay_mult: 0
  }
  convolution_param {
    num_output: 128
    pad: 3
    kernel_size: 7
    weight_filler {
      type: "gaussian"
      std: 0.01
    }
    bias_filler {
      type: "constant"
    }
  }
}
layer {
  name: "Mconv5_stage5_re"
  type: "ReLU"
  bottom: "Mconv5_stage5"
  top: "Mconv5_stage5"
}
layer {
  name: "Mconv6_stage5"
  type: "Convolution"
  bottom: "Mconv5_stage5"
  top: "Mconv6_stage5"
  param {
    lr_mult: 4
    decay_mult: 1
  }
  param {
    lr_mult: 8
    decay_mult: 0
  }
  convolution_param {
    num_output: 128
    pad: 0
    kernel_size: 1
    weight_filler {
      type: "gaussian"
      std: 0.01
    }
    bias_filler {
      type: "constant"
    }
  }
}
layer {
  name: "Mconv6_stage5_re"
  type: "ReLU"
  bottom: "Mconv6_stage5"
  top: "Mconv6_stage5"
}
layer {
  name: "Mconv7_stage5"
  type: "Convolution"
  bottom: "Mconv6_stage5"
  top: "Mconv7_stage5"
  param {
    lr_mult: 4
    decay_mult: 1
  }
  param {
    lr_mult: 8
    decay_mult: 0
  }
  convolution_param {
    num_output: 71
    pad: 0
    kernel_size: 1
    weight_filler {
      type: "gaussian"
      std: 0.01
    }
    bias_filler {
      type: "constant"
    }
  }
}
layer {
  name: "features_in_stage_6"
  type: "Concat"
  bottom: "Mconv7_stage5"
  bottom: "conv5_3_CPM"
  top: "features_in_stage_6"
  concat_param {
    axis: 1
  }
}
layer {
  name: "Mconv1_stage6"
  type: "Convolution"
  bottom: "features_in_stage_6"
  top: "Mconv1_stage6"
  param {
    lr_mult: 4
    decay_mult: 1
  }
  param {
    lr_mult: 8
    decay_mult: 0
  }
  convolution_param {
    num_output: 128
    pad: 3
    kernel_size: 7
    weight_filler {
      type: "gaussian"
      std: 0.01
    }
    bias_filler {
      type: "constant"
    }
  }
}
layer {
  name: "Mconv1_stage6_re"
  type: "ReLU"
  bottom: "Mconv1_stage6"
  top: "Mconv1_stage6"
}
layer {
  name: "Mconv2_stage6"
  type: "Convolution"
  bottom: "Mconv1_stage6"
  top: "Mconv2_stage6"
  param {
    lr_mult: 4
    decay_mult: 1
  }
  param {
    lr_mult: 8
    decay_mult: 0
  }
  convolution_param {
    num_output: 128
    pad: 3
    kernel_size: 7
    weight_filler {
      type: "gaussian"
      std: 0.01
    }
    bias_filler {
      type: "constant"
    }
  }
}
layer {
  name: "Mconv2_stage6_re"
  type: "ReLU"
  bottom: "Mconv2_stage6"
  top: "Mconv2_stage6"
}
layer {
  name: "Mconv3_stage6"
  type: "Convolution"
  bottom: "Mconv2_stage6"
  top: "Mconv3_stage6"
  param {
    lr_mult: 4
    decay_mult: 1
  }
  param {
    lr_mult: 8
    decay_mult: 0
  }
  convolution_param {
    num_output: 128
    pad: 3
    kernel_size: 7
    weight_filler {
      type: "gaussian"
      std: 0.01
    }
    bias_filler {
      type: "constant"
    }
  }
}
layer {
  name: "Mconv3_stage6_re"
  type: "ReLU"
  bottom: "Mconv3_stage6"
  top: "Mconv3_stage6"
}
layer {
  name: "Mconv4_stage6"
  type: "Convolution"
  bottom: "Mconv3_stage6"
  top: "Mconv4_stage6"
  param {
    lr_mult: 4
    decay_mult: 1
  }
  param {
    lr_mult: 8
    decay_mult: 0
  }
  convolution_param {
    num_output: 128
    pad: 3
    kernel_size: 7
    weight_filler {
      type: "gaussian"
      std: 0.01
    }
    bias_filler {
      type: "constant"
    }
  }
}
layer {
  name: "Mconv4_stage6_re"
  type: "ReLU"
  bottom: "Mconv4_stage6"
  top: "Mconv4_stage6"
}
layer {
  name: "Mconv5_stage6"
  type: "Convolution"
  bottom: "Mconv4_stage6"
  top: "Mconv5_stage6"
  param {
    lr_mult: 4
    decay_mult: 1
  }
  param {
    lr_mult: 8
    decay_mult: 0
  }
  convolution_param {
    num_output: 128
    pad: 3
    kernel_size: 7
    weight_filler {
      type: "gaussian"
      std: 0.01
    }
    bias_filler {
      type: "constant"
    }
  }
}
layer {
  name: "Mconv5_stage6_re"
  type: "ReLU"
  bottom: "Mconv5_stage6"
  top: "Mconv5_stage6"
}
layer {
  name: "Mconv6_stage6"
  type: "Convolution"
  bottom: "Mconv5_stage6"
  top: "Mconv6_stage6"
  param {
    lr_mult: 4
    decay_mult: 1
  }
  param {
    lr_mult: 8
    decay_mult: 0
  }
  convolution_param {
    num_output: 128
    pad: 0
    kernel_size: 1
    weight_filler {
      type: "gaussian"
      std: 0.01
    }
    bias_filler {
      type: "constant"
    }
  }
}
layer {
  name: "Mconv6_stage6_re"
  type: "ReLU"
  bottom: "Mconv6_stage6"
  top: "Mconv6_stage6"
}
layer {
  name: "Mconv7_stage6"
  type: "Convolution"
  bottom: "Mconv6_stage6"
  top: "net_output"
  param {
    lr_mult: 4
    decay_mult: 1
  }
  param {
    lr_mult: 8
    decay_mult: 0
  }
  convolution_param {
    num_output: 71
    pad: 0
    kernel_size: 1
    weight_filler {
      type: "gaussian"
      std: 0.01
    }
    bias_filler {
      type: "constant"
    }
  }
}
I0923 17:57:14.643358 2173474 layer_factory.hpp:77] Creating layer input
I0923 17:57:14.643363 2173474 net.cpp:86] Creating Layer input
I0923 17:57:14.643365 2173474 net.cpp:382] input -> image
I0923 17:57:14.643379 2173474 net.cpp:124] Setting up input
I0923 17:57:14.643381 2173474 net.cpp:131] Top shape: 1 3 1 1 (3)
I0923 17:57:14.643383 2173474 net.cpp:139] Memory required for data: 12
I0923 17:57:14.643384 2173474 layer_factory.hpp:77] Creating layer conv1_1
I0923 17:57:14.643388 2173474 net.cpp:86] Creating Layer conv1_1
I0923 17:57:14.643389 2173474 net.cpp:408] conv1_1 <- image
I0923 17:57:14.643391 2173474 net.cpp:382] conv1_1 -> conv1_1
I0923 17:57:14.652204 2173474 net.cpp:124] Setting up conv1_1
I0923 17:57:14.652208 2173474 net.cpp:131] Top shape: 1 64 1 1 (64)
I0923 17:57:14.652210 2173474 net.cpp:139] Memory required for data: 268
I0923 17:57:14.652215 2173474 layer_factory.hpp:77] Creating layer conv1_1_re
I0923 17:57:14.652218 2173474 net.cpp:86] Creating Layer conv1_1_re
I0923 17:57:14.652220 2173474 net.cpp:408] conv1_1_re <- conv1_1
I0923 17:57:14.652221 2173474 net.cpp:369] conv1_1_re -> conv1_1 (in-place)
I0923 17:57:14.655401 2173474 net.cpp:124] Setting up conv1_1_re
I0923 17:57:14.655405 2173474 net.cpp:131] Top shape: 1 64 1 1 (64)
I0923 17:57:14.655407 2173474 net.cpp:139] Memory required for data: 524
I0923 17:57:14.655408 2173474 layer_factory.hpp:77] Creating layer conv1_2
I0923 17:57:14.655412 2173474 net.cpp:86] Creating Layer conv1_2
I0923 17:57:14.655413 2173474 net.cpp:408] conv1_2 <- conv1_1
I0923 17:57:14.655416 2173474 net.cpp:382] conv1_2 -> conv1_2
I0923 17:57:14.664170 2173474 net.cpp:124] Setting up conv1_2
I0923 17:57:14.664173 2173474 net.cpp:131] Top shape: 1 64 1 1 (64)
I0923 17:57:14.664176 2173474 net.cpp:139] Memory required for data: 780
I0923 17:57:14.664179 2173474 layer_factory.hpp:77] Creating layer conv1_2_re
I0923 17:57:14.664182 2173474 net.cpp:86] Creating Layer conv1_2_re
I0923 17:57:14.664183 2173474 net.cpp:408] conv1_2_re <- conv1_2
I0923 17:57:14.664186 2173474 net.cpp:369] conv1_2_re -> conv1_2 (in-place)
I0923 17:57:14.666710 2173474 net.cpp:124] Setting up conv1_2_re
I0923 17:57:14.666713 2173474 net.cpp:131] Top shape: 1 64 1 1 (64)
I0923 17:57:14.666714 2173474 net.cpp:139] Memory required for data: 1036
I0923 17:57:14.666715 2173474 layer_factory.hpp:77] Creating layer pool1
I0923 17:57:14.666718 2173474 net.cpp:86] Creating Layer pool1
I0923 17:57:14.666720 2173474 net.cpp:408] pool1 <- conv1_2
I0923 17:57:14.666721 2173474 net.cpp:382] pool1 -> pool1
I0923 17:57:14.666734 2173474 net.cpp:124] Setting up pool1
I0923 17:57:14.666735 2173474 net.cpp:131] Top shape: 1 64 1 1 (64)
I0923 17:57:14.666736 2173474 net.cpp:139] Memory required for data: 1292
I0923 17:57:14.666738 2173474 layer_factory.hpp:77] Creating layer conv2_1
I0923 17:57:14.666740 2173474 net.cpp:86] Creating Layer conv2_1
I0923 17:57:14.666741 2173474 net.cpp:408] conv2_1 <- pool1
I0923 17:57:14.666743 2173474 net.cpp:382] conv2_1 -> conv2_1
I0923 17:57:14.675709 2173474 net.cpp:124] Setting up conv2_1
I0923 17:57:14.675712 2173474 net.cpp:131] Top shape: 1 128 1 1 (128)
I0923 17:57:14.675714 2173474 net.cpp:139] Memory required for data: 1804
I0923 17:57:14.675719 2173474 layer_factory.hpp:77] Creating layer conv2_1_re
I0923 17:57:14.675720 2173474 net.cpp:86] Creating Layer conv2_1_re
I0923 17:57:14.675722 2173474 net.cpp:408] conv2_1_re <- conv2_1
I0923 17:57:14.675724 2173474 net.cpp:369] conv2_1_re -> conv2_1 (in-place)
I0923 17:57:14.678251 2173474 net.cpp:124] Setting up conv2_1_re
I0923 17:57:14.678252 2173474 net.cpp:131] Top shape: 1 128 1 1 (128)
I0923 17:57:14.678254 2173474 net.cpp:139] Memory required for data: 2316
I0923 17:57:14.678256 2173474 layer_factory.hpp:77] Creating layer conv2_2
I0923 17:57:14.678259 2173474 net.cpp:86] Creating Layer conv2_2
I0923 17:57:14.678261 2173474 net.cpp:408] conv2_2 <- conv2_1
I0923 17:57:14.678263 2173474 net.cpp:382] conv2_2 -> conv2_2
I0923 17:57:14.687134 2173474 net.cpp:124] Setting up conv2_2
I0923 17:57:14.687139 2173474 net.cpp:131] Top shape: 1 128 1 1 (128)
I0923 17:57:14.687141 2173474 net.cpp:139] Memory required for data: 2828
I0923 17:57:14.687143 2173474 layer_factory.hpp:77] Creating layer conv2_2_re
I0923 17:57:14.687146 2173474 net.cpp:86] Creating Layer conv2_2_re
I0923 17:57:14.687147 2173474 net.cpp:408] conv2_2_re <- conv2_2
I0923 17:57:14.687150 2173474 net.cpp:369] conv2_2_re -> conv2_2 (in-place)
I0923 17:57:14.689672 2173474 net.cpp:124] Setting up conv2_2_re
I0923 17:57:14.689674 2173474 net.cpp:131] Top shape: 1 128 1 1 (128)
I0923 17:57:14.689677 2173474 net.cpp:139] Memory required for data: 3340
I0923 17:57:14.689677 2173474 layer_factory.hpp:77] Creating layer pool2
I0923 17:57:14.689679 2173474 net.cpp:86] Creating Layer pool2
I0923 17:57:14.689682 2173474 net.cpp:408] pool2 <- conv2_2
I0923 17:57:14.689682 2173474 net.cpp:382] pool2 -> pool2
I0923 17:57:14.689692 2173474 net.cpp:124] Setting up pool2
I0923 17:57:14.689694 2173474 net.cpp:131] Top shape: 1 128 1 1 (128)
I0923 17:57:14.689695 2173474 net.cpp:139] Memory required for data: 3852
I0923 17:57:14.689697 2173474 layer_factory.hpp:77] Creating layer conv3_1
I0923 17:57:14.689699 2173474 net.cpp:86] Creating Layer conv3_1
I0923 17:57:14.689700 2173474 net.cpp:408] conv3_1 <- pool2
I0923 17:57:14.689702 2173474 net.cpp:382] conv3_1 -> conv3_1
I0923 17:57:14.699512 2173474 net.cpp:124] Setting up conv3_1
I0923 17:57:14.699517 2173474 net.cpp:131] Top shape: 1 256 1 1 (256)
I0923 17:57:14.699519 2173474 net.cpp:139] Memory required for data: 4876
I0923 17:57:14.699522 2173474 layer_factory.hpp:77] Creating layer conv3_1_re
I0923 17:57:14.699524 2173474 net.cpp:86] Creating Layer conv3_1_re
I0923 17:57:14.699527 2173474 net.cpp:408] conv3_1_re <- conv3_1
I0923 17:57:14.699527 2173474 net.cpp:369] conv3_1_re -> conv3_1 (in-place)
I0923 17:57:14.702028 2173474 net.cpp:124] Setting up conv3_1_re
I0923 17:57:14.702029 2173474 net.cpp:131] Top shape: 1 256 1 1 (256)
I0923 17:57:14.702031 2173474 net.cpp:139] Memory required for data: 5900
I0923 17:57:14.702032 2173474 layer_factory.hpp:77] Creating layer conv3_2
I0923 17:57:14.702035 2173474 net.cpp:86] Creating Layer conv3_2
I0923 17:57:14.702037 2173474 net.cpp:408] conv3_2 <- conv3_1
I0923 17:57:14.702039 2173474 net.cpp:382] conv3_2 -> conv3_2
I0923 17:57:14.713383 2173474 net.cpp:124] Setting up conv3_2
I0923 17:57:14.713387 2173474 net.cpp:131] Top shape: 1 256 1 1 (256)
I0923 17:57:14.713389 2173474 net.cpp:139] Memory required for data: 6924
I0923 17:57:14.713392 2173474 layer_factory.hpp:77] Creating layer conv3_2_re
I0923 17:57:14.713394 2173474 net.cpp:86] Creating Layer conv3_2_re
I0923 17:57:14.713397 2173474 net.cpp:408] conv3_2_re <- conv3_2
I0923 17:57:14.713397 2173474 net.cpp:369] conv3_2_re -> conv3_2 (in-place)
I0923 17:57:14.715910 2173474 net.cpp:124] Setting up conv3_2_re
I0923 17:57:14.715914 2173474 net.cpp:131] Top shape: 1 256 1 1 (256)
I0923 17:57:14.715914 2173474 net.cpp:139] Memory required for data: 7948
I0923 17:57:14.715916 2173474 layer_factory.hpp:77] Creating layer conv3_3
I0923 17:57:14.715919 2173474 net.cpp:86] Creating Layer conv3_3
I0923 17:57:14.715921 2173474 net.cpp:408] conv3_3 <- conv3_2
I0923 17:57:14.715924 2173474 net.cpp:382] conv3_3 -> conv3_3
I0923 17:57:14.727839 2173474 net.cpp:124] Setting up conv3_3
I0923 17:57:14.727843 2173474 net.cpp:131] Top shape: 1 256 1 1 (256)
I0923 17:57:14.727845 2173474 net.cpp:139] Memory required for data: 8972
I0923 17:57:14.727849 2173474 layer_factory.hpp:77] Creating layer conv3_3_re
I0923 17:57:14.727851 2173474 net.cpp:86] Creating Layer conv3_3_re
I0923 17:57:14.727852 2173474 net.cpp:408] conv3_3_re <- conv3_3
I0923 17:57:14.727854 2173474 net.cpp:369] conv3_3_re -> conv3_3 (in-place)
I0923 17:57:14.730263 2173474 net.cpp:124] Setting up conv3_3_re
I0923 17:57:14.730265 2173474 net.cpp:131] Top shape: 1 256 1 1 (256)
I0923 17:57:14.730268 2173474 net.cpp:139] Memory required for data: 9996
I0923 17:57:14.730268 2173474 layer_factory.hpp:77] Creating layer conv3_4
I0923 17:57:14.730273 2173474 net.cpp:86] Creating Layer conv3_4
I0923 17:57:14.730273 2173474 net.cpp:408] conv3_4 <- conv3_3
I0923 17:57:14.730275 2173474 net.cpp:382] conv3_4 -> conv3_4
I0923 17:57:14.741235 2173474 net.cpp:124] Setting up conv3_4
I0923 17:57:14.741238 2173474 net.cpp:131] Top shape: 1 256 1 1 (256)
I0923 17:57:14.741240 2173474 net.cpp:139] Memory required for data: 11020
I0923 17:57:14.741243 2173474 layer_factory.hpp:77] Creating layer conv3_4_re
I0923 17:57:14.741245 2173474 net.cpp:86] Creating Layer conv3_4_re
I0923 17:57:14.741246 2173474 net.cpp:408] conv3_4_re <- conv3_4
I0923 17:57:14.741248 2173474 net.cpp:369] conv3_4_re -> conv3_4 (in-place)
I0923 17:57:14.743664 2173474 net.cpp:124] Setting up conv3_4_re
I0923 17:57:14.743667 2173474 net.cpp:131] Top shape: 1 256 1 1 (256)
I0923 17:57:14.743669 2173474 net.cpp:139] Memory required for data: 12044
I0923 17:57:14.743670 2173474 layer_factory.hpp:77] Creating layer pool3
I0923 17:57:14.743672 2173474 net.cpp:86] Creating Layer pool3
I0923 17:57:14.743673 2173474 net.cpp:408] pool3 <- conv3_4
I0923 17:57:14.743676 2173474 net.cpp:382] pool3 -> pool3
I0923 17:57:14.743686 2173474 net.cpp:124] Setting up pool3
I0923 17:57:14.743688 2173474 net.cpp:131] Top shape: 1 256 1 1 (256)
I0923 17:57:14.743690 2173474 net.cpp:139] Memory required for data: 13068
I0923 17:57:14.743690 2173474 layer_factory.hpp:77] Creating layer conv4_1
I0923 17:57:14.743695 2173474 net.cpp:86] Creating Layer conv4_1
I0923 17:57:14.743695 2173474 net.cpp:408] conv4_1 <- pool3
I0923 17:57:14.743697 2173474 net.cpp:382] conv4_1 -> conv4_1
I0923 17:57:14.757345 2173474 net.cpp:124] Setting up conv4_1
I0923 17:57:14.757349 2173474 net.cpp:131] Top shape: 1 512 1 1 (512)
I0923 17:57:14.757351 2173474 net.cpp:139] Memory required for data: 15116
I0923 17:57:14.757354 2173474 layer_factory.hpp:77] Creating layer conv4_1_re
I0923 17:57:14.757357 2173474 net.cpp:86] Creating Layer conv4_1_re
I0923 17:57:14.757359 2173474 net.cpp:408] conv4_1_re <- conv4_1
I0923 17:57:14.757360 2173474 net.cpp:369] conv4_1_re -> conv4_1 (in-place)
I0923 17:57:14.759929 2173474 net.cpp:124] Setting up conv4_1_re
I0923 17:57:14.759932 2173474 net.cpp:131] Top shape: 1 512 1 1 (512)
I0923 17:57:14.759933 2173474 net.cpp:139] Memory required for data: 17164
I0923 17:57:14.759934 2173474 layer_factory.hpp:77] Creating layer conv4_2
I0923 17:57:14.759938 2173474 net.cpp:86] Creating Layer conv4_2
I0923 17:57:14.759939 2173474 net.cpp:408] conv4_2 <- conv4_1
I0923 17:57:14.759941 2173474 net.cpp:382] conv4_2 -> conv4_2
I0923 17:57:14.780108 2173474 net.cpp:124] Setting up conv4_2
I0923 17:57:14.780114 2173474 net.cpp:131] Top shape: 1 512 1 1 (512)
I0923 17:57:14.780117 2173474 net.cpp:139] Memory required for data: 19212
I0923 17:57:14.780118 2173474 layer_factory.hpp:77] Creating layer conv4_2_re
I0923 17:57:14.780121 2173474 net.cpp:86] Creating Layer conv4_2_re
I0923 17:57:14.780122 2173474 net.cpp:408] conv4_2_re <- conv4_2
I0923 17:57:14.780124 2173474 net.cpp:369] conv4_2_re -> conv4_2 (in-place)
I0923 17:57:14.782617 2173474 net.cpp:124] Setting up conv4_2_re
I0923 17:57:14.782621 2173474 net.cpp:131] Top shape: 1 512 1 1 (512)
I0923 17:57:14.782624 2173474 net.cpp:139] Memory required for data: 21260
I0923 17:57:14.782624 2173474 layer_factory.hpp:77] Creating layer conv4_3
I0923 17:57:14.782627 2173474 net.cpp:86] Creating Layer conv4_3
I0923 17:57:14.782629 2173474 net.cpp:408] conv4_3 <- conv4_2
I0923 17:57:14.782631 2173474 net.cpp:382] conv4_3 -> conv4_3
I0923 17:57:14.802006 2173474 net.cpp:124] Setting up conv4_3
I0923 17:57:14.802011 2173474 net.cpp:131] Top shape: 1 512 1 1 (512)
I0923 17:57:14.802012 2173474 net.cpp:139] Memory required for data: 23308
I0923 17:57:14.802016 2173474 layer_factory.hpp:77] Creating layer conv4_3_re
I0923 17:57:14.802017 2173474 net.cpp:86] Creating Layer conv4_3_re
I0923 17:57:14.802019 2173474 net.cpp:408] conv4_3_re <- conv4_3
I0923 17:57:14.802021 2173474 net.cpp:369] conv4_3_re -> conv4_3 (in-place)
I0923 17:57:14.805133 2173474 net.cpp:124] Setting up conv4_3_re
I0923 17:57:14.805137 2173474 net.cpp:131] Top shape: 1 512 1 1 (512)
I0923 17:57:14.805138 2173474 net.cpp:139] Memory required for data: 25356
I0923 17:57:14.805140 2173474 layer_factory.hpp:77] Creating layer conv4_4
I0923 17:57:14.805143 2173474 net.cpp:86] Creating Layer conv4_4
I0923 17:57:14.805145 2173474 net.cpp:408] conv4_4 <- conv4_3
I0923 17:57:14.805147 2173474 net.cpp:382] conv4_4 -> conv4_4
I0923 17:57:14.825212 2173474 net.cpp:124] Setting up conv4_4
I0923 17:57:14.825217 2173474 net.cpp:131] Top shape: 1 512 1 1 (512)
I0923 17:57:14.825218 2173474 net.cpp:139] Memory required for data: 27404
I0923 17:57:14.825220 2173474 layer_factory.hpp:77] Creating layer conv4_4_re
I0923 17:57:14.825223 2173474 net.cpp:86] Creating Layer conv4_4_re
I0923 17:57:14.825224 2173474 net.cpp:408] conv4_4_re <- conv4_4
I0923 17:57:14.825227 2173474 net.cpp:369] conv4_4_re -> conv4_4 (in-place)
I0923 17:57:14.827725 2173474 net.cpp:124] Setting up conv4_4_re
I0923 17:57:14.827728 2173474 net.cpp:131] Top shape: 1 512 1 1 (512)
I0923 17:57:14.827730 2173474 net.cpp:139] Memory required for data: 29452
I0923 17:57:14.827731 2173474 layer_factory.hpp:77] Creating layer conv5_1
I0923 17:57:14.827734 2173474 net.cpp:86] Creating Layer conv5_1
I0923 17:57:14.827736 2173474 net.cpp:408] conv5_1 <- conv4_4
I0923 17:57:14.827739 2173474 net.cpp:382] conv5_1 -> conv5_1
I0923 17:57:14.848035 2173474 net.cpp:124] Setting up conv5_1
I0923 17:57:14.848040 2173474 net.cpp:131] Top shape: 1 512 1 1 (512)
I0923 17:57:14.848043 2173474 net.cpp:139] Memory required for data: 31500
I0923 17:57:14.848045 2173474 layer_factory.hpp:77] Creating layer conv5_1_re
I0923 17:57:14.848047 2173474 net.cpp:86] Creating Layer conv5_1_re
I0923 17:57:14.848049 2173474 net.cpp:408] conv5_1_re <- conv5_1
I0923 17:57:14.848050 2173474 net.cpp:369] conv5_1_re -> conv5_1 (in-place)
I0923 17:57:14.850541 2173474 net.cpp:124] Setting up conv5_1_re
I0923 17:57:14.850544 2173474 net.cpp:131] Top shape: 1 512 1 1 (512)
I0923 17:57:14.850546 2173474 net.cpp:139] Memory required for data: 33548
I0923 17:57:14.850548 2173474 layer_factory.hpp:77] Creating layer conv5_2
I0923 17:57:14.850550 2173474 net.cpp:86] Creating Layer conv5_2
I0923 17:57:14.850553 2173474 net.cpp:408] conv5_2 <- conv5_1
I0923 17:57:14.850554 2173474 net.cpp:382] conv5_2 -> conv5_2
I0923 17:57:14.869843 2173474 net.cpp:124] Setting up conv5_2
I0923 17:57:14.869849 2173474 net.cpp:131] Top shape: 1 512 1 1 (512)
I0923 17:57:14.869851 2173474 net.cpp:139] Memory required for data: 35596
I0923 17:57:14.869853 2173474 layer_factory.hpp:77] Creating layer conv5_2_re
I0923 17:57:14.869856 2173474 net.cpp:86] Creating Layer conv5_2_re
I0923 17:57:14.869858 2173474 net.cpp:408] conv5_2_re <- conv5_2
I0923 17:57:14.869859 2173474 net.cpp:369] conv5_2_re -> conv5_2 (in-place)
I0923 17:57:14.872328 2173474 net.cpp:124] Setting up conv5_2_re
I0923 17:57:14.872332 2173474 net.cpp:131] Top shape: 1 512 1 1 (512)
I0923 17:57:14.872334 2173474 net.cpp:139] Memory required for data: 37644
I0923 17:57:14.872335 2173474 layer_factory.hpp:77] Creating layer conv5_3_CPM
I0923 17:57:14.872339 2173474 net.cpp:86] Creating Layer conv5_3_CPM
I0923 17:57:14.872340 2173474 net.cpp:408] conv5_3_CPM <- conv5_2
I0923 17:57:14.872342 2173474 net.cpp:382] conv5_3_CPM -> conv5_3_CPM
I0923 17:57:14.883395 2173474 net.cpp:124] Setting up conv5_3_CPM
I0923 17:57:14.883401 2173474 net.cpp:131] Top shape: 1 128 1 1 (128)
I0923 17:57:14.883404 2173474 net.cpp:139] Memory required for data: 38156
I0923 17:57:14.883405 2173474 layer_factory.hpp:77] Creating layer conv5_3_CPM_re
I0923 17:57:14.883409 2173474 net.cpp:86] Creating Layer conv5_3_CPM_re
I0923 17:57:14.883409 2173474 net.cpp:408] conv5_3_CPM_re <- conv5_3_CPM
I0923 17:57:14.883411 2173474 net.cpp:369] conv5_3_CPM_re -> conv5_3_CPM (in-place)
I0923 17:57:14.885969 2173474 net.cpp:124] Setting up conv5_3_CPM_re
I0923 17:57:14.885972 2173474 net.cpp:131] Top shape: 1 128 1 1 (128)
I0923 17:57:14.885974 2173474 net.cpp:139] Memory required for data: 38668
I0923 17:57:14.885975 2173474 layer_factory.hpp:77] Creating layer conv5_3_CPM_conv5_3_CPM_re_0_split
I0923 17:57:14.885979 2173474 net.cpp:86] Creating Layer conv5_3_CPM_conv5_3_CPM_re_0_split
I0923 17:57:14.885980 2173474 net.cpp:408] conv5_3_CPM_conv5_3_CPM_re_0_split <- conv5_3_CPM
I0923 17:57:14.885982 2173474 net.cpp:382] conv5_3_CPM_conv5_3_CPM_re_0_split -> conv5_3_CPM_conv5_3_CPM_re_0_split_0
I0923 17:57:14.885985 2173474 net.cpp:382] conv5_3_CPM_conv5_3_CPM_re_0_split -> conv5_3_CPM_conv5_3_CPM_re_0_split_1
I0923 17:57:14.885987 2173474 net.cpp:382] conv5_3_CPM_conv5_3_CPM_re_0_split -> conv5_3_CPM_conv5_3_CPM_re_0_split_2
I0923 17:57:14.885989 2173474 net.cpp:382] conv5_3_CPM_conv5_3_CPM_re_0_split -> conv5_3_CPM_conv5_3_CPM_re_0_split_3
I0923 17:57:14.885991 2173474 net.cpp:382] conv5_3_CPM_conv5_3_CPM_re_0_split -> conv5_3_CPM_conv5_3_CPM_re_0_split_4
I0923 17:57:14.885993 2173474 net.cpp:382] conv5_3_CPM_conv5_3_CPM_re_0_split -> conv5_3_CPM_conv5_3_CPM_re_0_split_5
I0923 17:57:14.886018 2173474 net.cpp:124] Setting up conv5_3_CPM_conv5_3_CPM_re_0_split
I0923 17:57:14.886019 2173474 net.cpp:131] Top shape: 1 128 1 1 (128)
I0923 17:57:14.886020 2173474 net.cpp:131] Top shape: 1 128 1 1 (128)
I0923 17:57:14.886021 2173474 net.cpp:131] Top shape: 1 128 1 1 (128)
I0923 17:57:14.886022 2173474 net.cpp:131] Top shape: 1 128 1 1 (128)
I0923 17:57:14.886023 2173474 net.cpp:131] Top shape: 1 128 1 1 (128)
I0923 17:57:14.886024 2173474 net.cpp:131] Top shape: 1 128 1 1 (128)
I0923 17:57:14.886026 2173474 net.cpp:139] Memory required for data: 41740
I0923 17:57:14.886027 2173474 layer_factory.hpp:77] Creating layer conv6_1_CPM
I0923 17:57:14.886032 2173474 net.cpp:86] Creating Layer conv6_1_CPM
I0923 17:57:14.886034 2173474 net.cpp:408] conv6_1_CPM <- conv5_3_CPM_conv5_3_CPM_re_0_split_0
I0923 17:57:14.886035 2173474 net.cpp:382] conv6_1_CPM -> conv6_1_CPM
I0923 17:57:14.895560 2173474 net.cpp:124] Setting up conv6_1_CPM
I0923 17:57:14.895565 2173474 net.cpp:131] Top shape: 1 512 1 1 (512)
I0923 17:57:14.895567 2173474 net.cpp:139] Memory required for data: 43788
I0923 17:57:14.895569 2173474 layer_factory.hpp:77] Creating layer conv6_1_CPM_re
I0923 17:57:14.895572 2173474 net.cpp:86] Creating Layer conv6_1_CPM_re
I0923 17:57:14.895574 2173474 net.cpp:408] conv6_1_CPM_re <- conv6_1_CPM
I0923 17:57:14.895576 2173474 net.cpp:369] conv6_1_CPM_re -> conv6_1_CPM (in-place)
I0923 17:57:14.898118 2173474 net.cpp:124] Setting up conv6_1_CPM_re
I0923 17:57:14.898120 2173474 net.cpp:131] Top shape: 1 512 1 1 (512)
I0923 17:57:14.898123 2173474 net.cpp:139] Memory required for data: 45836
I0923 17:57:14.898123 2173474 layer_factory.hpp:77] Creating layer conv6_2_CPM
I0923 17:57:14.898128 2173474 net.cpp:86] Creating Layer conv6_2_CPM
I0923 17:57:14.898128 2173474 net.cpp:408] conv6_2_CPM <- conv6_1_CPM
I0923 17:57:14.898131 2173474 net.cpp:382] conv6_2_CPM -> conv6_2_CPM
I0923 17:57:14.906616 2173474 net.cpp:124] Setting up conv6_2_CPM
I0923 17:57:14.906622 2173474 net.cpp:131] Top shape: 1 71 1 1 (71)
I0923 17:57:14.906625 2173474 net.cpp:139] Memory required for data: 46120
I0923 17:57:14.906627 2173474 layer_factory.hpp:77] Creating layer features_in_stage_2
I0923 17:57:14.906630 2173474 net.cpp:86] Creating Layer features_in_stage_2
I0923 17:57:14.906632 2173474 net.cpp:408] features_in_stage_2 <- conv6_2_CPM
I0923 17:57:14.906634 2173474 net.cpp:408] features_in_stage_2 <- conv5_3_CPM_conv5_3_CPM_re_0_split_1
I0923 17:57:14.906636 2173474 net.cpp:382] features_in_stage_2 -> features_in_stage_2
I0923 17:57:14.906644 2173474 net.cpp:124] Setting up features_in_stage_2
I0923 17:57:14.906646 2173474 net.cpp:131] Top shape: 1 199 1 1 (199)
I0923 17:57:14.906647 2173474 net.cpp:139] Memory required for data: 46916
I0923 17:57:14.906648 2173474 layer_factory.hpp:77] Creating layer Mconv1_stage2
I0923 17:57:14.906651 2173474 net.cpp:86] Creating Layer Mconv1_stage2
I0923 17:57:14.906653 2173474 net.cpp:408] Mconv1_stage2 <- features_in_stage_2
I0923 17:57:14.906656 2173474 net.cpp:382] Mconv1_stage2 -> Mconv1_stage2
I0923 17:57:14.920980 2173474 net.cpp:124] Setting up Mconv1_stage2
I0923 17:57:14.920986 2173474 net.cpp:131] Top shape: 1 128 1 1 (128)
I0923 17:57:14.920989 2173474 net.cpp:139] Memory required for data: 47428
I0923 17:57:14.920990 2173474 layer_factory.hpp:77] Creating layer Mconv1_stage2_re
I0923 17:57:14.920993 2173474 net.cpp:86] Creating Layer Mconv1_stage2_re
I0923 17:57:14.920995 2173474 net.cpp:408] Mconv1_stage2_re <- Mconv1_stage2
I0923 17:57:14.920997 2173474 net.cpp:369] Mconv1_stage2_re -> Mconv1_stage2 (in-place)
I0923 17:57:14.923527 2173474 net.cpp:124] Setting up Mconv1_stage2_re
I0923 17:57:14.923532 2173474 net.cpp:131] Top shape: 1 128 1 1 (128)
I0923 17:57:14.923533 2173474 net.cpp:139] Memory required for data: 47940
I0923 17:57:14.923534 2173474 layer_factory.hpp:77] Creating layer Mconv2_stage2
I0923 17:57:14.923538 2173474 net.cpp:86] Creating Layer Mconv2_stage2
I0923 17:57:14.923539 2173474 net.cpp:408] Mconv2_stage2 <- Mconv1_stage2
I0923 17:57:14.923542 2173474 net.cpp:382] Mconv2_stage2 -> Mconv2_stage2
I0923 17:57:14.935415 2173474 net.cpp:124] Setting up Mconv2_stage2
I0923 17:57:14.935421 2173474 net.cpp:131] Top shape: 1 128 1 1 (128)
I0923 17:57:14.935423 2173474 net.cpp:139] Memory required for data: 48452
I0923 17:57:14.935425 2173474 layer_factory.hpp:77] Creating layer Mconv2_stage2_re
I0923 17:57:14.935428 2173474 net.cpp:86] Creating Layer Mconv2_stage2_re
I0923 17:57:14.935431 2173474 net.cpp:408] Mconv2_stage2_re <- Mconv2_stage2
I0923 17:57:14.935432 2173474 net.cpp:369] Mconv2_stage2_re -> Mconv2_stage2 (in-place)
I0923 17:57:14.937948 2173474 net.cpp:124] Setting up Mconv2_stage2_re
I0923 17:57:14.937951 2173474 net.cpp:131] Top shape: 1 128 1 1 (128)
I0923 17:57:14.937953 2173474 net.cpp:139] Memory required for data: 48964
I0923 17:57:14.937954 2173474 layer_factory.hpp:77] Creating layer Mconv3_stage2
I0923 17:57:14.937958 2173474 net.cpp:86] Creating Layer Mconv3_stage2
I0923 17:57:14.937960 2173474 net.cpp:408] Mconv3_stage2 <- Mconv2_stage2
I0923 17:57:14.937963 2173474 net.cpp:382] Mconv3_stage2 -> Mconv3_stage2
I0923 17:57:14.950778 2173474 net.cpp:124] Setting up Mconv3_stage2
I0923 17:57:14.950783 2173474 net.cpp:131] Top shape: 1 128 1 1 (128)
I0923 17:57:14.950785 2173474 net.cpp:139] Memory required for data: 49476
I0923 17:57:14.950788 2173474 layer_factory.hpp:77] Creating layer Mconv3_stage2_re
I0923 17:57:14.950790 2173474 net.cpp:86] Creating Layer Mconv3_stage2_re
I0923 17:57:14.950793 2173474 net.cpp:408] Mconv3_stage2_re <- Mconv3_stage2
I0923 17:57:14.950794 2173474 net.cpp:369] Mconv3_stage2_re -> Mconv3_stage2 (in-place)
I0923 17:57:14.953306 2173474 net.cpp:124] Setting up Mconv3_stage2_re
I0923 17:57:14.953310 2173474 net.cpp:131] Top shape: 1 128 1 1 (128)
I0923 17:57:14.953311 2173474 net.cpp:139] Memory required for data: 49988
I0923 17:57:14.953312 2173474 layer_factory.hpp:77] Creating layer Mconv4_stage2
I0923 17:57:14.953316 2173474 net.cpp:86] Creating Layer Mconv4_stage2
I0923 17:57:14.953317 2173474 net.cpp:408] Mconv4_stage2 <- Mconv3_stage2
I0923 17:57:14.953320 2173474 net.cpp:382] Mconv4_stage2 -> Mconv4_stage2
I0923 17:57:14.965859 2173474 net.cpp:124] Setting up Mconv4_stage2
I0923 17:57:14.965864 2173474 net.cpp:131] Top shape: 1 128 1 1 (128)
I0923 17:57:14.965866 2173474 net.cpp:139] Memory required for data: 50500
I0923 17:57:14.965869 2173474 layer_factory.hpp:77] Creating layer Mconv4_stage2_re
I0923 17:57:14.965873 2173474 net.cpp:86] Creating Layer Mconv4_stage2_re
I0923 17:57:14.965873 2173474 net.cpp:408] Mconv4_stage2_re <- Mconv4_stage2
I0923 17:57:14.965875 2173474 net.cpp:369] Mconv4_stage2_re -> Mconv4_stage2 (in-place)
I0923 17:57:14.968381 2173474 net.cpp:124] Setting up Mconv4_stage2_re
I0923 17:57:14.968384 2173474 net.cpp:131] Top shape: 1 128 1 1 (128)
I0923 17:57:14.968386 2173474 net.cpp:139] Memory required for data: 51012
I0923 17:57:14.968387 2173474 layer_factory.hpp:77] Creating layer Mconv5_stage2
I0923 17:57:14.968391 2173474 net.cpp:86] Creating Layer Mconv5_stage2
I0923 17:57:14.968393 2173474 net.cpp:408] Mconv5_stage2 <- Mconv4_stage2
I0923 17:57:14.968395 2173474 net.cpp:382] Mconv5_stage2 -> Mconv5_stage2
I0923 17:57:14.980289 2173474 net.cpp:124] Setting up Mconv5_stage2
I0923 17:57:14.980295 2173474 net.cpp:131] Top shape: 1 128 1 1 (128)
I0923 17:57:14.980297 2173474 net.cpp:139] Memory required for data: 51524
I0923 17:57:14.980299 2173474 layer_factory.hpp:77] Creating layer Mconv5_stage2_re
I0923 17:57:14.980302 2173474 net.cpp:86] Creating Layer Mconv5_stage2_re
I0923 17:57:14.980304 2173474 net.cpp:408] Mconv5_stage2_re <- Mconv5_stage2
I0923 17:57:14.980305 2173474 net.cpp:369] Mconv5_stage2_re -> Mconv5_stage2 (in-place)
I0923 17:57:14.982798 2173474 net.cpp:124] Setting up Mconv5_stage2_re
I0923 17:57:14.982801 2173474 net.cpp:131] Top shape: 1 128 1 1 (128)
I0923 17:57:14.982803 2173474 net.cpp:139] Memory required for data: 52036
I0923 17:57:14.982805 2173474 layer_factory.hpp:77] Creating layer Mconv6_stage2
I0923 17:57:14.982808 2173474 net.cpp:86] Creating Layer Mconv6_stage2
I0923 17:57:14.982810 2173474 net.cpp:408] Mconv6_stage2 <- Mconv5_stage2
I0923 17:57:14.982811 2173474 net.cpp:382] Mconv6_stage2 -> Mconv6_stage2
I0923 17:57:14.990759 2173474 net.cpp:124] Setting up Mconv6_stage2
I0923 17:57:14.990764 2173474 net.cpp:131] Top shape: 1 128 1 1 (128)
I0923 17:57:14.990767 2173474 net.cpp:139] Memory required for data: 52548
I0923 17:57:14.990769 2173474 layer_factory.hpp:77] Creating layer Mconv6_stage2_re
I0923 17:57:14.990772 2173474 net.cpp:86] Creating Layer Mconv6_stage2_re
I0923 17:57:14.990773 2173474 net.cpp:408] Mconv6_stage2_re <- Mconv6_stage2
I0923 17:57:14.990775 2173474 net.cpp:369] Mconv6_stage2_re -> Mconv6_stage2 (in-place)
I0923 17:57:14.993429 2173474 net.cpp:124] Setting up Mconv6_stage2_re
I0923 17:57:14.993433 2173474 net.cpp:131] Top shape: 1 128 1 1 (128)
I0923 17:57:14.993435 2173474 net.cpp:139] Memory required for data: 53060
I0923 17:57:14.993436 2173474 layer_factory.hpp:77] Creating layer Mconv7_stage2
I0923 17:57:14.993441 2173474 net.cpp:86] Creating Layer Mconv7_stage2
I0923 17:57:14.993443 2173474 net.cpp:408] Mconv7_stage2 <- Mconv6_stage2
I0923 17:57:14.993445 2173474 net.cpp:382] Mconv7_stage2 -> Mconv7_stage2
I0923 17:57:15.001120 2173474 net.cpp:124] Setting up Mconv7_stage2
I0923 17:57:15.001125 2173474 net.cpp:131] Top shape: 1 71 1 1 (71)
I0923 17:57:15.001127 2173474 net.cpp:139] Memory required for data: 53344
I0923 17:57:15.001129 2173474 layer_factory.hpp:77] Creating layer features_in_stage_3
I0923 17:57:15.001132 2173474 net.cpp:86] Creating Layer features_in_stage_3
I0923 17:57:15.001134 2173474 net.cpp:408] features_in_stage_3 <- Mconv7_stage2
I0923 17:57:15.001137 2173474 net.cpp:408] features_in_stage_3 <- conv5_3_CPM_conv5_3_CPM_re_0_split_2
I0923 17:57:15.001138 2173474 net.cpp:382] features_in_stage_3 -> features_in_stage_3
I0923 17:57:15.001147 2173474 net.cpp:124] Setting up features_in_stage_3
I0923 17:57:15.001148 2173474 net.cpp:131] Top shape: 1 199 1 1 (199)
I0923 17:57:15.001149 2173474 net.cpp:139] Memory required for data: 54140
I0923 17:57:15.001150 2173474 layer_factory.hpp:77] Creating layer Mconv1_stage3
I0923 17:57:15.001154 2173474 net.cpp:86] Creating Layer Mconv1_stage3
I0923 17:57:15.001155 2173474 net.cpp:408] Mconv1_stage3 <- features_in_stage_3
I0923 17:57:15.001157 2173474 net.cpp:382] Mconv1_stage3 -> Mconv1_stage3
I0923 17:57:15.015969 2173474 net.cpp:124] Setting up Mconv1_stage3
I0923 17:57:15.015973 2173474 net.cpp:131] Top shape: 1 128 1 1 (128)
I0923 17:57:15.015975 2173474 net.cpp:139] Memory required for data: 54652
I0923 17:57:15.015978 2173474 layer_factory.hpp:77] Creating layer Mconv1_stage3_re
I0923 17:57:15.015980 2173474 net.cpp:86] Creating Layer Mconv1_stage3_re
I0923 17:57:15.015982 2173474 net.cpp:408] Mconv1_stage3_re <- Mconv1_stage3
I0923 17:57:15.015985 2173474 net.cpp:369] Mconv1_stage3_re -> Mconv1_stage3 (in-place)
I0923 17:57:15.018388 2173474 net.cpp:124] Setting up Mconv1_stage3_re
I0923 17:57:15.018390 2173474 net.cpp:131] Top shape: 1 128 1 1 (128)
I0923 17:57:15.018392 2173474 net.cpp:139] Memory required for data: 55164
I0923 17:57:15.018393 2173474 layer_factory.hpp:77] Creating layer Mconv2_stage3
I0923 17:57:15.018397 2173474 net.cpp:86] Creating Layer Mconv2_stage3
I0923 17:57:15.018399 2173474 net.cpp:408] Mconv2_stage3 <- Mconv1_stage3
I0923 17:57:15.018401 2173474 net.cpp:382] Mconv2_stage3 -> Mconv2_stage3
I0923 17:57:15.031139 2173474 net.cpp:124] Setting up Mconv2_stage3
I0923 17:57:15.031144 2173474 net.cpp:131] Top shape: 1 128 1 1 (128)
I0923 17:57:15.031147 2173474 net.cpp:139] Memory required for data: 55676
I0923 17:57:15.031149 2173474 layer_factory.hpp:77] Creating layer Mconv2_stage3_re
I0923 17:57:15.031152 2173474 net.cpp:86] Creating Layer Mconv2_stage3_re
I0923 17:57:15.031153 2173474 net.cpp:408] Mconv2_stage3_re <- Mconv2_stage3
I0923 17:57:15.031155 2173474 net.cpp:369] Mconv2_stage3_re -> Mconv2_stage3 (in-place)
I0923 17:57:15.033653 2173474 net.cpp:124] Setting up Mconv2_stage3_re
I0923 17:57:15.033655 2173474 net.cpp:131] Top shape: 1 128 1 1 (128)
I0923 17:57:15.033658 2173474 net.cpp:139] Memory required for data: 56188
I0923 17:57:15.033658 2173474 layer_factory.hpp:77] Creating layer Mconv3_stage3
I0923 17:57:15.033663 2173474 net.cpp:86] Creating Layer Mconv3_stage3
I0923 17:57:15.033663 2173474 net.cpp:408] Mconv3_stage3 <- Mconv2_stage3
I0923 17:57:15.033665 2173474 net.cpp:382] Mconv3_stage3 -> Mconv3_stage3
I0923 17:57:15.046567 2173474 net.cpp:124] Setting up Mconv3_stage3
I0923 17:57:15.046572 2173474 net.cpp:131] Top shape: 1 128 1 1 (128)
I0923 17:57:15.046574 2173474 net.cpp:139] Memory required for data: 56700
I0923 17:57:15.046577 2173474 layer_factory.hpp:77] Creating layer Mconv3_stage3_re
I0923 17:57:15.046581 2173474 net.cpp:86] Creating Layer Mconv3_stage3_re
I0923 17:57:15.046581 2173474 net.cpp:408] Mconv3_stage3_re <- Mconv3_stage3
I0923 17:57:15.046583 2173474 net.cpp:369] Mconv3_stage3_re -> Mconv3_stage3 (in-place)
I0923 17:57:15.049117 2173474 net.cpp:124] Setting up Mconv3_stage3_re
I0923 17:57:15.049120 2173474 net.cpp:131] Top shape: 1 128 1 1 (128)
I0923 17:57:15.049122 2173474 net.cpp:139] Memory required for data: 57212
I0923 17:57:15.049124 2173474 layer_factory.hpp:77] Creating layer Mconv4_stage3
I0923 17:57:15.049129 2173474 net.cpp:86] Creating Layer Mconv4_stage3
I0923 17:57:15.049130 2173474 net.cpp:408] Mconv4_stage3 <- Mconv3_stage3
I0923 17:57:15.049134 2173474 net.cpp:382] Mconv4_stage3 -> Mconv4_stage3
I0923 17:57:15.060911 2173474 net.cpp:124] Setting up Mconv4_stage3
I0923 17:57:15.060917 2173474 net.cpp:131] Top shape: 1 128 1 1 (128)
I0923 17:57:15.060920 2173474 net.cpp:139] Memory required for data: 57724
I0923 17:57:15.060921 2173474 layer_factory.hpp:77] Creating layer Mconv4_stage3_re
I0923 17:57:15.060925 2173474 net.cpp:86] Creating Layer Mconv4_stage3_re
I0923 17:57:15.060925 2173474 net.cpp:408] Mconv4_stage3_re <- Mconv4_stage3
I0923 17:57:15.060927 2173474 net.cpp:369] Mconv4_stage3_re -> Mconv4_stage3 (in-place)
I0923 17:57:15.063771 2173474 net.cpp:124] Setting up Mconv4_stage3_re
I0923 17:57:15.063776 2173474 net.cpp:131] Top shape: 1 128 1 1 (128)
I0923 17:57:15.063777 2173474 net.cpp:139] Memory required for data: 58236
I0923 17:57:15.063779 2173474 layer_factory.hpp:77] Creating layer Mconv5_stage3
I0923 17:57:15.063783 2173474 net.cpp:86] Creating Layer Mconv5_stage3
I0923 17:57:15.063784 2173474 net.cpp:408] Mconv5_stage3 <- Mconv4_stage3
I0923 17:57:15.063787 2173474 net.cpp:382] Mconv5_stage3 -> Mconv5_stage3
I0923 17:57:15.075449 2173474 net.cpp:124] Setting up Mconv5_stage3
I0923 17:57:15.075454 2173474 net.cpp:131] Top shape: 1 128 1 1 (128)
I0923 17:57:15.075456 2173474 net.cpp:139] Memory required for data: 58748
I0923 17:57:15.075459 2173474 layer_factory.hpp:77] Creating layer Mconv5_stage3_re
I0923 17:57:15.075461 2173474 net.cpp:86] Creating Layer Mconv5_stage3_re
I0923 17:57:15.075464 2173474 net.cpp:408] Mconv5_stage3_re <- Mconv5_stage3
I0923 17:57:15.075465 2173474 net.cpp:369] Mconv5_stage3_re -> Mconv5_stage3 (in-place)
I0923 17:57:15.078047 2173474 net.cpp:124] Setting up Mconv5_stage3_re
I0923 17:57:15.078050 2173474 net.cpp:131] Top shape: 1 128 1 1 (128)
I0923 17:57:15.078052 2173474 net.cpp:139] Memory required for data: 59260
I0923 17:57:15.078053 2173474 layer_factory.hpp:77] Creating layer Mconv6_stage3
I0923 17:57:15.078058 2173474 net.cpp:86] Creating Layer Mconv6_stage3
I0923 17:57:15.078059 2173474 net.cpp:408] Mconv6_stage3 <- Mconv5_stage3
I0923 17:57:15.078061 2173474 net.cpp:382] Mconv6_stage3 -> Mconv6_stage3
I0923 17:57:15.085773 2173474 net.cpp:124] Setting up Mconv6_stage3
I0923 17:57:15.085778 2173474 net.cpp:131] Top shape: 1 128 1 1 (128)
I0923 17:57:15.085780 2173474 net.cpp:139] Memory required for data: 59772
I0923 17:57:15.085783 2173474 layer_factory.hpp:77] Creating layer Mconv6_stage3_re
I0923 17:57:15.085786 2173474 net.cpp:86] Creating Layer Mconv6_stage3_re
I0923 17:57:15.085788 2173474 net.cpp:408] Mconv6_stage3_re <- Mconv6_stage3
I0923 17:57:15.085789 2173474 net.cpp:369] Mconv6_stage3_re -> Mconv6_stage3 (in-place)
I0923 17:57:15.088914 2173474 net.cpp:124] Setting up Mconv6_stage3_re
I0923 17:57:15.088919 2173474 net.cpp:131] Top shape: 1 128 1 1 (128)
I0923 17:57:15.088922 2173474 net.cpp:139] Memory required for data: 60284
I0923 17:57:15.088922 2173474 layer_factory.hpp:77] Creating layer Mconv7_stage3
I0923 17:57:15.088927 2173474 net.cpp:86] Creating Layer Mconv7_stage3
I0923 17:57:15.088928 2173474 net.cpp:408] Mconv7_stage3 <- Mconv6_stage3
I0923 17:57:15.088930 2173474 net.cpp:382] Mconv7_stage3 -> Mconv7_stage3
I0923 17:57:15.096635 2173474 net.cpp:124] Setting up Mconv7_stage3
I0923 17:57:15.096640 2173474 net.cpp:131] Top shape: 1 71 1 1 (71)
I0923 17:57:15.096642 2173474 net.cpp:139] Memory required for data: 60568
I0923 17:57:15.096644 2173474 layer_factory.hpp:77] Creating layer features_in_stage_4
I0923 17:57:15.096647 2173474 net.cpp:86] Creating Layer features_in_stage_4
I0923 17:57:15.096649 2173474 net.cpp:408] features_in_stage_4 <- Mconv7_stage3
I0923 17:57:15.096652 2173474 net.cpp:408] features_in_stage_4 <- conv5_3_CPM_conv5_3_CPM_re_0_split_3
I0923 17:57:15.096653 2173474 net.cpp:382] features_in_stage_4 -> features_in_stage_4
I0923 17:57:15.096661 2173474 net.cpp:124] Setting up features_in_stage_4
I0923 17:57:15.096662 2173474 net.cpp:131] Top shape: 1 199 1 1 (199)
I0923 17:57:15.096663 2173474 net.cpp:139] Memory required for data: 61364
I0923 17:57:15.096664 2173474 layer_factory.hpp:77] Creating layer Mconv1_stage4
I0923 17:57:15.096669 2173474 net.cpp:86] Creating Layer Mconv1_stage4
I0923 17:57:15.096670 2173474 net.cpp:408] Mconv1_stage4 <- features_in_stage_4
I0923 17:57:15.096673 2173474 net.cpp:382] Mconv1_stage4 -> Mconv1_stage4
I0923 17:57:15.111244 2173474 net.cpp:124] Setting up Mconv1_stage4
I0923 17:57:15.111249 2173474 net.cpp:131] Top shape: 1 128 1 1 (128)
I0923 17:57:15.111251 2173474 net.cpp:139] Memory required for data: 61876
I0923 17:57:15.111254 2173474 layer_factory.hpp:77] Creating layer Mconv1_stage4_re
I0923 17:57:15.111258 2173474 net.cpp:86] Creating Layer Mconv1_stage4_re
I0923 17:57:15.111258 2173474 net.cpp:408] Mconv1_stage4_re <- Mconv1_stage4
I0923 17:57:15.111261 2173474 net.cpp:369] Mconv1_stage4_re -> Mconv1_stage4 (in-place)
I0923 17:57:15.113854 2173474 net.cpp:124] Setting up Mconv1_stage4_re
I0923 17:57:15.113858 2173474 net.cpp:131] Top shape: 1 128 1 1 (128)
I0923 17:57:15.113859 2173474 net.cpp:139] Memory required for data: 62388
I0923 17:57:15.113862 2173474 layer_factory.hpp:77] Creating layer Mconv2_stage4
I0923 17:57:15.113865 2173474 net.cpp:86] Creating Layer Mconv2_stage4
I0923 17:57:15.113866 2173474 net.cpp:408] Mconv2_stage4 <- Mconv1_stage4
I0923 17:57:15.113868 2173474 net.cpp:382] Mconv2_stage4 -> Mconv2_stage4
I0923 17:57:15.126353 2173474 net.cpp:124] Setting up Mconv2_stage4
I0923 17:57:15.126358 2173474 net.cpp:131] Top shape: 1 128 1 1 (128)
I0923 17:57:15.126361 2173474 net.cpp:139] Memory required for data: 62900
I0923 17:57:15.126364 2173474 layer_factory.hpp:77] Creating layer Mconv2_stage4_re
I0923 17:57:15.126368 2173474 net.cpp:86] Creating Layer Mconv2_stage4_re
I0923 17:57:15.126369 2173474 net.cpp:408] Mconv2_stage4_re <- Mconv2_stage4
I0923 17:57:15.126371 2173474 net.cpp:369] Mconv2_stage4_re -> Mconv2_stage4 (in-place)
I0923 17:57:15.128844 2173474 net.cpp:124] Setting up Mconv2_stage4_re
I0923 17:57:15.128847 2173474 net.cpp:131] Top shape: 1 128 1 1 (128)
I0923 17:57:15.128849 2173474 net.cpp:139] Memory required for data: 63412
I0923 17:57:15.128850 2173474 layer_factory.hpp:77] Creating layer Mconv3_stage4
I0923 17:57:15.128854 2173474 net.cpp:86] Creating Layer Mconv3_stage4
I0923 17:57:15.128856 2173474 net.cpp:408] Mconv3_stage4 <- Mconv2_stage4
I0923 17:57:15.128858 2173474 net.cpp:382] Mconv3_stage4 -> Mconv3_stage4
I0923 17:57:15.140599 2173474 net.cpp:124] Setting up Mconv3_stage4
I0923 17:57:15.140604 2173474 net.cpp:131] Top shape: 1 128 1 1 (128)
I0923 17:57:15.140605 2173474 net.cpp:139] Memory required for data: 63924
I0923 17:57:15.140609 2173474 layer_factory.hpp:77] Creating layer Mconv3_stage4_re
I0923 17:57:15.140611 2173474 net.cpp:86] Creating Layer Mconv3_stage4_re
I0923 17:57:15.140612 2173474 net.cpp:408] Mconv3_stage4_re <- Mconv3_stage4
I0923 17:57:15.140614 2173474 net.cpp:369] Mconv3_stage4_re -> Mconv3_stage4 (in-place)
I0923 17:57:15.143262 2173474 net.cpp:124] Setting up Mconv3_stage4_re
I0923 17:57:15.143266 2173474 net.cpp:131] Top shape: 1 128 1 1 (128)
I0923 17:57:15.143268 2173474 net.cpp:139] Memory required for data: 64436
I0923 17:57:15.143270 2173474 layer_factory.hpp:77] Creating layer Mconv4_stage4
I0923 17:57:15.143273 2173474 net.cpp:86] Creating Layer Mconv4_stage4
I0923 17:57:15.143275 2173474 net.cpp:408] Mconv4_stage4 <- Mconv3_stage4
I0923 17:57:15.143277 2173474 net.cpp:382] Mconv4_stage4 -> Mconv4_stage4
I0923 17:57:15.158833 2173474 net.cpp:124] Setting up Mconv4_stage4
I0923 17:57:15.158838 2173474 net.cpp:131] Top shape: 1 128 1 1 (128)
I0923 17:57:15.158840 2173474 net.cpp:139] Memory required for data: 64948
I0923 17:57:15.158843 2173474 layer_factory.hpp:77] Creating layer Mconv4_stage4_re
I0923 17:57:15.158846 2173474 net.cpp:86] Creating Layer Mconv4_stage4_re
I0923 17:57:15.158847 2173474 net.cpp:408] Mconv4_stage4_re <- Mconv4_stage4
I0923 17:57:15.158849 2173474 net.cpp:369] Mconv4_stage4_re -> Mconv4_stage4 (in-place)
I0923 17:57:15.161427 2173474 net.cpp:124] Setting up Mconv4_stage4_re
I0923 17:57:15.161430 2173474 net.cpp:131] Top shape: 1 128 1 1 (128)
I0923 17:57:15.161432 2173474 net.cpp:139] Memory required for data: 65460
I0923 17:57:15.161433 2173474 layer_factory.hpp:77] Creating layer Mconv5_stage4
I0923 17:57:15.161437 2173474 net.cpp:86] Creating Layer Mconv5_stage4
I0923 17:57:15.161438 2173474 net.cpp:408] Mconv5_stage4 <- Mconv4_stage4
I0923 17:57:15.161441 2173474 net.cpp:382] Mconv5_stage4 -> Mconv5_stage4
I0923 17:57:15.173563 2173474 net.cpp:124] Setting up Mconv5_stage4
I0923 17:57:15.173568 2173474 net.cpp:131] Top shape: 1 128 1 1 (128)
I0923 17:57:15.173570 2173474 net.cpp:139] Memory required for data: 65972
I0923 17:57:15.173573 2173474 layer_factory.hpp:77] Creating layer Mconv5_stage4_re
I0923 17:57:15.173576 2173474 net.cpp:86] Creating Layer Mconv5_stage4_re
I0923 17:57:15.173578 2173474 net.cpp:408] Mconv5_stage4_re <- Mconv5_stage4
I0923 17:57:15.173579 2173474 net.cpp:369] Mconv5_stage4_re -> Mconv5_stage4 (in-place)
I0923 17:57:15.176244 2173474 net.cpp:124] Setting up Mconv5_stage4_re
I0923 17:57:15.176247 2173474 net.cpp:131] Top shape: 1 128 1 1 (128)
I0923 17:57:15.176249 2173474 net.cpp:139] Memory required for data: 66484
I0923 17:57:15.176250 2173474 layer_factory.hpp:77] Creating layer Mconv6_stage4
I0923 17:57:15.176254 2173474 net.cpp:86] Creating Layer Mconv6_stage4
I0923 17:57:15.176256 2173474 net.cpp:408] Mconv6_stage4 <- Mconv5_stage4
I0923 17:57:15.176258 2173474 net.cpp:382] Mconv6_stage4 -> Mconv6_stage4
I0923 17:57:15.184010 2173474 net.cpp:124] Setting up Mconv6_stage4
I0923 17:57:15.184015 2173474 net.cpp:131] Top shape: 1 128 1 1 (128)
I0923 17:57:15.184016 2173474 net.cpp:139] Memory required for data: 66996
I0923 17:57:15.184018 2173474 layer_factory.hpp:77] Creating layer Mconv6_stage4_re
I0923 17:57:15.184020 2173474 net.cpp:86] Creating Layer Mconv6_stage4_re
I0923 17:57:15.184022 2173474 net.cpp:408] Mconv6_stage4_re <- Mconv6_stage4
I0923 17:57:15.184024 2173474 net.cpp:369] Mconv6_stage4_re -> Mconv6_stage4 (in-place)
I0923 17:57:15.186805 2173474 net.cpp:124] Setting up Mconv6_stage4_re
I0923 17:57:15.186810 2173474 net.cpp:131] Top shape: 1 128 1 1 (128)
I0923 17:57:15.186811 2173474 net.cpp:139] Memory required for data: 67508
I0923 17:57:15.186812 2173474 layer_factory.hpp:77] Creating layer Mconv7_stage4
I0923 17:57:15.186816 2173474 net.cpp:86] Creating Layer Mconv7_stage4
I0923 17:57:15.186818 2173474 net.cpp:408] Mconv7_stage4 <- Mconv6_stage4
I0923 17:57:15.186820 2173474 net.cpp:382] Mconv7_stage4 -> Mconv7_stage4
I0923 17:57:15.194340 2173474 net.cpp:124] Setting up Mconv7_stage4
I0923 17:57:15.194345 2173474 net.cpp:131] Top shape: 1 71 1 1 (71)
I0923 17:57:15.194347 2173474 net.cpp:139] Memory required for data: 67792
I0923 17:57:15.194350 2173474 layer_factory.hpp:77] Creating layer features_in_stage_5
I0923 17:57:15.194352 2173474 net.cpp:86] Creating Layer features_in_stage_5
I0923 17:57:15.194355 2173474 net.cpp:408] features_in_stage_5 <- Mconv7_stage4
I0923 17:57:15.194356 2173474 net.cpp:408] features_in_stage_5 <- conv5_3_CPM_conv5_3_CPM_re_0_split_4
I0923 17:57:15.194358 2173474 net.cpp:382] features_in_stage_5 -> features_in_stage_5
I0923 17:57:15.194366 2173474 net.cpp:124] Setting up features_in_stage_5
I0923 17:57:15.194367 2173474 net.cpp:131] Top shape: 1 199 1 1 (199)
I0923 17:57:15.194368 2173474 net.cpp:139] Memory required for data: 68588
I0923 17:57:15.194370 2173474 layer_factory.hpp:77] Creating layer Mconv1_stage5
I0923 17:57:15.194373 2173474 net.cpp:86] Creating Layer Mconv1_stage5
I0923 17:57:15.194375 2173474 net.cpp:408] Mconv1_stage5 <- features_in_stage_5
I0923 17:57:15.194376 2173474 net.cpp:382] Mconv1_stage5 -> Mconv1_stage5
I0923 17:57:15.208823 2173474 net.cpp:124] Setting up Mconv1_stage5
I0923 17:57:15.208828 2173474 net.cpp:131] Top shape: 1 128 1 1 (128)
I0923 17:57:15.208830 2173474 net.cpp:139] Memory required for data: 69100
I0923 17:57:15.208832 2173474 layer_factory.hpp:77] Creating layer Mconv1_stage5_re
I0923 17:57:15.208837 2173474 net.cpp:86] Creating Layer Mconv1_stage5_re
I0923 17:57:15.208837 2173474 net.cpp:408] Mconv1_stage5_re <- Mconv1_stage5
I0923 17:57:15.208839 2173474 net.cpp:369] Mconv1_stage5_re -> Mconv1_stage5 (in-place)
I0923 17:57:15.211551 2173474 net.cpp:124] Setting up Mconv1_stage5_re
I0923 17:57:15.211555 2173474 net.cpp:131] Top shape: 1 128 1 1 (128)
I0923 17:57:15.211557 2173474 net.cpp:139] Memory required for data: 69612
I0923 17:57:15.211558 2173474 layer_factory.hpp:77] Creating layer Mconv2_stage5
I0923 17:57:15.211563 2173474 net.cpp:86] Creating Layer Mconv2_stage5
I0923 17:57:15.211565 2173474 net.cpp:408] Mconv2_stage5 <- Mconv1_stage5
I0923 17:57:15.211567 2173474 net.cpp:382] Mconv2_stage5 -> Mconv2_stage5
I0923 17:57:15.223270 2173474 net.cpp:124] Setting up Mconv2_stage5
I0923 17:57:15.223275 2173474 net.cpp:131] Top shape: 1 128 1 1 (128)
I0923 17:57:15.223278 2173474 net.cpp:139] Memory required for data: 70124
I0923 17:57:15.223280 2173474 layer_factory.hpp:77] Creating layer Mconv2_stage5_re
I0923 17:57:15.223284 2173474 net.cpp:86] Creating Layer Mconv2_stage5_re
I0923 17:57:15.223284 2173474 net.cpp:408] Mconv2_stage5_re <- Mconv2_stage5
I0923 17:57:15.223286 2173474 net.cpp:369] Mconv2_stage5_re -> Mconv2_stage5 (in-place)
I0923 17:57:15.226583 2173474 net.cpp:124] Setting up Mconv2_stage5_re
I0923 17:57:15.226588 2173474 net.cpp:131] Top shape: 1 128 1 1 (128)
I0923 17:57:15.226588 2173474 net.cpp:139] Memory required for data: 70636
I0923 17:57:15.226589 2173474 layer_factory.hpp:77] Creating layer Mconv3_stage5
I0923 17:57:15.226594 2173474 net.cpp:86] Creating Layer Mconv3_stage5
I0923 17:57:15.226595 2173474 net.cpp:408] Mconv3_stage5 <- Mconv2_stage5
I0923 17:57:15.226598 2173474 net.cpp:382] Mconv3_stage5 -> Mconv3_stage5
I0923 17:57:15.238013 2173474 net.cpp:124] Setting up Mconv3_stage5
I0923 17:57:15.238018 2173474 net.cpp:131] Top shape: 1 128 1 1 (128)
I0923 17:57:15.238020 2173474 net.cpp:139] Memory required for data: 71148
I0923 17:57:15.238022 2173474 layer_factory.hpp:77] Creating layer Mconv3_stage5_re
I0923 17:57:15.238025 2173474 net.cpp:86] Creating Layer Mconv3_stage5_re
I0923 17:57:15.238027 2173474 net.cpp:408] Mconv3_stage5_re <- Mconv3_stage5
I0923 17:57:15.238029 2173474 net.cpp:369] Mconv3_stage5_re -> Mconv3_stage5 (in-place)
I0923 17:57:15.240796 2173474 net.cpp:124] Setting up Mconv3_stage5_re
I0923 17:57:15.240801 2173474 net.cpp:131] Top shape: 1 128 1 1 (128)
I0923 17:57:15.240803 2173474 net.cpp:139] Memory required for data: 71660
I0923 17:57:15.240804 2173474 layer_factory.hpp:77] Creating layer Mconv4_stage5
I0923 17:57:15.240809 2173474 net.cpp:86] Creating Layer Mconv4_stage5
I0923 17:57:15.240811 2173474 net.cpp:408] Mconv4_stage5 <- Mconv3_stage5
I0923 17:57:15.240813 2173474 net.cpp:382] Mconv4_stage5 -> Mconv4_stage5
I0923 17:57:15.253499 2173474 net.cpp:124] Setting up Mconv4_stage5
I0923 17:57:15.253505 2173474 net.cpp:131] Top shape: 1 128 1 1 (128)
I0923 17:57:15.253507 2173474 net.cpp:139] Memory required for data: 72172
I0923 17:57:15.253509 2173474 layer_factory.hpp:77] Creating layer Mconv4_stage5_re
I0923 17:57:15.253512 2173474 net.cpp:86] Creating Layer Mconv4_stage5_re
I0923 17:57:15.253513 2173474 net.cpp:408] Mconv4_stage5_re <- Mconv4_stage5
I0923 17:57:15.253515 2173474 net.cpp:369] Mconv4_stage5_re -> Mconv4_stage5 (in-place)
I0923 17:57:15.256311 2173474 net.cpp:124] Setting up Mconv4_stage5_re
I0923 17:57:15.256315 2173474 net.cpp:131] Top shape: 1 128 1 1 (128)
I0923 17:57:15.256317 2173474 net.cpp:139] Memory required for data: 72684
I0923 17:57:15.256318 2173474 layer_factory.hpp:77] Creating layer Mconv5_stage5
I0923 17:57:15.256323 2173474 net.cpp:86] Creating Layer Mconv5_stage5
I0923 17:57:15.256325 2173474 net.cpp:408] Mconv5_stage5 <- Mconv4_stage5
I0923 17:57:15.256326 2173474 net.cpp:382] Mconv5_stage5 -> Mconv5_stage5
I0923 17:57:15.267990 2173474 net.cpp:124] Setting up Mconv5_stage5
I0923 17:57:15.267997 2173474 net.cpp:131] Top shape: 1 128 1 1 (128)
I0923 17:57:15.267998 2173474 net.cpp:139] Memory required for data: 73196
I0923 17:57:15.268000 2173474 layer_factory.hpp:77] Creating layer Mconv5_stage5_re
I0923 17:57:15.268003 2173474 net.cpp:86] Creating Layer Mconv5_stage5_re
I0923 17:57:15.268005 2173474 net.cpp:408] Mconv5_stage5_re <- Mconv5_stage5
I0923 17:57:15.268007 2173474 net.cpp:369] Mconv5_stage5_re -> Mconv5_stage5 (in-place)
I0923 17:57:15.270707 2173474 net.cpp:124] Setting up Mconv5_stage5_re
I0923 17:57:15.270711 2173474 net.cpp:131] Top shape: 1 128 1 1 (128)
I0923 17:57:15.270713 2173474 net.cpp:139] Memory required for data: 73708
I0923 17:57:15.270714 2173474 layer_factory.hpp:77] Creating layer Mconv6_stage5
I0923 17:57:15.270720 2173474 net.cpp:86] Creating Layer Mconv6_stage5
I0923 17:57:15.270720 2173474 net.cpp:408] Mconv6_stage5 <- Mconv5_stage5
I0923 17:57:15.270722 2173474 net.cpp:382] Mconv6_stage5 -> Mconv6_stage5
I0923 17:57:15.278602 2173474 net.cpp:124] Setting up Mconv6_stage5
I0923 17:57:15.278609 2173474 net.cpp:131] Top shape: 1 128 1 1 (128)
I0923 17:57:15.278610 2173474 net.cpp:139] Memory required for data: 74220
I0923 17:57:15.278612 2173474 layer_factory.hpp:77] Creating layer Mconv6_stage5_re
I0923 17:57:15.278615 2173474 net.cpp:86] Creating Layer Mconv6_stage5_re
I0923 17:57:15.278617 2173474 net.cpp:408] Mconv6_stage5_re <- Mconv6_stage5
I0923 17:57:15.278620 2173474 net.cpp:369] Mconv6_stage5_re -> Mconv6_stage5 (in-place)
I0923 17:57:15.281114 2173474 net.cpp:124] Setting up Mconv6_stage5_re
I0923 17:57:15.281117 2173474 net.cpp:131] Top shape: 1 128 1 1 (128)
I0923 17:57:15.281119 2173474 net.cpp:139] Memory required for data: 74732
I0923 17:57:15.281121 2173474 layer_factory.hpp:77] Creating layer Mconv7_stage5
I0923 17:57:15.281124 2173474 net.cpp:86] Creating Layer Mconv7_stage5
I0923 17:57:15.281126 2173474 net.cpp:408] Mconv7_stage5 <- Mconv6_stage5
I0923 17:57:15.281127 2173474 net.cpp:382] Mconv7_stage5 -> Mconv7_stage5
I0923 17:57:15.288872 2173474 net.cpp:124] Setting up Mconv7_stage5
I0923 17:57:15.288877 2173474 net.cpp:131] Top shape: 1 71 1 1 (71)
I0923 17:57:15.288878 2173474 net.cpp:139] Memory required for data: 75016
I0923 17:57:15.288880 2173474 layer_factory.hpp:77] Creating layer features_in_stage_6
I0923 17:57:15.288883 2173474 net.cpp:86] Creating Layer features_in_stage_6
I0923 17:57:15.288885 2173474 net.cpp:408] features_in_stage_6 <- Mconv7_stage5
I0923 17:57:15.288887 2173474 net.cpp:408] features_in_stage_6 <- conv5_3_CPM_conv5_3_CPM_re_0_split_5
I0923 17:57:15.288888 2173474 net.cpp:382] features_in_stage_6 -> features_in_stage_6
I0923 17:57:15.288897 2173474 net.cpp:124] Setting up features_in_stage_6
I0923 17:57:15.288899 2173474 net.cpp:131] Top shape: 1 199 1 1 (199)
I0923 17:57:15.288900 2173474 net.cpp:139] Memory required for data: 75812
I0923 17:57:15.288901 2173474 layer_factory.hpp:77] Creating layer Mconv1_stage6
I0923 17:57:15.288905 2173474 net.cpp:86] Creating Layer Mconv1_stage6
I0923 17:57:15.288906 2173474 net.cpp:408] Mconv1_stage6 <- features_in_stage_6
I0923 17:57:15.288908 2173474 net.cpp:382] Mconv1_stage6 -> Mconv1_stage6
I0923 17:57:15.302938 2173474 net.cpp:124] Setting up Mconv1_stage6
I0923 17:57:15.302943 2173474 net.cpp:131] Top shape: 1 128 1 1 (128)
I0923 17:57:15.302946 2173474 net.cpp:139] Memory required for data: 76324
I0923 17:57:15.302948 2173474 layer_factory.hpp:77] Creating layer Mconv1_stage6_re
I0923 17:57:15.302951 2173474 net.cpp:86] Creating Layer Mconv1_stage6_re
I0923 17:57:15.302953 2173474 net.cpp:408] Mconv1_stage6_re <- Mconv1_stage6
I0923 17:57:15.302954 2173474 net.cpp:369] Mconv1_stage6_re -> Mconv1_stage6 (in-place)
I0923 17:57:15.306255 2173474 net.cpp:124] Setting up Mconv1_stage6_re
I0923 17:57:15.306259 2173474 net.cpp:131] Top shape: 1 128 1 1 (128)
I0923 17:57:15.306262 2173474 net.cpp:139] Memory required for data: 76836
I0923 17:57:15.306262 2173474 layer_factory.hpp:77] Creating layer Mconv2_stage6
I0923 17:57:15.306267 2173474 net.cpp:86] Creating Layer Mconv2_stage6
I0923 17:57:15.306267 2173474 net.cpp:408] Mconv2_stage6 <- Mconv1_stage6
I0923 17:57:15.306270 2173474 net.cpp:382] Mconv2_stage6 -> Mconv2_stage6
I0923 17:57:15.318032 2173474 net.cpp:124] Setting up Mconv2_stage6
I0923 17:57:15.318037 2173474 net.cpp:131] Top shape: 1 128 1 1 (128)
I0923 17:57:15.318038 2173474 net.cpp:139] Memory required for data: 77348
I0923 17:57:15.318041 2173474 layer_factory.hpp:77] Creating layer Mconv2_stage6_re
I0923 17:57:15.318044 2173474 net.cpp:86] Creating Layer Mconv2_stage6_re
I0923 17:57:15.318045 2173474 net.cpp:408] Mconv2_stage6_re <- Mconv2_stage6
I0923 17:57:15.318048 2173474 net.cpp:369] Mconv2_stage6_re -> Mconv2_stage6 (in-place)
I0923 17:57:15.320741 2173474 net.cpp:124] Setting up Mconv2_stage6_re
I0923 17:57:15.320745 2173474 net.cpp:131] Top shape: 1 128 1 1 (128)
I0923 17:57:15.320747 2173474 net.cpp:139] Memory required for data: 77860
I0923 17:57:15.320748 2173474 layer_factory.hpp:77] Creating layer Mconv3_stage6
I0923 17:57:15.320752 2173474 net.cpp:86] Creating Layer Mconv3_stage6
I0923 17:57:15.320753 2173474 net.cpp:408] Mconv3_stage6 <- Mconv2_stage6
I0923 17:57:15.320755 2173474 net.cpp:382] Mconv3_stage6 -> Mconv3_stage6
I0923 17:57:15.332978 2173474 net.cpp:124] Setting up Mconv3_stage6
I0923 17:57:15.332983 2173474 net.cpp:131] Top shape: 1 128 1 1 (128)
I0923 17:57:15.332984 2173474 net.cpp:139] Memory required for data: 78372
I0923 17:57:15.332988 2173474 layer_factory.hpp:77] Creating layer Mconv3_stage6_re
I0923 17:57:15.332990 2173474 net.cpp:86] Creating Layer Mconv3_stage6_re
I0923 17:57:15.332991 2173474 net.cpp:408] Mconv3_stage6_re <- Mconv3_stage6
I0923 17:57:15.332993 2173474 net.cpp:369] Mconv3_stage6_re -> Mconv3_stage6 (in-place)
I0923 17:57:15.335705 2173474 net.cpp:124] Setting up Mconv3_stage6_re
I0923 17:57:15.335709 2173474 net.cpp:131] Top shape: 1 128 1 1 (128)
I0923 17:57:15.335711 2173474 net.cpp:139] Memory required for data: 78884
I0923 17:57:15.335712 2173474 layer_factory.hpp:77] Creating layer Mconv4_stage6
I0923 17:57:15.335717 2173474 net.cpp:86] Creating Layer Mconv4_stage6
I0923 17:57:15.335718 2173474 net.cpp:408] Mconv4_stage6 <- Mconv3_stage6
I0923 17:57:15.335721 2173474 net.cpp:382] Mconv4_stage6 -> Mconv4_stage6
I0923 17:57:15.348313 2173474 net.cpp:124] Setting up Mconv4_stage6
I0923 17:57:15.348320 2173474 net.cpp:131] Top shape: 1 128 1 1 (128)
I0923 17:57:15.348321 2173474 net.cpp:139] Memory required for data: 79396
I0923 17:57:15.348323 2173474 layer_factory.hpp:77] Creating layer Mconv4_stage6_re
I0923 17:57:15.348326 2173474 net.cpp:86] Creating Layer Mconv4_stage6_re
I0923 17:57:15.348328 2173474 net.cpp:408] Mconv4_stage6_re <- Mconv4_stage6
I0923 17:57:15.348330 2173474 net.cpp:369] Mconv4_stage6_re -> Mconv4_stage6 (in-place)
I0923 17:57:15.351114 2173474 net.cpp:124] Setting up Mconv4_stage6_re
I0923 17:57:15.351118 2173474 net.cpp:131] Top shape: 1 128 1 1 (128)
I0923 17:57:15.351119 2173474 net.cpp:139] Memory required for data: 79908
I0923 17:57:15.351121 2173474 layer_factory.hpp:77] Creating layer Mconv5_stage6
I0923 17:57:15.351125 2173474 net.cpp:86] Creating Layer Mconv5_stage6
I0923 17:57:15.351126 2173474 net.cpp:408] Mconv5_stage6 <- Mconv4_stage6
I0923 17:57:15.351128 2173474 net.cpp:382] Mconv5_stage6 -> Mconv5_stage6
I0923 17:57:15.362847 2173474 net.cpp:124] Setting up Mconv5_stage6
I0923 17:57:15.362852 2173474 net.cpp:131] Top shape: 1 128 1 1 (128)
I0923 17:57:15.362854 2173474 net.cpp:139] Memory required for data: 80420
I0923 17:57:15.362857 2173474 layer_factory.hpp:77] Creating layer Mconv5_stage6_re
I0923 17:57:15.362860 2173474 net.cpp:86] Creating Layer Mconv5_stage6_re
I0923 17:57:15.362861 2173474 net.cpp:408] Mconv5_stage6_re <- Mconv5_stage6
I0923 17:57:15.362864 2173474 net.cpp:369] Mconv5_stage6_re -> Mconv5_stage6 (in-place)
I0923 17:57:15.366083 2173474 net.cpp:124] Setting up Mconv5_stage6_re
I0923 17:57:15.366086 2173474 net.cpp:131] Top shape: 1 128 1 1 (128)
I0923 17:57:15.366088 2173474 net.cpp:139] Memory required for data: 80932
I0923 17:57:15.366089 2173474 layer_factory.hpp:77] Creating layer Mconv6_stage6
I0923 17:57:15.366094 2173474 net.cpp:86] Creating Layer Mconv6_stage6
I0923 17:57:15.366096 2173474 net.cpp:408] Mconv6_stage6 <- Mconv5_stage6
I0923 17:57:15.366097 2173474 net.cpp:382] Mconv6_stage6 -> Mconv6_stage6
I0923 17:57:15.373836 2173474 net.cpp:124] Setting up Mconv6_stage6
I0923 17:57:15.373842 2173474 net.cpp:131] Top shape: 1 128 1 1 (128)
I0923 17:57:15.373843 2173474 net.cpp:139] Memory required for data: 81444
I0923 17:57:15.373845 2173474 layer_factory.hpp:77] Creating layer Mconv6_stage6_re
I0923 17:57:15.373848 2173474 net.cpp:86] Creating Layer Mconv6_stage6_re
I0923 17:57:15.373850 2173474 net.cpp:408] Mconv6_stage6_re <- Mconv6_stage6
I0923 17:57:15.373852 2173474 net.cpp:369] Mconv6_stage6_re -> Mconv6_stage6 (in-place)
I0923 17:57:15.376380 2173474 net.cpp:124] Setting up Mconv6_stage6_re
I0923 17:57:15.376384 2173474 net.cpp:131] Top shape: 1 128 1 1 (128)
I0923 17:57:15.376385 2173474 net.cpp:139] Memory required for data: 81956
I0923 17:57:15.376386 2173474 layer_factory.hpp:77] Creating layer Mconv7_stage6
I0923 17:57:15.376389 2173474 net.cpp:86] Creating Layer Mconv7_stage6
I0923 17:57:15.376391 2173474 net.cpp:408] Mconv7_stage6 <- Mconv6_stage6
I0923 17:57:15.376394 2173474 net.cpp:382] Mconv7_stage6 -> net_output
I0923 17:57:15.384330 2173474 net.cpp:124] Setting up Mconv7_stage6
I0923 17:57:15.384335 2173474 net.cpp:131] Top shape: 1 71 1 1 (71)
I0923 17:57:15.384337 2173474 net.cpp:139] Memory required for data: 82240
I0923 17:57:15.384341 2173474 net.cpp:202] Mconv7_stage6 does not need backward computation.
I0923 17:57:15.384341 2173474 net.cpp:202] Mconv6_stage6_re does not need backward computation.
I0923 17:57:15.384342 2173474 net.cpp:202] Mconv6_stage6 does not need backward computation.
I0923 17:57:15.384343 2173474 net.cpp:202] Mconv5_stage6_re does not need backward computation.
I0923 17:57:15.384344 2173474 net.cpp:202] Mconv5_stage6 does not need backward computation.
I0923 17:57:15.384346 2173474 net.cpp:202] Mconv4_stage6_re does not need backward computation.
I0923 17:57:15.384346 2173474 net.cpp:202] Mconv4_stage6 does not need backward computation.
I0923 17:57:15.384347 2173474 net.cpp:202] Mconv3_stage6_re does not need backward computation.
I0923 17:57:15.384348 2173474 net.cpp:202] Mconv3_stage6 does not need backward computation.
I0923 17:57:15.384351 2173474 net.cpp:202] Mconv2_stage6_re does not need backward computation.
I0923 17:57:15.384351 2173474 net.cpp:202] Mconv2_stage6 does not need backward computation.
I0923 17:57:15.384352 2173474 net.cpp:202] Mconv1_stage6_re does not need backward computation.
I0923 17:57:15.384353 2173474 net.cpp:202] Mconv1_stage6 does not need backward computation.
I0923 17:57:15.384354 2173474 net.cpp:202] features_in_stage_6 does not need backward computation.
I0923 17:57:15.384356 2173474 net.cpp:202] Mconv7_stage5 does not need backward computation.
I0923 17:57:15.384357 2173474 net.cpp:202] Mconv6_stage5_re does not need backward computation.
I0923 17:57:15.384358 2173474 net.cpp:202] Mconv6_stage5 does not need backward computation.
I0923 17:57:15.384359 2173474 net.cpp:202] Mconv5_stage5_re does not need backward computation.
I0923 17:57:15.384361 2173474 net.cpp:202] Mconv5_stage5 does not need backward computation.
I0923 17:57:15.384361 2173474 net.cpp:202] Mconv4_stage5_re does not need backward computation.
I0923 17:57:15.384362 2173474 net.cpp:202] Mconv4_stage5 does not need backward computation.
I0923 17:57:15.384363 2173474 net.cpp:202] Mconv3_stage5_re does not need backward computation.
I0923 17:57:15.384364 2173474 net.cpp:202] Mconv3_stage5 does not need backward computation.
I0923 17:57:15.384366 2173474 net.cpp:202] Mconv2_stage5_re does not need backward computation.
I0923 17:57:15.384367 2173474 net.cpp:202] Mconv2_stage5 does not need backward computation.
I0923 17:57:15.384368 2173474 net.cpp:202] Mconv1_stage5_re does not need backward computation.
I0923 17:57:15.384369 2173474 net.cpp:202] Mconv1_stage5 does not need backward computation.
I0923 17:57:15.384370 2173474 net.cpp:202] features_in_stage_5 does not need backward computation.
I0923 17:57:15.384372 2173474 net.cpp:202] Mconv7_stage4 does not need backward computation.
I0923 17:57:15.384373 2173474 net.cpp:202] Mconv6_stage4_re does not need backward computation.
I0923 17:57:15.384375 2173474 net.cpp:202] Mconv6_stage4 does not need backward computation.
I0923 17:57:15.384377 2173474 net.cpp:202] Mconv5_stage4_re does not need backward computation.
I0923 17:57:15.384377 2173474 net.cpp:202] Mconv5_stage4 does not need backward computation.
I0923 17:57:15.384378 2173474 net.cpp:202] Mconv4_stage4_re does not need backward computation.
I0923 17:57:15.384379 2173474 net.cpp:202] Mconv4_stage4 does not need backward computation.
I0923 17:57:15.384380 2173474 net.cpp:202] Mconv3_stage4_re does not need backward computation.
I0923 17:57:15.384382 2173474 net.cpp:202] Mconv3_stage4 does not need backward computation.
I0923 17:57:15.384383 2173474 net.cpp:202] Mconv2_stage4_re does not need backward computation.
I0923 17:57:15.384384 2173474 net.cpp:202] Mconv2_stage4 does not need backward computation.
I0923 17:57:15.384385 2173474 net.cpp:202] Mconv1_stage4_re does not need backward computation.
I0923 17:57:15.384387 2173474 net.cpp:202] Mconv1_stage4 does not need backward computation.
I0923 17:57:15.384387 2173474 net.cpp:202] features_in_stage_4 does not need backward computation.
I0923 17:57:15.384389 2173474 net.cpp:202] Mconv7_stage3 does not need backward computation.
I0923 17:57:15.384390 2173474 net.cpp:202] Mconv6_stage3_re does not need backward computation.
I0923 17:57:15.384392 2173474 net.cpp:202] Mconv6_stage3 does not need backward computation.
I0923 17:57:15.384392 2173474 net.cpp:202] Mconv5_stage3_re does not need backward computation.
I0923 17:57:15.384393 2173474 net.cpp:202] Mconv5_stage3 does not need backward computation.
I0923 17:57:15.384395 2173474 net.cpp:202] Mconv4_stage3_re does not need backward computation.
I0923 17:57:15.384397 2173474 net.cpp:202] Mconv4_stage3 does not need backward computation.
I0923 17:57:15.384397 2173474 net.cpp:202] Mconv3_stage3_re does not need backward computation.
I0923 17:57:15.384398 2173474 net.cpp:202] Mconv3_stage3 does not need backward computation.
I0923 17:57:15.384399 2173474 net.cpp:202] Mconv2_stage3_re does not need backward computation.
I0923 17:57:15.384402 2173474 net.cpp:202] Mconv2_stage3 does not need backward computation.
I0923 17:57:15.384403 2173474 net.cpp:202] Mconv1_stage3_re does not need backward computation.
I0923 17:57:15.384404 2173474 net.cpp:202] Mconv1_stage3 does not need backward computation.
I0923 17:57:15.384406 2173474 net.cpp:202] features_in_stage_3 does not need backward computation.
I0923 17:57:15.384407 2173474 net.cpp:202] Mconv7_stage2 does not need backward computation.
I0923 17:57:15.384409 2173474 net.cpp:202] Mconv6_stage2_re does not need backward computation.
I0923 17:57:15.384410 2173474 net.cpp:202] Mconv6_stage2 does not need backward computation.
I0923 17:57:15.384411 2173474 net.cpp:202] Mconv5_stage2_re does not need backward computation.
I0923 17:57:15.384413 2173474 net.cpp:202] Mconv5_stage2 does not need backward computation.
I0923 17:57:15.384414 2173474 net.cpp:202] Mconv4_stage2_re does not need backward computation.
I0923 17:57:15.384415 2173474 net.cpp:202] Mconv4_stage2 does not need backward computation.
I0923 17:57:15.384416 2173474 net.cpp:202] Mconv3_stage2_re does not need backward computation.
I0923 17:57:15.384418 2173474 net.cpp:202] Mconv3_stage2 does not need backward computation.
I0923 17:57:15.384419 2173474 net.cpp:202] Mconv2_stage2_re does not need backward computation.
I0923 17:57:15.384421 2173474 net.cpp:202] Mconv2_stage2 does not need backward computation.
I0923 17:57:15.384423 2173474 net.cpp:202] Mconv1_stage2_re does not need backward computation.
I0923 17:57:15.384423 2173474 net.cpp:202] Mconv1_stage2 does not need backward computation.
I0923 17:57:15.384424 2173474 net.cpp:202] features_in_stage_2 does not need backward computation.
I0923 17:57:15.384426 2173474 net.cpp:202] conv6_2_CPM does not need backward computation.
I0923 17:57:15.384428 2173474 net.cpp:202] conv6_1_CPM_re does not need backward computation.
I0923 17:57:15.384429 2173474 net.cpp:202] conv6_1_CPM does not need backward computation.
I0923 17:57:15.384430 2173474 net.cpp:202] conv5_3_CPM_conv5_3_CPM_re_0_split does not need backward computation.
I0923 17:57:15.384433 2173474 net.cpp:202] conv5_3_CPM_re does not need backward computation.
I0923 17:57:15.384433 2173474 net.cpp:202] conv5_3_CPM does not need backward computation.
I0923 17:57:15.384434 2173474 net.cpp:202] conv5_2_re does not need backward computation.
I0923 17:57:15.384436 2173474 net.cpp:202] conv5_2 does not need backward computation.
I0923 17:57:15.384438 2173474 net.cpp:202] conv5_1_re does not need backward computation.
I0923 17:57:15.384439 2173474 net.cpp:202] conv5_1 does not need backward computation.
I0923 17:57:15.384440 2173474 net.cpp:202] conv4_4_re does not need backward computation.
I0923 17:57:15.384441 2173474 net.cpp:202] conv4_4 does not need backward computation.
I0923 17:57:15.384443 2173474 net.cpp:202] conv4_3_re does not need backward computation.
I0923 17:57:15.384444 2173474 net.cpp:202] conv4_3 does not need backward computation.
I0923 17:57:15.384445 2173474 net.cpp:202] conv4_2_re does not need backward computation.
I0923 17:57:15.384446 2173474 net.cpp:202] conv4_2 does not need backward computation.
I0923 17:57:15.384449 2173474 net.cpp:202] conv4_1_re does not need backward computation.
I0923 17:57:15.384449 2173474 net.cpp:202] conv4_1 does not need backward computation.
I0923 17:57:15.384450 2173474 net.cpp:202] pool3 does not need backward computation.
I0923 17:57:15.384452 2173474 net.cpp:202] conv3_4_re does not need backward computation.
I0923 17:57:15.384454 2173474 net.cpp:202] conv3_4 does not need backward computation.
I0923 17:57:15.384454 2173474 net.cpp:202] conv3_3_re does not need backward computation.
I0923 17:57:15.384456 2173474 net.cpp:202] conv3_3 does not need backward computation.
I0923 17:57:15.384457 2173474 net.cpp:202] conv3_2_re does not need backward computation.
I0923 17:57:15.384459 2173474 net.cpp:202] conv3_2 does not need backward computation.
I0923 17:57:15.384459 2173474 net.cpp:202] conv3_1_re does not need backward computation.
I0923 17:57:15.384461 2173474 net.cpp:202] conv3_1 does not need backward computation.
I0923 17:57:15.384464 2173474 net.cpp:202] pool2 does not need backward computation.
I0923 17:57:15.384464 2173474 net.cpp:202] conv2_2_re does not need backward computation.
I0923 17:57:15.384465 2173474 net.cpp:202] conv2_2 does not need backward computation.
I0923 17:57:15.384467 2173474 net.cpp:202] conv2_1_re does not need backward computation.
I0923 17:57:15.384469 2173474 net.cpp:202] conv2_1 does not need backward computation.
I0923 17:57:15.384470 2173474 net.cpp:202] pool1 does not need backward computation.
I0923 17:57:15.384471 2173474 net.cpp:202] conv1_2_re does not need backward computation.
I0923 17:57:15.384472 2173474 net.cpp:202] conv1_2 does not need backward computation.
I0923 17:57:15.384473 2173474 net.cpp:202] conv1_1_re does not need backward computation.
I0923 17:57:15.384475 2173474 net.cpp:202] conv1_1 does not need backward computation.
I0923 17:57:15.384476 2173474 net.cpp:202] input does not need backward computation.
I0923 17:57:15.384477 2173474 net.cpp:244] This network produces output net_output
I0923 17:57:15.384493 2173474 net.cpp:257] Network initialization done.
I0923 17:57:15.469206 2173474 net.cpp:746] Ignoring source layer data
I0923 17:57:15.469218 2173474 net.cpp:746] Ignoring source layer hlabels
I0923 17:57:15.469219 2173474 net.cpp:746] Ignoring source layer weights_hlabels_1_split
I0923 17:57:15.469220 2173474 net.cpp:746] Ignoring source layer labels
I0923 17:57:15.469221 2173474 net.cpp:746] Ignoring source layer labels_labels_0_split
I0923 17:57:15.469223 2173474 net.cpp:746] Ignoring source layer image
I0923 17:57:15.469223 2173474 net.cpp:746] Ignoring source layer silence_center_map
I0923 17:57:15.472654 2173474 net.cpp:746] Ignoring source layer conv6_2_CPM_conv6_2_CPM_0_split
I0923 17:57:15.472659 2173474 net.cpp:746] Ignoring source layer conv6_2_CPM_weighted
I0923 17:57:15.472661 2173474 net.cpp:746] Ignoring source layer loss_stage1
I0923 17:57:15.473695 2173474 net.cpp:746] Ignoring source layer Mconv7_stage2_Mconv7_stage2_0_split
I0923 17:57:15.473698 2173474 net.cpp:746] Ignoring source layer Mconv7_stage2_weighted
I0923 17:57:15.473699 2173474 net.cpp:746] Ignoring source layer loss_stage2
I0923 17:57:15.474730 2173474 net.cpp:746] Ignoring source layer Mconv7_stage3_Mconv7_stage3_0_split
I0923 17:57:15.474733 2173474 net.cpp:746] Ignoring source layer Mconv7_stage3_weighted
I0923 17:57:15.474735 2173474 net.cpp:746] Ignoring source layer loss_stage3
I0923 17:57:15.475749 2173474 net.cpp:746] Ignoring source layer Mconv7_stage4_Mconv7_stage4_0_split
I0923 17:57:15.475750 2173474 net.cpp:746] Ignoring source layer Mconv7_stage4_weighted
I0923 17:57:15.475751 2173474 net.cpp:746] Ignoring source layer loss_stage4
I0923 17:57:15.476786 2173474 net.cpp:746] Ignoring source layer Mconv7_stage5_Mconv7_stage5_0_split
I0923 17:57:15.476789 2173474 net.cpp:746] Ignoring source layer Mconv7_stage5_weighted
I0923 17:57:15.476790 2173474 net.cpp:746] Ignoring source layer loss_stage5
I0923 17:57:15.477803 2173474 net.cpp:746] Ignoring source layer Mconv7_stage6_weighted
I0923 17:57:15.477805 2173474 net.cpp:746] Ignoring source layer loss_stage6
I0923 17:57:15.485309 2173474 upgrade_proto.cpp:69] Attempting to upgrade input file specified using deprecated input fields: /opt/openpose/models/hand/pose_deploy.prototxt
I0923 17:57:15.485316 2173474 upgrade_proto.cpp:72] Successfully upgraded file specified using deprecated input fields.
W0923 17:57:15.485317 2173474 upgrade_proto.cpp:74] Note that future Caffe releases will only support input layers and not input fields.
I0923 17:57:15.485365 2173474 net.cpp:53] Initializing net from parameters: 
state {
  phase: TEST
  level: 0
}
layer {
  name: "input"
  type: "Input"
  top: "image"
  input_param {
    shape {
      dim: 1
      dim: 3
      dim: 1
      dim: 1
    }
  }
}
layer {
  name: "conv1_1"
  type: "Convolution"
  bottom: "image"
  top: "conv1_1"
  param {
    lr_mult: 1
    decay_mult: 1
  }
  param {
    lr_mult: 2
    decay_mult: 0
  }
  convolution_param {
    num_output: 64
    pad: 1
    kernel_size: 3
    weight_filler {
      type: "xavier"
    }
    bias_filler {
      type: "constant"
    }
    dilation: 1
  }
}
layer {
  name: "relu1_1"
  type: "ReLU"
  bottom: "conv1_1"
  top: "conv1_1"
}
layer {
  name: "conv1_2"
  type: "Convolution"
  bottom: "conv1_1"
  top: "conv1_2"
  param {
    lr_mult: 1
    decay_mult: 1
  }
  param {
    lr_mult: 2
    decay_mult: 0
  }
  convolution_param {
    num_output: 64
    pad: 1
    kernel_size: 3
    weight_filler {
      type: "xavier"
    }
    bias_filler {
      type: "constant"
    }
    dilation: 1
  }
}
layer {
  name: "relu1_2"
  type: "ReLU"
  bottom: "conv1_2"
  top: "conv1_2"
}
layer {
  name: "pool1_stage1"
  type: "Pooling"
  bottom: "conv1_2"
  top: "pool1_stage1"
  pooling_param {
    pool: MAX
    kernel_size: 2
    stride: 2
  }
}
layer {
  name: "conv2_1"
  type: "Convolution"
  bottom: "pool1_stage1"
  top: "conv2_1"
  param {
    lr_mult: 1
    decay_mult: 1
  }
  param {
    lr_mult: 2
    decay_mult: 0
  }
  convolution_param {
    num_output: 128
    pad: 1
    kernel_size: 3
    weight_filler {
      type: "xavier"
    }
    bias_filler {
      type: "constant"
    }
    dilation: 1
  }
}
layer {
  name: "relu2_1"
  type: "ReLU"
  bottom: "conv2_1"
  top: "conv2_1"
}
layer {
  name: "conv2_2"
  type: "Convolution"
  bottom: "conv2_1"
  top: "conv2_2"
  param {
    lr_mult: 1
    decay_mult: 1
  }
  param {
    lr_mult: 2
    decay_mult: 0
  }
  convolution_param {
    num_output: 128
    pad: 1
    kernel_size: 3
    weight_filler {
      type: "xavier"
    }
    bias_filler {
      type: "constant"
    }
    dilation: 1
  }
}
layer {
  name: "relu2_2"
  type: "ReLU"
  bottom: "conv2_2"
  top: "conv2_2"
}
layer {
  name: "pool2_stage1"
  type: "Pooling"
  bottom: "conv2_2"
  top: "pool2_stage1"
  pooling_param {
    pool: MAX
    kernel_size: 2
    stride: 2
  }
}
layer {
  name: "conv3_1"
  type: "Convolution"
  bottom: "pool2_stage1"
  top: "conv3_1"
  param {
    lr_mult: 1
    decay_mult: 1
  }
  param {
    lr_mult: 2
    decay_mult: 0
  }
  convolution_param {
    num_output: 256
    pad: 1
    kernel_size: 3
    weight_filler {
      type: "xavier"
    }
    bias_filler {
      type: "constant"
    }
    dilation: 1
  }
}
layer {
  name: "relu3_1"
  type: "ReLU"
  bottom: "conv3_1"
  top: "conv3_1"
}
layer {
  name: "conv3_2"
  type: "Convolution"
  bottom: "conv3_1"
  top: "conv3_2"
  param {
    lr_mult: 1
    decay_mult: 1
  }
  param {
    lr_mult: 2
    decay_mult: 0
  }
  convolution_param {
    num_output: 256
    pad: 1
    kernel_size: 3
    weight_filler {
      type: "xavier"
    }
    bias_filler {
      type: "constant"
    }
    dilation: 1
  }
}
layer {
  name: "relu3_2"
  type: "ReLU"
  bottom: "conv3_2"
  top: "conv3_2"
}
layer {
  name: "conv3_3"
  type: "Convolution"
  bottom: "conv3_2"
  top: "conv3_3"
  param {
    lr_mult: 1
    decay_mult: 1
  }
  param {
    lr_mult: 2
    decay_mult: 0
  }
  convolution_param {
    num_output: 256
    pad: 1
    kernel_size: 3
    weight_filler {
      type: "xavier"
    }
    bias_filler {
      type: "constant"
    }
    dilation: 1
  }
}
layer {
  name: "relu3_3"
  type: "ReLU"
  bottom: "conv3_3"
  top: "conv3_3"
}
layer {
  name: "conv3_4"
  type: "Convolution"
  bottom: "conv3_3"
  top: "conv3_4"
  param {
    lr_mult: 1
    decay_mult: 1
  }
  param {
    lr_mult: 2
    decay_mult: 0
  }
  convolution_param {
    num_output: 256
    pad: 1
    kernel_size: 3
    weight_filler {
      type: "xavier"
    }
    bias_filler {
      type: "constant"
    }
    dilation: 1
  }
}
layer {
  name: "relu3_4"
  type: "ReLU"
  bottom: "conv3_4"
  top: "conv3_4"
}
layer {
  name: "pool3_stage1"
  type: "Pooling"
  bottom: "conv3_4"
  top: "pool3_stage1"
  pooling_param {
    pool: MAX
    kernel_size: 2
    stride: 2
  }
}
layer {
  name: "conv4_1"
  type: "Convolution"
  bottom: "pool3_stage1"
  top: "conv4_1"
  param {
    lr_mult: 1
    decay_mult: 1
  }
  param {
    lr_mult: 2
    decay_mult: 0
  }
  convolution_param {
    num_output: 512
    pad: 1
    kernel_size: 3
    weight_filler {
      type: "xavier"
    }
    bias_filler {
      type: "constant"
    }
    dilation: 1
  }
}
layer {
  name: "relu4_1"
  type: "ReLU"
  bottom: "conv4_1"
  top: "conv4_1"
}
layer {
  name: "conv4_2"
  type: "Convolution"
  bottom: "conv4_1"
  top: "conv4_2"
  param {
    lr_mult: 1
    decay_mult: 1
  }
  param {
    lr_mult: 2
    decay_mult: 0
  }
  convolution_param {
    num_output: 512
    pad: 1
    kernel_size: 3
    weight_filler {
      type: "xavier"
    }
    bias_filler {
      type: "constant"
    }
    dilation: 1
  }
}
layer {
  name: "relu4_2"
  type: "ReLU"
  bottom: "conv4_2"
  top: "conv4_2"
}
layer {
  name: "conv4_3"
  type: "Convolution"
  bottom: "conv4_2"
  top: "conv4_3"
  param {
    lr_mult: 1
    decay_mult: 1
  }
  param {
    lr_mult: 2
    decay_mult: 0
  }
  convolution_param {
    num_output: 512
    pad: 1
    kernel_size: 3
    weight_filler {
      type: "xavier"
    }
    bias_filler {
      type: "constant"
    }
    dilation: 1
  }
}
layer {
  name: "relu4_3"
  type: "ReLU"
  bottom: "conv4_3"
  top: "conv4_3"
}
layer {
  name: "conv4_4"
  type: "Convolution"
  bottom: "conv4_3"
  top: "conv4_4"
  param {
    lr_mult: 1
    decay_mult: 1
  }
  param {
    lr_mult: 2
    decay_mult: 0
  }
  convolution_param {
    num_output: 512
    pad: 1
    kernel_size: 3
    weight_filler {
      type: "xavier"
    }
    bias_filler {
      type: "constant"
    }
    dilation: 1
  }
}
layer {
  name: "relu4_4"
  type: "ReLU"
  bottom: "conv4_4"
  top: "conv4_4"
}
layer {
  name: "conv5_1"
  type: "Convolution"
  bottom: "conv4_4"
  top: "conv5_1"
  param {
    lr_mult: 1
    decay_mult: 1
  }
  param {
    lr_mult: 2
    decay_mult: 0
  }
  convolution_param {
    num_output: 512
    pad: 1
    kernel_size: 3
    weight_filler {
      type: "xavier"
    }
    bias_filler {
      type: "constant"
    }
    dilation: 1
  }
}
layer {
  name: "relu5_1"
  type: "ReLU"
  bottom: "conv5_1"
  top: "conv5_1"
}
layer {
  name: "conv5_2"
  type: "Convolution"
  bottom: "conv5_1"
  top: "conv5_2"
  param {
    lr_mult: 1
    decay_mult: 1
  }
  param {
    lr_mult: 2
    decay_mult: 0
  }
  convolution_param {
    num_output: 512
    pad: 1
    kernel_size: 3
    weight_filler {
      type: "xavier"
    }
    bias_filler {
      type: "constant"
    }
    dilation: 1
  }
}
layer {
  name: "relu5_2"
  type: "ReLU"
  bottom: "conv5_2"
  top: "conv5_2"
}
layer {
  name: "conv5_3_CPM"
  type: "Convolution"
  bottom: "conv5_2"
  top: "conv5_3_CPM"
  param {
    lr_mult: 1
    decay_mult: 1
  }
  param {
    lr_mult: 2
    decay_mult: 0
  }
  convolution_param {
    num_output: 128
    pad: 1
    kernel_size: 3
    weight_filler {
      type: "gaussian"
      std: 0.01
    }
    bias_filler {
      type: "constant"
    }
    dilation: 1
  }
}
layer {
  name: "relu5_4_stage1_3"
  type: "ReLU"
  bottom: "conv5_3_CPM"
  top: "conv5_3_CPM"
}
layer {
  name: "conv6_1_CPM"
  type: "Convolution"
  bottom: "conv5_3_CPM"
  top: "conv6_1_CPM"
  param {
    lr_mult: 1
    decay_mult: 1
  }
  param {
    lr_mult: 2
    decay_mult: 0
  }
  convolution_param {
    num_output: 512
    pad: 0
    kernel_size: 1
    weight_filler {
      type: "gaussian"
      std: 0.01
    }
    bias_filler {
      type: "constant"
    }
    dilation: 1
  }
}
layer {
  name: "relu6_4_stage1_1"
  type: "ReLU"
  bottom: "conv6_1_CPM"
  top: "conv6_1_CPM"
}
layer {
  name: "conv6_2_CPM"
  type: "Convolution"
  bottom: "conv6_1_CPM"
  top: "conv6_2_CPM"
  param {
    lr_mult: 1
    decay_mult: 1
  }
  param {
    lr_mult: 2
    decay_mult: 0
  }
  convolution_param {
    num_output: 22
    pad: 0
    kernel_size: 1
    weight_filler {
      type: "gaussian"
      std: 0.01
    }
    bias_filler {
      type: "constant"
    }
    dilation: 1
  }
}
layer {
  name: "concat_stage2"
  type: "Concat"
  bottom: "conv6_2_CPM"
  bottom: "conv5_3_CPM"
  top: "concat_stage2"
  concat_param {
    axis: 1
  }
}
layer {
  name: "Mconv1_stage2"
  type: "Convolution"
  bottom: "concat_stage2"
  top: "Mconv1_stage2"
  param {
    lr_mult: 4
    decay_mult: 1
  }
  param {
    lr_mult: 8
    decay_mult: 0
  }
  convolution_param {
    num_output: 128
    pad: 3
    kernel_size: 7
    weight_filler {
      type: "gaussian"
      std: 0.01
    }
    bias_filler {
      type: "constant"
    }
    dilation: 1
  }
}
layer {
  name: "Mrelu1_2_stage2_1"
  type: "ReLU"
  bottom: "Mconv1_stage2"
  top: "Mconv1_stage2"
}
layer {
  name: "Mconv2_stage2"
  type: "Convolution"
  bottom: "Mconv1_stage2"
  top: "Mconv2_stage2"
  param {
    lr_mult: 4
    decay_mult: 1
  }
  param {
    lr_mult: 8
    decay_mult: 0
  }
  convolution_param {
    num_output: 128
    pad: 3
    kernel_size: 7
    weight_filler {
      type: "gaussian"
      std: 0.01
    }
    bias_filler {
      type: "constant"
    }
    dilation: 1
  }
}
layer {
  name: "Mrelu1_3_stage2_2"
  type: "ReLU"
  bottom: "Mconv2_stage2"
  top: "Mconv2_stage2"
}
layer {
  name: "Mconv3_stage2"
  type: "Convolution"
  bottom: "Mconv2_stage2"
  top: "Mconv3_stage2"
  param {
    lr_mult: 4
    decay_mult: 1
  }
  param {
    lr_mult: 8
    decay_mult: 0
  }
  convolution_param {
    num_output: 128
    pad: 3
    kernel_size: 7
    weight_filler {
      type: "gaussian"
      std: 0.01
    }
    bias_filler {
      type: "constant"
    }
    dilation: 1
  }
}
layer {
  name: "Mrelu1_4_stage2_3"
  type: "ReLU"
  bottom: "Mconv3_stage2"
  top: "Mconv3_stage2"
}
layer {
  name: "Mconv4_stage2"
  type: "Convolution"
  bottom: "Mconv3_stage2"
  top: "Mconv4_stage2"
  param {
    lr_mult: 4
    decay_mult: 1
  }
  param {
    lr_mult: 8
    decay_mult: 0
  }
  convolution_param {
    num_output: 128
    pad: 3
    kernel_size: 7
    weight_filler {
      type: "gaussian"
      std: 0.01
    }
    bias_filler {
      type: "constant"
    }
    dilation: 1
  }
}
layer {
  name: "Mrelu1_5_stage2_4"
  type: "ReLU"
  bottom: "Mconv4_stage2"
  top: "Mconv4_stage2"
}
layer {
  name: "Mconv5_stage2"
  type: "Convolution"
  bottom: "Mconv4_stage2"
  top: "Mconv5_stage2"
  param {
    lr_mult: 4
    decay_mult: 1
  }
  param {
    lr_mult: 8
    decay_mult: 0
  }
  convolution_param {
    num_output: 128
    pad: 3
    kernel_size: 7
    weight_filler {
      type: "gaussian"
      std: 0.01
    }
    bias_filler {
      type: "constant"
    }
    dilation: 1
  }
}
layer {
  name: "Mrelu1_6_stage2_5"
  type: "ReLU"
  bottom: "Mconv5_stage2"
  top: "Mconv5_stage2"
}
layer {
  name: "Mconv6_stage2"
  type: "Convolution"
  bottom: "Mconv5_stage2"
  top: "Mconv6_stage2"
  param {
    lr_mult: 4
    decay_mult: 1
  }
  param {
    lr_mult: 8
    decay_mult: 0
  }
  convolution_param {
    num_output: 128
    pad: 0
    kernel_size: 1
    weight_filler {
      type: "gaussian"
      std: 0.01
    }
    bias_filler {
      type: "constant"
    }
    dilation: 1
  }
}
layer {
  name: "Mrelu1_7_stage2_6"
  type: "ReLU"
  bottom: "Mconv6_stage2"
  top: "Mconv6_stage2"
}
layer {
  name: "Mconv7_stage2"
  type: "Convolution"
  bottom: "Mconv6_stage2"
  top: "Mconv7_stage2"
  param {
    lr_mult: 4
    decay_mult: 1
  }
  param {
    lr_mult: 8
    decay_mult: 0
  }
  convolution_param {
    num_output: 22
    pad: 0
    kernel_size: 1
    weight_filler {
      type: "gaussian"
      std: 0.01
    }
    bias_filler {
      type: "constant"
    }
    dilation: 1
  }
}
layer {
  name: "concat_stage3"
  type: "Concat"
  bottom: "Mconv7_stage2"
  bottom: "conv5_3_CPM"
  top: "concat_stage3"
  concat_param {
    axis: 1
  }
}
layer {
  name: "Mconv1_stage3"
  type: "Convolution"
  bottom: "concat_stage3"
  top: "Mconv1_stage3"
  param {
    lr_mult: 4
    decay_mult: 1
  }
  param {
    lr_mult: 8
    decay_mult: 0
  }
  convolution_param {
    num_output: 128
    pad: 3
    kernel_size: 7
    weight_filler {
      type: "gaussian"
      std: 0.01
    }
    bias_filler {
      type: "constant"
    }
    dilation: 1
  }
}
layer {
  name: "Mrelu1_2_stage3_1"
  type: "ReLU"
  bottom: "Mconv1_stage3"
  top: "Mconv1_stage3"
}
layer {
  name: "Mconv2_stage3"
  type: "Convolution"
  bottom: "Mconv1_stage3"
  top: "Mconv2_stage3"
  param {
    lr_mult: 4
    decay_mult: 1
  }
  param {
    lr_mult: 8
    decay_mult: 0
  }
  convolution_param {
    num_output: 128
    pad: 3
    kernel_size: 7
    weight_filler {
      type: "gaussian"
      std: 0.01
    }
    bias_filler {
      type: "constant"
    }
    dilation: 1
  }
}
layer {
  name: "Mrelu1_3_stage3_2"
  type: "ReLU"
  bottom: "Mconv2_stage3"
  top: "Mconv2_stage3"
}
layer {
  name: "Mconv3_stage3"
  type: "Convolution"
  bottom: "Mconv2_stage3"
  top: "Mconv3_stage3"
  param {
    lr_mult: 4
    decay_mult: 1
  }
  param {
    lr_mult: 8
    decay_mult: 0
  }
  convolution_param {
    num_output: 128
    pad: 3
    kernel_size: 7
    weight_filler {
      type: "gaussian"
      std: 0.01
    }
    bias_filler {
      type: "constant"
    }
    dilation: 1
  }
}
layer {
  name: "Mrelu1_4_stage3_3"
  type: "ReLU"
  bottom: "Mconv3_stage3"
  top: "Mconv3_stage3"
}
layer {
  name: "Mconv4_stage3"
  type: "Convolution"
  bottom: "Mconv3_stage3"
  top: "Mconv4_stage3"
  param {
    lr_mult: 4
    decay_mult: 1
  }
  param {
    lr_mult: 8
    decay_mult: 0
  }
  convolution_param {
    num_output: 128
    pad: 3
    kernel_size: 7
    weight_filler {
      type: "gaussian"
      std: 0.01
    }
    bias_filler {
      type: "constant"
    }
    dilation: 1
  }
}
layer {
  name: "Mrelu1_5_stage3_4"
  type: "ReLU"
  bottom: "Mconv4_stage3"
  top: "Mconv4_stage3"
}
layer {
  name: "Mconv5_stage3"
  type: "Convolution"
  bottom: "Mconv4_stage3"
  top: "Mconv5_stage3"
  param {
    lr_mult: 4
    decay_mult: 1
  }
  param {
    lr_mult: 8
    decay_mult: 0
  }
  convolution_param {
    num_output: 128
    pad: 3
    kernel_size: 7
    weight_filler {
      type: "gaussian"
      std: 0.01
    }
    bias_filler {
      type: "constant"
    }
    dilation: 1
  }
}
layer {
  name: "Mrelu1_6_stage3_5"
  type: "ReLU"
  bottom: "Mconv5_stage3"
  top: "Mconv5_stage3"
}
layer {
  name: "Mconv6_stage3"
  type: "Convolution"
  bottom: "Mconv5_stage3"
  top: "Mconv6_stage3"
  param {
    lr_mult: 4
    decay_mult: 1
  }
  param {
    lr_mult: 8
    decay_mult: 0
  }
  convolution_param {
    num_output: 128
    pad: 0
    kernel_size: 1
    weight_filler {
      type: "gaussian"
      std: 0.01
    }
    bias_filler {
      type: "constant"
    }
    dilation: 1
  }
}
layer {
  name: "Mrelu1_7_stage3_6"
  type: "ReLU"
  bottom: "Mconv6_stage3"
  top: "Mconv6_stage3"
}
layer {
  name: "Mconv7_stage3"
  type: "Convolution"
  bottom: "Mconv6_stage3"
  top: "Mconv7_stage3"
  param {
    lr_mult: 4
    decay_mult: 1
  }
  param {
    lr_mult: 8
    decay_mult: 0
  }
  convolution_param {
    num_output: 22
    pad: 0
    kernel_size: 1
    weight_filler {
      type: "gaussian"
      std: 0.01
    }
    bias_filler {
      type: "constant"
    }
    dilation: 1
  }
}
layer {
  name: "concat_stage4"
  type: "Concat"
  bottom: "Mconv7_stage3"
  bottom: "conv5_3_CPM"
  top: "concat_stage4"
  concat_param {
    axis: 1
  }
}
layer {
  name: "Mconv1_stage4"
  type: "Convolution"
  bottom: "concat_stage4"
  top: "Mconv1_stage4"
  param {
    lr_mult: 4
    decay_mult: 1
  }
  param {
    lr_mult: 8
    decay_mult: 0
  }
  convolution_param {
    num_output: 128
    pad: 3
    kernel_size: 7
    weight_filler {
      type: "gaussian"
      std: 0.01
    }
    bias_filler {
      type: "constant"
    }
    dilation: 1
  }
}
layer {
  name: "Mrelu1_2_stage4_1"
  type: "ReLU"
  bottom: "Mconv1_stage4"
  top: "Mconv1_stage4"
}
layer {
  name: "Mconv2_stage4"
  type: "Convolution"
  bottom: "Mconv1_stage4"
  top: "Mconv2_stage4"
  param {
    lr_mult: 4
    decay_mult: 1
  }
  param {
    lr_mult: 8
    decay_mult: 0
  }
  convolution_param {
    num_output: 128
    pad: 3
    kernel_size: 7
    weight_filler {
      type: "gaussian"
      std: 0.01
    }
    bias_filler {
      type: "constant"
    }
    dilation: 1
  }
}
layer {
  name: "Mrelu1_3_stage4_2"
  type: "ReLU"
  bottom: "Mconv2_stage4"
  top: "Mconv2_stage4"
}
layer {
  name: "Mconv3_stage4"
  type: "Convolution"
  bottom: "Mconv2_stage4"
  top: "Mconv3_stage4"
  param {
    lr_mult: 4
    decay_mult: 1
  }
  param {
    lr_mult: 8
    decay_mult: 0
  }
  convolution_param {
    num_output: 128
    pad: 3
    kernel_size: 7
    weight_filler {
      type: "gaussian"
      std: 0.01
    }
    bias_filler {
      type: "constant"
    }
    dilation: 1
  }
}
layer {
  name: "Mrelu1_4_stage4_3"
  type: "ReLU"
  bottom: "Mconv3_stage4"
  top: "Mconv3_stage4"
}
layer {
  name: "Mconv4_stage4"
  type: "Convolution"
  bottom: "Mconv3_stage4"
  top: "Mconv4_stage4"
  param {
    lr_mult: 4
    decay_mult: 1
  }
  param {
    lr_mult: 8
    decay_mult: 0
  }
  convolution_param {
    num_output: 128
    pad: 3
    kernel_size: 7
    weight_filler {
      type: "gaussian"
      std: 0.01
    }
    bias_filler {
      type: "constant"
    }
    dilation: 1
  }
}
layer {
  name: "Mrelu1_5_stage4_4"
  type: "ReLU"
  bottom: "Mconv4_stage4"
  top: "Mconv4_stage4"
}
layer {
  name: "Mconv5_stage4"
  type: "Convolution"
  bottom: "Mconv4_stage4"
  top: "Mconv5_stage4"
  param {
    lr_mult: 4
    decay_mult: 1
  }
  param {
    lr_mult: 8
    decay_mult: 0
  }
  convolution_param {
    num_output: 128
    pad: 3
    kernel_size: 7
    weight_filler {
      type: "gaussian"
      std: 0.01
    }
    bias_filler {
      type: "constant"
    }
    dilation: 1
  }
}
layer {
  name: "Mrelu1_6_stage4_5"
  type: "ReLU"
  bottom: "Mconv5_stage4"
  top: "Mconv5_stage4"
}
layer {
  name: "Mconv6_stage4"
  type: "Convolution"
  bottom: "Mconv5_stage4"
  top: "Mconv6_stage4"
  param {
    lr_mult: 4
    decay_mult: 1
  }
  param {
    lr_mult: 8
    decay_mult: 0
  }
  convolution_param {
    num_output: 128
    pad: 0
    kernel_size: 1
    weight_filler {
      type: "gaussian"
      std: 0.01
    }
    bias_filler {
      type: "constant"
    }
    dilation: 1
  }
}
layer {
  name: "Mrelu1_7_stage4_6"
  type: "ReLU"
  bottom: "Mconv6_stage4"
  top: "Mconv6_stage4"
}
layer {
  name: "Mconv7_stage4"
  type: "Convolution"
  bottom: "Mconv6_stage4"
  top: "Mconv7_stage4"
  param {
    lr_mult: 4
    decay_mult: 1
  }
  param {
    lr_mult: 8
    decay_mult: 0
  }
  convolution_param {
    num_output: 22
    pad: 0
    kernel_size: 1
    weight_filler {
      type: "gaussian"
      std: 0.01
    }
    bias_filler {
      type: "constant"
    }
    dilation: 1
  }
}
layer {
  name: "concat_stage5"
  type: "Concat"
  bottom: "Mconv7_stage4"
  bottom: "conv5_3_CPM"
  top: "concat_stage5"
  concat_param {
    axis: 1
  }
}
layer {
  name: "Mconv1_stage5"
  type: "Convolution"
  bottom: "concat_stage5"
  top: "Mconv1_stage5"
  param {
    lr_mult: 4
    decay_mult: 1
  }
  param {
    lr_mult: 8
    decay_mult: 0
  }
  convolution_param {
    num_output: 128
    pad: 3
    kernel_size: 7
    weight_filler {
      type: "gaussian"
      std: 0.01
    }
    bias_filler {
      type: "constant"
    }
    dilation: 1
  }
}
layer {
  name: "Mrelu1_2_stage5_1"
  type: "ReLU"
  bottom: "Mconv1_stage5"
  top: "Mconv1_stage5"
}
layer {
  name: "Mconv2_stage5"
  type: "Convolution"
  bottom: "Mconv1_stage5"
  top: "Mconv2_stage5"
  param {
    lr_mult: 4
    decay_mult: 1
  }
  param {
    lr_mult: 8
    decay_mult: 0
  }
  convolution_param {
    num_output: 128
    pad: 3
    kernel_size: 7
    weight_filler {
      type: "gaussian"
      std: 0.01
    }
    bias_filler {
      type: "constant"
    }
    dilation: 1
  }
}
layer {
  name: "Mrelu1_3_stage5_2"
  type: "ReLU"
  bottom: "Mconv2_stage5"
  top: "Mconv2_stage5"
}
layer {
  name: "Mconv3_stage5"
  type: "Convolution"
  bottom: "Mconv2_stage5"
  top: "Mconv3_stage5"
  param {
    lr_mult: 4
    decay_mult: 1
  }
  param {
    lr_mult: 8
    decay_mult: 0
  }
  convolution_param {
    num_output: 128
    pad: 3
    kernel_size: 7
    weight_filler {
      type: "gaussian"
      std: 0.01
    }
    bias_filler {
      type: "constant"
    }
    dilation: 1
  }
}
layer {
  name: "Mrelu1_4_stage5_3"
  type: "ReLU"
  bottom: "Mconv3_stage5"
  top: "Mconv3_stage5"
}
layer {
  name: "Mconv4_stage5"
  type: "Convolution"
  bottom: "Mconv3_stage5"
  top: "Mconv4_stage5"
  param {
    lr_mult: 4
    decay_mult: 1
  }
  param {
    lr_mult: 8
    decay_mult: 0
  }
  convolution_param {
    num_output: 128
    pad: 3
    kernel_size: 7
    weight_filler {
      type: "gaussian"
      std: 0.01
    }
    bias_filler {
      type: "constant"
    }
    dilation: 1
  }
}
layer {
  name: "Mrelu1_5_stage5_4"
  type: "ReLU"
  bottom: "Mconv4_stage5"
  top: "Mconv4_stage5"
}
layer {
  name: "Mconv5_stage5"
  type: "Convolution"
  bottom: "Mconv4_stage5"
  top: "Mconv5_stage5"
  param {
    lr_mult: 4
    decay_mult: 1
  }
  param {
    lr_mult: 8
    decay_mult: 0
  }
  convolution_param {
    num_output: 128
    pad: 3
    kernel_size: 7
    weight_filler {
      type: "gaussian"
      std: 0.01
    }
    bias_filler {
      type: "constant"
    }
    dilation: 1
  }
}
layer {
  name: "Mrelu1_6_stage5_5"
  type: "ReLU"
  bottom: "Mconv5_stage5"
  top: "Mconv5_stage5"
}
layer {
  name: "Mconv6_stage5"
  type: "Convolution"
  bottom: "Mconv5_stage5"
  top: "Mconv6_stage5"
  param {
    lr_mult: 4
    decay_mult: 1
  }
  param {
    lr_mult: 8
    decay_mult: 0
  }
  convolution_param {
    num_output: 128
    pad: 0
    kernel_size: 1
    weight_filler {
      type: "gaussian"
      std: 0.01
    }
    bias_filler {
      type: "constant"
    }
    dilation: 1
  }
}
layer {
  name: "Mrelu1_7_stage5_6"
  type: "ReLU"
  bottom: "Mconv6_stage5"
  top: "Mconv6_stage5"
}
layer {
  name: "Mconv7_stage5"
  type: "Convolution"
  bottom: "Mconv6_stage5"
  top: "Mconv7_stage5"
  param {
    lr_mult: 4
    decay_mult: 1
  }
  param {
    lr_mult: 8
    decay_mult: 0
  }
  convolution_param {
    num_output: 22
    pad: 0
    kernel_size: 1
    weight_filler {
      type: "gaussian"
      std: 0.01
    }
    bias_filler {
      type: "constant"
    }
    dilation: 1
  }
}
layer {
  name: "concat_stage6"
  type: "Concat"
  bottom: "Mconv7_stage5"
  bottom: "conv5_3_CPM"
  top: "concat_stage6"
  concat_param {
    axis: 1
  }
}
layer {
  name: "Mconv1_stage6"
  type: "Convolution"
  bottom: "concat_stage6"
  top: "Mconv1_stage6"
  param {
    lr_mult: 4
    decay_mult: 1
  }
  param {
    lr_mult: 8
    decay_mult: 0
  }
  convolution_param {
    num_output: 128
    pad: 3
    kernel_size: 7
    weight_filler {
      type: "gaussian"
      std: 0.01
    }
    bias_filler {
      type: "constant"
    }
    dilation: 1
  }
}
layer {
  name: "Mrelu1_2_stage6_1"
  type: "ReLU"
  bottom: "Mconv1_stage6"
  top: "Mconv1_stage6"
}
layer {
  name: "Mconv2_stage6"
  type: "Convolution"
  bottom: "Mconv1_stage6"
  top: "Mconv2_stage6"
  param {
    lr_mult: 4
    decay_mult: 1
  }
  param {
    lr_mult: 8
    decay_mult: 0
  }
  convolution_param {
    num_output: 128
    pad: 3
    kernel_size: 7
    weight_filler {
      type: "gaussian"
      std: 0.01
    }
    bias_filler {
      type: "constant"
    }
    dilation: 1
  }
}
layer {
  name: "Mrelu1_3_stage6_2"
  type: "ReLU"
  bottom: "Mconv2_stage6"
  top: "Mconv2_stage6"
}
layer {
  name: "Mconv3_stage6"
  type: "Convolution"
  bottom: "Mconv2_stage6"
  top: "Mconv3_stage6"
  param {
    lr_mult: 4
    decay_mult: 1
  }
  param {
    lr_mult: 8
    decay_mult: 0
  }
  convolution_param {
    num_output: 128
    pad: 3
    kernel_size: 7
    weight_filler {
      type: "gaussian"
      std: 0.01
    }
    bias_filler {
      type: "constant"
    }
    dilation: 1
  }
}
layer {
  name: "Mrelu1_4_stage6_3"
  type: "ReLU"
  bottom: "Mconv3_stage6"
  top: "Mconv3_stage6"
}
layer {
  name: "Mconv4_stage6"
  type: "Convolution"
  bottom: "Mconv3_stage6"
  top: "Mconv4_stage6"
  param {
    lr_mult: 4
    decay_mult: 1
  }
  param {
    lr_mult: 8
    decay_mult: 0
  }
  convolution_param {
    num_output: 128
    pad: 3
    kernel_size: 7
    weight_filler {
      type: "gaussian"
      std: 0.01
    }
    bias_filler {
      type: "constant"
    }
    dilation: 1
  }
}
layer {
  name: "Mrelu1_5_stage6_4"
  type: "ReLU"
  bottom: "Mconv4_stage6"
  top: "Mconv4_stage6"
}
layer {
  name: "Mconv5_stage6"
  type: "Convolution"
  bottom: "Mconv4_stage6"
  top: "Mconv5_stage6"
  param {
    lr_mult: 4
    decay_mult: 1
  }
  param {
    lr_mult: 8
    decay_mult: 0
  }
  convolution_param {
    num_output: 128
    pad: 3
    kernel_size: 7
    weight_filler {
      type: "gaussian"
      std: 0.01
    }
    bias_filler {
      type: "constant"
    }
    dilation: 1
  }
}
layer {
  name: "Mrelu1_6_stage6_5"
  type: "ReLU"
  bottom: "Mconv5_stage6"
  top: "Mconv5_stage6"
}
layer {
  name: "Mconv6_stage6"
  type: "Convolution"
  bottom: "Mconv5_stage6"
  top: "Mconv6_stage6"
  param {
    lr_mult: 4
    decay_mult: 1
  }
  param {
    lr_mult: 8
    decay_mult: 0
  }
  convolution_param {
    num_output: 128
    pad: 0
    kernel_size: 1
    weight_filler {
      type: "gaussian"
      std: 0.01
    }
    bias_filler {
      type: "constant"
    }
    dilation: 1
  }
}
layer {
  name: "Mrelu1_7_stage6_6"
  type: "ReLU"
  bottom: "Mconv6_stage6"
  top: "Mconv6_stage6"
}
layer {
  name: "Mconv7_stage6"
  type: "Convolution"
  bottom: "Mconv6_stage6"
  top: "net_output"
  param {
    lr_mult: 4
    decay_mult: 1
  }
  param {
    lr_mult: 8
    decay_mult: 0
  }
  convolution_param {
    num_output: 22
    pad: 0
    kernel_size: 1
    weight_filler {
      type: "gaussian"
      std: 0.01
    }
    bias_filler {
      type: "constant"
    }
    dilation: 1
  }
}
I0923 17:57:15.485702 2173474 layer_factory.hpp:77] Creating layer input
I0923 17:57:15.485706 2173474 net.cpp:86] Creating Layer input
I0923 17:57:15.485708 2173474 net.cpp:382] input -> image
I0923 17:57:15.485724 2173474 net.cpp:124] Setting up input
I0923 17:57:15.485725 2173474 net.cpp:131] Top shape: 1 3 1 1 (3)
I0923 17:57:15.485728 2173474 net.cpp:139] Memory required for data: 12
I0923 17:57:15.485728 2173474 layer_factory.hpp:77] Creating layer conv1_1
I0923 17:57:15.485733 2173474 net.cpp:86] Creating Layer conv1_1
I0923 17:57:15.485733 2173474 net.cpp:408] conv1_1 <- image
I0923 17:57:15.485735 2173474 net.cpp:382] conv1_1 -> conv1_1
I0923 17:57:15.493944 2173474 net.cpp:124] Setting up conv1_1
I0923 17:57:15.493949 2173474 net.cpp:131] Top shape: 1 64 1 1 (64)
I0923 17:57:15.493952 2173474 net.cpp:139] Memory required for data: 268
I0923 17:57:15.493956 2173474 layer_factory.hpp:77] Creating layer relu1_1
I0923 17:57:15.493959 2173474 net.cpp:86] Creating Layer relu1_1
I0923 17:57:15.493961 2173474 net.cpp:408] relu1_1 <- conv1_1
I0923 17:57:15.493963 2173474 net.cpp:369] relu1_1 -> conv1_1 (in-place)
I0923 17:57:15.497515 2173474 net.cpp:124] Setting up relu1_1
I0923 17:57:15.497519 2173474 net.cpp:131] Top shape: 1 64 1 1 (64)
I0923 17:57:15.497521 2173474 net.cpp:139] Memory required for data: 524
I0923 17:57:15.497522 2173474 layer_factory.hpp:77] Creating layer conv1_2
I0923 17:57:15.497526 2173474 net.cpp:86] Creating Layer conv1_2
I0923 17:57:15.497529 2173474 net.cpp:408] conv1_2 <- conv1_1
I0923 17:57:15.497530 2173474 net.cpp:382] conv1_2 -> conv1_2
I0923 17:57:15.505458 2173474 net.cpp:124] Setting up conv1_2
I0923 17:57:15.505463 2173474 net.cpp:131] Top shape: 1 64 1 1 (64)
I0923 17:57:15.505465 2173474 net.cpp:139] Memory required for data: 780
I0923 17:57:15.505468 2173474 layer_factory.hpp:77] Creating layer relu1_2
I0923 17:57:15.505471 2173474 net.cpp:86] Creating Layer relu1_2
I0923 17:57:15.505472 2173474 net.cpp:408] relu1_2 <- conv1_2
I0923 17:57:15.505474 2173474 net.cpp:369] relu1_2 -> conv1_2 (in-place)
I0923 17:57:15.508762 2173474 net.cpp:124] Setting up relu1_2
I0923 17:57:15.508766 2173474 net.cpp:131] Top shape: 1 64 1 1 (64)
I0923 17:57:15.508769 2173474 net.cpp:139] Memory required for data: 1036
I0923 17:57:15.508769 2173474 layer_factory.hpp:77] Creating layer pool1_stage1
I0923 17:57:15.508772 2173474 net.cpp:86] Creating Layer pool1_stage1
I0923 17:57:15.508774 2173474 net.cpp:408] pool1_stage1 <- conv1_2
I0923 17:57:15.508776 2173474 net.cpp:382] pool1_stage1 -> pool1_stage1
I0923 17:57:15.508790 2173474 net.cpp:124] Setting up pool1_stage1
I0923 17:57:15.508791 2173474 net.cpp:131] Top shape: 1 64 1 1 (64)
I0923 17:57:15.508792 2173474 net.cpp:139] Memory required for data: 1292
I0923 17:57:15.508793 2173474 layer_factory.hpp:77] Creating layer conv2_1
I0923 17:57:15.508797 2173474 net.cpp:86] Creating Layer conv2_1
I0923 17:57:15.508798 2173474 net.cpp:408] conv2_1 <- pool1_stage1
I0923 17:57:15.508800 2173474 net.cpp:382] conv2_1 -> conv2_1
I0923 17:57:15.517326 2173474 net.cpp:124] Setting up conv2_1
I0923 17:57:15.517331 2173474 net.cpp:131] Top shape: 1 128 1 1 (128)
I0923 17:57:15.517333 2173474 net.cpp:139] Memory required for data: 1804
I0923 17:57:15.517336 2173474 layer_factory.hpp:77] Creating layer relu2_1
I0923 17:57:15.517339 2173474 net.cpp:86] Creating Layer relu2_1
I0923 17:57:15.517340 2173474 net.cpp:408] relu2_1 <- conv2_1
I0923 17:57:15.517342 2173474 net.cpp:369] relu2_1 -> conv2_1 (in-place)
I0923 17:57:15.519959 2173474 net.cpp:124] Setting up relu2_1
I0923 17:57:15.519963 2173474 net.cpp:131] Top shape: 1 128 1 1 (128)
I0923 17:57:15.519964 2173474 net.cpp:139] Memory required for data: 2316
I0923 17:57:15.519965 2173474 layer_factory.hpp:77] Creating layer conv2_2
I0923 17:57:15.519969 2173474 net.cpp:86] Creating Layer conv2_2
I0923 17:57:15.519971 2173474 net.cpp:408] conv2_2 <- conv2_1
I0923 17:57:15.519973 2173474 net.cpp:382] conv2_2 -> conv2_2
I0923 17:57:15.528867 2173474 net.cpp:124] Setting up conv2_2
I0923 17:57:15.528870 2173474 net.cpp:131] Top shape: 1 128 1 1 (128)
I0923 17:57:15.528872 2173474 net.cpp:139] Memory required for data: 2828
I0923 17:57:15.528874 2173474 layer_factory.hpp:77] Creating layer relu2_2
I0923 17:57:15.528877 2173474 net.cpp:86] Creating Layer relu2_2
I0923 17:57:15.528878 2173474 net.cpp:408] relu2_2 <- conv2_2
I0923 17:57:15.528880 2173474 net.cpp:369] relu2_2 -> conv2_2 (in-place)
I0923 17:57:15.531414 2173474 net.cpp:124] Setting up relu2_2
I0923 17:57:15.531416 2173474 net.cpp:131] Top shape: 1 128 1 1 (128)
I0923 17:57:15.531418 2173474 net.cpp:139] Memory required for data: 3340
I0923 17:57:15.531419 2173474 layer_factory.hpp:77] Creating layer pool2_stage1
I0923 17:57:15.531422 2173474 net.cpp:86] Creating Layer pool2_stage1
I0923 17:57:15.531423 2173474 net.cpp:408] pool2_stage1 <- conv2_2
I0923 17:57:15.531425 2173474 net.cpp:382] pool2_stage1 -> pool2_stage1
I0923 17:57:15.531435 2173474 net.cpp:124] Setting up pool2_stage1
I0923 17:57:15.531436 2173474 net.cpp:131] Top shape: 1 128 1 1 (128)
I0923 17:57:15.531438 2173474 net.cpp:139] Memory required for data: 3852
I0923 17:57:15.531440 2173474 layer_factory.hpp:77] Creating layer conv3_1
I0923 17:57:15.531442 2173474 net.cpp:86] Creating Layer conv3_1
I0923 17:57:15.531443 2173474 net.cpp:408] conv3_1 <- pool2_stage1
I0923 17:57:15.531445 2173474 net.cpp:382] conv3_1 -> conv3_1
I0923 17:57:15.540774 2173474 net.cpp:124] Setting up conv3_1
I0923 17:57:15.540778 2173474 net.cpp:131] Top shape: 1 256 1 1 (256)
I0923 17:57:15.540781 2173474 net.cpp:139] Memory required for data: 4876
I0923 17:57:15.540784 2173474 layer_factory.hpp:77] Creating layer relu3_1
I0923 17:57:15.540786 2173474 net.cpp:86] Creating Layer relu3_1
I0923 17:57:15.540787 2173474 net.cpp:408] relu3_1 <- conv3_1
I0923 17:57:15.540789 2173474 net.cpp:369] relu3_1 -> conv3_1 (in-place)
I0923 17:57:15.543169 2173474 net.cpp:124] Setting up relu3_1
I0923 17:57:15.543171 2173474 net.cpp:131] Top shape: 1 256 1 1 (256)
I0923 17:57:15.543172 2173474 net.cpp:139] Memory required for data: 5900
I0923 17:57:15.543174 2173474 layer_factory.hpp:77] Creating layer conv3_2
I0923 17:57:15.543177 2173474 net.cpp:86] Creating Layer conv3_2
I0923 17:57:15.543179 2173474 net.cpp:408] conv3_2 <- conv3_1
I0923 17:57:15.543180 2173474 net.cpp:382] conv3_2 -> conv3_2
I0923 17:57:15.554220 2173474 net.cpp:124] Setting up conv3_2
I0923 17:57:15.554225 2173474 net.cpp:131] Top shape: 1 256 1 1 (256)
I0923 17:57:15.554227 2173474 net.cpp:139] Memory required for data: 6924
I0923 17:57:15.554229 2173474 layer_factory.hpp:77] Creating layer relu3_2
I0923 17:57:15.554232 2173474 net.cpp:86] Creating Layer relu3_2
I0923 17:57:15.554234 2173474 net.cpp:408] relu3_2 <- conv3_2
I0923 17:57:15.554237 2173474 net.cpp:369] relu3_2 -> conv3_2 (in-place)
I0923 17:57:15.556766 2173474 net.cpp:124] Setting up relu3_2
I0923 17:57:15.556767 2173474 net.cpp:131] Top shape: 1 256 1 1 (256)
I0923 17:57:15.556768 2173474 net.cpp:139] Memory required for data: 7948
I0923 17:57:15.556770 2173474 layer_factory.hpp:77] Creating layer conv3_3
I0923 17:57:15.556773 2173474 net.cpp:86] Creating Layer conv3_3
I0923 17:57:15.556775 2173474 net.cpp:408] conv3_3 <- conv3_2
I0923 17:57:15.556777 2173474 net.cpp:382] conv3_3 -> conv3_3
I0923 17:57:15.567322 2173474 net.cpp:124] Setting up conv3_3
I0923 17:57:15.567327 2173474 net.cpp:131] Top shape: 1 256 1 1 (256)
I0923 17:57:15.567328 2173474 net.cpp:139] Memory required for data: 8972
I0923 17:57:15.567330 2173474 layer_factory.hpp:77] Creating layer relu3_3
I0923 17:57:15.567333 2173474 net.cpp:86] Creating Layer relu3_3
I0923 17:57:15.567335 2173474 net.cpp:408] relu3_3 <- conv3_3
I0923 17:57:15.567337 2173474 net.cpp:369] relu3_3 -> conv3_3 (in-place)
I0923 17:57:15.569927 2173474 net.cpp:124] Setting up relu3_3
I0923 17:57:15.569929 2173474 net.cpp:131] Top shape: 1 256 1 1 (256)
I0923 17:57:15.569931 2173474 net.cpp:139] Memory required for data: 9996
I0923 17:57:15.569932 2173474 layer_factory.hpp:77] Creating layer conv3_4
I0923 17:57:15.569936 2173474 net.cpp:86] Creating Layer conv3_4
I0923 17:57:15.569937 2173474 net.cpp:408] conv3_4 <- conv3_3
I0923 17:57:15.569939 2173474 net.cpp:382] conv3_4 -> conv3_4
I0923 17:57:15.579870 2173474 net.cpp:124] Setting up conv3_4
I0923 17:57:15.579874 2173474 net.cpp:131] Top shape: 1 256 1 1 (256)
I0923 17:57:15.579876 2173474 net.cpp:139] Memory required for data: 11020
I0923 17:57:15.579878 2173474 layer_factory.hpp:77] Creating layer relu3_4
I0923 17:57:15.579881 2173474 net.cpp:86] Creating Layer relu3_4
I0923 17:57:15.579882 2173474 net.cpp:408] relu3_4 <- conv3_4
I0923 17:57:15.579885 2173474 net.cpp:369] relu3_4 -> conv3_4 (in-place)
I0923 17:57:15.582381 2173474 net.cpp:124] Setting up relu3_4
I0923 17:57:15.582384 2173474 net.cpp:131] Top shape: 1 256 1 1 (256)
I0923 17:57:15.582386 2173474 net.cpp:139] Memory required for data: 12044
I0923 17:57:15.582386 2173474 layer_factory.hpp:77] Creating layer pool3_stage1
I0923 17:57:15.582389 2173474 net.cpp:86] Creating Layer pool3_stage1
I0923 17:57:15.582391 2173474 net.cpp:408] pool3_stage1 <- conv3_4
I0923 17:57:15.582392 2173474 net.cpp:382] pool3_stage1 -> pool3_stage1
I0923 17:57:15.582402 2173474 net.cpp:124] Setting up pool3_stage1
I0923 17:57:15.582403 2173474 net.cpp:131] Top shape: 1 256 1 1 (256)
I0923 17:57:15.582404 2173474 net.cpp:139] Memory required for data: 13068
I0923 17:57:15.582405 2173474 layer_factory.hpp:77] Creating layer conv4_1
I0923 17:57:15.582409 2173474 net.cpp:86] Creating Layer conv4_1
I0923 17:57:15.582410 2173474 net.cpp:408] conv4_1 <- pool3_stage1
I0923 17:57:15.582412 2173474 net.cpp:382] conv4_1 -> conv4_1
I0923 17:57:15.594208 2173474 net.cpp:124] Setting up conv4_1
I0923 17:57:15.594211 2173474 net.cpp:131] Top shape: 1 512 1 1 (512)
I0923 17:57:15.594214 2173474 net.cpp:139] Memory required for data: 15116
I0923 17:57:15.594218 2173474 layer_factory.hpp:77] Creating layer relu4_1
I0923 17:57:15.594221 2173474 net.cpp:86] Creating Layer relu4_1
I0923 17:57:15.594223 2173474 net.cpp:408] relu4_1 <- conv4_1
I0923 17:57:15.594224 2173474 net.cpp:369] relu4_1 -> conv4_1 (in-place)
I0923 17:57:15.596609 2173474 net.cpp:124] Setting up relu4_1
I0923 17:57:15.596611 2173474 net.cpp:131] Top shape: 1 512 1 1 (512)
I0923 17:57:15.596613 2173474 net.cpp:139] Memory required for data: 17164
I0923 17:57:15.596614 2173474 layer_factory.hpp:77] Creating layer conv4_2
I0923 17:57:15.596617 2173474 net.cpp:86] Creating Layer conv4_2
I0923 17:57:15.596619 2173474 net.cpp:408] conv4_2 <- conv4_1
I0923 17:57:15.596621 2173474 net.cpp:382] conv4_2 -> conv4_2
I0923 17:57:15.613215 2173474 net.cpp:124] Setting up conv4_2
I0923 17:57:15.613219 2173474 net.cpp:131] Top shape: 1 512 1 1 (512)
I0923 17:57:15.613221 2173474 net.cpp:139] Memory required for data: 19212
I0923 17:57:15.613224 2173474 layer_factory.hpp:77] Creating layer relu4_2
I0923 17:57:15.613226 2173474 net.cpp:86] Creating Layer relu4_2
I0923 17:57:15.613227 2173474 net.cpp:408] relu4_2 <- conv4_2
I0923 17:57:15.613229 2173474 net.cpp:369] relu4_2 -> conv4_2 (in-place)
I0923 17:57:15.615619 2173474 net.cpp:124] Setting up relu4_2
I0923 17:57:15.615623 2173474 net.cpp:131] Top shape: 1 512 1 1 (512)
I0923 17:57:15.615624 2173474 net.cpp:139] Memory required for data: 21260
I0923 17:57:15.615626 2173474 layer_factory.hpp:77] Creating layer conv4_3
I0923 17:57:15.615629 2173474 net.cpp:86] Creating Layer conv4_3
I0923 17:57:15.615631 2173474 net.cpp:408] conv4_3 <- conv4_2
I0923 17:57:15.615633 2173474 net.cpp:382] conv4_3 -> conv4_3
I0923 17:57:15.632121 2173474 net.cpp:124] Setting up conv4_3
I0923 17:57:15.632126 2173474 net.cpp:131] Top shape: 1 512 1 1 (512)
I0923 17:57:15.632128 2173474 net.cpp:139] Memory required for data: 23308
I0923 17:57:15.632130 2173474 layer_factory.hpp:77] Creating layer relu4_3
I0923 17:57:15.632133 2173474 net.cpp:86] Creating Layer relu4_3
I0923 17:57:15.632134 2173474 net.cpp:408] relu4_3 <- conv4_3
I0923 17:57:15.632136 2173474 net.cpp:369] relu4_3 -> conv4_3 (in-place)
I0923 17:57:15.634603 2173474 net.cpp:124] Setting up relu4_3
I0923 17:57:15.634605 2173474 net.cpp:131] Top shape: 1 512 1 1 (512)
I0923 17:57:15.634606 2173474 net.cpp:139] Memory required for data: 25356
I0923 17:57:15.634608 2173474 layer_factory.hpp:77] Creating layer conv4_4
I0923 17:57:15.634611 2173474 net.cpp:86] Creating Layer conv4_4
I0923 17:57:15.634613 2173474 net.cpp:408] conv4_4 <- conv4_3
I0923 17:57:15.634614 2173474 net.cpp:382] conv4_4 -> conv4_4
I0923 17:57:15.651291 2173474 net.cpp:124] Setting up conv4_4
I0923 17:57:15.651297 2173474 net.cpp:131] Top shape: 1 512 1 1 (512)
I0923 17:57:15.651300 2173474 net.cpp:139] Memory required for data: 27404
I0923 17:57:15.651302 2173474 layer_factory.hpp:77] Creating layer relu4_4
I0923 17:57:15.651304 2173474 net.cpp:86] Creating Layer relu4_4
I0923 17:57:15.651306 2173474 net.cpp:408] relu4_4 <- conv4_4
I0923 17:57:15.651309 2173474 net.cpp:369] relu4_4 -> conv4_4 (in-place)
I0923 17:57:15.653807 2173474 net.cpp:124] Setting up relu4_4
I0923 17:57:15.653810 2173474 net.cpp:131] Top shape: 1 512 1 1 (512)
I0923 17:57:15.653812 2173474 net.cpp:139] Memory required for data: 29452
I0923 17:57:15.653813 2173474 layer_factory.hpp:77] Creating layer conv5_1
I0923 17:57:15.653817 2173474 net.cpp:86] Creating Layer conv5_1
I0923 17:57:15.653818 2173474 net.cpp:408] conv5_1 <- conv4_4
I0923 17:57:15.653820 2173474 net.cpp:382] conv5_1 -> conv5_1
I0923 17:57:15.669572 2173474 net.cpp:124] Setting up conv5_1
I0923 17:57:15.669577 2173474 net.cpp:131] Top shape: 1 512 1 1 (512)
I0923 17:57:15.669580 2173474 net.cpp:139] Memory required for data: 31500
I0923 17:57:15.669582 2173474 layer_factory.hpp:77] Creating layer relu5_1
I0923 17:57:15.669584 2173474 net.cpp:86] Creating Layer relu5_1
I0923 17:57:15.669586 2173474 net.cpp:408] relu5_1 <- conv5_1
I0923 17:57:15.669587 2173474 net.cpp:369] relu5_1 -> conv5_1 (in-place)
I0923 17:57:15.672183 2173474 net.cpp:124] Setting up relu5_1
I0923 17:57:15.672186 2173474 net.cpp:131] Top shape: 1 512 1 1 (512)
I0923 17:57:15.672188 2173474 net.cpp:139] Memory required for data: 33548
I0923 17:57:15.672189 2173474 layer_factory.hpp:77] Creating layer conv5_2
I0923 17:57:15.672194 2173474 net.cpp:86] Creating Layer conv5_2
I0923 17:57:15.672194 2173474 net.cpp:408] conv5_2 <- conv5_1
I0923 17:57:15.672196 2173474 net.cpp:382] conv5_2 -> conv5_2
I0923 17:57:15.688606 2173474 net.cpp:124] Setting up conv5_2
I0923 17:57:15.688611 2173474 net.cpp:131] Top shape: 1 512 1 1 (512)
I0923 17:57:15.688612 2173474 net.cpp:139] Memory required for data: 35596
I0923 17:57:15.688616 2173474 layer_factory.hpp:77] Creating layer relu5_2
I0923 17:57:15.688617 2173474 net.cpp:86] Creating Layer relu5_2
I0923 17:57:15.688618 2173474 net.cpp:408] relu5_2 <- conv5_2
I0923 17:57:15.688620 2173474 net.cpp:369] relu5_2 -> conv5_2 (in-place)
I0923 17:57:15.691113 2173474 net.cpp:124] Setting up relu5_2
I0923 17:57:15.691118 2173474 net.cpp:131] Top shape: 1 512 1 1 (512)
I0923 17:57:15.691119 2173474 net.cpp:139] Memory required for data: 37644
I0923 17:57:15.691120 2173474 layer_factory.hpp:77] Creating layer conv5_3_CPM
I0923 17:57:15.691124 2173474 net.cpp:86] Creating Layer conv5_3_CPM
I0923 17:57:15.691125 2173474 net.cpp:408] conv5_3_CPM <- conv5_2
I0923 17:57:15.691128 2173474 net.cpp:382] conv5_3_CPM -> conv5_3_CPM
I0923 17:57:15.701826 2173474 net.cpp:124] Setting up conv5_3_CPM
I0923 17:57:15.701831 2173474 net.cpp:131] Top shape: 1 128 1 1 (128)
I0923 17:57:15.701834 2173474 net.cpp:139] Memory required for data: 38156
I0923 17:57:15.701836 2173474 layer_factory.hpp:77] Creating layer relu5_4_stage1_3
I0923 17:57:15.701838 2173474 net.cpp:86] Creating Layer relu5_4_stage1_3
I0923 17:57:15.701840 2173474 net.cpp:408] relu5_4_stage1_3 <- conv5_3_CPM
I0923 17:57:15.701843 2173474 net.cpp:369] relu5_4_stage1_3 -> conv5_3_CPM (in-place)
I0923 17:57:15.704411 2173474 net.cpp:124] Setting up relu5_4_stage1_3
I0923 17:57:15.704414 2173474 net.cpp:131] Top shape: 1 128 1 1 (128)
I0923 17:57:15.704416 2173474 net.cpp:139] Memory required for data: 38668
I0923 17:57:15.704417 2173474 layer_factory.hpp:77] Creating layer conv5_3_CPM_relu5_4_stage1_3_0_split
I0923 17:57:15.704421 2173474 net.cpp:86] Creating Layer conv5_3_CPM_relu5_4_stage1_3_0_split
I0923 17:57:15.704422 2173474 net.cpp:408] conv5_3_CPM_relu5_4_stage1_3_0_split <- conv5_3_CPM
I0923 17:57:15.704424 2173474 net.cpp:382] conv5_3_CPM_relu5_4_stage1_3_0_split -> conv5_3_CPM_relu5_4_stage1_3_0_split_0
I0923 17:57:15.704427 2173474 net.cpp:382] conv5_3_CPM_relu5_4_stage1_3_0_split -> conv5_3_CPM_relu5_4_stage1_3_0_split_1
I0923 17:57:15.704430 2173474 net.cpp:382] conv5_3_CPM_relu5_4_stage1_3_0_split -> conv5_3_CPM_relu5_4_stage1_3_0_split_2
I0923 17:57:15.704432 2173474 net.cpp:382] conv5_3_CPM_relu5_4_stage1_3_0_split -> conv5_3_CPM_relu5_4_stage1_3_0_split_3
I0923 17:57:15.704434 2173474 net.cpp:382] conv5_3_CPM_relu5_4_stage1_3_0_split -> conv5_3_CPM_relu5_4_stage1_3_0_split_4
I0923 17:57:15.704435 2173474 net.cpp:382] conv5_3_CPM_relu5_4_stage1_3_0_split -> conv5_3_CPM_relu5_4_stage1_3_0_split_5
I0923 17:57:15.704457 2173474 net.cpp:124] Setting up conv5_3_CPM_relu5_4_stage1_3_0_split
I0923 17:57:15.704458 2173474 net.cpp:131] Top shape: 1 128 1 1 (128)
I0923 17:57:15.704459 2173474 net.cpp:131] Top shape: 1 128 1 1 (128)
I0923 17:57:15.704461 2173474 net.cpp:131] Top shape: 1 128 1 1 (128)
I0923 17:57:15.704463 2173474 net.cpp:131] Top shape: 1 128 1 1 (128)
I0923 17:57:15.704463 2173474 net.cpp:131] Top shape: 1 128 1 1 (128)
I0923 17:57:15.704464 2173474 net.cpp:131] Top shape: 1 128 1 1 (128)
I0923 17:57:15.704465 2173474 net.cpp:139] Memory required for data: 41740
I0923 17:57:15.704466 2173474 layer_factory.hpp:77] Creating layer conv6_1_CPM
I0923 17:57:15.704470 2173474 net.cpp:86] Creating Layer conv6_1_CPM
I0923 17:57:15.704471 2173474 net.cpp:408] conv6_1_CPM <- conv5_3_CPM_relu5_4_stage1_3_0_split_0
I0923 17:57:15.704473 2173474 net.cpp:382] conv6_1_CPM -> conv6_1_CPM
I0923 17:57:15.713222 2173474 net.cpp:124] Setting up conv6_1_CPM
I0923 17:57:15.713227 2173474 net.cpp:131] Top shape: 1 512 1 1 (512)
I0923 17:57:15.713229 2173474 net.cpp:139] Memory required for data: 43788
I0923 17:57:15.713231 2173474 layer_factory.hpp:77] Creating layer relu6_4_stage1_1
I0923 17:57:15.713234 2173474 net.cpp:86] Creating Layer relu6_4_stage1_1
I0923 17:57:15.713236 2173474 net.cpp:408] relu6_4_stage1_1 <- conv6_1_CPM
I0923 17:57:15.713238 2173474 net.cpp:369] relu6_4_stage1_1 -> conv6_1_CPM (in-place)
I0923 17:57:15.715628 2173474 net.cpp:124] Setting up relu6_4_stage1_1
I0923 17:57:15.715632 2173474 net.cpp:131] Top shape: 1 512 1 1 (512)
I0923 17:57:15.715634 2173474 net.cpp:139] Memory required for data: 45836
I0923 17:57:15.715636 2173474 layer_factory.hpp:77] Creating layer conv6_2_CPM
I0923 17:57:15.715639 2173474 net.cpp:86] Creating Layer conv6_2_CPM
I0923 17:57:15.715641 2173474 net.cpp:408] conv6_2_CPM <- conv6_1_CPM
I0923 17:57:15.715643 2173474 net.cpp:382] conv6_2_CPM -> conv6_2_CPM
I0923 17:57:15.723601 2173474 net.cpp:124] Setting up conv6_2_CPM
I0923 17:57:15.723608 2173474 net.cpp:131] Top shape: 1 22 1 1 (22)
I0923 17:57:15.723609 2173474 net.cpp:139] Memory required for data: 45924
I0923 17:57:15.723613 2173474 layer_factory.hpp:77] Creating layer concat_stage2
I0923 17:57:15.723616 2173474 net.cpp:86] Creating Layer concat_stage2
I0923 17:57:15.723618 2173474 net.cpp:408] concat_stage2 <- conv6_2_CPM
I0923 17:57:15.723619 2173474 net.cpp:408] concat_stage2 <- conv5_3_CPM_relu5_4_stage1_3_0_split_1
I0923 17:57:15.723621 2173474 net.cpp:382] concat_stage2 -> concat_stage2
I0923 17:57:15.723631 2173474 net.cpp:124] Setting up concat_stage2
I0923 17:57:15.723632 2173474 net.cpp:131] Top shape: 1 150 1 1 (150)
I0923 17:57:15.723634 2173474 net.cpp:139] Memory required for data: 46524
I0923 17:57:15.723634 2173474 layer_factory.hpp:77] Creating layer Mconv1_stage2
I0923 17:57:15.723639 2173474 net.cpp:86] Creating Layer Mconv1_stage2
I0923 17:57:15.723639 2173474 net.cpp:408] Mconv1_stage2 <- concat_stage2
I0923 17:57:15.723641 2173474 net.cpp:382] Mconv1_stage2 -> Mconv1_stage2
I0923 17:57:15.737016 2173474 net.cpp:124] Setting up Mconv1_stage2
I0923 17:57:15.737022 2173474 net.cpp:131] Top shape: 1 128 1 1 (128)
I0923 17:57:15.737025 2173474 net.cpp:139] Memory required for data: 47036
I0923 17:57:15.737026 2173474 layer_factory.hpp:77] Creating layer Mrelu1_2_stage2_1
I0923 17:57:15.737030 2173474 net.cpp:86] Creating Layer Mrelu1_2_stage2_1
I0923 17:57:15.737031 2173474 net.cpp:408] Mrelu1_2_stage2_1 <- Mconv1_stage2
I0923 17:57:15.737033 2173474 net.cpp:369] Mrelu1_2_stage2_1 -> Mconv1_stage2 (in-place)
I0923 17:57:15.739650 2173474 net.cpp:124] Setting up Mrelu1_2_stage2_1
I0923 17:57:15.739655 2173474 net.cpp:131] Top shape: 1 128 1 1 (128)
I0923 17:57:15.739655 2173474 net.cpp:139] Memory required for data: 47548
I0923 17:57:15.739657 2173474 layer_factory.hpp:77] Creating layer Mconv2_stage2
I0923 17:57:15.739661 2173474 net.cpp:86] Creating Layer Mconv2_stage2
I0923 17:57:15.739662 2173474 net.cpp:408] Mconv2_stage2 <- Mconv1_stage2
I0923 17:57:15.739665 2173474 net.cpp:382] Mconv2_stage2 -> Mconv2_stage2
I0923 17:57:15.752487 2173474 net.cpp:124] Setting up Mconv2_stage2
I0923 17:57:15.752493 2173474 net.cpp:131] Top shape: 1 128 1 1 (128)
I0923 17:57:15.752496 2173474 net.cpp:139] Memory required for data: 48060
I0923 17:57:15.752497 2173474 layer_factory.hpp:77] Creating layer Mrelu1_3_stage2_2
I0923 17:57:15.752501 2173474 net.cpp:86] Creating Layer Mrelu1_3_stage2_2
I0923 17:57:15.752502 2173474 net.cpp:408] Mrelu1_3_stage2_2 <- Mconv2_stage2
I0923 17:57:15.752504 2173474 net.cpp:369] Mrelu1_3_stage2_2 -> Mconv2_stage2 (in-place)
I0923 17:57:15.755084 2173474 net.cpp:124] Setting up Mrelu1_3_stage2_2
I0923 17:57:15.755087 2173474 net.cpp:131] Top shape: 1 128 1 1 (128)
I0923 17:57:15.755088 2173474 net.cpp:139] Memory required for data: 48572
I0923 17:57:15.755090 2173474 layer_factory.hpp:77] Creating layer Mconv3_stage2
I0923 17:57:15.755095 2173474 net.cpp:86] Creating Layer Mconv3_stage2
I0923 17:57:15.755095 2173474 net.cpp:408] Mconv3_stage2 <- Mconv2_stage2
I0923 17:57:15.755098 2173474 net.cpp:382] Mconv3_stage2 -> Mconv3_stage2
I0923 17:57:15.767506 2173474 net.cpp:124] Setting up Mconv3_stage2
I0923 17:57:15.767513 2173474 net.cpp:131] Top shape: 1 128 1 1 (128)
I0923 17:57:15.767514 2173474 net.cpp:139] Memory required for data: 49084
I0923 17:57:15.767516 2173474 layer_factory.hpp:77] Creating layer Mrelu1_4_stage2_3
I0923 17:57:15.767519 2173474 net.cpp:86] Creating Layer Mrelu1_4_stage2_3
I0923 17:57:15.767520 2173474 net.cpp:408] Mrelu1_4_stage2_3 <- Mconv3_stage2
I0923 17:57:15.767522 2173474 net.cpp:369] Mrelu1_4_stage2_3 -> Mconv3_stage2 (in-place)
I0923 17:57:15.770043 2173474 net.cpp:124] Setting up Mrelu1_4_stage2_3
I0923 17:57:15.770046 2173474 net.cpp:131] Top shape: 1 128 1 1 (128)
I0923 17:57:15.770047 2173474 net.cpp:139] Memory required for data: 49596
I0923 17:57:15.770049 2173474 layer_factory.hpp:77] Creating layer Mconv4_stage2
I0923 17:57:15.770053 2173474 net.cpp:86] Creating Layer Mconv4_stage2
I0923 17:57:15.770054 2173474 net.cpp:408] Mconv4_stage2 <- Mconv3_stage2
I0923 17:57:15.770056 2173474 net.cpp:382] Mconv4_stage2 -> Mconv4_stage2
I0923 17:57:15.781683 2173474 net.cpp:124] Setting up Mconv4_stage2
I0923 17:57:15.781688 2173474 net.cpp:131] Top shape: 1 128 1 1 (128)
I0923 17:57:15.781690 2173474 net.cpp:139] Memory required for data: 50108
I0923 17:57:15.781693 2173474 layer_factory.hpp:77] Creating layer Mrelu1_5_stage2_4
I0923 17:57:15.781697 2173474 net.cpp:86] Creating Layer Mrelu1_5_stage2_4
I0923 17:57:15.781697 2173474 net.cpp:408] Mrelu1_5_stage2_4 <- Mconv4_stage2
I0923 17:57:15.781699 2173474 net.cpp:369] Mrelu1_5_stage2_4 -> Mconv4_stage2 (in-place)
I0923 17:57:15.784214 2173474 net.cpp:124] Setting up Mrelu1_5_stage2_4
I0923 17:57:15.784217 2173474 net.cpp:131] Top shape: 1 128 1 1 (128)
I0923 17:57:15.784219 2173474 net.cpp:139] Memory required for data: 50620
I0923 17:57:15.784220 2173474 layer_factory.hpp:77] Creating layer Mconv5_stage2
I0923 17:57:15.784224 2173474 net.cpp:86] Creating Layer Mconv5_stage2
I0923 17:57:15.784225 2173474 net.cpp:408] Mconv5_stage2 <- Mconv4_stage2
I0923 17:57:15.784227 2173474 net.cpp:382] Mconv5_stage2 -> Mconv5_stage2
I0923 17:57:15.796051 2173474 net.cpp:124] Setting up Mconv5_stage2
I0923 17:57:15.796057 2173474 net.cpp:131] Top shape: 1 128 1 1 (128)
I0923 17:57:15.796059 2173474 net.cpp:139] Memory required for data: 51132
I0923 17:57:15.796061 2173474 layer_factory.hpp:77] Creating layer Mrelu1_6_stage2_5
I0923 17:57:15.796064 2173474 net.cpp:86] Creating Layer Mrelu1_6_stage2_5
I0923 17:57:15.796065 2173474 net.cpp:408] Mrelu1_6_stage2_5 <- Mconv5_stage2
I0923 17:57:15.796067 2173474 net.cpp:369] Mrelu1_6_stage2_5 -> Mconv5_stage2 (in-place)
I0923 17:57:15.798555 2173474 net.cpp:124] Setting up Mrelu1_6_stage2_5
I0923 17:57:15.798559 2173474 net.cpp:131] Top shape: 1 128 1 1 (128)
I0923 17:57:15.798560 2173474 net.cpp:139] Memory required for data: 51644
I0923 17:57:15.798563 2173474 layer_factory.hpp:77] Creating layer Mconv6_stage2
I0923 17:57:15.798566 2173474 net.cpp:86] Creating Layer Mconv6_stage2
I0923 17:57:15.798568 2173474 net.cpp:408] Mconv6_stage2 <- Mconv5_stage2
I0923 17:57:15.798569 2173474 net.cpp:382] Mconv6_stage2 -> Mconv6_stage2
I0923 17:57:15.807140 2173474 net.cpp:124] Setting up Mconv6_stage2
I0923 17:57:15.807147 2173474 net.cpp:131] Top shape: 1 128 1 1 (128)
I0923 17:57:15.807148 2173474 net.cpp:139] Memory required for data: 52156
I0923 17:57:15.807150 2173474 layer_factory.hpp:77] Creating layer Mrelu1_7_stage2_6
I0923 17:57:15.807152 2173474 net.cpp:86] Creating Layer Mrelu1_7_stage2_6
I0923 17:57:15.807154 2173474 net.cpp:408] Mrelu1_7_stage2_6 <- Mconv6_stage2
I0923 17:57:15.807156 2173474 net.cpp:369] Mrelu1_7_stage2_6 -> Mconv6_stage2 (in-place)
I0923 17:57:15.809562 2173474 net.cpp:124] Setting up Mrelu1_7_stage2_6
I0923 17:57:15.809566 2173474 net.cpp:131] Top shape: 1 128 1 1 (128)
I0923 17:57:15.809567 2173474 net.cpp:139] Memory required for data: 52668
I0923 17:57:15.809568 2173474 layer_factory.hpp:77] Creating layer Mconv7_stage2
I0923 17:57:15.809572 2173474 net.cpp:86] Creating Layer Mconv7_stage2
I0923 17:57:15.809573 2173474 net.cpp:408] Mconv7_stage2 <- Mconv6_stage2
I0923 17:57:15.809576 2173474 net.cpp:382] Mconv7_stage2 -> Mconv7_stage2
I0923 17:57:15.817440 2173474 net.cpp:124] Setting up Mconv7_stage2
I0923 17:57:15.817446 2173474 net.cpp:131] Top shape: 1 22 1 1 (22)
I0923 17:57:15.817448 2173474 net.cpp:139] Memory required for data: 52756
I0923 17:57:15.817451 2173474 layer_factory.hpp:77] Creating layer concat_stage3
I0923 17:57:15.817453 2173474 net.cpp:86] Creating Layer concat_stage3
I0923 17:57:15.817454 2173474 net.cpp:408] concat_stage3 <- Mconv7_stage2
I0923 17:57:15.817456 2173474 net.cpp:408] concat_stage3 <- conv5_3_CPM_relu5_4_stage1_3_0_split_2
I0923 17:57:15.817458 2173474 net.cpp:382] concat_stage3 -> concat_stage3
I0923 17:57:15.817466 2173474 net.cpp:124] Setting up concat_stage3
I0923 17:57:15.817467 2173474 net.cpp:131] Top shape: 1 150 1 1 (150)
I0923 17:57:15.817469 2173474 net.cpp:139] Memory required for data: 53356
I0923 17:57:15.817471 2173474 layer_factory.hpp:77] Creating layer Mconv1_stage3
I0923 17:57:15.817473 2173474 net.cpp:86] Creating Layer Mconv1_stage3
I0923 17:57:15.817474 2173474 net.cpp:408] Mconv1_stage3 <- concat_stage3
I0923 17:57:15.817476 2173474 net.cpp:382] Mconv1_stage3 -> Mconv1_stage3
I0923 17:57:15.830852 2173474 net.cpp:124] Setting up Mconv1_stage3
I0923 17:57:15.830856 2173474 net.cpp:131] Top shape: 1 128 1 1 (128)
I0923 17:57:15.830858 2173474 net.cpp:139] Memory required for data: 53868
I0923 17:57:15.830860 2173474 layer_factory.hpp:77] Creating layer Mrelu1_2_stage3_1
I0923 17:57:15.830863 2173474 net.cpp:86] Creating Layer Mrelu1_2_stage3_1
I0923 17:57:15.830865 2173474 net.cpp:408] Mrelu1_2_stage3_1 <- Mconv1_stage3
I0923 17:57:15.830868 2173474 net.cpp:369] Mrelu1_2_stage3_1 -> Mconv1_stage3 (in-place)
I0923 17:57:15.833518 2173474 net.cpp:124] Setting up Mrelu1_2_stage3_1
I0923 17:57:15.833521 2173474 net.cpp:131] Top shape: 1 128 1 1 (128)
I0923 17:57:15.833523 2173474 net.cpp:139] Memory required for data: 54380
I0923 17:57:15.833524 2173474 layer_factory.hpp:77] Creating layer Mconv2_stage3
I0923 17:57:15.833528 2173474 net.cpp:86] Creating Layer Mconv2_stage3
I0923 17:57:15.833530 2173474 net.cpp:408] Mconv2_stage3 <- Mconv1_stage3
I0923 17:57:15.833532 2173474 net.cpp:382] Mconv2_stage3 -> Mconv2_stage3
I0923 17:57:15.845391 2173474 net.cpp:124] Setting up Mconv2_stage3
I0923 17:57:15.845395 2173474 net.cpp:131] Top shape: 1 128 1 1 (128)
I0923 17:57:15.845397 2173474 net.cpp:139] Memory required for data: 54892
I0923 17:57:15.845399 2173474 layer_factory.hpp:77] Creating layer Mrelu1_3_stage3_2
I0923 17:57:15.845402 2173474 net.cpp:86] Creating Layer Mrelu1_3_stage3_2
I0923 17:57:15.845403 2173474 net.cpp:408] Mrelu1_3_stage3_2 <- Mconv2_stage3
I0923 17:57:15.845405 2173474 net.cpp:369] Mrelu1_3_stage3_2 -> Mconv2_stage3 (in-place)
I0923 17:57:15.853263 2173474 net.cpp:124] Setting up Mrelu1_3_stage3_2
I0923 17:57:15.853267 2173474 net.cpp:131] Top shape: 1 128 1 1 (128)
I0923 17:57:15.853269 2173474 net.cpp:139] Memory required for data: 55404
I0923 17:57:15.853271 2173474 layer_factory.hpp:77] Creating layer Mconv3_stage3
I0923 17:57:15.853274 2173474 net.cpp:86] Creating Layer Mconv3_stage3
I0923 17:57:15.853276 2173474 net.cpp:408] Mconv3_stage3 <- Mconv2_stage3
I0923 17:57:15.853278 2173474 net.cpp:382] Mconv3_stage3 -> Mconv3_stage3
I0923 17:57:15.865078 2173474 net.cpp:124] Setting up Mconv3_stage3
I0923 17:57:15.865083 2173474 net.cpp:131] Top shape: 1 128 1 1 (128)
I0923 17:57:15.865087 2173474 net.cpp:139] Memory required for data: 55916
I0923 17:57:15.865088 2173474 layer_factory.hpp:77] Creating layer Mrelu1_4_stage3_3
I0923 17:57:15.865091 2173474 net.cpp:86] Creating Layer Mrelu1_4_stage3_3
I0923 17:57:15.865092 2173474 net.cpp:408] Mrelu1_4_stage3_3 <- Mconv3_stage3
I0923 17:57:15.865094 2173474 net.cpp:369] Mrelu1_4_stage3_3 -> Mconv3_stage3 (in-place)
I0923 17:57:15.867636 2173474 net.cpp:124] Setting up Mrelu1_4_stage3_3
I0923 17:57:15.867640 2173474 net.cpp:131] Top shape: 1 128 1 1 (128)
I0923 17:57:15.867641 2173474 net.cpp:139] Memory required for data: 56428
I0923 17:57:15.867642 2173474 layer_factory.hpp:77] Creating layer Mconv4_stage3
I0923 17:57:15.867646 2173474 net.cpp:86] Creating Layer Mconv4_stage3
I0923 17:57:15.867647 2173474 net.cpp:408] Mconv4_stage3 <- Mconv3_stage3
I0923 17:57:15.867650 2173474 net.cpp:382] Mconv4_stage3 -> Mconv4_stage3
I0923 17:57:15.879469 2173474 net.cpp:124] Setting up Mconv4_stage3
I0923 17:57:15.879475 2173474 net.cpp:131] Top shape: 1 128 1 1 (128)
I0923 17:57:15.879477 2173474 net.cpp:139] Memory required for data: 56940
I0923 17:57:15.879479 2173474 layer_factory.hpp:77] Creating layer Mrelu1_5_stage3_4
I0923 17:57:15.879482 2173474 net.cpp:86] Creating Layer Mrelu1_5_stage3_4
I0923 17:57:15.879483 2173474 net.cpp:408] Mrelu1_5_stage3_4 <- Mconv4_stage3
I0923 17:57:15.879485 2173474 net.cpp:369] Mrelu1_5_stage3_4 -> Mconv4_stage3 (in-place)
I0923 17:57:15.882020 2173474 net.cpp:124] Setting up Mrelu1_5_stage3_4
I0923 17:57:15.882023 2173474 net.cpp:131] Top shape: 1 128 1 1 (128)
I0923 17:57:15.882025 2173474 net.cpp:139] Memory required for data: 57452
I0923 17:57:15.882026 2173474 layer_factory.hpp:77] Creating layer Mconv5_stage3
I0923 17:57:15.882030 2173474 net.cpp:86] Creating Layer Mconv5_stage3
I0923 17:57:15.882031 2173474 net.cpp:408] Mconv5_stage3 <- Mconv4_stage3
I0923 17:57:15.882033 2173474 net.cpp:382] Mconv5_stage3 -> Mconv5_stage3
I0923 17:57:15.893862 2173474 net.cpp:124] Setting up Mconv5_stage3
I0923 17:57:15.893867 2173474 net.cpp:131] Top shape: 1 128 1 1 (128)
I0923 17:57:15.893869 2173474 net.cpp:139] Memory required for data: 57964
I0923 17:57:15.893872 2173474 layer_factory.hpp:77] Creating layer Mrelu1_6_stage3_5
I0923 17:57:15.893875 2173474 net.cpp:86] Creating Layer Mrelu1_6_stage3_5
I0923 17:57:15.893877 2173474 net.cpp:408] Mrelu1_6_stage3_5 <- Mconv5_stage3
I0923 17:57:15.893878 2173474 net.cpp:369] Mrelu1_6_stage3_5 -> Mconv5_stage3 (in-place)
I0923 17:57:15.896379 2173474 net.cpp:124] Setting up Mrelu1_6_stage3_5
I0923 17:57:15.896382 2173474 net.cpp:131] Top shape: 1 128 1 1 (128)
I0923 17:57:15.896384 2173474 net.cpp:139] Memory required for data: 58476
I0923 17:57:15.896385 2173474 layer_factory.hpp:77] Creating layer Mconv6_stage3
I0923 17:57:15.896389 2173474 net.cpp:86] Creating Layer Mconv6_stage3
I0923 17:57:15.896390 2173474 net.cpp:408] Mconv6_stage3 <- Mconv5_stage3
I0923 17:57:15.896392 2173474 net.cpp:382] Mconv6_stage3 -> Mconv6_stage3
I0923 17:57:15.904219 2173474 net.cpp:124] Setting up Mconv6_stage3
I0923 17:57:15.904224 2173474 net.cpp:131] Top shape: 1 128 1 1 (128)
I0923 17:57:15.904227 2173474 net.cpp:139] Memory required for data: 58988
I0923 17:57:15.904228 2173474 layer_factory.hpp:77] Creating layer Mrelu1_7_stage3_6
I0923 17:57:15.904232 2173474 net.cpp:86] Creating Layer Mrelu1_7_stage3_6
I0923 17:57:15.904234 2173474 net.cpp:408] Mrelu1_7_stage3_6 <- Mconv6_stage3
I0923 17:57:15.904237 2173474 net.cpp:369] Mrelu1_7_stage3_6 -> Mconv6_stage3 (in-place)
I0923 17:57:15.907673 2173474 net.cpp:124] Setting up Mrelu1_7_stage3_6
I0923 17:57:15.907677 2173474 net.cpp:131] Top shape: 1 128 1 1 (128)
I0923 17:57:15.907680 2173474 net.cpp:139] Memory required for data: 59500
I0923 17:57:15.907680 2173474 layer_factory.hpp:77] Creating layer Mconv7_stage3
I0923 17:57:15.907684 2173474 net.cpp:86] Creating Layer Mconv7_stage3
I0923 17:57:15.907686 2173474 net.cpp:408] Mconv7_stage3 <- Mconv6_stage3
I0923 17:57:15.907688 2173474 net.cpp:382] Mconv7_stage3 -> Mconv7_stage3
I0923 17:57:15.915208 2173474 net.cpp:124] Setting up Mconv7_stage3
I0923 17:57:15.915215 2173474 net.cpp:131] Top shape: 1 22 1 1 (22)
I0923 17:57:15.915216 2173474 net.cpp:139] Memory required for data: 59588
I0923 17:57:15.915218 2173474 layer_factory.hpp:77] Creating layer concat_stage4
I0923 17:57:15.915221 2173474 net.cpp:86] Creating Layer concat_stage4
I0923 17:57:15.915222 2173474 net.cpp:408] concat_stage4 <- Mconv7_stage3
I0923 17:57:15.915225 2173474 net.cpp:408] concat_stage4 <- conv5_3_CPM_relu5_4_stage1_3_0_split_3
I0923 17:57:15.915226 2173474 net.cpp:382] concat_stage4 -> concat_stage4
I0923 17:57:15.915234 2173474 net.cpp:124] Setting up concat_stage4
I0923 17:57:15.915235 2173474 net.cpp:131] Top shape: 1 150 1 1 (150)
I0923 17:57:15.915236 2173474 net.cpp:139] Memory required for data: 60188
I0923 17:57:15.915238 2173474 layer_factory.hpp:77] Creating layer Mconv1_stage4
I0923 17:57:15.915242 2173474 net.cpp:86] Creating Layer Mconv1_stage4
I0923 17:57:15.915243 2173474 net.cpp:408] Mconv1_stage4 <- concat_stage4
I0923 17:57:15.915246 2173474 net.cpp:382] Mconv1_stage4 -> Mconv1_stage4
I0923 17:57:15.928843 2173474 net.cpp:124] Setting up Mconv1_stage4
I0923 17:57:15.928848 2173474 net.cpp:131] Top shape: 1 128 1 1 (128)
I0923 17:57:15.928849 2173474 net.cpp:139] Memory required for data: 60700
I0923 17:57:15.928851 2173474 layer_factory.hpp:77] Creating layer Mrelu1_2_stage4_1
I0923 17:57:15.928854 2173474 net.cpp:86] Creating Layer Mrelu1_2_stage4_1
I0923 17:57:15.928856 2173474 net.cpp:408] Mrelu1_2_stage4_1 <- Mconv1_stage4
I0923 17:57:15.928858 2173474 net.cpp:369] Mrelu1_2_stage4_1 -> Mconv1_stage4 (in-place)
I0923 17:57:15.931348 2173474 net.cpp:124] Setting up Mrelu1_2_stage4_1
I0923 17:57:15.931351 2173474 net.cpp:131] Top shape: 1 128 1 1 (128)
I0923 17:57:15.931353 2173474 net.cpp:139] Memory required for data: 61212
I0923 17:57:15.931354 2173474 layer_factory.hpp:77] Creating layer Mconv2_stage4
I0923 17:57:15.931360 2173474 net.cpp:86] Creating Layer Mconv2_stage4
I0923 17:57:15.931360 2173474 net.cpp:408] Mconv2_stage4 <- Mconv1_stage4
I0923 17:57:15.931362 2173474 net.cpp:382] Mconv2_stage4 -> Mconv2_stage4
I0923 17:57:15.943176 2173474 net.cpp:124] Setting up Mconv2_stage4
I0923 17:57:15.943181 2173474 net.cpp:131] Top shape: 1 128 1 1 (128)
I0923 17:57:15.943182 2173474 net.cpp:139] Memory required for data: 61724
I0923 17:57:15.943186 2173474 layer_factory.hpp:77] Creating layer Mrelu1_3_stage4_2
I0923 17:57:15.943189 2173474 net.cpp:86] Creating Layer Mrelu1_3_stage4_2
I0923 17:57:15.943192 2173474 net.cpp:408] Mrelu1_3_stage4_2 <- Mconv2_stage4
I0923 17:57:15.943193 2173474 net.cpp:369] Mrelu1_3_stage4_2 -> Mconv2_stage4 (in-place)
I0923 17:57:15.945567 2173474 net.cpp:124] Setting up Mrelu1_3_stage4_2
I0923 17:57:15.945570 2173474 net.cpp:131] Top shape: 1 128 1 1 (128)
I0923 17:57:15.945572 2173474 net.cpp:139] Memory required for data: 62236
I0923 17:57:15.945573 2173474 layer_factory.hpp:77] Creating layer Mconv3_stage4
I0923 17:57:15.945577 2173474 net.cpp:86] Creating Layer Mconv3_stage4
I0923 17:57:15.945578 2173474 net.cpp:408] Mconv3_stage4 <- Mconv2_stage4
I0923 17:57:15.945580 2173474 net.cpp:382] Mconv3_stage4 -> Mconv3_stage4
I0923 17:57:15.958853 2173474 net.cpp:124] Setting up Mconv3_stage4
I0923 17:57:15.958858 2173474 net.cpp:131] Top shape: 1 128 1 1 (128)
I0923 17:57:15.958860 2173474 net.cpp:139] Memory required for data: 62748
I0923 17:57:15.958863 2173474 layer_factory.hpp:77] Creating layer Mrelu1_4_stage4_3
I0923 17:57:15.958865 2173474 net.cpp:86] Creating Layer Mrelu1_4_stage4_3
I0923 17:57:15.958866 2173474 net.cpp:408] Mrelu1_4_stage4_3 <- Mconv3_stage4
I0923 17:57:15.958868 2173474 net.cpp:369] Mrelu1_4_stage4_3 -> Mconv3_stage4 (in-place)
I0923 17:57:15.961256 2173474 net.cpp:124] Setting up Mrelu1_4_stage4_3
I0923 17:57:15.961258 2173474 net.cpp:131] Top shape: 1 128 1 1 (128)
I0923 17:57:15.961259 2173474 net.cpp:139] Memory required for data: 63260
I0923 17:57:15.961261 2173474 layer_factory.hpp:77] Creating layer Mconv4_stage4
I0923 17:57:15.961265 2173474 net.cpp:86] Creating Layer Mconv4_stage4
I0923 17:57:15.961266 2173474 net.cpp:408] Mconv4_stage4 <- Mconv3_stage4
I0923 17:57:15.961268 2173474 net.cpp:382] Mconv4_stage4 -> Mconv4_stage4
I0923 17:57:15.973956 2173474 net.cpp:124] Setting up Mconv4_stage4
I0923 17:57:15.973961 2173474 net.cpp:131] Top shape: 1 128 1 1 (128)
I0923 17:57:15.973963 2173474 net.cpp:139] Memory required for data: 63772
I0923 17:57:15.973965 2173474 layer_factory.hpp:77] Creating layer Mrelu1_5_stage4_4
I0923 17:57:15.973968 2173474 net.cpp:86] Creating Layer Mrelu1_5_stage4_4
I0923 17:57:15.973970 2173474 net.cpp:408] Mrelu1_5_stage4_4 <- Mconv4_stage4
I0923 17:57:15.973973 2173474 net.cpp:369] Mrelu1_5_stage4_4 -> Mconv4_stage4 (in-place)
I0923 17:57:15.976663 2173474 net.cpp:124] Setting up Mrelu1_5_stage4_4
I0923 17:57:15.976667 2173474 net.cpp:131] Top shape: 1 128 1 1 (128)
I0923 17:57:15.976668 2173474 net.cpp:139] Memory required for data: 64284
I0923 17:57:15.976670 2173474 layer_factory.hpp:77] Creating layer Mconv5_stage4
I0923 17:57:15.976675 2173474 net.cpp:86] Creating Layer Mconv5_stage4
I0923 17:57:15.976676 2173474 net.cpp:408] Mconv5_stage4 <- Mconv4_stage4
I0923 17:57:15.976678 2173474 net.cpp:382] Mconv5_stage4 -> Mconv5_stage4
I0923 17:57:15.988324 2173474 net.cpp:124] Setting up Mconv5_stage4
I0923 17:57:15.988329 2173474 net.cpp:131] Top shape: 1 128 1 1 (128)
I0923 17:57:15.988332 2173474 net.cpp:139] Memory required for data: 64796
I0923 17:57:15.988333 2173474 layer_factory.hpp:77] Creating layer Mrelu1_6_stage4_5
I0923 17:57:15.988336 2173474 net.cpp:86] Creating Layer Mrelu1_6_stage4_5
I0923 17:57:15.988337 2173474 net.cpp:408] Mrelu1_6_stage4_5 <- Mconv5_stage4
I0923 17:57:15.988340 2173474 net.cpp:369] Mrelu1_6_stage4_5 -> Mconv5_stage4 (in-place)
I0923 17:57:15.991072 2173474 net.cpp:124] Setting up Mrelu1_6_stage4_5
I0923 17:57:15.991077 2173474 net.cpp:131] Top shape: 1 128 1 1 (128)
I0923 17:57:15.991078 2173474 net.cpp:139] Memory required for data: 65308
I0923 17:57:15.991080 2173474 layer_factory.hpp:77] Creating layer Mconv6_stage4
I0923 17:57:15.991084 2173474 net.cpp:86] Creating Layer Mconv6_stage4
I0923 17:57:15.991086 2173474 net.cpp:408] Mconv6_stage4 <- Mconv5_stage4
I0923 17:57:15.991087 2173474 net.cpp:382] Mconv6_stage4 -> Mconv6_stage4
I0923 17:57:15.998605 2173474 net.cpp:124] Setting up Mconv6_stage4
I0923 17:57:15.998610 2173474 net.cpp:131] Top shape: 1 128 1 1 (128)
I0923 17:57:15.998612 2173474 net.cpp:139] Memory required for data: 65820
I0923 17:57:15.998615 2173474 layer_factory.hpp:77] Creating layer Mrelu1_7_stage4_6
I0923 17:57:15.998617 2173474 net.cpp:86] Creating Layer Mrelu1_7_stage4_6
I0923 17:57:15.998618 2173474 net.cpp:408] Mrelu1_7_stage4_6 <- Mconv6_stage4
I0923 17:57:15.998620 2173474 net.cpp:369] Mrelu1_7_stage4_6 -> Mconv6_stage4 (in-place)
I0923 17:57:16.001370 2173474 net.cpp:124] Setting up Mrelu1_7_stage4_6
I0923 17:57:16.001375 2173474 net.cpp:131] Top shape: 1 128 1 1 (128)
I0923 17:57:16.001379 2173474 net.cpp:139] Memory required for data: 66332
I0923 17:57:16.001379 2173474 layer_factory.hpp:77] Creating layer Mconv7_stage4
I0923 17:57:16.001384 2173474 net.cpp:86] Creating Layer Mconv7_stage4
I0923 17:57:16.001386 2173474 net.cpp:408] Mconv7_stage4 <- Mconv6_stage4
I0923 17:57:16.001389 2173474 net.cpp:382] Mconv7_stage4 -> Mconv7_stage4
I0923 17:57:16.009923 2173474 net.cpp:124] Setting up Mconv7_stage4
I0923 17:57:16.009928 2173474 net.cpp:131] Top shape: 1 22 1 1 (22)
I0923 17:57:16.009930 2173474 net.cpp:139] Memory required for data: 66420
I0923 17:57:16.009932 2173474 layer_factory.hpp:77] Creating layer concat_stage5
I0923 17:57:16.009935 2173474 net.cpp:86] Creating Layer concat_stage5
I0923 17:57:16.009938 2173474 net.cpp:408] concat_stage5 <- Mconv7_stage4
I0923 17:57:16.009938 2173474 net.cpp:408] concat_stage5 <- conv5_3_CPM_relu5_4_stage1_3_0_split_4
I0923 17:57:16.009940 2173474 net.cpp:382] concat_stage5 -> concat_stage5
I0923 17:57:16.009949 2173474 net.cpp:124] Setting up concat_stage5
I0923 17:57:16.009950 2173474 net.cpp:131] Top shape: 1 150 1 1 (150)
I0923 17:57:16.009951 2173474 net.cpp:139] Memory required for data: 67020
I0923 17:57:16.009953 2173474 layer_factory.hpp:77] Creating layer Mconv1_stage5
I0923 17:57:16.009956 2173474 net.cpp:86] Creating Layer Mconv1_stage5
I0923 17:57:16.009958 2173474 net.cpp:408] Mconv1_stage5 <- concat_stage5
I0923 17:57:16.009960 2173474 net.cpp:382] Mconv1_stage5 -> Mconv1_stage5
I0923 17:57:16.022652 2173474 net.cpp:124] Setting up Mconv1_stage5
I0923 17:57:16.022657 2173474 net.cpp:131] Top shape: 1 128 1 1 (128)
I0923 17:57:16.022660 2173474 net.cpp:139] Memory required for data: 67532
I0923 17:57:16.022662 2173474 layer_factory.hpp:77] Creating layer Mrelu1_2_stage5_1
I0923 17:57:16.022665 2173474 net.cpp:86] Creating Layer Mrelu1_2_stage5_1
I0923 17:57:16.022666 2173474 net.cpp:408] Mrelu1_2_stage5_1 <- Mconv1_stage5
I0923 17:57:16.022668 2173474 net.cpp:369] Mrelu1_2_stage5_1 -> Mconv1_stage5 (in-place)
I0923 17:57:16.025264 2173474 net.cpp:124] Setting up Mrelu1_2_stage5_1
I0923 17:57:16.025267 2173474 net.cpp:131] Top shape: 1 128 1 1 (128)
I0923 17:57:16.025269 2173474 net.cpp:139] Memory required for data: 68044
I0923 17:57:16.025270 2173474 layer_factory.hpp:77] Creating layer Mconv2_stage5
I0923 17:57:16.025274 2173474 net.cpp:86] Creating Layer Mconv2_stage5
I0923 17:57:16.025276 2173474 net.cpp:408] Mconv2_stage5 <- Mconv1_stage5
I0923 17:57:16.025278 2173474 net.cpp:382] Mconv2_stage5 -> Mconv2_stage5
I0923 17:57:16.038044 2173474 net.cpp:124] Setting up Mconv2_stage5
I0923 17:57:16.038050 2173474 net.cpp:131] Top shape: 1 128 1 1 (128)
I0923 17:57:16.038053 2173474 net.cpp:139] Memory required for data: 68556
I0923 17:57:16.038054 2173474 layer_factory.hpp:77] Creating layer Mrelu1_3_stage5_2
I0923 17:57:16.038057 2173474 net.cpp:86] Creating Layer Mrelu1_3_stage5_2
I0923 17:57:16.038058 2173474 net.cpp:408] Mrelu1_3_stage5_2 <- Mconv2_stage5
I0923 17:57:16.038060 2173474 net.cpp:369] Mrelu1_3_stage5_2 -> Mconv2_stage5 (in-place)
I0923 17:57:16.040793 2173474 net.cpp:124] Setting up Mrelu1_3_stage5_2
I0923 17:57:16.040797 2173474 net.cpp:131] Top shape: 1 128 1 1 (128)
I0923 17:57:16.040799 2173474 net.cpp:139] Memory required for data: 69068
I0923 17:57:16.040802 2173474 layer_factory.hpp:77] Creating layer Mconv3_stage5
I0923 17:57:16.040805 2173474 net.cpp:86] Creating Layer Mconv3_stage5
I0923 17:57:16.040807 2173474 net.cpp:408] Mconv3_stage5 <- Mconv2_stage5
I0923 17:57:16.040808 2173474 net.cpp:382] Mconv3_stage5 -> Mconv3_stage5
I0923 17:57:16.057009 2173474 net.cpp:124] Setting up Mconv3_stage5
I0923 17:57:16.057015 2173474 net.cpp:131] Top shape: 1 128 1 1 (128)
I0923 17:57:16.057017 2173474 net.cpp:139] Memory required for data: 69580
I0923 17:57:16.057019 2173474 layer_factory.hpp:77] Creating layer Mrelu1_4_stage5_3
I0923 17:57:16.057022 2173474 net.cpp:86] Creating Layer Mrelu1_4_stage5_3
I0923 17:57:16.057024 2173474 net.cpp:408] Mrelu1_4_stage5_3 <- Mconv3_stage5
I0923 17:57:16.057025 2173474 net.cpp:369] Mrelu1_4_stage5_3 -> Mconv3_stage5 (in-place)
I0923 17:57:16.060266 2173474 net.cpp:124] Setting up Mrelu1_4_stage5_3
I0923 17:57:16.060271 2173474 net.cpp:131] Top shape: 1 128 1 1 (128)
I0923 17:57:16.060273 2173474 net.cpp:139] Memory required for data: 70092
I0923 17:57:16.060274 2173474 layer_factory.hpp:77] Creating layer Mconv4_stage5
I0923 17:57:16.060279 2173474 net.cpp:86] Creating Layer Mconv4_stage5
I0923 17:57:16.060280 2173474 net.cpp:408] Mconv4_stage5 <- Mconv3_stage5
I0923 17:57:16.060283 2173474 net.cpp:382] Mconv4_stage5 -> Mconv4_stage5
I0923 17:57:16.071929 2173474 net.cpp:124] Setting up Mconv4_stage5
I0923 17:57:16.071935 2173474 net.cpp:131] Top shape: 1 128 1 1 (128)
I0923 17:57:16.071938 2173474 net.cpp:139] Memory required for data: 70604
I0923 17:57:16.071939 2173474 layer_factory.hpp:77] Creating layer Mrelu1_5_stage5_4
I0923 17:57:16.071942 2173474 net.cpp:86] Creating Layer Mrelu1_5_stage5_4
I0923 17:57:16.071943 2173474 net.cpp:408] Mrelu1_5_stage5_4 <- Mconv4_stage5
I0923 17:57:16.071946 2173474 net.cpp:369] Mrelu1_5_stage5_4 -> Mconv4_stage5 (in-place)
I0923 17:57:16.074688 2173474 net.cpp:124] Setting up Mrelu1_5_stage5_4
I0923 17:57:16.074692 2173474 net.cpp:131] Top shape: 1 128 1 1 (128)
I0923 17:57:16.074694 2173474 net.cpp:139] Memory required for data: 71116
I0923 17:57:16.074695 2173474 layer_factory.hpp:77] Creating layer Mconv5_stage5
I0923 17:57:16.074699 2173474 net.cpp:86] Creating Layer Mconv5_stage5
I0923 17:57:16.074702 2173474 net.cpp:408] Mconv5_stage5 <- Mconv4_stage5
I0923 17:57:16.074703 2173474 net.cpp:382] Mconv5_stage5 -> Mconv5_stage5
I0923 17:57:16.086086 2173474 net.cpp:124] Setting up Mconv5_stage5
I0923 17:57:16.086090 2173474 net.cpp:131] Top shape: 1 128 1 1 (128)
I0923 17:57:16.086092 2173474 net.cpp:139] Memory required for data: 71628
I0923 17:57:16.086094 2173474 layer_factory.hpp:77] Creating layer Mrelu1_6_stage5_5
I0923 17:57:16.086097 2173474 net.cpp:86] Creating Layer Mrelu1_6_stage5_5
I0923 17:57:16.086099 2173474 net.cpp:408] Mrelu1_6_stage5_5 <- Mconv5_stage5
I0923 17:57:16.086102 2173474 net.cpp:369] Mrelu1_6_stage5_5 -> Mconv5_stage5 (in-place)
I0923 17:57:16.088764 2173474 net.cpp:124] Setting up Mrelu1_6_stage5_5
I0923 17:57:16.088768 2173474 net.cpp:131] Top shape: 1 128 1 1 (128)
I0923 17:57:16.088769 2173474 net.cpp:139] Memory required for data: 72140
I0923 17:57:16.088771 2173474 layer_factory.hpp:77] Creating layer Mconv6_stage5
I0923 17:57:16.088775 2173474 net.cpp:86] Creating Layer Mconv6_stage5
I0923 17:57:16.088778 2173474 net.cpp:408] Mconv6_stage5 <- Mconv5_stage5
I0923 17:57:16.088779 2173474 net.cpp:382] Mconv6_stage5 -> Mconv6_stage5
I0923 17:57:16.096452 2173474 net.cpp:124] Setting up Mconv6_stage5
I0923 17:57:16.096458 2173474 net.cpp:131] Top shape: 1 128 1 1 (128)
I0923 17:57:16.096460 2173474 net.cpp:139] Memory required for data: 72652
I0923 17:57:16.096462 2173474 layer_factory.hpp:77] Creating layer Mrelu1_7_stage5_6
I0923 17:57:16.096465 2173474 net.cpp:86] Creating Layer Mrelu1_7_stage5_6
I0923 17:57:16.096467 2173474 net.cpp:408] Mrelu1_7_stage5_6 <- Mconv6_stage5
I0923 17:57:16.096468 2173474 net.cpp:369] Mrelu1_7_stage5_6 -> Mconv6_stage5 (in-place)
I0923 17:57:16.099210 2173474 net.cpp:124] Setting up Mrelu1_7_stage5_6
I0923 17:57:16.099215 2173474 net.cpp:131] Top shape: 1 128 1 1 (128)
I0923 17:57:16.099215 2173474 net.cpp:139] Memory required for data: 73164
I0923 17:57:16.099217 2173474 layer_factory.hpp:77] Creating layer Mconv7_stage5
I0923 17:57:16.099220 2173474 net.cpp:86] Creating Layer Mconv7_stage5
I0923 17:57:16.099221 2173474 net.cpp:408] Mconv7_stage5 <- Mconv6_stage5
I0923 17:57:16.099224 2173474 net.cpp:382] Mconv7_stage5 -> Mconv7_stage5
I0923 17:57:16.107525 2173474 net.cpp:124] Setting up Mconv7_stage5
I0923 17:57:16.107530 2173474 net.cpp:131] Top shape: 1 22 1 1 (22)
I0923 17:57:16.107532 2173474 net.cpp:139] Memory required for data: 73252
I0923 17:57:16.107534 2173474 layer_factory.hpp:77] Creating layer concat_stage6
I0923 17:57:16.107537 2173474 net.cpp:86] Creating Layer concat_stage6
I0923 17:57:16.107539 2173474 net.cpp:408] concat_stage6 <- Mconv7_stage5
I0923 17:57:16.107542 2173474 net.cpp:408] concat_stage6 <- conv5_3_CPM_relu5_4_stage1_3_0_split_5
I0923 17:57:16.107542 2173474 net.cpp:382] concat_stage6 -> concat_stage6
I0923 17:57:16.107550 2173474 net.cpp:124] Setting up concat_stage6
I0923 17:57:16.107553 2173474 net.cpp:131] Top shape: 1 150 1 1 (150)
I0923 17:57:16.107553 2173474 net.cpp:139] Memory required for data: 73852
I0923 17:57:16.107554 2173474 layer_factory.hpp:77] Creating layer Mconv1_stage6
I0923 17:57:16.107558 2173474 net.cpp:86] Creating Layer Mconv1_stage6
I0923 17:57:16.107558 2173474 net.cpp:408] Mconv1_stage6 <- concat_stage6
I0923 17:57:16.107560 2173474 net.cpp:382] Mconv1_stage6 -> Mconv1_stage6
I0923 17:57:16.120138 2173474 net.cpp:124] Setting up Mconv1_stage6
I0923 17:57:16.120143 2173474 net.cpp:131] Top shape: 1 128 1 1 (128)
I0923 17:57:16.120146 2173474 net.cpp:139] Memory required for data: 74364
I0923 17:57:16.120148 2173474 layer_factory.hpp:77] Creating layer Mrelu1_2_stage6_1
I0923 17:57:16.120151 2173474 net.cpp:86] Creating Layer Mrelu1_2_stage6_1
I0923 17:57:16.120152 2173474 net.cpp:408] Mrelu1_2_stage6_1 <- Mconv1_stage6
I0923 17:57:16.120154 2173474 net.cpp:369] Mrelu1_2_stage6_1 -> Mconv1_stage6 (in-place)
I0923 17:57:16.122893 2173474 net.cpp:124] Setting up Mrelu1_2_stage6_1
I0923 17:57:16.122897 2173474 net.cpp:131] Top shape: 1 128 1 1 (128)
I0923 17:57:16.122900 2173474 net.cpp:139] Memory required for data: 74876
I0923 17:57:16.122900 2173474 layer_factory.hpp:77] Creating layer Mconv2_stage6
I0923 17:57:16.122905 2173474 net.cpp:86] Creating Layer Mconv2_stage6
I0923 17:57:16.122905 2173474 net.cpp:408] Mconv2_stage6 <- Mconv1_stage6
I0923 17:57:16.122907 2173474 net.cpp:382] Mconv2_stage6 -> Mconv2_stage6
I0923 17:57:16.135499 2173474 net.cpp:124] Setting up Mconv2_stage6
I0923 17:57:16.135504 2173474 net.cpp:131] Top shape: 1 128 1 1 (128)
I0923 17:57:16.135506 2173474 net.cpp:139] Memory required for data: 75388
I0923 17:57:16.135509 2173474 layer_factory.hpp:77] Creating layer Mrelu1_3_stage6_2
I0923 17:57:16.135511 2173474 net.cpp:86] Creating Layer Mrelu1_3_stage6_2
I0923 17:57:16.135514 2173474 net.cpp:408] Mrelu1_3_stage6_2 <- Mconv2_stage6
I0923 17:57:16.135515 2173474 net.cpp:369] Mrelu1_3_stage6_2 -> Mconv2_stage6 (in-place)
I0923 17:57:16.138283 2173474 net.cpp:124] Setting up Mrelu1_3_stage6_2
I0923 17:57:16.138288 2173474 net.cpp:131] Top shape: 1 128 1 1 (128)
I0923 17:57:16.138289 2173474 net.cpp:139] Memory required for data: 75900
I0923 17:57:16.138291 2173474 layer_factory.hpp:77] Creating layer Mconv3_stage6
I0923 17:57:16.138294 2173474 net.cpp:86] Creating Layer Mconv3_stage6
I0923 17:57:16.138296 2173474 net.cpp:408] Mconv3_stage6 <- Mconv2_stage6
I0923 17:57:16.138298 2173474 net.cpp:382] Mconv3_stage6 -> Mconv3_stage6
I0923 17:57:16.154451 2173474 net.cpp:124] Setting up Mconv3_stage6
I0923 17:57:16.154456 2173474 net.cpp:131] Top shape: 1 128 1 1 (128)
I0923 17:57:16.154458 2173474 net.cpp:139] Memory required for data: 76412
I0923 17:57:16.154461 2173474 layer_factory.hpp:77] Creating layer Mrelu1_4_stage6_3
I0923 17:57:16.154464 2173474 net.cpp:86] Creating Layer Mrelu1_4_stage6_3
I0923 17:57:16.154465 2173474 net.cpp:408] Mrelu1_4_stage6_3 <- Mconv3_stage6
I0923 17:57:16.154467 2173474 net.cpp:369] Mrelu1_4_stage6_3 -> Mconv3_stage6 (in-place)
I0923 17:57:16.157199 2173474 net.cpp:124] Setting up Mrelu1_4_stage6_3
I0923 17:57:16.157202 2173474 net.cpp:131] Top shape: 1 128 1 1 (128)
I0923 17:57:16.157204 2173474 net.cpp:139] Memory required for data: 76924
I0923 17:57:16.157205 2173474 layer_factory.hpp:77] Creating layer Mconv4_stage6
I0923 17:57:16.157209 2173474 net.cpp:86] Creating Layer Mconv4_stage6
I0923 17:57:16.157212 2173474 net.cpp:408] Mconv4_stage6 <- Mconv3_stage6
I0923 17:57:16.157213 2173474 net.cpp:382] Mconv4_stage6 -> Mconv4_stage6
I0923 17:57:16.169480 2173474 net.cpp:124] Setting up Mconv4_stage6
I0923 17:57:16.169486 2173474 net.cpp:131] Top shape: 1 128 1 1 (128)
I0923 17:57:16.169488 2173474 net.cpp:139] Memory required for data: 77436
I0923 17:57:16.169490 2173474 layer_factory.hpp:77] Creating layer Mrelu1_5_stage6_4
I0923 17:57:16.169493 2173474 net.cpp:86] Creating Layer Mrelu1_5_stage6_4
I0923 17:57:16.169494 2173474 net.cpp:408] Mrelu1_5_stage6_4 <- Mconv4_stage6
I0923 17:57:16.169497 2173474 net.cpp:369] Mrelu1_5_stage6_4 -> Mconv4_stage6 (in-place)
I0923 17:57:16.172238 2173474 net.cpp:124] Setting up Mrelu1_5_stage6_4
I0923 17:57:16.172242 2173474 net.cpp:131] Top shape: 1 128 1 1 (128)
I0923 17:57:16.172243 2173474 net.cpp:139] Memory required for data: 77948
I0923 17:57:16.172245 2173474 layer_factory.hpp:77] Creating layer Mconv5_stage6
I0923 17:57:16.172250 2173474 net.cpp:86] Creating Layer Mconv5_stage6
I0923 17:57:16.172250 2173474 net.cpp:408] Mconv5_stage6 <- Mconv4_stage6
I0923 17:57:16.172252 2173474 net.cpp:382] Mconv5_stage6 -> Mconv5_stage6
I0923 17:57:16.183902 2173474 net.cpp:124] Setting up Mconv5_stage6
I0923 17:57:16.183907 2173474 net.cpp:131] Top shape: 1 128 1 1 (128)
I0923 17:57:16.183909 2173474 net.cpp:139] Memory required for data: 78460
I0923 17:57:16.183911 2173474 layer_factory.hpp:77] Creating layer Mrelu1_6_stage6_5
I0923 17:57:16.183914 2173474 net.cpp:86] Creating Layer Mrelu1_6_stage6_5
I0923 17:57:16.183916 2173474 net.cpp:408] Mrelu1_6_stage6_5 <- Mconv5_stage6
I0923 17:57:16.183917 2173474 net.cpp:369] Mrelu1_6_stage6_5 -> Mconv5_stage6 (in-place)
I0923 17:57:16.186669 2173474 net.cpp:124] Setting up Mrelu1_6_stage6_5
I0923 17:57:16.186673 2173474 net.cpp:131] Top shape: 1 128 1 1 (128)
I0923 17:57:16.186676 2173474 net.cpp:139] Memory required for data: 78972
I0923 17:57:16.186676 2173474 layer_factory.hpp:77] Creating layer Mconv6_stage6
I0923 17:57:16.186681 2173474 net.cpp:86] Creating Layer Mconv6_stage6
I0923 17:57:16.186681 2173474 net.cpp:408] Mconv6_stage6 <- Mconv5_stage6
I0923 17:57:16.186683 2173474 net.cpp:382] Mconv6_stage6 -> Mconv6_stage6
I0923 17:57:16.194600 2173474 net.cpp:124] Setting up Mconv6_stage6
I0923 17:57:16.194605 2173474 net.cpp:131] Top shape: 1 128 1 1 (128)
I0923 17:57:16.194607 2173474 net.cpp:139] Memory required for data: 79484
I0923 17:57:16.194609 2173474 layer_factory.hpp:77] Creating layer Mrelu1_7_stage6_6
I0923 17:57:16.194612 2173474 net.cpp:86] Creating Layer Mrelu1_7_stage6_6
I0923 17:57:16.194613 2173474 net.cpp:408] Mrelu1_7_stage6_6 <- Mconv6_stage6
I0923 17:57:16.194615 2173474 net.cpp:369] Mrelu1_7_stage6_6 -> Mconv6_stage6 (in-place)
I0923 17:57:16.197034 2173474 net.cpp:124] Setting up Mrelu1_7_stage6_6
I0923 17:57:16.197038 2173474 net.cpp:131] Top shape: 1 128 1 1 (128)
I0923 17:57:16.197039 2173474 net.cpp:139] Memory required for data: 79996
I0923 17:57:16.197041 2173474 layer_factory.hpp:77] Creating layer Mconv7_stage6
I0923 17:57:16.197044 2173474 net.cpp:86] Creating Layer Mconv7_stage6
I0923 17:57:16.197045 2173474 net.cpp:408] Mconv7_stage6 <- Mconv6_stage6
I0923 17:57:16.197048 2173474 net.cpp:382] Mconv7_stage6 -> net_output
I0923 17:57:16.204790 2173474 net.cpp:124] Setting up Mconv7_stage6
I0923 17:57:16.204795 2173474 net.cpp:131] Top shape: 1 22 1 1 (22)
I0923 17:57:16.204797 2173474 net.cpp:139] Memory required for data: 80084
I0923 17:57:16.204800 2173474 net.cpp:202] Mconv7_stage6 does not need backward computation.
I0923 17:57:16.204802 2173474 net.cpp:202] Mrelu1_7_stage6_6 does not need backward computation.
I0923 17:57:16.204802 2173474 net.cpp:202] Mconv6_stage6 does not need backward computation.
I0923 17:57:16.204803 2173474 net.cpp:202] Mrelu1_6_stage6_5 does not need backward computation.
I0923 17:57:16.204804 2173474 net.cpp:202] Mconv5_stage6 does not need backward computation.
I0923 17:57:16.204805 2173474 net.cpp:202] Mrelu1_5_stage6_4 does not need backward computation.
I0923 17:57:16.204806 2173474 net.cpp:202] Mconv4_stage6 does not need backward computation.
I0923 17:57:16.204807 2173474 net.cpp:202] Mrelu1_4_stage6_3 does not need backward computation.
I0923 17:57:16.204808 2173474 net.cpp:202] Mconv3_stage6 does not need backward computation.
I0923 17:57:16.204810 2173474 net.cpp:202] Mrelu1_3_stage6_2 does not need backward computation.
I0923 17:57:16.204811 2173474 net.cpp:202] Mconv2_stage6 does not need backward computation.
I0923 17:57:16.204813 2173474 net.cpp:202] Mrelu1_2_stage6_1 does not need backward computation.
I0923 17:57:16.204813 2173474 net.cpp:202] Mconv1_stage6 does not need backward computation.
I0923 17:57:16.204815 2173474 net.cpp:202] concat_stage6 does not need backward computation.
I0923 17:57:16.204816 2173474 net.cpp:202] Mconv7_stage5 does not need backward computation.
I0923 17:57:16.204818 2173474 net.cpp:202] Mrelu1_7_stage5_6 does not need backward computation.
I0923 17:57:16.204818 2173474 net.cpp:202] Mconv6_stage5 does not need backward computation.
I0923 17:57:16.204820 2173474 net.cpp:202] Mrelu1_6_stage5_5 does not need backward computation.
I0923 17:57:16.204821 2173474 net.cpp:202] Mconv5_stage5 does not need backward computation.
I0923 17:57:16.204823 2173474 net.cpp:202] Mrelu1_5_stage5_4 does not need backward computation.
I0923 17:57:16.204823 2173474 net.cpp:202] Mconv4_stage5 does not need backward computation.
I0923 17:57:16.204824 2173474 net.cpp:202] Mrelu1_4_stage5_3 does not need backward computation.
I0923 17:57:16.204825 2173474 net.cpp:202] Mconv3_stage5 does not need backward computation.
I0923 17:57:16.204826 2173474 net.cpp:202] Mrelu1_3_stage5_2 does not need backward computation.
I0923 17:57:16.204828 2173474 net.cpp:202] Mconv2_stage5 does not need backward computation.
I0923 17:57:16.204828 2173474 net.cpp:202] Mrelu1_2_stage5_1 does not need backward computation.
I0923 17:57:16.204829 2173474 net.cpp:202] Mconv1_stage5 does not need backward computation.
I0923 17:57:16.204831 2173474 net.cpp:202] concat_stage5 does not need backward computation.
I0923 17:57:16.204833 2173474 net.cpp:202] Mconv7_stage4 does not need backward computation.
I0923 17:57:16.204833 2173474 net.cpp:202] Mrelu1_7_stage4_6 does not need backward computation.
I0923 17:57:16.204835 2173474 net.cpp:202] Mconv6_stage4 does not need backward computation.
I0923 17:57:16.204836 2173474 net.cpp:202] Mrelu1_6_stage4_5 does not need backward computation.
I0923 17:57:16.204838 2173474 net.cpp:202] Mconv5_stage4 does not need backward computation.
I0923 17:57:16.204838 2173474 net.cpp:202] Mrelu1_5_stage4_4 does not need backward computation.
I0923 17:57:16.204839 2173474 net.cpp:202] Mconv4_stage4 does not need backward computation.
I0923 17:57:16.204840 2173474 net.cpp:202] Mrelu1_4_stage4_3 does not need backward computation.
I0923 17:57:16.204842 2173474 net.cpp:202] Mconv3_stage4 does not need backward computation.
I0923 17:57:16.204843 2173474 net.cpp:202] Mrelu1_3_stage4_2 does not need backward computation.
I0923 17:57:16.204844 2173474 net.cpp:202] Mconv2_stage4 does not need backward computation.
I0923 17:57:16.204845 2173474 net.cpp:202] Mrelu1_2_stage4_1 does not need backward computation.
I0923 17:57:16.204847 2173474 net.cpp:202] Mconv1_stage4 does not need backward computation.
I0923 17:57:16.204849 2173474 net.cpp:202] concat_stage4 does not need backward computation.
I0923 17:57:16.204849 2173474 net.cpp:202] Mconv7_stage3 does not need backward computation.
I0923 17:57:16.204850 2173474 net.cpp:202] Mrelu1_7_stage3_6 does not need backward computation.
I0923 17:57:16.204852 2173474 net.cpp:202] Mconv6_stage3 does not need backward computation.
I0923 17:57:16.204854 2173474 net.cpp:202] Mrelu1_6_stage3_5 does not need backward computation.
I0923 17:57:16.204854 2173474 net.cpp:202] Mconv5_stage3 does not need backward computation.
I0923 17:57:16.204856 2173474 net.cpp:202] Mrelu1_5_stage3_4 does not need backward computation.
I0923 17:57:16.204857 2173474 net.cpp:202] Mconv4_stage3 does not need backward computation.
I0923 17:57:16.204859 2173474 net.cpp:202] Mrelu1_4_stage3_3 does not need backward computation.
I0923 17:57:16.204859 2173474 net.cpp:202] Mconv3_stage3 does not need backward computation.
I0923 17:57:16.204861 2173474 net.cpp:202] Mrelu1_3_stage3_2 does not need backward computation.
I0923 17:57:16.204862 2173474 net.cpp:202] Mconv2_stage3 does not need backward computation.
I0923 17:57:16.204864 2173474 net.cpp:202] Mrelu1_2_stage3_1 does not need backward computation.
I0923 17:57:16.204865 2173474 net.cpp:202] Mconv1_stage3 does not need backward computation.
I0923 17:57:16.204867 2173474 net.cpp:202] concat_stage3 does not need backward computation.
I0923 17:57:16.204869 2173474 net.cpp:202] Mconv7_stage2 does not need backward computation.
I0923 17:57:16.204869 2173474 net.cpp:202] Mrelu1_7_stage2_6 does not need backward computation.
I0923 17:57:16.204871 2173474 net.cpp:202] Mconv6_stage2 does not need backward computation.
I0923 17:57:16.204872 2173474 net.cpp:202] Mrelu1_6_stage2_5 does not need backward computation.
I0923 17:57:16.204873 2173474 net.cpp:202] Mconv5_stage2 does not need backward computation.
I0923 17:57:16.204875 2173474 net.cpp:202] Mrelu1_5_stage2_4 does not need backward computation.
I0923 17:57:16.204876 2173474 net.cpp:202] Mconv4_stage2 does not need backward computation.
I0923 17:57:16.204878 2173474 net.cpp:202] Mrelu1_4_stage2_3 does not need backward computation.
I0923 17:57:16.204879 2173474 net.cpp:202] Mconv3_stage2 does not need backward computation.
I0923 17:57:16.204880 2173474 net.cpp:202] Mrelu1_3_stage2_2 does not need backward computation.
I0923 17:57:16.204881 2173474 net.cpp:202] Mconv2_stage2 does not need backward computation.
I0923 17:57:16.204883 2173474 net.cpp:202] Mrelu1_2_stage2_1 does not need backward computation.
I0923 17:57:16.204885 2173474 net.cpp:202] Mconv1_stage2 does not need backward computation.
I0923 17:57:16.204885 2173474 net.cpp:202] concat_stage2 does not need backward computation.
I0923 17:57:16.204887 2173474 net.cpp:202] conv6_2_CPM does not need backward computation.
I0923 17:57:16.204888 2173474 net.cpp:202] relu6_4_stage1_1 does not need backward computation.
I0923 17:57:16.204890 2173474 net.cpp:202] conv6_1_CPM does not need backward computation.
I0923 17:57:16.204891 2173474 net.cpp:202] conv5_3_CPM_relu5_4_stage1_3_0_split does not need backward computation.
I0923 17:57:16.204893 2173474 net.cpp:202] relu5_4_stage1_3 does not need backward computation.
I0923 17:57:16.204895 2173474 net.cpp:202] conv5_3_CPM does not need backward computation.
I0923 17:57:16.204895 2173474 net.cpp:202] relu5_2 does not need backward computation.
I0923 17:57:16.204897 2173474 net.cpp:202] conv5_2 does not need backward computation.
I0923 17:57:16.204898 2173474 net.cpp:202] relu5_1 does not need backward computation.
I0923 17:57:16.204900 2173474 net.cpp:202] conv5_1 does not need backward computation.
I0923 17:57:16.204901 2173474 net.cpp:202] relu4_4 does not need backward computation.
I0923 17:57:16.204902 2173474 net.cpp:202] conv4_4 does not need backward computation.
I0923 17:57:16.204903 2173474 net.cpp:202] relu4_3 does not need backward computation.
I0923 17:57:16.204905 2173474 net.cpp:202] conv4_3 does not need backward computation.
I0923 17:57:16.204906 2173474 net.cpp:202] relu4_2 does not need backward computation.
I0923 17:57:16.204907 2173474 net.cpp:202] conv4_2 does not need backward computation.
I0923 17:57:16.204909 2173474 net.cpp:202] relu4_1 does not need backward computation.
I0923 17:57:16.204910 2173474 net.cpp:202] conv4_1 does not need backward computation.
I0923 17:57:16.204911 2173474 net.cpp:202] pool3_stage1 does not need backward computation.
I0923 17:57:16.204913 2173474 net.cpp:202] relu3_4 does not need backward computation.
I0923 17:57:16.204914 2173474 net.cpp:202] conv3_4 does not need backward computation.
I0923 17:57:16.204916 2173474 net.cpp:202] relu3_3 does not need backward computation.
I0923 17:57:16.204916 2173474 net.cpp:202] conv3_3 does not need backward computation.
I0923 17:57:16.204918 2173474 net.cpp:202] relu3_2 does not need backward computation.
I0923 17:57:16.204919 2173474 net.cpp:202] conv3_2 does not need backward computation.
I0923 17:57:16.204921 2173474 net.cpp:202] relu3_1 does not need backward computation.
I0923 17:57:16.204922 2173474 net.cpp:202] conv3_1 does not need backward computation.
I0923 17:57:16.204923 2173474 net.cpp:202] pool2_stage1 does not need backward computation.
I0923 17:57:16.204926 2173474 net.cpp:202] relu2_2 does not need backward computation.
I0923 17:57:16.204926 2173474 net.cpp:202] conv2_2 does not need backward computation.
I0923 17:57:16.204927 2173474 net.cpp:202] relu2_1 does not need backward computation.
I0923 17:57:16.204928 2173474 net.cpp:202] conv2_1 does not need backward computation.
I0923 17:57:16.204931 2173474 net.cpp:202] pool1_stage1 does not need backward computation.
I0923 17:57:16.204931 2173474 net.cpp:202] relu1_2 does not need backward computation.
I0923 17:57:16.204933 2173474 net.cpp:202] conv1_2 does not need backward computation.
I0923 17:57:16.204934 2173474 net.cpp:202] relu1_1 does not need backward computation.
I0923 17:57:16.204936 2173474 net.cpp:202] conv1_1 does not need backward computation.
I0923 17:57:16.204936 2173474 net.cpp:202] input does not need backward computation.
I0923 17:57:16.204937 2173474 net.cpp:244] This network produces output net_output
I0923 17:57:16.204953 2173474 net.cpp:257] Network initialization done.
I0923 17:57:16.299108 2173474 net.cpp:746] Ignoring source layer data
I0923 17:57:16.299117 2173474 net.cpp:746] Ignoring source layer label_lower
I0923 17:57:16.299118 2173474 net.cpp:746] Ignoring source layer label_lower_label_lower_0_split
I0923 17:57:16.299119 2173474 net.cpp:746] Ignoring source layer label_1st_lower_label_lower_1_split
I0923 17:57:16.299121 2173474 net.cpp:746] Ignoring source layer silence_loss0
I0923 17:57:16.299122 2173474 net.cpp:746] Ignoring source layer image
I0923 17:57:16.302640 2173474 net.cpp:746] Ignoring source layer conv6_2_CPM_conv6_2_CPM_0_split
I0923 17:57:16.302644 2173474 net.cpp:746] Ignoring source layer loss_prod_stage1
I0923 17:57:16.302645 2173474 net.cpp:746] Ignoring source layer loss_stage1
I0923 17:57:16.303634 2173474 net.cpp:746] Ignoring source layer Mconv7_stage2_Mconv7_stage2_0_split
I0923 17:57:16.303638 2173474 net.cpp:746] Ignoring source layer loss_prod_stage2
I0923 17:57:16.303639 2173474 net.cpp:746] Ignoring source layer loss_stage2
I0923 17:57:16.304636 2173474 net.cpp:746] Ignoring source layer Mconv7_stage3_Mconv7_stage3_0_split
I0923 17:57:16.304639 2173474 net.cpp:746] Ignoring source layer loss_prod_stage3
I0923 17:57:16.304641 2173474 net.cpp:746] Ignoring source layer loss_stage3
I0923 17:57:16.305629 2173474 net.cpp:746] Ignoring source layer Mconv7_stage4_Mconv7_stage4_0_split
I0923 17:57:16.305632 2173474 net.cpp:746] Ignoring source layer loss_prod_stage4
I0923 17:57:16.305634 2173474 net.cpp:746] Ignoring source layer loss_stage4
I0923 17:57:16.306608 2173474 net.cpp:746] Ignoring source layer Mconv7_stage5_Mconv7_stage5_0_split
I0923 17:57:16.306612 2173474 net.cpp:746] Ignoring source layer loss_prod_stage5
I0923 17:57:16.306613 2173474 net.cpp:746] Ignoring source layer loss_stage5
I0923 17:57:16.307608 2173474 net.cpp:746] Ignoring source layer loss_prod_stage6
I0923 17:57:16.307612 2173474 net.cpp:746] Ignoring source layer loss_stage6
I0923 17:57:16.307613 2173474 net.cpp:746] Ignoring source layer silence
OpenPose demo successfully finished. Total time: 10.060535 seconds.
[exit=0 timed_out=False duration=10.5s]
2026-09-23 17:57:23,742 INFO    OpenPose normalisation: 249 frames -> body=0 rows, hands=0 rows, face=0 rows
2026-09-23 17:57:23,932 INFO    completed
2026-09-23 18:05:41,570 INFO    reuse: valid previous result
2026-09-23 18:06:06,901 INFO    reuse: valid previous result
